gruppo,sha256,byte_file,copie,byte_ridondanti_massimi,posizione_nel_gruppo,cartella,percorso
1,f94ce2ee7597648b9101b8395cfa2b7de9a542d5f9bf31ec52ea0fdc28d9e543,38715261,15,542013654,1,GRAFICI,GRAFICI/SOL101/mbdyn/mbdyn_modal.fem
1,f94ce2ee7597648b9101b8395cfa2b7de9a542d5f9bf31ec52ea0fdc28d9e543,38715261,15,542013654,2,MBDYN,MBDYN/AUTOPILOT/mbdyn_modal.fem
1,f94ce2ee7597648b9101b8395cfa2b7de9a542d5f9bf31ec52ea0fdc28d9e543,38715261,15,542013654,3,MBDYN,MBDYN/BBF/INCLUDE/mbdyn_modal.fem
1,f94ce2ee7597648b9101b8395cfa2b7de9a542d5f9bf31ec52ea0fdc28d9e543,38715261,15,542013654,4,MBDYN,MBDYN/PID/INCLUDE/mbdyn_modal.fem
1,f94ce2ee7597648b9101b8395cfa2b7de9a542d5f9bf31ec52ea0fdc28d9e543,38715261,15,542013654,5,MBDYN,MBDYN/PID_5deg_35ms/INCLUDE/mbdyn_modal.fem
1,f94ce2ee7597648b9101b8395cfa2b7de9a542d5f9bf31ec52ea0fdc28d9e543,38715261,15,542013654,6,MBDYN,MBDYN/PID_pitch/INCLUDE/mbdyn_modal.fem
1,f94ce2ee7597648b9101b8395cfa2b7de9a542d5f9bf31ec52ea0fdc28d9e543,38715261,15,542013654,7,MBDYN,MBDYN/PID_test/mbdyn_modal.fem
1,f94ce2ee7597648b9101b8395cfa2b7de9a542d5f9bf31ec52ea0fdc28d9e543,38715261,15,542013654,8,MBDYN,MBDYN/V-g_clamp/INCLUDE/mbdyn_modal.fem
1,f94ce2ee7597648b9101b8395cfa2b7de9a542d5f9bf31ec52ea0fdc28d9e543,38715261,15,542013654,9,NASTRAN,NASTRAN/FEMGEN40/mbdyn_modal.fem
1,f94ce2ee7597648b9101b8395cfa2b7de9a542d5f9bf31ec52ea0fdc28d9e543,38715261,15,542013654,10,NASTRAN,NASTRAN/NASTRAN40/FEMGEN40/mbdyn_modal.fem
1,f94ce2ee7597648b9101b8395cfa2b7de9a542d5f9bf31ec52ea0fdc28d9e543,38715261,15,542013654,11,TEST,TEST/TRIM_PID_VELOCITY/include/mbdyn_modal.fem
1,f94ce2ee7597648b9101b8395cfa2b7de9a542d5f9bf31ec52ea0fdc28d9e543,38715261,15,542013654,12,TEST,TEST/bbf/INCLUDE/mbdyn_modal.fem
1,f94ce2ee7597648b9101b8395cfa2b7de9a542d5f9bf31ec52ea0fdc28d9e543,38715261,15,542013654,13,X56_AERO_POLAR,X56_AERO_POLAR/mbdyn/INCLUDE/mbdyn_modal.fem
1,f94ce2ee7597648b9101b8395cfa2b7de9a542d5f9bf31ec52ea0fdc28d9e543,38715261,15,542013654,14,bbf_manouver,bbf_manouver/INCLUDE/mbdyn_modal.fem
1,f94ce2ee7597648b9101b8395cfa2b7de9a542d5f9bf31ec52ea0fdc28d9e543,38715261,15,542013654,15,bff_eigenalaisy,bff_eigenalaisy/INCLUDE/mbdyn_modal.fem
2,63e23dc991d2f458d7665412abda8ad34ddbb1654822bfc0867e6512a1df252b,57377461,8,401642227,1,BFF_DUST_55,BFF_DUST_55/CASE_DUST_FLUTTER_EMULATION/INCLUDE/mbdyn_modal.fem
2,63e23dc991d2f458d7665412abda8ad34ddbb1654822bfc0867e6512a1df252b,57377461,8,401642227,2,BFF_DUST_55,BFF_DUST_55/CASE_DUST_SMOKE/INCLUDE/mbdyn_modal.fem
2,63e23dc991d2f458d7665412abda8ad34ddbb1654822bfc0867e6512a1df252b,57377461,8,401642227,3,BFF_DUST_55,BFF_DUST_55/model/mbdyn/INCLUDE/mbdyn_modal.fem
2,63e23dc991d2f458d7665412abda8ad34ddbb1654822bfc0867e6512a1df252b,57377461,8,401642227,4,BFF_open_loop,BFF_open_loop/INCLUDE/mbdyn_modal.fem
2,63e23dc991d2f458d7665412abda8ad34ddbb1654822bfc0867e6512a1df252b,57377461,8,401642227,5,NASTRAN_SIMULATIONS,NASTRAN_SIMULATIONS/01_SOL103_60_MODES/MAIN/mbdyn_modal_60.fem
2,63e23dc991d2f458d7665412abda8ad34ddbb1654822bfc0867e6512a1df252b,57377461,8,401642227,6,NASTRAN_SIMULATIONS,NASTRAN_SIMULATIONS/03_GRAVITY_5G/mbdyn/mbdyn_modal.fem
2,63e23dc991d2f458d7665412abda8ad34ddbb1654822bfc0867e6512a1df252b,57377461,8,401642227,7,_trim_coupled_stage,_trim_coupled_stage/case/mbdyn_modal_60.fem
2,63e23dc991d2f458d7665412abda8ad34ddbb1654822bfc0867e6512a1df252b,57377461,8,401642227,8,bff_longitudinal,bff_longitudinal/INCLUDE/mbdyn_modal.fem
3,a5b6618da83916fd2ac638c971dfd5da6562eebf5dcef50aa51c969b26c9ff7a,10775961,14,140087493,1,MBDYN,MBDYN/AUTOPILOT/nsvibe_test.fem
3,a5b6618da83916fd2ac638c971dfd5da6562eebf5dcef50aa51c969b26c9ff7a,10775961,14,140087493,2,MBDYN,MBDYN/BBF/INCLUDE/nsvibe_test.fem
3,a5b6618da83916fd2ac638c971dfd5da6562eebf5dcef50aa51c969b26c9ff7a,10775961,14,140087493,3,MBDYN,MBDYN/MBDYN_MASS_CHECK/nsvibe_test.fem
3,a5b6618da83916fd2ac638c971dfd5da6562eebf5dcef50aa51c969b26c9ff7a,10775961,14,140087493,4,MBDYN,MBDYN/MBDYN_OK/nsvibe_test.fem
3,a5b6618da83916fd2ac638c971dfd5da6562eebf5dcef50aa51c969b26c9ff7a,10775961,14,140087493,5,MBDYN,MBDYN/MBDYN_OK/test/airfoil_section_ok/nsvibe_test.fem
3,a5b6618da83916fd2ac638c971dfd5da6562eebf5dcef50aa51c969b26c9ff7a,10775961,14,140087493,6,MBDYN,MBDYN/MBDYN_OK/test/test_mbdyn_aero/nsvibe_test.fem
3,a5b6618da83916fd2ac638c971dfd5da6562eebf5dcef50aa51c969b26c9ff7a,10775961,14,140087493,7,MBDYN,MBDYN/MBDYN_SOL101/nsvibe_test.fem
3,a5b6618da83916fd2ac638c971dfd5da6562eebf5dcef50aa51c969b26c9ff7a,10775961,14,140087493,8,MBDYN,MBDYN/PID/INCLUDE/nsvibe_test.fem
3,a5b6618da83916fd2ac638c971dfd5da6562eebf5dcef50aa51c969b26c9ff7a,10775961,14,140087493,9,MBDYN,MBDYN/PID_5deg_35ms/INCLUDE/nsvibe_test.fem
3,a5b6618da83916fd2ac638c971dfd5da6562eebf5dcef50aa51c969b26c9ff7a,10775961,14,140087493,10,MBDYN,MBDYN/PID_pitch/INCLUDE/nsvibe_test.fem
3,a5b6618da83916fd2ac638c971dfd5da6562eebf5dcef50aa51c969b26c9ff7a,10775961,14,140087493,11,MBDYN,MBDYN/PID_test/nsvibe_test.fem
3,a5b6618da83916fd2ac638c971dfd5da6562eebf5dcef50aa51c969b26c9ff7a,10775961,14,140087493,12,MBDYN,MBDYN/V-g_clamp/INCLUDE/nsvibe_test.fem
3,a5b6618da83916fd2ac638c971dfd5da6562eebf5dcef50aa51c969b26c9ff7a,10775961,14,140087493,13,NASTRAN,NASTRAN/FEMParser_OK/nsvibe_test.fem
3,a5b6618da83916fd2ac638c971dfd5da6562eebf5dcef50aa51c969b26c9ff7a,10775961,14,140087493,14,X56_AERO_POLAR,X56_AERO_POLAR/mbdyn/INCLUDE/nsvibe_test.fem
4,af18d642fccec60d8c93e1402aaa70c61757a713877d40dcd6bcc9a686c03a1e,12029648,3,24059296,1,NASTRAN,NASTRAN/FEMGEN40/mbdyn_modal.op2
4,af18d642fccec60d8c93e1402aaa70c61757a713877d40dcd6bcc9a686c03a1e,12029648,3,24059296,2,NASTRAN,NASTRAN/NASTRAN40/FEMGEN40/mbdyn_modal.op2
4,af18d642fccec60d8c93e1402aaa70c61757a713877d40dcd6bcc9a686c03a1e,12029648,3,24059296,3,NASTRAN,NASTRAN/NASTRAN40/MAIN/nsvibe_test.op2
5,84408f59abf94f58a95b4c10fe876cf17f9384dd96f90356c64eac51d4371b1a,225795,8,1580565,1,GRAFICI,GRAFICI/MODAL_COMPARISON_10LB/nastran/BULK/MAD_L108_WING_ONLY_FLEX_R11_006T.dat
5,84408f59abf94f58a95b4c10fe876cf17f9384dd96f90356c64eac51d4371b1a,225795,8,1580565,2,NASTRAN,NASTRAN/NASTRAN40/BULK/MAD_L108_WING_ONLY_FLEX_R11_006T.dat
5,84408f59abf94f58a95b4c10fe876cf17f9384dd96f90356c64eac51d4371b1a,225795,8,1580565,3,NASTRAN,NASTRAN/NASTRAN_ALTER_OK/BULK/MAD_L108_WING_ONLY_FLEX_R11_006T.dat
5,84408f59abf94f58a95b4c10fe876cf17f9384dd96f90356c64eac51d4371b1a,225795,8,1580565,4,NASTRAN,NASTRAN/REALASED_MODEL/BULK/MAD_L108_WING_ONLY_FLEX_R11_006T.dat
5,84408f59abf94f58a95b4c10fe876cf17f9384dd96f90356c64eac51d4371b1a,225795,8,1580565,5,NASTRAN_SIMULATIONS,NASTRAN_SIMULATIONS/01_SOL103_60_MODES/BULK/MAD_L108_WING_ONLY_FLEX_R11_006T.dat
5,84408f59abf94f58a95b4c10fe876cf17f9384dd96f90356c64eac51d4371b1a,225795,8,1580565,6,NASTRAN_SIMULATIONS,NASTRAN_SIMULATIONS/02_COUPMASS_STUDY/BULK/MAD_L108_WING_ONLY_FLEX_R11_006T.dat
5,84408f59abf94f58a95b4c10fe876cf17f9384dd96f90356c64eac51d4371b1a,225795,8,1580565,7,NASTRAN_SIMULATIONS,NASTRAN_SIMULATIONS/03_GRAVITY_5G/nastran/BULK/MAD_L108_WING_ONLY_FLEX_R11_006T.dat
5,84408f59abf94f58a95b4c10fe876cf17f9384dd96f90356c64eac51d4371b1a,225795,8,1580565,8,X56_AERO_POLAR,X56_AERO_POLAR/nastran/BULK/MAD_L108_WING_ONLY_FLEX_R11_006T.dat
6,84d8618e5000dae86b88483d77847aa72234062b7cda7e7cd1e7405f281d03d9,412292,4,1236876,1,GRAFICI,GRAFICI/MODAL_COMPARISON_10LB/nastran/mbdyn_modal.mat
6,84d8618e5000dae86b88483d77847aa72234062b7cda7e7cd1e7405f281d03d9,412292,4,1236876,2,NASTRAN,NASTRAN/FEMGEN40/mbdyn_modal.mat
6,84d8618e5000dae86b88483d77847aa72234062b7cda7e7cd1e7405f281d03d9,412292,4,1236876,3,NASTRAN,NASTRAN/NASTRAN40/FEMGEN40/mbdyn_modal.mat
6,84d8618e5000dae86b88483d77847aa72234062b7cda7e7cd1e7405f281d03d9,412292,4,1236876,4,NASTRAN,NASTRAN/NASTRAN40/MAIN/mbdyn_modal.mat
7,4f5ccb425e527890faec345d3edaa271d7124c5a0a71eab2ace3aa2ec794e860,161736,8,1132152,1,GRAFICI,GRAFICI/MODAL_COMPARISON_10LB/nastran/BULK/MAD_L108_GRIDS_WING_R11_001.dat
7,4f5ccb425e527890faec345d3edaa271d7124c5a0a71eab2ace3aa2ec794e860,161736,8,1132152,2,NASTRAN,NASTRAN/NASTRAN40/BULK/MAD_L108_GRIDS_WING_R11_001.dat
7,4f5ccb425e527890faec345d3edaa271d7124c5a0a71eab2ace3aa2ec794e860,161736,8,1132152,3,NASTRAN,NASTRAN/NASTRAN_ALTER_OK/BULK/MAD_L108_GRIDS_WING_R11_001.dat
7,4f5ccb425e527890faec345d3edaa271d7124c5a0a71eab2ace3aa2ec794e860,161736,8,1132152,4,NASTRAN,NASTRAN/REALASED_MODEL/BULK/MAD_L108_GRIDS_WING_R11_001.dat
7,4f5ccb425e527890faec345d3edaa271d7124c5a0a71eab2ace3aa2ec794e860,161736,8,1132152,5,NASTRAN_SIMULATIONS,NASTRAN_SIMULATIONS/01_SOL103_60_MODES/BULK/MAD_L108_GRIDS_WING_R11_001.dat
7,4f5ccb425e527890faec345d3edaa271d7124c5a0a71eab2ace3aa2ec794e860,161736,8,1132152,6,NASTRAN_SIMULATIONS,NASTRAN_SIMULATIONS/02_COUPMASS_STUDY/BULK/MAD_L108_GRIDS_WING_R11_001.dat
7,4f5ccb425e527890faec345d3edaa271d7124c5a0a71eab2ace3aa2ec794e860,161736,8,1132152,7,NASTRAN_SIMULATIONS,NASTRAN_SIMULATIONS/03_GRAVITY_5G/nastran/BULK/MAD_L108_GRIDS_WING_R11_001.dat
7,4f5ccb425e527890faec345d3edaa271d7124c5a0a71eab2ace3aa2ec794e860,161736,8,1132152,8,X56_AERO_POLAR,X56_AERO_POLAR/nastran/BULK/MAD_L108_GRIDS_WING_R11_001.dat
8,c0cbf518dc4ff8c19de838ad222e5890a17bf88c17c4e12b487b94e6aec4a24d,71318,16,1069770,1,BFF_DUST_55,BFF_DUST_55/CASE_DUST_SMOKE/DEFLECTION_CASES/00_neutral/00_neutral.vtu
8,c0cbf518dc4ff8c19de838ad222e5890a17bf88c17c4e12b487b94e6aec4a24d,71318,16,1069770,2,BFF_DUST_55,BFF_DUST_55/CASE_DUST_SMOKE/SURFACE_SEQUENCE_4231/frame_00_WF4_LR_+00.0deg/frame_00_WF4_LR_+00.0deg.vtu
8,c0cbf518dc4ff8c19de838ad222e5890a17bf88c17c4e12b487b94e6aec4a24d,71318,16,1069770,3,BFF_DUST_55,BFF_DUST_55/CASE_DUST_SMOKE/SURFACE_SEQUENCE_4231/frame_04_WF4_LR_+00.0deg/frame_04_WF4_LR_+00.0deg.vtu
8,c0cbf518dc4ff8c19de838ad222e5890a17bf88c17c4e12b487b94e6aec4a24d,71318,16,1069770,4,BFF_DUST_55,BFF_DUST_55/CASE_DUST_SMOKE/SURFACE_SEQUENCE_4231/frame_08_WF4_LR_+00.0deg/frame_08_WF4_LR_+00.0deg.vtu
8,c0cbf518dc4ff8c19de838ad222e5890a17bf88c17c4e12b487b94e6aec4a24d,71318,16,1069770,5,BFF_DUST_55,BFF_DUST_55/CASE_DUST_SMOKE/SURFACE_SEQUENCE_4231/frame_09_WF2_LR_+00.0deg/frame_09_WF2_LR_+00.0deg.vtu
8,c0cbf518dc4ff8c19de838ad222e5890a17bf88c17c4e12b487b94e6aec4a24d,71318,16,1069770,6,BFF_DUST_55,BFF_DUST_55/CASE_DUST_SMOKE/SURFACE_SEQUENCE_4231/frame_13_WF2_LR_+00.0deg/frame_13_WF2_LR_+00.0deg.vtu
8,c0cbf518dc4ff8c19de838ad222e5890a17bf88c17c4e12b487b94e6aec4a24d,71318,16,1069770,7,BFF_DUST_55,BFF_DUST_55/CASE_DUST_SMOKE/SURFACE_SEQUENCE_4231/frame_17_WF2_LR_+00.0deg/frame_17_WF2_LR_+00.0deg.vtu
8,c0cbf518dc4ff8c19de838ad222e5890a17bf88c17c4e12b487b94e6aec4a24d,71318,16,1069770,8,BFF_DUST_55,BFF_DUST_55/CASE_DUST_SMOKE/SURFACE_SEQUENCE_4231/frame_18_WF3_LR_+00.0deg/frame_18_WF3_LR_+00.0deg.vtu
8,c0cbf518dc4ff8c19de838ad222e5890a17bf88c17c4e12b487b94e6aec4a24d,71318,16,1069770,9,BFF_DUST_55,BFF_DUST_55/CASE_DUST_SMOKE/SURFACE_SEQUENCE_4231/frame_22_WF3_LR_+00.0deg/frame_22_WF3_LR_+00.0deg.vtu
8,c0cbf518dc4ff8c19de838ad222e5890a17bf88c17c4e12b487b94e6aec4a24d,71318,16,1069770,10,BFF_DUST_55,BFF_DUST_55/CASE_DUST_SMOKE/SURFACE_SEQUENCE_4231/frame_26_WF3_LR_+00.0deg/frame_26_WF3_LR_+00.0deg.vtu
8,c0cbf518dc4ff8c19de838ad222e5890a17bf88c17c4e12b487b94e6aec4a24d,71318,16,1069770,11,BFF_DUST_55,BFF_DUST_55/CASE_DUST_SMOKE/SURFACE_SEQUENCE_4231/frame_27_WF1_LR_+00.0deg/frame_27_WF1_LR_+00.0deg.vtu
8,c0cbf518dc4ff8c19de838ad222e5890a17bf88c17c4e12b487b94e6aec4a24d,71318,16,1069770,12,BFF_DUST_55,BFF_DUST_55/CASE_DUST_SMOKE/SURFACE_SEQUENCE_4231/frame_31_WF1_LR_+00.0deg/frame_31_WF1_LR_+00.0deg.vtu
8,c0cbf518dc4ff8c19de838ad222e5890a17bf88c17c4e12b487b94e6aec4a24d,71318,16,1069770,13,BFF_DUST_55,BFF_DUST_55/CASE_DUST_SMOKE/SURFACE_SEQUENCE_4231/frame_35_WF1_LR_+00.0deg/frame_35_WF1_LR_+00.0deg.vtu
8,c0cbf518dc4ff8c19de838ad222e5890a17bf88c17c4e12b487b94e6aec4a24d,71318,16,1069770,14,BFF_DUST_55,BFF_DUST_55/CASE_DUST_SMOKE/SURFACE_SEQUENCE_4231/frame_36_BF_LR_+00.0deg/frame_36_BF_LR_+00.0deg.vtu
8,c0cbf518dc4ff8c19de838ad222e5890a17bf88c17c4e12b487b94e6aec4a24d,71318,16,1069770,15,BFF_DUST_55,BFF_DUST_55/CASE_DUST_SMOKE/SURFACE_SEQUENCE_4231/frame_40_BF_LR_+00.0deg/frame_40_BF_LR_+00.0deg.vtu
8,c0cbf518dc4ff8c19de838ad222e5890a17bf88c17c4e12b487b94e6aec4a24d,71318,16,1069770,16,BFF_DUST_55,BFF_DUST_55/CASE_DUST_SMOKE/SURFACE_SEQUENCE_4231/frame_44_BF_LR_+00.0deg/frame_44_BF_LR_+00.0deg.vtu
9,ca330343a22145ba162b784c7f5bdd7513446b3114d7435eddaa43487e47d022,181772,6,908860,1,TEST,TEST/BBF_DUST_COUPLED/output/V_030.00_mps/incomplete_attempt_1784822181/case.nc
9,ca330343a22145ba162b784c7f5bdd7513446b3114d7435eddaa43487e47d022,181772,6,908860,2,TEST,TEST/BBF_DUST_COUPLED/output/V_030.00_mps/incomplete_attempt_1784822762/case.nc
9,ca330343a22145ba162b784c7f5bdd7513446b3114d7435eddaa43487e47d022,181772,6,908860,3,TEST,TEST/BBF_DUST_COUPLED/output/V_030.00_mps/incomplete_attempt_1784822912/case.nc
9,ca330343a22145ba162b784c7f5bdd7513446b3114d7435eddaa43487e47d022,181772,6,908860,4,TEST,TEST/BBF_DUST_COUPLED/output/V_030.00_mps/incomplete_attempt_1784823240/case.nc
9,ca330343a22145ba162b784c7f5bdd7513446b3114d7435eddaa43487e47d022,181772,6,908860,5,TEST,TEST/BBF_DUST_COUPLED/output/V_030.00_mps/incomplete_attempt_1784824671/case.nc
9,ca330343a22145ba162b784c7f5bdd7513446b3114d7435eddaa43487e47d022,181772,6,908860,6,TEST,TEST/BBF_DUST_COUPLED/output/V_030.00_mps/incomplete_attempt_1784824769/case.nc
10,c6784a99e6b0337e8b6f45c5cb08a94f3f45a876d1a48c8f7a7f86552c125e98,716604,2,716604,1,GRAFICI,GRAFICI/SOL101/nastran/BULK/MAD_L108_WING_ONLY_FLEX_R11_006T.dat
10,c6784a99e6b0337e8b6f45c5cb08a94f3f45a876d1a48c8f7a7f86552c125e98,716604,2,716604,2,NASTRAN,NASTRAN/SOL101/BULK/MAD_L108_WING_ONLY_FLEX_R11_006T.dat
11,7eb0fccbc024a54a1c7a9ab8302702d665ff636ccd6240fac9c49c9044680c98,97701,8,683907,1,GRAFICI,GRAFICI/MODAL_COMPARISON_10LB/nastran/BULK/MAD_L108_FUSE_R11_002.dat
11,7eb0fccbc024a54a1c7a9ab8302702d665ff636ccd6240fac9c49c9044680c98,97701,8,683907,2,NASTRAN,NASTRAN/NASTRAN40/BULK/MAD_L108_FUSE_R11_002.dat
11,7eb0fccbc024a54a1c7a9ab8302702d665ff636ccd6240fac9c49c9044680c98,97701,8,683907,3,NASTRAN,NASTRAN/NASTRAN_ALTER_OK/BULK/MAD_L108_FUSE_R11_002.dat
11,7eb0fccbc024a54a1c7a9ab8302702d665ff636ccd6240fac9c49c9044680c98,97701,8,683907,4,NASTRAN,NASTRAN/REALASED_MODEL/BULK/MAD_L108_FUSE_R11_002.dat
11,7eb0fccbc024a54a1c7a9ab8302702d665ff636ccd6240fac9c49c9044680c98,97701,8,683907,5,NASTRAN_SIMULATIONS,NASTRAN_SIMULATIONS/01_SOL103_60_MODES/BULK/MAD_L108_FUSE_R11_002.dat
11,7eb0fccbc024a54a1c7a9ab8302702d665ff636ccd6240fac9c49c9044680c98,97701,8,683907,6,NASTRAN_SIMULATIONS,NASTRAN_SIMULATIONS/02_COUPMASS_STUDY/BULK/MAD_L108_FUSE_R11_002.dat
11,7eb0fccbc024a54a1c7a9ab8302702d665ff636ccd6240fac9c49c9044680c98,97701,8,683907,7,NASTRAN_SIMULATIONS,NASTRAN_SIMULATIONS/03_GRAVITY_5G/nastran/BULK/MAD_L108_FUSE_R11_002.dat
11,7eb0fccbc024a54a1c7a9ab8302702d665ff636ccd6240fac9c49c9044680c98,97701,8,683907,8,X56_AERO_POLAR,X56_AERO_POLAR/nastran/BULK/MAD_L108_FUSE_R11_002.dat
12,c27ea125751f742af1c79f03be705d10635184331dbc0695ed9755e10149d913,16327,39,620426,1,NASTRAN_SIMULATIONS,NASTRAN_SIMULATIONS/03_GRAVITY_5G/mbdyn/results/gravity_5g_05_elastic_modes.log
12,c27ea125751f742af1c79f03be705d10635184331dbc0695ed9755e10149d913,16327,39,620426,2,NASTRAN_SIMULATIONS,NASTRAN_SIMULATIONS/03_GRAVITY_5G/mbdyn/results/gravity_5g_07_elastic_modes.log
12,c27ea125751f742af1c79f03be705d10635184331dbc0695ed9755e10149d913,16327,39,620426,3,NASTRAN_SIMULATIONS,NASTRAN_SIMULATIONS/03_GRAVITY_5G/mbdyn/results/gravity_5g_09_elastic_modes.log
12,c27ea125751f742af1c79f03be705d10635184331dbc0695ed9755e10149d913,16327,39,620426,4,NASTRAN_SIMULATIONS,NASTRAN_SIMULATIONS/03_GRAVITY_5G/mbdyn/results/gravity_5g_11_elastic_modes.log
12,c27ea125751f742af1c79f03be705d10635184331dbc0695ed9755e10149d913,16327,39,620426,5,NASTRAN_SIMULATIONS,NASTRAN_SIMULATIONS/03_GRAVITY_5G/mbdyn/results/gravity_5g_13_elastic_modes.log
12,c27ea125751f742af1c79f03be705d10635184331dbc0695ed9755e10149d913,16327,39,620426,6,NASTRAN_SIMULATIONS,NASTRAN_SIMULATIONS/03_GRAVITY_5G/mbdyn/results/gravity_5g_14_elastic_modes.log
12,c27ea125751f742af1c79f03be705d10635184331dbc0695ed9755e10149d913,16327,39,620426,7,NASTRAN_SIMULATIONS,NASTRAN_SIMULATIONS/03_GRAVITY_5G/mbdyn/results/gravity_5g_15_elastic_modes.log
12,c27ea125751f742af1c79f03be705d10635184331dbc0695ed9755e10149d913,16327,39,620426,8,NASTRAN_SIMULATIONS,NASTRAN_SIMULATIONS/03_GRAVITY_5G/mbdyn/results/gravity_5g_17_elastic_modes.log
12,c27ea125751f742af1c79f03be705d10635184331dbc0695ed9755e10149d913,16327,39,620426,9,NASTRAN_SIMULATIONS,NASTRAN_SIMULATIONS/03_GRAVITY_5G/mbdyn/results/gravity_5g_18_elastic_modes.log
12,c27ea125751f742af1c79f03be705d10635184331dbc0695ed9755e10149d913,16327,39,620426,10,NASTRAN_SIMULATIONS,NASTRAN_SIMULATIONS/03_GRAVITY_5G/mbdyn/results/gravity_5g_19_elastic_modes.log
12,c27ea125751f742af1c79f03be705d10635184331dbc0695ed9755e10149d913,16327,39,620426,11,NASTRAN_SIMULATIONS,NASTRAN_SIMULATIONS/03_GRAVITY_5G/mbdyn/results/gravity_5g_21_elastic_modes.log
12,c27ea125751f742af1c79f03be705d10635184331dbc0695ed9755e10149d913,16327,39,620426,12,NASTRAN_SIMULATIONS,NASTRAN_SIMULATIONS/03_GRAVITY_5G/mbdyn/results/gravity_5g_22_elastic_modes.log
12,c27ea125751f742af1c79f03be705d10635184331dbc0695ed9755e10149d913,16327,39,620426,13,NASTRAN_SIMULATIONS,NASTRAN_SIMULATIONS/03_GRAVITY_5G/mbdyn/results/gravity_5g_23_elastic_modes.log
12,c27ea125751f742af1c79f03be705d10635184331dbc0695ed9755e10149d913,16327,39,620426,14,NASTRAN_SIMULATIONS,NASTRAN_SIMULATIONS/03_GRAVITY_5G/mbdyn/results/gravity_5g_25_elastic_modes.log
12,c27ea125751f742af1c79f03be705d10635184331dbc0695ed9755e10149d913,16327,39,620426,15,NASTRAN_SIMULATIONS,NASTRAN_SIMULATIONS/03_GRAVITY_5G/mbdyn/results/gravity_5g_26_elastic_modes.log
12,c27ea125751f742af1c79f03be705d10635184331dbc0695ed9755e10149d913,16327,39,620426,16,NASTRAN_SIMULATIONS,NASTRAN_SIMULATIONS/03_GRAVITY_5G/mbdyn/results/gravity_5g_27_elastic_modes.log
12,c27ea125751f742af1c79f03be705d10635184331dbc0695ed9755e10149d913,16327,39,620426,17,NASTRAN_SIMULATIONS,NASTRAN_SIMULATIONS/03_GRAVITY_5G/mbdyn/results/gravity_5g_28_elastic_modes.log
12,c27ea125751f742af1c79f03be705d10635184331dbc0695ed9755e10149d913,16327,39,620426,18,NASTRAN_SIMULATIONS,NASTRAN_SIMULATIONS/03_GRAVITY_5G/mbdyn/results/gravity_5g_29_elastic_modes.log
12,c27ea125751f742af1c79f03be705d10635184331dbc0695ed9755e10149d913,16327,39,620426,19,NASTRAN_SIMULATIONS,NASTRAN_SIMULATIONS/03_GRAVITY_5G/mbdyn/results/gravity_5g_31_elastic_modes.log
12,c27ea125751f742af1c79f03be705d10635184331dbc0695ed9755e10149d913,16327,39,620426,20,NASTRAN_SIMULATIONS,NASTRAN_SIMULATIONS/03_GRAVITY_5G/mbdyn/results/gravity_5g_32_elastic_modes.log
12,c27ea125751f742af1c79f03be705d10635184331dbc0695ed9755e10149d913,16327,39,620426,21,NASTRAN_SIMULATIONS,NASTRAN_SIMULATIONS/03_GRAVITY_5G/mbdyn/results/gravity_5g_33_elastic_modes.log
12,c27ea125751f742af1c79f03be705d10635184331dbc0695ed9755e10149d913,16327,39,620426,22,NASTRAN_SIMULATIONS,NASTRAN_SIMULATIONS/03_GRAVITY_5G/mbdyn/results/gravity_5g_34_elastic_modes.log
12,c27ea125751f742af1c79f03be705d10635184331dbc0695ed9755e10149d913,16327,39,620426,23,NASTRAN_SIMULATIONS,NASTRAN_SIMULATIONS/03_GRAVITY_5G/mbdyn/results/gravity_5g_35_elastic_modes.log
12,c27ea125751f742af1c79f03be705d10635184331dbc0695ed9755e10149d913,16327,39,620426,24,NASTRAN_SIMULATIONS,NASTRAN_SIMULATIONS/03_GRAVITY_5G/mbdyn/results/gravity_5g_36_elastic_modes.log
12,c27ea125751f742af1c79f03be705d10635184331dbc0695ed9755e10149d913,16327,39,620426,25,NASTRAN_SIMULATIONS,NASTRAN_SIMULATIONS/03_GRAVITY_5G/mbdyn/results/gravity_5g_37_elastic_modes.log
12,c27ea125751f742af1c79f03be705d10635184331dbc0695ed9755e10149d913,16327,39,620426,26,NASTRAN_SIMULATIONS,NASTRAN_SIMULATIONS/03_GRAVITY_5G/mbdyn/results/gravity_5g_38_elastic_modes.log
12,c27ea125751f742af1c79f03be705d10635184331dbc0695ed9755e10149d913,16327,39,620426,27,NASTRAN_SIMULATIONS,NASTRAN_SIMULATIONS/03_GRAVITY_5G/mbdyn/results/gravity_5g_39_elastic_modes.log
12,c27ea125751f742af1c79f03be705d10635184331dbc0695ed9755e10149d913,16327,39,620426,28,NASTRAN_SIMULATIONS,NASTRAN_SIMULATIONS/03_GRAVITY_5G/mbdyn/results/gravity_5g_41_elastic_modes.log
12,c27ea125751f742af1c79f03be705d10635184331dbc0695ed9755e10149d913,16327,39,620426,29,NASTRAN_SIMULATIONS,NASTRAN_SIMULATIONS/03_GRAVITY_5G/mbdyn/results/gravity_5g_42_elastic_modes.log
12,c27ea125751f742af1c79f03be705d10635184331dbc0695ed9755e10149d913,16327,39,620426,30,NASTRAN_SIMULATIONS,NASTRAN_SIMULATIONS/03_GRAVITY_5G/mbdyn/results/gravity_5g_43_elastic_modes.log
12,c27ea125751f742af1c79f03be705d10635184331dbc0695ed9755e10149d913,16327,39,620426,31,NASTRAN_SIMULATIONS,NASTRAN_SIMULATIONS/03_GRAVITY_5G/mbdyn/results/gravity_5g_44_elastic_modes.log
12,c27ea125751f742af1c79f03be705d10635184331dbc0695ed9755e10149d913,16327,39,620426,32,NASTRAN_SIMULATIONS,NASTRAN_SIMULATIONS/03_GRAVITY_5G/mbdyn/results/gravity_5g_45_elastic_modes.log
12,c27ea125751f742af1c79f03be705d10635184331dbc0695ed9755e10149d913,16327,39,620426,33,NASTRAN_SIMULATIONS,NASTRAN_SIMULATIONS/03_GRAVITY_5G/mbdyn/results/gravity_5g_46_elastic_modes.log
12,c27ea125751f742af1c79f03be705d10635184331dbc0695ed9755e10149d913,16327,39,620426,34,NASTRAN_SIMULATIONS,NASTRAN_SIMULATIONS/03_GRAVITY_5G/mbdyn/results/gravity_5g_47_elastic_modes.log
12,c27ea125751f742af1c79f03be705d10635184331dbc0695ed9755e10149d913,16327,39,620426,35,NASTRAN_SIMULATIONS,NASTRAN_SIMULATIONS/03_GRAVITY_5G/mbdyn/results/gravity_5g_48_elastic_modes.log
12,c27ea125751f742af1c79f03be705d10635184331dbc0695ed9755e10149d913,16327,39,620426,36,NASTRAN_SIMULATIONS,NASTRAN_SIMULATIONS/03_GRAVITY_5G/mbdyn/results/gravity_5g_49_elastic_modes.log
12,c27ea125751f742af1c79f03be705d10635184331dbc0695ed9755e10149d913,16327,39,620426,37,NASTRAN_SIMULATIONS,NASTRAN_SIMULATIONS/03_GRAVITY_5G/mbdyn/results/gravity_5g_51_elastic_modes.log
12,c27ea125751f742af1c79f03be705d10635184331dbc0695ed9755e10149d913,16327,39,620426,38,NASTRAN_SIMULATIONS,NASTRAN_SIMULATIONS/03_GRAVITY_5G/mbdyn/results/gravity_5g_52_elastic_modes.log
12,c27ea125751f742af1c79f03be705d10635184331dbc0695ed9755e10149d913,16327,39,620426,39,NASTRAN_SIMULATIONS,NASTRAN_SIMULATIONS/03_GRAVITY_5G/mbdyn/results/gravity_5g_53_elastic_modes.log
13,b45850485e96d720b4d18465a8e3fd851c4c8545532d2d8def4f27c37a4ff159,73021,8,511147,1,GRAFICI,GRAFICI/MODAL_COMPARISON_10LB/nastran/BULK/MAD_L108_GRIDS_FUSE_R11_004.dat
13,b45850485e96d720b4d18465a8e3fd851c4c8545532d2d8def4f27c37a4ff159,73021,8,511147,2,NASTRAN,NASTRAN/NASTRAN40/BULK/MAD_L108_GRIDS_FUSE_R11_004.dat
13,b45850485e96d720b4d18465a8e3fd851c4c8545532d2d8def4f27c37a4ff159,73021,8,511147,3,NASTRAN,NASTRAN/NASTRAN_ALTER_OK/BULK/MAD_L108_GRIDS_FUSE_R11_004.dat
13,b45850485e96d720b4d18465a8e3fd851c4c8545532d2d8def4f27c37a4ff159,73021,8,511147,4,NASTRAN,NASTRAN/REALASED_MODEL/BULK/MAD_L108_GRIDS_FUSE_R11_004.dat
13,b45850485e96d720b4d18465a8e3fd851c4c8545532d2d8def4f27c37a4ff159,73021,8,511147,5,NASTRAN_SIMULATIONS,NASTRAN_SIMULATIONS/01_SOL103_60_MODES/BULK/MAD_L108_GRIDS_FUSE_R11_004.dat
13,b45850485e96d720b4d18465a8e3fd851c4c8545532d2d8def4f27c37a4ff159,73021,8,511147,6,NASTRAN_SIMULATIONS,NASTRAN_SIMULATIONS/02_COUPMASS_STUDY/BULK/MAD_L108_GRIDS_FUSE_R11_004.dat
13,b45850485e96d720b4d18465a8e3fd851c4c8545532d2d8def4f27c37a4ff159,73021,8,511147,7,NASTRAN_SIMULATIONS,NASTRAN_SIMULATIONS/03_GRAVITY_5G/nastran/BULK/MAD_L108_GRIDS_FUSE_R11_004.dat
13,b45850485e96d720b4d18465a8e3fd851c4c8545532d2d8def4f27c37a4ff159,73021,8,511147,8,X56_AERO_POLAR,X56_AERO_POLAR/nastran/BULK/MAD_L108_GRIDS_FUSE_R11_004.dat
14,7c4fc518f651f075991b272728e8cba5b44fcce8f58c075613b0a1c2588f6a53,72953,8,510671,1,GRAFICI,GRAFICI/MODAL_COMPARISON_10LB/nastran/BULK/MAD_L108_WINGLET_LT_R11_002T.dat
14,7c4fc518f651f075991b272728e8cba5b44fcce8f58c075613b0a1c2588f6a53,72953,8,510671,2,NASTRAN,NASTRAN/NASTRAN40/BULK/MAD_L108_WINGLET_LT_R11_002T.dat
14,7c4fc518f651f075991b272728e8cba5b44fcce8f58c075613b0a1c2588f6a53,72953,8,510671,3,NASTRAN,NASTRAN/NASTRAN_ALTER_OK/BULK/MAD_L108_WINGLET_LT_R11_002T.dat
14,7c4fc518f651f075991b272728e8cba5b44fcce8f58c075613b0a1c2588f6a53,72953,8,510671,4,NASTRAN,NASTRAN/REALASED_MODEL/BULK/MAD_L108_WINGLET_LT_R11_002T.dat
14,7c4fc518f651f075991b272728e8cba5b44fcce8f58c075613b0a1c2588f6a53,72953,8,510671,5,NASTRAN_SIMULATIONS,NASTRAN_SIMULATIONS/01_SOL103_60_MODES/BULK/MAD_L108_WINGLET_LT_R11_002T.dat
14,7c4fc518f651f075991b272728e8cba5b44fcce8f58c075613b0a1c2588f6a53,72953,8,510671,6,NASTRAN_SIMULATIONS,NASTRAN_SIMULATIONS/02_COUPMASS_STUDY/BULK/MAD_L108_WINGLET_LT_R11_002T.dat
14,7c4fc518f651f075991b272728e8cba5b44fcce8f58c075613b0a1c2588f6a53,72953,8,510671,7,NASTRAN_SIMULATIONS,NASTRAN_SIMULATIONS/03_GRAVITY_5G/nastran/BULK/MAD_L108_WINGLET_LT_R11_002T.dat
14,7c4fc518f651f075991b272728e8cba5b44fcce8f58c075613b0a1c2588f6a53,72953,8,510671,8,X56_AERO_POLAR,X56_AERO_POLAR/nastran/BULK/MAD_L108_WINGLET_LT_R11_002T.dat
15,e73160dded0cdddb6b4466810b737b08184e0643d305d5547daa39c3d7dc0208,72809,8,509663,1,GRAFICI,GRAFICI/MODAL_COMPARISON_10LB/nastran/BULK/MAD_L108_WINGLET_RT_R11_001.dat
15,e73160dded0cdddb6b4466810b737b08184e0643d305d5547daa39c3d7dc0208,72809,8,509663,2,NASTRAN,NASTRAN/NASTRAN40/BULK/MAD_L108_WINGLET_RT_R11_001.dat
15,e73160dded0cdddb6b4466810b737b08184e0643d305d5547daa39c3d7dc0208,72809,8,509663,3,NASTRAN,NASTRAN/NASTRAN_ALTER_OK/BULK/MAD_L108_WINGLET_RT_R11_001.dat
15,e73160dded0cdddb6b4466810b737b08184e0643d305d5547daa39c3d7dc0208,72809,8,509663,4,NASTRAN,NASTRAN/REALASED_MODEL/BULK/MAD_L108_WINGLET_RT_R11_001.dat
15,e73160dded0cdddb6b4466810b737b08184e0643d305d5547daa39c3d7dc0208,72809,8,509663,5,NASTRAN_SIMULATIONS,NASTRAN_SIMULATIONS/01_SOL103_60_MODES/BULK/MAD_L108_WINGLET_RT_R11_001.dat
15,e73160dded0cdddb6b4466810b737b08184e0643d305d5547daa39c3d7dc0208,72809,8,509663,6,NASTRAN_SIMULATIONS,NASTRAN_SIMULATIONS/02_COUPMASS_STUDY/BULK/MAD_L108_WINGLET_RT_R11_001.dat
15,e73160dded0cdddb6b4466810b737b08184e0643d305d5547daa39c3d7dc0208,72809,8,509663,7,NASTRAN_SIMULATIONS,NASTRAN_SIMULATIONS/03_GRAVITY_5G/nastran/BULK/MAD_L108_WINGLET_RT_R11_001.dat
15,e73160dded0cdddb6b4466810b737b08184e0643d305d5547daa39c3d7dc0208,72809,8,509663,8,X56_AERO_POLAR,X56_AERO_POLAR/nastran/BULK/MAD_L108_WINGLET_RT_R11_001.dat
16,573582313a76817e5508c7b938f2fb1b7e06114ba87d61fdd442e72dea73c9c8,55514,8,388598,1,GRAFICI,GRAFICI/MODAL_COMPARISON_10LB/nastran/BULK/MAD_L108_WING_FLEX_LE_R11_001.dat
16,573582313a76817e5508c7b938f2fb1b7e06114ba87d61fdd442e72dea73c9c8,55514,8,388598,2,NASTRAN,NASTRAN/NASTRAN40/BULK/MAD_L108_WING_FLEX_LE_R11_001.dat
16,573582313a76817e5508c7b938f2fb1b7e06114ba87d61fdd442e72dea73c9c8,55514,8,388598,3,NASTRAN,NASTRAN/NASTRAN_ALTER_OK/BULK/MAD_L108_WING_FLEX_LE_R11_001.dat
16,573582313a76817e5508c7b938f2fb1b7e06114ba87d61fdd442e72dea73c9c8,55514,8,388598,4,NASTRAN,NASTRAN/REALASED_MODEL/BULK/MAD_L108_WING_FLEX_LE_R11_001.dat
16,573582313a76817e5508c7b938f2fb1b7e06114ba87d61fdd442e72dea73c9c8,55514,8,388598,5,NASTRAN_SIMULATIONS,NASTRAN_SIMULATIONS/01_SOL103_60_MODES/BULK/MAD_L108_WING_FLEX_LE_R11_001.dat
16,573582313a76817e5508c7b938f2fb1b7e06114ba87d61fdd442e72dea73c9c8,55514,8,388598,6,NASTRAN_SIMULATIONS,NASTRAN_SIMULATIONS/02_COUPMASS_STUDY/BULK/MAD_L108_WING_FLEX_LE_R11_001.dat
16,573582313a76817e5508c7b938f2fb1b7e06114ba87d61fdd442e72dea73c9c8,55514,8,388598,7,NASTRAN_SIMULATIONS,NASTRAN_SIMULATIONS/03_GRAVITY_5G/nastran/BULK/MAD_L108_WING_FLEX_LE_R11_001.dat
16,573582313a76817e5508c7b938f2fb1b7e06114ba87d61fdd442e72dea73c9c8,55514,8,388598,8,X56_AERO_POLAR,X56_AERO_POLAR/nastran/BULK/MAD_L108_WING_FLEX_LE_R11_001.dat
17,7d1f8cb52acd9ea29f3853465f292dd5dc47ba75f921ce17eab9881901ae370c,21130,18,359210,1,BFF_DUST_55,BFF_DUST_55/CASE_DUST_FLUTTER_EMULATION/INCLUDE/naca0012.c81
17,7d1f8cb52acd9ea29f3853465f292dd5dc47ba75f921ce17eab9881901ae370c,21130,18,359210,2,BFF_DUST_55,BFF_DUST_55/CASE_DUST_SMOKE/INCLUDE/naca0012.c81
17,7d1f8cb52acd9ea29f3853465f292dd5dc47ba75f921ce17eab9881901ae370c,21130,18,359210,3,BFF_DUST_55,BFF_DUST_55/model/mbdyn/INCLUDE/naca0012.c81
17,7d1f8cb52acd9ea29f3853465f292dd5dc47ba75f921ce17eab9881901ae370c,21130,18,359210,4,BFF_open_loop,BFF_open_loop/INCLUDE/naca0012.c81
17,7d1f8cb52acd9ea29f3853465f292dd5dc47ba75f921ce17eab9881901ae370c,21130,18,359210,5,MBDYN,MBDYN/AUTOPILOT/naca0012.c81
17,7d1f8cb52acd9ea29f3853465f292dd5dc47ba75f921ce17eab9881901ae370c,21130,18,359210,6,MBDYN,MBDYN/BBF/INCLUDE/naca0012.c81
17,7d1f8cb52acd9ea29f3853465f292dd5dc47ba75f921ce17eab9881901ae370c,21130,18,359210,7,MBDYN,MBDYN/MBDYN_OK/test/test_mbdyn_aero/naca0012.c81
17,7d1f8cb52acd9ea29f3853465f292dd5dc47ba75f921ce17eab9881901ae370c,21130,18,359210,8,MBDYN,MBDYN/PID/INCLUDE/naca0012.c81
17,7d1f8cb52acd9ea29f3853465f292dd5dc47ba75f921ce17eab9881901ae370c,21130,18,359210,9,MBDYN,MBDYN/PID_5deg_35ms/INCLUDE/naca0012.c81
17,7d1f8cb52acd9ea29f3853465f292dd5dc47ba75f921ce17eab9881901ae370c,21130,18,359210,10,MBDYN,MBDYN/PID_pitch/INCLUDE/naca0012.c81
17,7d1f8cb52acd9ea29f3853465f292dd5dc47ba75f921ce17eab9881901ae370c,21130,18,359210,11,MBDYN,MBDYN/PID_test/naca0012.c81
17,7d1f8cb52acd9ea29f3853465f292dd5dc47ba75f921ce17eab9881901ae370c,21130,18,359210,12,MBDYN,MBDYN/V-g_clamp/INCLUDE/naca0012.c81
17,7d1f8cb52acd9ea29f3853465f292dd5dc47ba75f921ce17eab9881901ae370c,21130,18,359210,13,TEST,TEST/TRIM_PID_VELOCITY/include/naca0012.c81
17,7d1f8cb52acd9ea29f3853465f292dd5dc47ba75f921ce17eab9881901ae370c,21130,18,359210,14,TEST,TEST/bbf/INCLUDE/naca0012.c81
17,7d1f8cb52acd9ea29f3853465f292dd5dc47ba75f921ce17eab9881901ae370c,21130,18,359210,15,X56_AERO_POLAR,X56_AERO_POLAR/mbdyn/INCLUDE/naca0012.c81
17,7d1f8cb52acd9ea29f3853465f292dd5dc47ba75f921ce17eab9881901ae370c,21130,18,359210,16,bbf_manouver,bbf_manouver/INCLUDE/naca0012.c81
17,7d1f8cb52acd9ea29f3853465f292dd5dc47ba75f921ce17eab9881901ae370c,21130,18,359210,17,bff_eigenalaisy,bff_eigenalaisy/INCLUDE/naca0012.c81
17,7d1f8cb52acd9ea29f3853465f292dd5dc47ba75f921ce17eab9881901ae370c,21130,18,359210,18,bff_longitudinal,bff_longitudinal/INCLUDE/naca0012.c81
18,fb0e0bd3598b043802e643d2dae54eeed6cfef0aecb5830be74a2b21a53bb887,323228,2,323228,1,GRAFICI,GRAFICI/SOL101/nastran/BULK/MAD_L108_FUSE_R11_002.dat
18,fb0e0bd3598b043802e643d2dae54eeed6cfef0aecb5830be74a2b21a53bb887,323228,2,323228,2,NASTRAN,NASTRAN/SOL101/BULK/MAD_L108_FUSE_R11_002.dat
19,a50e7dd948f0f91058cb9cec8bd737673971bcf669e67a14107d547b74d0f4a1,34042,8,238294,1,GRAFICI,GRAFICI/MODAL_COMPARISON_10LB/nastran/BULK/MAD_L108_MLG_R11_011.dat
19,a50e7dd948f0f91058cb9cec8bd737673971bcf669e67a14107d547b74d0f4a1,34042,8,238294,2,NASTRAN,NASTRAN/NASTRAN40/BULK/MAD_L108_MLG_R11_011.dat
19,a50e7dd948f0f91058cb9cec8bd737673971bcf669e67a14107d547b74d0f4a1,34042,8,238294,3,NASTRAN,NASTRAN/NASTRAN_ALTER_OK/BULK/MAD_L108_MLG_R11_011.dat
19,a50e7dd948f0f91058cb9cec8bd737673971bcf669e67a14107d547b74d0f4a1,34042,8,238294,4,NASTRAN,NASTRAN/REALASED_MODEL/BULK/MAD_L108_MLG_R11_011.dat
19,a50e7dd948f0f91058cb9cec8bd737673971bcf669e67a14107d547b74d0f4a1,34042,8,238294,5,NASTRAN_SIMULATIONS,NASTRAN_SIMULATIONS/01_SOL103_60_MODES/BULK/MAD_L108_MLG_R11_011.dat
19,a50e7dd948f0f91058cb9cec8bd737673971bcf669e67a14107d547b74d0f4a1,34042,8,238294,6,NASTRAN_SIMULATIONS,NASTRAN_SIMULATIONS/02_COUPMASS_STUDY/BULK/MAD_L108_MLG_R11_011.dat
19,a50e7dd948f0f91058cb9cec8bd737673971bcf669e67a14107d547b74d0f4a1,34042,8,238294,7,NASTRAN_SIMULATIONS,NASTRAN_SIMULATIONS/03_GRAVITY_5G/nastran/BULK/MAD_L108_MLG_R11_011.dat
19,a50e7dd948f0f91058cb9cec8bd737673971bcf669e67a14107d547b74d0f4a1,34042,8,238294,8,X56_AERO_POLAR,X56_AERO_POLAR/nastran/BULK/MAD_L108_MLG_R11_011.dat
20,3f7882024180b1765827527d1d5cb9f8382e4c6f080320965810102ab8861119,77109,4,231327,1,BFF_DUST_55,BFF_DUST_55/CASE_DUST_FLUTTER_EMULATION/INCLUDE/node.mbd
20,3f7882024180b1765827527d1d5cb9f8382e4c6f080320965810102ab8861119,77109,4,231327,2,BFF_DUST_55,BFF_DUST_55/CASE_DUST_SMOKE/INCLUDE/node.mbd
20,3f7882024180b1765827527d1d5cb9f8382e4c6f080320965810102ab8861119,77109,4,231327,3,BFF_DUST_55,BFF_DUST_55/model/mbdyn/INCLUDE/node.mbd
20,3f7882024180b1765827527d1d5cb9f8382e4c6f080320965810102ab8861119,77109,4,231327,4,_trim_coupled_stage,_trim_coupled_stage/case/include/node.mbd
21,2a0c8247f81d369edfe879a623be58549e9447b3bf6a2f8d90cffa8eacabcb84,16290,15,228060,1,NASTRAN_SIMULATIONS,NASTRAN_SIMULATIONS/03_GRAVITY_5G/mbdyn/results/gravity_5g_01_elastic_modes.log
21,2a0c8247f81d369edfe879a623be58549e9447b3bf6a2f8d90cffa8eacabcb84,16290,15,228060,2,NASTRAN_SIMULATIONS,NASTRAN_SIMULATIONS/03_GRAVITY_5G/mbdyn/results/gravity_5g_02_elastic_modes.log
21,2a0c8247f81d369edfe879a623be58549e9447b3bf6a2f8d90cffa8eacabcb84,16290,15,228060,3,NASTRAN_SIMULATIONS,NASTRAN_SIMULATIONS/03_GRAVITY_5G/mbdyn/results/gravity_5g_03_elastic_modes.log
21,2a0c8247f81d369edfe879a623be58549e9447b3bf6a2f8d90cffa8eacabcb84,16290,15,228060,4,NASTRAN_SIMULATIONS,NASTRAN_SIMULATIONS/03_GRAVITY_5G/mbdyn/results/gravity_5g_04_elastic_modes.log
21,2a0c8247f81d369edfe879a623be58549e9447b3bf6a2f8d90cffa8eacabcb84,16290,15,228060,5,NASTRAN_SIMULATIONS,NASTRAN_SIMULATIONS/03_GRAVITY_5G/mbdyn/results/gravity_5g_06_elastic_modes.log
21,2a0c8247f81d369edfe879a623be58549e9447b3bf6a2f8d90cffa8eacabcb84,16290,15,228060,6,NASTRAN_SIMULATIONS,NASTRAN_SIMULATIONS/03_GRAVITY_5G/mbdyn/results/gravity_5g_08_elastic_modes.log
21,2a0c8247f81d369edfe879a623be58549e9447b3bf6a2f8d90cffa8eacabcb84,16290,15,228060,7,NASTRAN_SIMULATIONS,NASTRAN_SIMULATIONS/03_GRAVITY_5G/mbdyn/results/gravity_5g_10_elastic_modes.log
21,2a0c8247f81d369edfe879a623be58549e9447b3bf6a2f8d90cffa8eacabcb84,16290,15,228060,8,NASTRAN_SIMULATIONS,NASTRAN_SIMULATIONS/03_GRAVITY_5G/mbdyn/results/gravity_5g_12_elastic_modes.log
21,2a0c8247f81d369edfe879a623be58549e9447b3bf6a2f8d90cffa8eacabcb84,16290,15,228060,9,NASTRAN_SIMULATIONS,NASTRAN_SIMULATIONS/03_GRAVITY_5G/mbdyn/results/gravity_5g_16_elastic_modes.log
21,2a0c8247f81d369edfe879a623be58549e9447b3bf6a2f8d90cffa8eacabcb84,16290,15,228060,10,NASTRAN_SIMULATIONS,NASTRAN_SIMULATIONS/03_GRAVITY_5G/mbdyn/results/gravity_5g_20_elastic_modes.log
21,2a0c8247f81d369edfe879a623be58549e9447b3bf6a2f8d90cffa8eacabcb84,16290,15,228060,11,NASTRAN_SIMULATIONS,NASTRAN_SIMULATIONS/03_GRAVITY_5G/mbdyn/results/gravity_5g_24_elastic_modes.log
21,2a0c8247f81d369edfe879a623be58549e9447b3bf6a2f8d90cffa8eacabcb84,16290,15,228060,12,NASTRAN_SIMULATIONS,NASTRAN_SIMULATIONS/03_GRAVITY_5G/mbdyn/results/gravity_5g_30_elastic_modes.log
21,2a0c8247f81d369edfe879a623be58549e9447b3bf6a2f8d90cffa8eacabcb84,16290,15,228060,13,NASTRAN_SIMULATIONS,NASTRAN_SIMULATIONS/03_GRAVITY_5G/mbdyn/results/gravity_5g_40_elastic_modes.log
21,2a0c8247f81d369edfe879a623be58549e9447b3bf6a2f8d90cffa8eacabcb84,16290,15,228060,14,NASTRAN_SIMULATIONS,NASTRAN_SIMULATIONS/03_GRAVITY_5G/mbdyn/results/gravity_5g_50_elastic_modes.log
21,2a0c8247f81d369edfe879a623be58549e9447b3bf6a2f8d90cffa8eacabcb84,16290,15,228060,15,NASTRAN_SIMULATIONS,NASTRAN_SIMULATIONS/03_GRAVITY_5G/mbdyn/results/gravity_5g_54_elastic_modes.log
22,2827f4fbb0a63f0b801c2a25092cc27dc5aeb5ae57daf66688f8fb436b600586,25715,8,180005,1,GRAFICI,GRAFICI/MODAL_COMPARISON_10LB/nastran/BULK/MAD_L108_FUSE_PID_R11_016.dat
22,2827f4fbb0a63f0b801c2a25092cc27dc5aeb5ae57daf66688f8fb436b600586,25715,8,180005,2,NASTRAN,NASTRAN/NASTRAN40/BULK/MAD_L108_FUSE_PID_R11_016.dat
22,2827f4fbb0a63f0b801c2a25092cc27dc5aeb5ae57daf66688f8fb436b600586,25715,8,180005,3,NASTRAN,NASTRAN/NASTRAN_ALTER_OK/BULK/MAD_L108_FUSE_PID_R11_016.dat
22,2827f4fbb0a63f0b801c2a25092cc27dc5aeb5ae57daf66688f8fb436b600586,25715,8,180005,4,NASTRAN,NASTRAN/REALASED_MODEL/BULK/MAD_L108_FUSE_PID_R11_016.dat
22,2827f4fbb0a63f0b801c2a25092cc27dc5aeb5ae57daf66688f8fb436b600586,25715,8,180005,5,NASTRAN_SIMULATIONS,NASTRAN_SIMULATIONS/01_SOL103_60_MODES/BULK/MAD_L108_FUSE_PID_R11_016.dat
22,2827f4fbb0a63f0b801c2a25092cc27dc5aeb5ae57daf66688f8fb436b600586,25715,8,180005,6,NASTRAN_SIMULATIONS,NASTRAN_SIMULATIONS/02_COUPMASS_STUDY/BULK/MAD_L108_FUSE_PID_R11_016.dat
22,2827f4fbb0a63f0b801c2a25092cc27dc5aeb5ae57daf66688f8fb436b600586,25715,8,180005,7,NASTRAN_SIMULATIONS,NASTRAN_SIMULATIONS/03_GRAVITY_5G/nastran/BULK/MAD_L108_FUSE_PID_R11_016.dat
22,2827f4fbb0a63f0b801c2a25092cc27dc5aeb5ae57daf66688f8fb436b600586,25715,8,180005,8,X56_AERO_POLAR,X56_AERO_POLAR/nastran/BULK/MAD_L108_FUSE_PID_R11_016.dat
23,730129631b6acd0437be23dc425728f606145196f6c31e18b648418a92168505,177727,2,177727,1,GRAFICI,GRAFICI/SOL101/nastran/BULK/MAD_L108_FUSE_WA_R11_001.dat
23,730129631b6acd0437be23dc425728f606145196f6c31e18b648418a92168505,177727,2,177727,2,NASTRAN,NASTRAN/SOL101/BULK/MAD_L108_FUSE_WA_R11_001.dat
24,da08af775afd23eab031af980b2659082be93b09e7c014b4d8a287138a6d7188,161458,2,161458,1,GRAFICI,GRAFICI/SOL101/nastran/BULK/MAD_L108_WING_WA_R11_001.dat
24,da08af775afd23eab031af980b2659082be93b09e7c014b4d8a287138a6d7188,161458,2,161458,2,NASTRAN,NASTRAN/SOL101/BULK/MAD_L108_WING_WA_R11_001.dat
25,67e9e80bbd3af39638ddc47a40868c46ffe8af801ae7b3226ac45ec50a0c1df7,156114,2,156114,1,GRAFICI,GRAFICI/SOL101/nastran/BULK/MAD_L108_GRIDS_WING_R11_001.dat
25,67e9e80bbd3af39638ddc47a40868c46ffe8af801ae7b3226ac45ec50a0c1df7,156114,2,156114,2,NASTRAN,NASTRAN/SOL101/BULK/MAD_L108_GRIDS_WING_R11_001.dat
26,ef9f0e2619a9feeb8c12098416f8b1952a187ff5b64b03399e9b753b19db2510,77070,3,154140,1,BFF_open_loop,BFF_open_loop/INCLUDE/node.mbd
26,ef9f0e2619a9feeb8c12098416f8b1952a187ff5b64b03399e9b753b19db2510,77070,3,154140,2,bff_eigenalaisy,bff_eigenalaisy/INCLUDE/node.mbd
26,ef9f0e2619a9feeb8c12098416f8b1952a187ff5b64b03399e9b753b19db2510,77070,3,154140,3,bff_longitudinal,bff_longitudinal/INCLUDE/node.mbd
27,deabd7432b989c20090a0ae811d2ff67bbc4778d4cddb8a50f56cf1a6bc79769,76195,3,152390,1,NASTRAN,NASTRAN/REALASED_MODEL/FLUTTER_TEST/X56A-NASTRAN-GEOM.DAT
27,deabd7432b989c20090a0ae811d2ff67bbc4778d4cddb8a50f56cf1a6bc79769,76195,3,152390,2,NASTRAN,NASTRAN/REALASED_MODEL/TRIM/X56A-NASTRAN-GEOM.dat
27,deabd7432b989c20090a0ae811d2ff67bbc4778d4cddb8a50f56cf1a6bc79769,76195,3,152390,3,X56_AERO_POLAR,X56_AERO_POLAR/nastran/X56A-NASTRAN-GEOM.dat
28,2eea74c01b77c6ac0c905c05ccdc4b3e931f3fe83488a8bad3a12d0044e999a0,147751,2,147751,1,GRAFICI,GRAFICI/SOL101/nastran/BULK/MAD_L108_MLG_R11_011.dat
28,2eea74c01b77c6ac0c905c05ccdc4b3e931f3fe83488a8bad3a12d0044e999a0,147751,2,147751,2,NASTRAN,NASTRAN/SOL101/BULK/MAD_L108_MLG_R11_011.dat
29,5f3755a9b8237a1467bc94f54f5ce1b14e8dd209d0a061ba3cab35793b69fb53,145838,2,145838,1,GRAFICI,GRAFICI/SOL101/nastran/BULK/MAD_L108_WINGLET_LT_R11_002T.dat
29,5f3755a9b8237a1467bc94f54f5ce1b14e8dd209d0a061ba3cab35793b69fb53,145838,2,145838,2,NASTRAN,NASTRAN/SOL101/BULK/MAD_L108_WINGLET_LT_R11_002T.dat
30,d26a4ec2cedbeff7c878ee58623846b2015c0f1f9afa13671d5ade887a7ee6b8,71318,3,142636,1,BFF_DUST_55,BFF_DUST_55/CASE_DUST_SMOKE/AILERON_ANIMATION/frame_00_wf4_+00.0deg/frame_00_wf4_+00.0deg.vtu
30,d26a4ec2cedbeff7c878ee58623846b2015c0f1f9afa13671d5ade887a7ee6b8,71318,3,142636,2,BFF_DUST_55,BFF_DUST_55/CASE_DUST_SMOKE/AILERON_ANIMATION/frame_08_wf4_+00.0deg/frame_08_wf4_+00.0deg.vtu
30,d26a4ec2cedbeff7c878ee58623846b2015c0f1f9afa13671d5ade887a7ee6b8,71318,3,142636,3,BFF_DUST_55,BFF_DUST_55/CASE_DUST_SMOKE/AILERON_ANIMATION/frame_16_wf4_+00.0deg/frame_16_wf4_+00.0deg.vtu
31,404b118148e3df8cdc84e1741546458ec297ee03a7f42768af044243a552a5c3,141947,2,141947,1,GRAFICI,GRAFICI/SOL101/nastran/BULK/MAD_L108_WINGLET_RT_R11_001.dat
31,404b118148e3df8cdc84e1741546458ec297ee03a7f42768af044243a552a5c3,141947,2,141947,2,NASTRAN,NASTRAN/SOL101/BULK/MAD_L108_WINGLET_RT_R11_001.dat
32,0d97a530694fe6043e49011a121c2d394dde42e39349f59789ebc706201bd411,18121,8,126847,1,GRAFICI,GRAFICI/MODAL_COMPARISON_10LB/nastran/BULK/MAD_L108_WING_FLEX_SO_R11_001.dat
32,0d97a530694fe6043e49011a121c2d394dde42e39349f59789ebc706201bd411,18121,8,126847,2,NASTRAN,NASTRAN/NASTRAN40/BULK/MAD_L108_WING_FLEX_SO_R11_001.dat
32,0d97a530694fe6043e49011a121c2d394dde42e39349f59789ebc706201bd411,18121,8,126847,3,NASTRAN,NASTRAN/NASTRAN_ALTER_OK/BULK/MAD_L108_WING_FLEX_SO_R11_001.dat
32,0d97a530694fe6043e49011a121c2d394dde42e39349f59789ebc706201bd411,18121,8,126847,4,NASTRAN,NASTRAN/REALASED_MODEL/BULK/MAD_L108_WING_FLEX_SO_R11_001.dat
32,0d97a530694fe6043e49011a121c2d394dde42e39349f59789ebc706201bd411,18121,8,126847,5,NASTRAN_SIMULATIONS,NASTRAN_SIMULATIONS/01_SOL103_60_MODES/BULK/MAD_L108_WING_FLEX_SO_R11_001.dat
32,0d97a530694fe6043e49011a121c2d394dde42e39349f59789ebc706201bd411,18121,8,126847,6,NASTRAN_SIMULATIONS,NASTRAN_SIMULATIONS/02_COUPMASS_STUDY/BULK/MAD_L108_WING_FLEX_SO_R11_001.dat
32,0d97a530694fe6043e49011a121c2d394dde42e39349f59789ebc706201bd411,18121,8,126847,7,NASTRAN_SIMULATIONS,NASTRAN_SIMULATIONS/03_GRAVITY_5G/nastran/BULK/MAD_L108_WING_FLEX_SO_R11_001.dat
32,0d97a530694fe6043e49011a121c2d394dde42e39349f59789ebc706201bd411,18121,8,126847,8,X56_AERO_POLAR,X56_AERO_POLAR/nastran/BULK/MAD_L108_WING_FLEX_SO_R11_001.dat
33,8acae749bf2fda0b14c529fd47ff9048d69d74a66e70d7599bd9275274ba4b9d,13496,10,121464,1,GRAFICI,GRAFICI/MODAL_COMPARISON_10LB/nastran/BULK/MAD_L108_ASET_RT_R11_001.dat
33,8acae749bf2fda0b14c529fd47ff9048d69d74a66e70d7599bd9275274ba4b9d,13496,10,121464,2,GRAFICI,GRAFICI/SOL101/nastran/BULK/MAD_L108_ASET_RT_R11_001.dat
33,8acae749bf2fda0b14c529fd47ff9048d69d74a66e70d7599bd9275274ba4b9d,13496,10,121464,3,NASTRAN,NASTRAN/NASTRAN40/BULK/MAD_L108_ASET_RT_R11_001.dat
33,8acae749bf2fda0b14c529fd47ff9048d69d74a66e70d7599bd9275274ba4b9d,13496,10,121464,4,NASTRAN,NASTRAN/NASTRAN_ALTER_OK/BULK/MAD_L108_ASET_RT_R11_001.dat
33,8acae749bf2fda0b14c529fd47ff9048d69d74a66e70d7599bd9275274ba4b9d,13496,10,121464,5,NASTRAN,NASTRAN/REALASED_MODEL/BULK/MAD_L108_ASET_RT_R11_001.dat
33,8acae749bf2fda0b14c529fd47ff9048d69d74a66e70d7599bd9275274ba4b9d,13496,10,121464,6,NASTRAN,NASTRAN/SOL101/BULK/MAD_L108_ASET_RT_R11_001.dat
33,8acae749bf2fda0b14c529fd47ff9048d69d74a66e70d7599bd9275274ba4b9d,13496,10,121464,7,NASTRAN_SIMULATIONS,NASTRAN_SIMULATIONS/01_SOL103_60_MODES/BULK/MAD_L108_ASET_RT_R11_001.dat
33,8acae749bf2fda0b14c529fd47ff9048d69d74a66e70d7599bd9275274ba4b9d,13496,10,121464,8,NASTRAN_SIMULATIONS,NASTRAN_SIMULATIONS/02_COUPMASS_STUDY/BULK/MAD_L108_ASET_RT_R11_001.dat
33,8acae749bf2fda0b14c529fd47ff9048d69d74a66e70d7599bd9275274ba4b9d,13496,10,121464,9,NASTRAN_SIMULATIONS,NASTRAN_SIMULATIONS/03_GRAVITY_5G/nastran/BULK/MAD_L108_ASET_RT_R11_001.dat
33,8acae749bf2fda0b14c529fd47ff9048d69d74a66e70d7599bd9275274ba4b9d,13496,10,121464,10,X56_AERO_POLAR,X56_AERO_POLAR/nastran/BULK/MAD_L108_ASET_RT_R11_001.dat
34,33501055a856d61a21add8e40c10bc3e0f922d24b962547f9783a5201bceb1b7,13492,10,121428,1,GRAFICI,GRAFICI/MODAL_COMPARISON_10LB/nastran/BULK/MAD_L108_ASET_LT_R11_001.dat
34,33501055a856d61a21add8e40c10bc3e0f922d24b962547f9783a5201bceb1b7,13492,10,121428,2,GRAFICI,GRAFICI/SOL101/nastran/BULK/MAD_L108_ASET_LT_R11_001.dat
34,33501055a856d61a21add8e40c10bc3e0f922d24b962547f9783a5201bceb1b7,13492,10,121428,3,NASTRAN,NASTRAN/NASTRAN40/BULK/MAD_L108_ASET_LT_R11_001.dat
34,33501055a856d61a21add8e40c10bc3e0f922d24b962547f9783a5201bceb1b7,13492,10,121428,4,NASTRAN,NASTRAN/NASTRAN_ALTER_OK/BULK/MAD_L108_ASET_LT_R11_001.dat
34,33501055a856d61a21add8e40c10bc3e0f922d24b962547f9783a5201bceb1b7,13492,10,121428,5,NASTRAN,NASTRAN/REALASED_MODEL/BULK/MAD_L108_ASET_LT_R11_001.dat
34,33501055a856d61a21add8e40c10bc3e0f922d24b962547f9783a5201bceb1b7,13492,10,121428,6,NASTRAN,NASTRAN/SOL101/BULK/MAD_L108_ASET_LT_R11_001.dat
34,33501055a856d61a21add8e40c10bc3e0f922d24b962547f9783a5201bceb1b7,13492,10,121428,7,NASTRAN_SIMULATIONS,NASTRAN_SIMULATIONS/01_SOL103_60_MODES/BULK/MAD_L108_ASET_LT_R11_001.dat
34,33501055a856d61a21add8e40c10bc3e0f922d24b962547f9783a5201bceb1b7,13492,10,121428,8,NASTRAN_SIMULATIONS,NASTRAN_SIMULATIONS/02_COUPMASS_STUDY/BULK/MAD_L108_ASET_LT_R11_001.dat
34,33501055a856d61a21add8e40c10bc3e0f922d24b962547f9783a5201bceb1b7,13492,10,121428,9,NASTRAN_SIMULATIONS,NASTRAN_SIMULATIONS/03_GRAVITY_5G/nastran/BULK/MAD_L108_ASET_LT_R11_001.dat
34,33501055a856d61a21add8e40c10bc3e0f922d24b962547f9783a5201bceb1b7,13492,10,121428,10,X56_AERO_POLAR,X56_AERO_POLAR/nastran/BULK/MAD_L108_ASET_LT_R11_001.dat
35,f17543c56b5dd637e7e930d54f915858e740b52682acf9292c870f48a6444083,16758,8,117306,1,GRAFICI,GRAFICI/MODAL_COMPARISON_10LB/nastran/BULK/MAD_L108_CS_LCS2_R11_001.dat
35,f17543c56b5dd637e7e930d54f915858e740b52682acf9292c870f48a6444083,16758,8,117306,2,NASTRAN,NASTRAN/NASTRAN40/BULK/MAD_L108_CS_LCS2_R11_001.dat
35,f17543c56b5dd637e7e930d54f915858e740b52682acf9292c870f48a6444083,16758,8,117306,3,NASTRAN,NASTRAN/NASTRAN_ALTER_OK/BULK/MAD_L108_CS_LCS2_R11_001.dat
35,f17543c56b5dd637e7e930d54f915858e740b52682acf9292c870f48a6444083,16758,8,117306,4,NASTRAN,NASTRAN/REALASED_MODEL/BULK/MAD_L108_CS_LCS2_R11_001.dat
35,f17543c56b5dd637e7e930d54f915858e740b52682acf9292c870f48a6444083,16758,8,117306,5,NASTRAN_SIMULATIONS,NASTRAN_SIMULATIONS/01_SOL103_60_MODES/BULK/MAD_L108_CS_LCS2_R11_001.dat
35,f17543c56b5dd637e7e930d54f915858e740b52682acf9292c870f48a6444083,16758,8,117306,6,NASTRAN_SIMULATIONS,NASTRAN_SIMULATIONS/02_COUPMASS_STUDY/BULK/MAD_L108_CS_LCS2_R11_001.dat
35,f17543c56b5dd637e7e930d54f915858e740b52682acf9292c870f48a6444083,16758,8,117306,7,NASTRAN_SIMULATIONS,NASTRAN_SIMULATIONS/03_GRAVITY_5G/nastran/BULK/MAD_L108_CS_LCS2_R11_001.dat
35,f17543c56b5dd637e7e930d54f915858e740b52682acf9292c870f48a6444083,16758,8,117306,8,X56_AERO_POLAR,X56_AERO_POLAR/nastran/BULK/MAD_L108_CS_LCS2_R11_001.dat
36,328c8607d0e8033a71cbc6f48c09a98538b533e3726cecf8db22c171be9311ec,115779,2,115779,1,GRAFICI,GRAFICI/SOL101/nastran/BULK/MAD_L108_WING_FLEX_LE_R11_001.dat
36,328c8607d0e8033a71cbc6f48c09a98538b533e3726cecf8db22c171be9311ec,115779,2,115779,2,NASTRAN,NASTRAN/SOL101/BULK/MAD_L108_WING_FLEX_LE_R11_001.dat
37,fa336e83d5c67343ea91530459b3c7b500e86c571ea3d5b41443ab8cb9e0cf0d,16506,8,115542,1,GRAFICI,GRAFICI/MODAL_COMPARISON_10LB/nastran/BULK/MAD_L108_CS_LCS4_R11_001.dat
37,fa336e83d5c67343ea91530459b3c7b500e86c571ea3d5b41443ab8cb9e0cf0d,16506,8,115542,2,NASTRAN,NASTRAN/NASTRAN40/BULK/MAD_L108_CS_LCS4_R11_001.dat
37,fa336e83d5c67343ea91530459b3c7b500e86c571ea3d5b41443ab8cb9e0cf0d,16506,8,115542,3,NASTRAN,NASTRAN/NASTRAN_ALTER_OK/BULK/MAD_L108_CS_LCS4_R11_001.dat
37,fa336e83d5c67343ea91530459b3c7b500e86c571ea3d5b41443ab8cb9e0cf0d,16506,8,115542,4,NASTRAN,NASTRAN/REALASED_MODEL/BULK/MAD_L108_CS_LCS4_R11_001.dat
37,fa336e83d5c67343ea91530459b3c7b500e86c571ea3d5b41443ab8cb9e0cf0d,16506,8,115542,5,NASTRAN_SIMULATIONS,NASTRAN_SIMULATIONS/01_SOL103_60_MODES/BULK/MAD_L108_CS_LCS4_R11_001.dat
37,fa336e83d5c67343ea91530459b3c7b500e86c571ea3d5b41443ab8cb9e0cf0d,16506,8,115542,6,NASTRAN_SIMULATIONS,NASTRAN_SIMULATIONS/02_COUPMASS_STUDY/BULK/MAD_L108_CS_LCS4_R11_001.dat
37,fa336e83d5c67343ea91530459b3c7b500e86c571ea3d5b41443ab8cb9e0cf0d,16506,8,115542,7,NASTRAN_SIMULATIONS,NASTRAN_SIMULATIONS/03_GRAVITY_5G/nastran/BULK/MAD_L108_CS_LCS4_R11_001.dat
37,fa336e83d5c67343ea91530459b3c7b500e86c571ea3d5b41443ab8cb9e0cf0d,16506,8,115542,8,X56_AERO_POLAR,X56_AERO_POLAR/nastran/BULK/MAD_L108_CS_LCS4_R11_001.dat
38,052e2a57e9007db6ba5218f6700fd34c939db6e50bef09271be93a08eb323434,16503,8,115521,1,GRAFICI,GRAFICI/MODAL_COMPARISON_10LB/nastran/BULK/MAD_L108_CS_LCS3_R11_001.dat
38,052e2a57e9007db6ba5218f6700fd34c939db6e50bef09271be93a08eb323434,16503,8,115521,2,NASTRAN,NASTRAN/NASTRAN40/BULK/MAD_L108_CS_LCS3_R11_001.dat
38,052e2a57e9007db6ba5218f6700fd34c939db6e50bef09271be93a08eb323434,16503,8,115521,3,NASTRAN,NASTRAN/NASTRAN_ALTER_OK/BULK/MAD_L108_CS_LCS3_R11_001.dat
38,052e2a57e9007db6ba5218f6700fd34c939db6e50bef09271be93a08eb323434,16503,8,115521,4,NASTRAN,NASTRAN/REALASED_MODEL/BULK/MAD_L108_CS_LCS3_R11_001.dat
38,052e2a57e9007db6ba5218f6700fd34c939db6e50bef09271be93a08eb323434,16503,8,115521,5,NASTRAN_SIMULATIONS,NASTRAN_SIMULATIONS/01_SOL103_60_MODES/BULK/MAD_L108_CS_LCS3_R11_001.dat
38,052e2a57e9007db6ba5218f6700fd34c939db6e50bef09271be93a08eb323434,16503,8,115521,6,NASTRAN_SIMULATIONS,NASTRAN_SIMULATIONS/02_COUPMASS_STUDY/BULK/MAD_L108_CS_LCS3_R11_001.dat
38,052e2a57e9007db6ba5218f6700fd34c939db6e50bef09271be93a08eb323434,16503,8,115521,7,NASTRAN_SIMULATIONS,NASTRAN_SIMULATIONS/03_GRAVITY_5G/nastran/BULK/MAD_L108_CS_LCS3_R11_001.dat
38,052e2a57e9007db6ba5218f6700fd34c939db6e50bef09271be93a08eb323434,16503,8,115521,8,X56_AERO_POLAR,X56_AERO_POLAR/nastran/BULK/MAD_L108_CS_LCS3_R11_001.dat
39,b2cb0702e4918b185dee447b5480c36b2f4646ff7213b97b10f989ae706364d5,16428,8,114996,1,GRAFICI,GRAFICI/MODAL_COMPARISON_10LB/nastran/BULK/MAD_L108_CS_RCS3_R11_001.dat
39,b2cb0702e4918b185dee447b5480c36b2f4646ff7213b97b10f989ae706364d5,16428,8,114996,2,NASTRAN,NASTRAN/NASTRAN40/BULK/MAD_L108_CS_RCS3_R11_001.dat
39,b2cb0702e4918b185dee447b5480c36b2f4646ff7213b97b10f989ae706364d5,16428,8,114996,3,NASTRAN,NASTRAN/NASTRAN_ALTER_OK/BULK/MAD_L108_CS_RCS3_R11_001.dat
39,b2cb0702e4918b185dee447b5480c36b2f4646ff7213b97b10f989ae706364d5,16428,8,114996,4,NASTRAN,NASTRAN/REALASED_MODEL/BULK/MAD_L108_CS_RCS3_R11_001.dat
39,b2cb0702e4918b185dee447b5480c36b2f4646ff7213b97b10f989ae706364d5,16428,8,114996,5,NASTRAN_SIMULATIONS,NASTRAN_SIMULATIONS/01_SOL103_60_MODES/BULK/MAD_L108_CS_RCS3_R11_001.dat
39,b2cb0702e4918b185dee447b5480c36b2f4646ff7213b97b10f989ae706364d5,16428,8,114996,6,NASTRAN_SIMULATIONS,NASTRAN_SIMULATIONS/02_COUPMASS_STUDY/BULK/MAD_L108_CS_RCS3_R11_001.dat
39,b2cb0702e4918b185dee447b5480c36b2f4646ff7213b97b10f989ae706364d5,16428,8,114996,7,NASTRAN_SIMULATIONS,NASTRAN_SIMULATIONS/03_GRAVITY_5G/nastran/BULK/MAD_L108_CS_RCS3_R11_001.dat
39,b2cb0702e4918b185dee447b5480c36b2f4646ff7213b97b10f989ae706364d5,16428,8,114996,8,X56_AERO_POLAR,X56_AERO_POLAR/nastran/BULK/MAD_L108_CS_RCS3_R11_001.dat
40,ee6dff244719ef34a414655a6e8c288e0a2c6f9bd3d318aeea530f31b5b78a00,16419,8,114933,1,GRAFICI,GRAFICI/MODAL_COMPARISON_10LB/nastran/BULK/MAD_L108_CS_RCS2_R11_001.dat
40,ee6dff244719ef34a414655a6e8c288e0a2c6f9bd3d318aeea530f31b5b78a00,16419,8,114933,2,NASTRAN,NASTRAN/NASTRAN40/BULK/MAD_L108_CS_RCS2_R11_001.dat
40,ee6dff244719ef34a414655a6e8c288e0a2c6f9bd3d318aeea530f31b5b78a00,16419,8,114933,3,NASTRAN,NASTRAN/NASTRAN_ALTER_OK/BULK/MAD_L108_CS_RCS2_R11_001.dat
40,ee6dff244719ef34a414655a6e8c288e0a2c6f9bd3d318aeea530f31b5b78a00,16419,8,114933,4,NASTRAN,NASTRAN/REALASED_MODEL/BULK/MAD_L108_CS_RCS2_R11_001.dat
40,ee6dff244719ef34a414655a6e8c288e0a2c6f9bd3d318aeea530f31b5b78a00,16419,8,114933,5,NASTRAN_SIMULATIONS,NASTRAN_SIMULATIONS/01_SOL103_60_MODES/BULK/MAD_L108_CS_RCS2_R11_001.dat
40,ee6dff244719ef34a414655a6e8c288e0a2c6f9bd3d318aeea530f31b5b78a00,16419,8,114933,6,NASTRAN_SIMULATIONS,NASTRAN_SIMULATIONS/02_COUPMASS_STUDY/BULK/MAD_L108_CS_RCS2_R11_001.dat
40,ee6dff244719ef34a414655a6e8c288e0a2c6f9bd3d318aeea530f31b5b78a00,16419,8,114933,7,NASTRAN_SIMULATIONS,NASTRAN_SIMULATIONS/03_GRAVITY_5G/nastran/BULK/MAD_L108_CS_RCS2_R11_001.dat
40,ee6dff244719ef34a414655a6e8c288e0a2c6f9bd3d318aeea530f31b5b78a00,16419,8,114933,8,X56_AERO_POLAR,X56_AERO_POLAR/nastran/BULK/MAD_L108_CS_RCS2_R11_001.dat
41,1b45150add1b27bc7f411b20ae82ee0cf335f459af160d14cdbb0eb39e34d317,16419,8,114933,1,GRAFICI,GRAFICI/MODAL_COMPARISON_10LB/nastran/BULK/MAD_L108_CS_RCS4_R11_001.dat
41,1b45150add1b27bc7f411b20ae82ee0cf335f459af160d14cdbb0eb39e34d317,16419,8,114933,2,NASTRAN,NASTRAN/NASTRAN40/BULK/MAD_L108_CS_RCS4_R11_001.dat
41,1b45150add1b27bc7f411b20ae82ee0cf335f459af160d14cdbb0eb39e34d317,16419,8,114933,3,NASTRAN,NASTRAN/NASTRAN_ALTER_OK/BULK/MAD_L108_CS_RCS4_R11_001.dat
41,1b45150add1b27bc7f411b20ae82ee0cf335f459af160d14cdbb0eb39e34d317,16419,8,114933,4,NASTRAN,NASTRAN/REALASED_MODEL/BULK/MAD_L108_CS_RCS4_R11_001.dat
41,1b45150add1b27bc7f411b20ae82ee0cf335f459af160d14cdbb0eb39e34d317,16419,8,114933,5,NASTRAN_SIMULATIONS,NASTRAN_SIMULATIONS/01_SOL103_60_MODES/BULK/MAD_L108_CS_RCS4_R11_001.dat
41,1b45150add1b27bc7f411b20ae82ee0cf335f459af160d14cdbb0eb39e34d317,16419,8,114933,6,NASTRAN_SIMULATIONS,NASTRAN_SIMULATIONS/02_COUPMASS_STUDY/BULK/MAD_L108_CS_RCS4_R11_001.dat
41,1b45150add1b27bc7f411b20ae82ee0cf335f459af160d14cdbb0eb39e34d317,16419,8,114933,7,NASTRAN_SIMULATIONS,NASTRAN_SIMULATIONS/03_GRAVITY_5G/nastran/BULK/MAD_L108_CS_RCS4_R11_001.dat
41,1b45150add1b27bc7f411b20ae82ee0cf335f459af160d14cdbb0eb39e34d317,16419,8,114933,8,X56_AERO_POLAR,X56_AERO_POLAR/nastran/BULK/MAD_L108_CS_RCS4_R11_001.dat
42,047ac540341e739e25cd7f175f5391252a63b85c66ad245c3bab9eb62f9857bf,16375,8,114625,1,GRAFICI,GRAFICI/MODAL_COMPARISON_10LB/nastran/BULK/MAD_L108_CS_LCS1_R11_001.dat
42,047ac540341e739e25cd7f175f5391252a63b85c66ad245c3bab9eb62f9857bf,16375,8,114625,2,NASTRAN,NASTRAN/NASTRAN40/BULK/MAD_L108_CS_LCS1_R11_001.dat
42,047ac540341e739e25cd7f175f5391252a63b85c66ad245c3bab9eb62f9857bf,16375,8,114625,3,NASTRAN,NASTRAN/NASTRAN_ALTER_OK/BULK/MAD_L108_CS_LCS1_R11_001.dat
42,047ac540341e739e25cd7f175f5391252a63b85c66ad245c3bab9eb62f9857bf,16375,8,114625,4,NASTRAN,NASTRAN/REALASED_MODEL/BULK/MAD_L108_CS_LCS1_R11_001.dat
42,047ac540341e739e25cd7f175f5391252a63b85c66ad245c3bab9eb62f9857bf,16375,8,114625,5,NASTRAN_SIMULATIONS,NASTRAN_SIMULATIONS/01_SOL103_60_MODES/BULK/MAD_L108_CS_LCS1_R11_001.dat
42,047ac540341e739e25cd7f175f5391252a63b85c66ad245c3bab9eb62f9857bf,16375,8,114625,6,NASTRAN_SIMULATIONS,NASTRAN_SIMULATIONS/02_COUPMASS_STUDY/BULK/MAD_L108_CS_LCS1_R11_001.dat
42,047ac540341e739e25cd7f175f5391252a63b85c66ad245c3bab9eb62f9857bf,16375,8,114625,7,NASTRAN_SIMULATIONS,NASTRAN_SIMULATIONS/03_GRAVITY_5G/nastran/BULK/MAD_L108_CS_LCS1_R11_001.dat
42,047ac540341e739e25cd7f175f5391252a63b85c66ad245c3bab9eb62f9857bf,16375,8,114625,8,X56_AERO_POLAR,X56_AERO_POLAR/nastran/BULK/MAD_L108_CS_LCS1_R11_001.dat
43,1989d9a2d82653772a0b969bb5d8690b877a32e09b953262d3171d0c53a1c0f1,16367,8,114569,1,GRAFICI,GRAFICI/MODAL_COMPARISON_10LB/nastran/BULK/MAD_L108_CS_RCS1_R11_001.dat
43,1989d9a2d82653772a0b969bb5d8690b877a32e09b953262d3171d0c53a1c0f1,16367,8,114569,2,NASTRAN,NASTRAN/NASTRAN40/BULK/MAD_L108_CS_RCS1_R11_001.dat
43,1989d9a2d82653772a0b969bb5d8690b877a32e09b953262d3171d0c53a1c0f1,16367,8,114569,3,NASTRAN,NASTRAN/NASTRAN_ALTER_OK/BULK/MAD_L108_CS_RCS1_R11_001.dat
43,1989d9a2d82653772a0b969bb5d8690b877a32e09b953262d3171d0c53a1c0f1,16367,8,114569,4,NASTRAN,NASTRAN/REALASED_MODEL/BULK/MAD_L108_CS_RCS1_R11_001.dat
43,1989d9a2d82653772a0b969bb5d8690b877a32e09b953262d3171d0c53a1c0f1,16367,8,114569,5,NASTRAN_SIMULATIONS,NASTRAN_SIMULATIONS/01_SOL103_60_MODES/BULK/MAD_L108_CS_RCS1_R11_001.dat
43,1989d9a2d82653772a0b969bb5d8690b877a32e09b953262d3171d0c53a1c0f1,16367,8,114569,6,NASTRAN_SIMULATIONS,NASTRAN_SIMULATIONS/02_COUPMASS_STUDY/BULK/MAD_L108_CS_RCS1_R11_001.dat
43,1989d9a2d82653772a0b969bb5d8690b877a32e09b953262d3171d0c53a1c0f1,16367,8,114569,7,NASTRAN_SIMULATIONS,NASTRAN_SIMULATIONS/03_GRAVITY_5G/nastran/BULK/MAD_L108_CS_RCS1_R11_001.dat
43,1989d9a2d82653772a0b969bb5d8690b877a32e09b953262d3171d0c53a1c0f1,16367,8,114569,8,X56_AERO_POLAR,X56_AERO_POLAR/nastran/BULK/MAD_L108_CS_RCS1_R11_001.dat
44,7ac9251e588dca42b8b5c002a8fb2807c6cab71c58c6b461c4733333f9aa764d,112147,2,112147,1,GRAFICI,GRAFICI/SOL101/nastran/BULK/MAD_L108_FUSE_PANELS_R11_003.dat
44,7ac9251e588dca42b8b5c002a8fb2807c6cab71c58c6b461c4733333f9aa764d,112147,2,112147,2,NASTRAN,NASTRAN/SOL101/BULK/MAD_L108_FUSE_PANELS_R11_003.dat
45,5cce481ebbded6d841e98a37d658b9c25c5de578e6fa498a0282b515ac53f565,110694,2,110694,1,GRAFICI,GRAFICI/SOL101/nastran/BULK/MAD_L108_FUSE_INT_R11_001.dat
45,5cce481ebbded6d841e98a37d658b9c25c5de578e6fa498a0282b515ac53f565,110694,2,110694,2,NASTRAN,NASTRAN/SOL101/BULK/MAD_L108_FUSE_INT_R11_001.dat
46,07f17ab1696ce5a11152b5730fa3c3da4818ebc90b29064ee081002bc0729b6f,15251,8,106757,1,GRAFICI,GRAFICI/MODAL_COMPARISON_10LB/nastran/BULK/MAD_L108_CS_LBF_R11_001.dat
46,07f17ab1696ce5a11152b5730fa3c3da4818ebc90b29064ee081002bc0729b6f,15251,8,106757,2,NASTRAN,NASTRAN/NASTRAN40/BULK/MAD_L108_CS_LBF_R11_001.dat
46,07f17ab1696ce5a11152b5730fa3c3da4818ebc90b29064ee081002bc0729b6f,15251,8,106757,3,NASTRAN,NASTRAN/NASTRAN_ALTER_OK/BULK/MAD_L108_CS_LBF_R11_001.dat
46,07f17ab1696ce5a11152b5730fa3c3da4818ebc90b29064ee081002bc0729b6f,15251,8,106757,4,NASTRAN,NASTRAN/REALASED_MODEL/BULK/MAD_L108_CS_LBF_R11_001.dat
46,07f17ab1696ce5a11152b5730fa3c3da4818ebc90b29064ee081002bc0729b6f,15251,8,106757,5,NASTRAN_SIMULATIONS,NASTRAN_SIMULATIONS/01_SOL103_60_MODES/BULK/MAD_L108_CS_LBF_R11_001.dat
46,07f17ab1696ce5a11152b5730fa3c3da4818ebc90b29064ee081002bc0729b6f,15251,8,106757,6,NASTRAN_SIMULATIONS,NASTRAN_SIMULATIONS/02_COUPMASS_STUDY/BULK/MAD_L108_CS_LBF_R11_001.dat
46,07f17ab1696ce5a11152b5730fa3c3da4818ebc90b29064ee081002bc0729b6f,15251,8,106757,7,NASTRAN_SIMULATIONS,NASTRAN_SIMULATIONS/03_GRAVITY_5G/nastran/BULK/MAD_L108_CS_LBF_R11_001.dat
46,07f17ab1696ce5a11152b5730fa3c3da4818ebc90b29064ee081002bc0729b6f,15251,8,106757,8,X56_AERO_POLAR,X56_AERO_POLAR/nastran/BULK/MAD_L108_CS_LBF_R11_001.dat
47,727f38b4ebc3b62f4089aa7d8515666cc1c3538f44b95653c32785b0c156d3e7,15201,8,106407,1,GRAFICI,GRAFICI/MODAL_COMPARISON_10LB/nastran/BULK/MAD_L108_FUSE_CONM2S_R11_011.dat
47,727f38b4ebc3b62f4089aa7d8515666cc1c3538f44b95653c32785b0c156d3e7,15201,8,106407,2,NASTRAN,NASTRAN/NASTRAN40/BULK/MAD_L108_FUSE_CONM2S_R11_011.dat
47,727f38b4ebc3b62f4089aa7d8515666cc1c3538f44b95653c32785b0c156d3e7,15201,8,106407,3,NASTRAN,NASTRAN/NASTRAN_ALTER_OK/BULK/MAD_L108_FUSE_CONM2S_R11_011.dat
47,727f38b4ebc3b62f4089aa7d8515666cc1c3538f44b95653c32785b0c156d3e7,15201,8,106407,4,NASTRAN,NASTRAN/REALASED_MODEL/BULK/MAD_L108_FUSE_CONM2S_R11_011.dat
47,727f38b4ebc3b62f4089aa7d8515666cc1c3538f44b95653c32785b0c156d3e7,15201,8,106407,5,NASTRAN_SIMULATIONS,NASTRAN_SIMULATIONS/01_SOL103_60_MODES/BULK/MAD_L108_FUSE_CONM2S_R11_011.dat
47,727f38b4ebc3b62f4089aa7d8515666cc1c3538f44b95653c32785b0c156d3e7,15201,8,106407,6,NASTRAN_SIMULATIONS,NASTRAN_SIMULATIONS/02_COUPMASS_STUDY/BULK/MAD_L108_FUSE_CONM2S_R11_011.dat
47,727f38b4ebc3b62f4089aa7d8515666cc1c3538f44b95653c32785b0c156d3e7,15201,8,106407,7,NASTRAN_SIMULATIONS,NASTRAN_SIMULATIONS/03_GRAVITY_5G/nastran/BULK/MAD_L108_FUSE_CONM2S_R11_011.dat
47,727f38b4ebc3b62f4089aa7d8515666cc1c3538f44b95653c32785b0c156d3e7,15201,8,106407,8,X56_AERO_POLAR,X56_AERO_POLAR/nastran/BULK/MAD_L108_FUSE_CONM2S_R11_011.dat
48,9302ae21efea08887b59289c5e2f23605a23c0c2b43d3607e85a10b394d2ea8c,14925,8,104475,1,GRAFICI,GRAFICI/MODAL_COMPARISON_10LB/nastran/BULK/MAD_L108_CS_RBF_R11_001.dat
48,9302ae21efea08887b59289c5e2f23605a23c0c2b43d3607e85a10b394d2ea8c,14925,8,104475,2,NASTRAN,NASTRAN/NASTRAN40/BULK/MAD_L108_CS_RBF_R11_001.dat
48,9302ae21efea08887b59289c5e2f23605a23c0c2b43d3607e85a10b394d2ea8c,14925,8,104475,3,NASTRAN,NASTRAN/NASTRAN_ALTER_OK/BULK/MAD_L108_CS_RBF_R11_001.dat
48,9302ae21efea08887b59289c5e2f23605a23c0c2b43d3607e85a10b394d2ea8c,14925,8,104475,4,NASTRAN,NASTRAN/REALASED_MODEL/BULK/MAD_L108_CS_RBF_R11_001.dat
48,9302ae21efea08887b59289c5e2f23605a23c0c2b43d3607e85a10b394d2ea8c,14925,8,104475,5,NASTRAN_SIMULATIONS,NASTRAN_SIMULATIONS/01_SOL103_60_MODES/BULK/MAD_L108_CS_RBF_R11_001.dat
48,9302ae21efea08887b59289c5e2f23605a23c0c2b43d3607e85a10b394d2ea8c,14925,8,104475,6,NASTRAN_SIMULATIONS,NASTRAN_SIMULATIONS/02_COUPMASS_STUDY/BULK/MAD_L108_CS_RBF_R11_001.dat
48,9302ae21efea08887b59289c5e2f23605a23c0c2b43d3607e85a10b394d2ea8c,14925,8,104475,7,NASTRAN_SIMULATIONS,NASTRAN_SIMULATIONS/03_GRAVITY_5G/nastran/BULK/MAD_L108_CS_RBF_R11_001.dat
48,9302ae21efea08887b59289c5e2f23605a23c0c2b43d3607e85a10b394d2ea8c,14925,8,104475,8,X56_AERO_POLAR,X56_AERO_POLAR/nastran/BULK/MAD_L108_CS_RBF_R11_001.dat
49,a4f15770152cc99c984bb69e75134b4800d7ef172906b825ae2c083a68f3089a,103897,2,103897,1,GRAFICI,GRAFICI/SOL101/nastran/BULK/MAD_L108_CS_LBF_R11_001.dat
49,a4f15770152cc99c984bb69e75134b4800d7ef172906b825ae2c083a68f3089a,103897,2,103897,2,NASTRAN,NASTRAN/SOL101/BULK/MAD_L108_CS_LBF_R11_001.dat
50,667538bbfcbbfba05ac0f0fe1fddfb90f96fb185635e2935378d47125c7cbafe,103891,2,103891,1,GRAFICI,GRAFICI/SOL101/nastran/BULK/MAD_L108_CS_RBF_R11_001.dat
50,667538bbfcbbfba05ac0f0fe1fddfb90f96fb185635e2935378d47125c7cbafe,103891,2,103891,2,NASTRAN,NASTRAN/SOL101/BULK/MAD_L108_CS_RBF_R11_001.dat
51,34fd7925bb2d11a69678f751a725a93885c6fc72336c806b32d40e254efffe59,14650,8,102550,1,MBDYN,MBDYN/BBF/INCLUDE/aerobody.mbd
51,34fd7925bb2d11a69678f751a725a93885c6fc72336c806b32d40e254efffe59,14650,8,102550,2,MBDYN,MBDYN/PID/INCLUDE/aerobody.mbd
51,34fd7925bb2d11a69678f751a725a93885c6fc72336c806b32d40e254efffe59,14650,8,102550,3,MBDYN,MBDYN/PID_5deg_35ms/INCLUDE/aerobody.mbd
51,34fd7925bb2d11a69678f751a725a93885c6fc72336c806b32d40e254efffe59,14650,8,102550,4,MBDYN,MBDYN/PID_pitch/INCLUDE/aerobody.mbd
51,34fd7925bb2d11a69678f751a725a93885c6fc72336c806b32d40e254efffe59,14650,8,102550,5,MBDYN,MBDYN/V-g_clamp/INCLUDE/aerobody.mbd
51,34fd7925bb2d11a69678f751a725a93885c6fc72336c806b32d40e254efffe59,14650,8,102550,6,TEST,TEST/bbf/INCLUDE/aerobody.mbd
51,34fd7925bb2d11a69678f751a725a93885c6fc72336c806b32d40e254efffe59,14650,8,102550,7,X56_AERO_POLAR,X56_AERO_POLAR/mbdyn/INCLUDE/aerobody.mbd
51,34fd7925bb2d11a69678f751a725a93885c6fc72336c806b32d40e254efffe59,14650,8,102550,8,X56_AERO_POLAR,X56_AERO_POLAR/mbdyn/INCLUDE/aerobody_orig.mbd
52,916e6549748b75ce3cda698b222c95f3257925c7d18c8122ae34a6506e62b8ed,102504,2,102504,1,GRAFICI,GRAFICI/SOL101/nastran/BULK/MAD_L108_ACT_R11_001.dat
52,916e6549748b75ce3cda698b222c95f3257925c7d18c8122ae34a6506e62b8ed,102504,2,102504,2,NASTRAN,NASTRAN/SOL101/BULK/MAD_L108_ACT_R11_001.dat
53,5ca2e55fac69cbb9c50b26f71a7a9686acc817c0a045f09cefb46642db172418,14155,8,99085,1,GRAFICI,GRAFICI/MODAL_COMPARISON_10LB/nastran/BULK/MAD_L108_GRIDS_RCS4_R11_001.dat
53,5ca2e55fac69cbb9c50b26f71a7a9686acc817c0a045f09cefb46642db172418,14155,8,99085,2,NASTRAN,NASTRAN/NASTRAN40/BULK/MAD_L108_GRIDS_RCS4_R11_001.dat
53,5ca2e55fac69cbb9c50b26f71a7a9686acc817c0a045f09cefb46642db172418,14155,8,99085,3,NASTRAN,NASTRAN/NASTRAN_ALTER_OK/BULK/MAD_L108_GRIDS_RCS4_R11_001.dat
53,5ca2e55fac69cbb9c50b26f71a7a9686acc817c0a045f09cefb46642db172418,14155,8,99085,4,NASTRAN,NASTRAN/REALASED_MODEL/BULK/MAD_L108_GRIDS_RCS4_R11_001.dat
53,5ca2e55fac69cbb9c50b26f71a7a9686acc817c0a045f09cefb46642db172418,14155,8,99085,5,NASTRAN_SIMULATIONS,NASTRAN_SIMULATIONS/01_SOL103_60_MODES/BULK/MAD_L108_GRIDS_RCS4_R11_001.dat
53,5ca2e55fac69cbb9c50b26f71a7a9686acc817c0a045f09cefb46642db172418,14155,8,99085,6,NASTRAN_SIMULATIONS,NASTRAN_SIMULATIONS/02_COUPMASS_STUDY/BULK/MAD_L108_GRIDS_RCS4_R11_001.dat
53,5ca2e55fac69cbb9c50b26f71a7a9686acc817c0a045f09cefb46642db172418,14155,8,99085,7,NASTRAN_SIMULATIONS,NASTRAN_SIMULATIONS/03_GRAVITY_5G/nastran/BULK/MAD_L108_GRIDS_RCS4_R11_001.dat
53,5ca2e55fac69cbb9c50b26f71a7a9686acc817c0a045f09cefb46642db172418,14155,8,99085,8,X56_AERO_POLAR,X56_AERO_POLAR/nastran/BULK/MAD_L108_GRIDS_RCS4_R11_001.dat
54,2cc6e468dcaa07c40649e41324e222c65b842e262df9cfecae96147e44a0907c,97183,2,97183,1,GRAFICI,GRAFICI/SOL101/nastran/BULK/MAD_L108_CS_LCS3_R11_001.dat
54,2cc6e468dcaa07c40649e41324e222c65b842e262df9cfecae96147e44a0907c,97183,2,97183,2,NASTRAN,NASTRAN/SOL101/BULK/MAD_L108_CS_LCS3_R11_001.dat
55,8af7ec37ec6437c090515a766774bc0ed0ac2993c2a3aa768070cad60364f3a4,97181,2,97181,1,GRAFICI,GRAFICI/SOL101/nastran/BULK/MAD_L108_CS_LCS4_R11_001.dat
55,8af7ec37ec6437c090515a766774bc0ed0ac2993c2a3aa768070cad60364f3a4,97181,2,97181,2,NASTRAN,NASTRAN/SOL101/BULK/MAD_L108_CS_LCS4_R11_001.dat
56,95c986c09fc00c800f8065c81ab2d3930364077a6511d367f4bd09be870d6a89,97181,2,97181,1,GRAFICI,GRAFICI/SOL101/nastran/BULK/MAD_L108_CS_RCS2_R11_001.dat
56,95c986c09fc00c800f8065c81ab2d3930364077a6511d367f4bd09be870d6a89,97181,2,97181,2,NASTRAN,NASTRAN/SOL101/BULK/MAD_L108_CS_RCS2_R11_001.dat
57,bb1aa0019c266508aed1383ce5613993d48ff9bdeb15aedb5db49fc43ea51f7d,97181,2,97181,1,GRAFICI,GRAFICI/SOL101/nastran/BULK/MAD_L108_CS_RCS4_R11_001.dat
57,bb1aa0019c266508aed1383ce5613993d48ff9bdeb15aedb5db49fc43ea51f7d,97181,2,97181,2,NASTRAN,NASTRAN/SOL101/BULK/MAD_L108_CS_RCS4_R11_001.dat
58,e63ba9490ca35b09523a30a3a408971021e27e07079b4e5a32e3e824f97e0325,97179,2,97179,1,GRAFICI,GRAFICI/SOL101/nastran/BULK/MAD_L108_CS_LCS2_R11_001.dat
58,e63ba9490ca35b09523a30a3a408971021e27e07079b4e5a32e3e824f97e0325,97179,2,97179,2,NASTRAN,NASTRAN/SOL101/BULK/MAD_L108_CS_LCS2_R11_001.dat
59,58b6f3ad7203f73d16ecdedf806f5b2dc3c89eb3bbedb9c58c337ab5cd4cdbb0,97179,2,97179,1,GRAFICI,GRAFICI/SOL101/nastran/BULK/MAD_L108_CS_RCS3_R11_001.dat
59,58b6f3ad7203f73d16ecdedf806f5b2dc3c89eb3bbedb9c58c337ab5cd4cdbb0,97179,2,97179,2,NASTRAN,NASTRAN/SOL101/BULK/MAD_L108_CS_RCS3_R11_001.dat
60,273d76f821c6417dfda96b33e8c36d009123a062569c95d092527c65567d1249,97151,2,97151,1,GRAFICI,GRAFICI/SOL101/nastran/BULK/MAD_L108_CS_RCS1_R11_001.dat
60,273d76f821c6417dfda96b33e8c36d009123a062569c95d092527c65567d1249,97151,2,97151,2,NASTRAN,NASTRAN/SOL101/BULK/MAD_L108_CS_RCS1_R11_001.dat
61,b4c5ee16b588279db7bc08b0cac7ef52d5d70a297f39550e4f68335428417265,97147,2,97147,1,GRAFICI,GRAFICI/SOL101/nastran/BULK/MAD_L108_CS_LCS1_R11_001.dat
61,b4c5ee16b588279db7bc08b0cac7ef52d5d70a297f39550e4f68335428417265,97147,2,97147,2,NASTRAN,NASTRAN/SOL101/BULK/MAD_L108_CS_LCS1_R11_001.dat
62,daa85da7db776ccb23cacdd1fc6750671309d604a698023313ad59ea917e240e,1341,72,95211,1,BFF_DUST_55,BFF_DUST_55/CASE_DUST_SMOKE/AILERON_ANIMATION/frame_00_wf4_+00.0deg/airfoilsection/wingattachfitting.dat
62,daa85da7db776ccb23cacdd1fc6750671309d604a698023313ad59ea917e240e,1341,72,95211,2,BFF_DUST_55,BFF_DUST_55/CASE_DUST_SMOKE/AILERON_ANIMATION/frame_01_wf4_+02.5deg/airfoilsection/wingattachfitting.dat
62,daa85da7db776ccb23cacdd1fc6750671309d604a698023313ad59ea917e240e,1341,72,95211,3,BFF_DUST_55,BFF_DUST_55/CASE_DUST_SMOKE/AILERON_ANIMATION/frame_02_wf4_+05.0deg/airfoilsection/wingattachfitting.dat
62,daa85da7db776ccb23cacdd1fc6750671309d604a698023313ad59ea917e240e,1341,72,95211,4,BFF_DUST_55,BFF_DUST_55/CASE_DUST_SMOKE/AILERON_ANIMATION/frame_03_wf4_+07.5deg/airfoilsection/wingattachfitting.dat
62,daa85da7db776ccb23cacdd1fc6750671309d604a698023313ad59ea917e240e,1341,72,95211,5,BFF_DUST_55,BFF_DUST_55/CASE_DUST_SMOKE/AILERON_ANIMATION/frame_04_wf4_+10.0deg/airfoilsection/wingattachfitting.dat
62,daa85da7db776ccb23cacdd1fc6750671309d604a698023313ad59ea917e240e,1341,72,95211,6,BFF_DUST_55,BFF_DUST_55/CASE_DUST_SMOKE/AILERON_ANIMATION/frame_05_wf4_+07.5deg/airfoilsection/wingattachfitting.dat
62,daa85da7db776ccb23cacdd1fc6750671309d604a698023313ad59ea917e240e,1341,72,95211,7,BFF_DUST_55,BFF_DUST_55/CASE_DUST_SMOKE/AILERON_ANIMATION/frame_06_wf4_+05.0deg/airfoilsection/wingattachfitting.dat
62,daa85da7db776ccb23cacdd1fc6750671309d604a698023313ad59ea917e240e,1341,72,95211,8,BFF_DUST_55,BFF_DUST_55/CASE_DUST_SMOKE/AILERON_ANIMATION/frame_07_wf4_+02.5deg/airfoilsection/wingattachfitting.dat
62,daa85da7db776ccb23cacdd1fc6750671309d604a698023313ad59ea917e240e,1341,72,95211,9,BFF_DUST_55,BFF_DUST_55/CASE_DUST_SMOKE/AILERON_ANIMATION/frame_08_wf4_+00.0deg/airfoilsection/wingattachfitting.dat
62,daa85da7db776ccb23cacdd1fc6750671309d604a698023313ad59ea917e240e,1341,72,95211,10,BFF_DUST_55,BFF_DUST_55/CASE_DUST_SMOKE/AILERON_ANIMATION/frame_09_wf4_-02.5deg/airfoilsection/wingattachfitting.dat
62,daa85da7db776ccb23cacdd1fc6750671309d604a698023313ad59ea917e240e,1341,72,95211,11,BFF_DUST_55,BFF_DUST_55/CASE_DUST_SMOKE/AILERON_ANIMATION/frame_10_wf4_-05.0deg/airfoilsection/wingattachfitting.dat
62,daa85da7db776ccb23cacdd1fc6750671309d604a698023313ad59ea917e240e,1341,72,95211,12,BFF_DUST_55,BFF_DUST_55/CASE_DUST_SMOKE/AILERON_ANIMATION/frame_11_wf4_-07.5deg/airfoilsection/wingattachfitting.dat
62,daa85da7db776ccb23cacdd1fc6750671309d604a698023313ad59ea917e240e,1341,72,95211,13,BFF_DUST_55,BFF_DUST_55/CASE_DUST_SMOKE/AILERON_ANIMATION/frame_12_wf4_-10.0deg/airfoilsection/wingattachfitting.dat
62,daa85da7db776ccb23cacdd1fc6750671309d604a698023313ad59ea917e240e,1341,72,95211,14,BFF_DUST_55,BFF_DUST_55/CASE_DUST_SMOKE/AILERON_ANIMATION/frame_13_wf4_-07.5deg/airfoilsection/wingattachfitting.dat
62,daa85da7db776ccb23cacdd1fc6750671309d604a698023313ad59ea917e240e,1341,72,95211,15,BFF_DUST_55,BFF_DUST_55/CASE_DUST_SMOKE/AILERON_ANIMATION/frame_14_wf4_-05.0deg/airfoilsection/wingattachfitting.dat
62,daa85da7db776ccb23cacdd1fc6750671309d604a698023313ad59ea917e240e,1341,72,95211,16,BFF_DUST_55,BFF_DUST_55/CASE_DUST_SMOKE/AILERON_ANIMATION/frame_15_wf4_-02.5deg/airfoilsection/wingattachfitting.dat
62,daa85da7db776ccb23cacdd1fc6750671309d604a698023313ad59ea917e240e,1341,72,95211,17,BFF_DUST_55,BFF_DUST_55/CASE_DUST_SMOKE/AILERON_ANIMATION/frame_16_wf4_+00.0deg/airfoilsection/wingattachfitting.dat
62,daa85da7db776ccb23cacdd1fc6750671309d604a698023313ad59ea917e240e,1341,72,95211,18,BFF_DUST_55,BFF_DUST_55/CASE_DUST_SMOKE/DEFLECTION_CASES/00_neutral/airfoilsection/wingattachfitting.dat
62,daa85da7db776ccb23cacdd1fc6750671309d604a698023313ad59ea917e240e,1341,72,95211,19,BFF_DUST_55,BFF_DUST_55/CASE_DUST_SMOKE/DEFLECTION_CASES/01_body_flaps_plus10/airfoilsection/wingattachfitting.dat
62,daa85da7db776ccb23cacdd1fc6750671309d604a698023313ad59ea917e240e,1341,72,95211,20,BFF_DUST_55,BFF_DUST_55/CASE_DUST_SMOKE/DEFLECTION_CASES/02_wf1_minus10/airfoilsection/wingattachfitting.dat
62,daa85da7db776ccb23cacdd1fc6750671309d604a698023313ad59ea917e240e,1341,72,95211,21,BFF_DUST_55,BFF_DUST_55/CASE_DUST_SMOKE/DEFLECTION_CASES/03_wf2_plus10/airfoilsection/wingattachfitting.dat
62,daa85da7db776ccb23cacdd1fc6750671309d604a698023313ad59ea917e240e,1341,72,95211,22,BFF_DUST_55,BFF_DUST_55/CASE_DUST_SMOKE/DEFLECTION_CASES/04_wf3_minus10/airfoilsection/wingattachfitting.dat
62,daa85da7db776ccb23cacdd1fc6750671309d604a698023313ad59ea917e240e,1341,72,95211,23,BFF_DUST_55,BFF_DUST_55/CASE_DUST_SMOKE/DEFLECTION_CASES/05_wf4_plus10/airfoilsection/wingattachfitting.dat
62,daa85da7db776ccb23cacdd1fc6750671309d604a698023313ad59ea917e240e,1341,72,95211,24,BFF_DUST_55,BFF_DUST_55/CASE_DUST_SMOKE/DEFLECTION_CASES/06_all_original_hinges/airfoilsection/wingattachfitting.dat
62,daa85da7db776ccb23cacdd1fc6750671309d604a698023313ad59ea917e240e,1341,72,95211,25,BFF_DUST_55,BFF_DUST_55/CASE_DUST_SMOKE/SURFACE_SEQUENCE_4231/frame_00_WF4_LR_+00.0deg/airfoilsection/wingattachfitting.dat
62,daa85da7db776ccb23cacdd1fc6750671309d604a698023313ad59ea917e240e,1341,72,95211,26,BFF_DUST_55,BFF_DUST_55/CASE_DUST_SMOKE/SURFACE_SEQUENCE_4231/frame_01_WF4_LR_+15.0deg/airfoilsection/wingattachfitting.dat
62,daa85da7db776ccb23cacdd1fc6750671309d604a698023313ad59ea917e240e,1341,72,95211,27,BFF_DUST_55,BFF_DUST_55/CASE_DUST_SMOKE/SURFACE_SEQUENCE_4231/frame_02_WF4_LR_+30.0deg/airfoilsection/wingattachfitting.dat
62,daa85da7db776ccb23cacdd1fc6750671309d604a698023313ad59ea917e240e,1341,72,95211,28,BFF_DUST_55,BFF_DUST_55/CASE_DUST_SMOKE/SURFACE_SEQUENCE_4231/frame_03_WF4_LR_+15.0deg/airfoilsection/wingattachfitting.dat
62,daa85da7db776ccb23cacdd1fc6750671309d604a698023313ad59ea917e240e,1341,72,95211,29,BFF_DUST_55,BFF_DUST_55/CASE_DUST_SMOKE/SURFACE_SEQUENCE_4231/frame_04_WF4_LR_+00.0deg/airfoilsection/wingattachfitting.dat
62,daa85da7db776ccb23cacdd1fc6750671309d604a698023313ad59ea917e240e,1341,72,95211,30,BFF_DUST_55,BFF_DUST_55/CASE_DUST_SMOKE/SURFACE_SEQUENCE_4231/frame_05_WF4_LR_-15.0deg/airfoilsection/wingattachfitting.dat
62,daa85da7db776ccb23cacdd1fc6750671309d604a698023313ad59ea917e240e,1341,72,95211,31,BFF_DUST_55,BFF_DUST_55/CASE_DUST_SMOKE/SURFACE_SEQUENCE_4231/frame_06_WF4_LR_-30.0deg/airfoilsection/wingattachfitting.dat
62,daa85da7db776ccb23cacdd1fc6750671309d604a698023313ad59ea917e240e,1341,72,95211,32,BFF_DUST_55,BFF_DUST_55/CASE_DUST_SMOKE/SURFACE_SEQUENCE_4231/frame_07_WF4_LR_-15.0deg/airfoilsection/wingattachfitting.dat
62,daa85da7db776ccb23cacdd1fc6750671309d604a698023313ad59ea917e240e,1341,72,95211,33,BFF_DUST_55,BFF_DUST_55/CASE_DUST_SMOKE/SURFACE_SEQUENCE_4231/frame_08_WF4_LR_+00.0deg/airfoilsection/wingattachfitting.dat
62,daa85da7db776ccb23cacdd1fc6750671309d604a698023313ad59ea917e240e,1341,72,95211,34,BFF_DUST_55,BFF_DUST_55/CASE_DUST_SMOKE/SURFACE_SEQUENCE_4231/frame_09_WF2_LR_+00.0deg/airfoilsection/wingattachfitting.dat
62,daa85da7db776ccb23cacdd1fc6750671309d604a698023313ad59ea917e240e,1341,72,95211,35,BFF_DUST_55,BFF_DUST_55/CASE_DUST_SMOKE/SURFACE_SEQUENCE_4231/frame_10_WF2_LR_+15.0deg/airfoilsection/wingattachfitting.dat
62,daa85da7db776ccb23cacdd1fc6750671309d604a698023313ad59ea917e240e,1341,72,95211,36,BFF_DUST_55,BFF_DUST_55/CASE_DUST_SMOKE/SURFACE_SEQUENCE_4231/frame_11_WF2_LR_+30.0deg/airfoilsection/wingattachfitting.dat
62,daa85da7db776ccb23cacdd1fc6750671309d604a698023313ad59ea917e240e,1341,72,95211,37,BFF_DUST_55,BFF_DUST_55/CASE_DUST_SMOKE/SURFACE_SEQUENCE_4231/frame_12_WF2_LR_+15.0deg/airfoilsection/wingattachfitting.dat
62,daa85da7db776ccb23cacdd1fc6750671309d604a698023313ad59ea917e240e,1341,72,95211,38,BFF_DUST_55,BFF_DUST_55/CASE_DUST_SMOKE/SURFACE_SEQUENCE_4231/frame_13_WF2_LR_+00.0deg/airfoilsection/wingattachfitting.dat
62,daa85da7db776ccb23cacdd1fc6750671309d604a698023313ad59ea917e240e,1341,72,95211,39,BFF_DUST_55,BFF_DUST_55/CASE_DUST_SMOKE/SURFACE_SEQUENCE_4231/frame_14_WF2_LR_-15.0deg/airfoilsection/wingattachfitting.dat
62,daa85da7db776ccb23cacdd1fc6750671309d604a698023313ad59ea917e240e,1341,72,95211,40,BFF_DUST_55,BFF_DUST_55/CASE_DUST_SMOKE/SURFACE_SEQUENCE_4231/frame_15_WF2_LR_-30.0deg/airfoilsection/wingattachfitting.dat
62,daa85da7db776ccb23cacdd1fc6750671309d604a698023313ad59ea917e240e,1341,72,95211,41,BFF_DUST_55,BFF_DUST_55/CASE_DUST_SMOKE/SURFACE_SEQUENCE_4231/frame_16_WF2_LR_-15.0deg/airfoilsection/wingattachfitting.dat
62,daa85da7db776ccb23cacdd1fc6750671309d604a698023313ad59ea917e240e,1341,72,95211,42,BFF_DUST_55,BFF_DUST_55/CASE_DUST_SMOKE/SURFACE_SEQUENCE_4231/frame_17_WF2_LR_+00.0deg/airfoilsection/wingattachfitting.dat
62,daa85da7db776ccb23cacdd1fc6750671309d604a698023313ad59ea917e240e,1341,72,95211,43,BFF_DUST_55,BFF_DUST_55/CASE_DUST_SMOKE/SURFACE_SEQUENCE_4231/frame_18_WF3_LR_+00.0deg/airfoilsection/wingattachfitting.dat
62,daa85da7db776ccb23cacdd1fc6750671309d604a698023313ad59ea917e240e,1341,72,95211,44,BFF_DUST_55,BFF_DUST_55/CASE_DUST_SMOKE/SURFACE_SEQUENCE_4231/frame_19_WF3_LR_+15.0deg/airfoilsection/wingattachfitting.dat
62,daa85da7db776ccb23cacdd1fc6750671309d604a698023313ad59ea917e240e,1341,72,95211,45,BFF_DUST_55,BFF_DUST_55/CASE_DUST_SMOKE/SURFACE_SEQUENCE_4231/frame_20_WF3_LR_+30.0deg/airfoilsection/wingattachfitting.dat
62,daa85da7db776ccb23cacdd1fc6750671309d604a698023313ad59ea917e240e,1341,72,95211,46,BFF_DUST_55,BFF_DUST_55/CASE_DUST_SMOKE/SURFACE_SEQUENCE_4231/frame_21_WF3_LR_+15.0deg/airfoilsection/wingattachfitting.dat
62,daa85da7db776ccb23cacdd1fc6750671309d604a698023313ad59ea917e240e,1341,72,95211,47,BFF_DUST_55,BFF_DUST_55/CASE_DUST_SMOKE/SURFACE_SEQUENCE_4231/frame_22_WF3_LR_+00.0deg/airfoilsection/wingattachfitting.dat
62,daa85da7db776ccb23cacdd1fc6750671309d604a698023313ad59ea917e240e,1341,72,95211,48,BFF_DUST_55,BFF_DUST_55/CASE_DUST_SMOKE/SURFACE_SEQUENCE_4231/frame_23_WF3_LR_-15.0deg/airfoilsection/wingattachfitting.dat
62,daa85da7db776ccb23cacdd1fc6750671309d604a698023313ad59ea917e240e,1341,72,95211,49,BFF_DUST_55,BFF_DUST_55/CASE_DUST_SMOKE/SURFACE_SEQUENCE_4231/frame_24_WF3_LR_-30.0deg/airfoilsection/wingattachfitting.dat
62,daa85da7db776ccb23cacdd1fc6750671309d604a698023313ad59ea917e240e,1341,72,95211,50,BFF_DUST_55,BFF_DUST_55/CASE_DUST_SMOKE/SURFACE_SEQUENCE_4231/frame_25_WF3_LR_-15.0deg/airfoilsection/wingattachfitting.dat
62,daa85da7db776ccb23cacdd1fc6750671309d604a698023313ad59ea917e240e,1341,72,95211,51,BFF_DUST_55,BFF_DUST_55/CASE_DUST_SMOKE/SURFACE_SEQUENCE_4231/frame_26_WF3_LR_+00.0deg/airfoilsection/wingattachfitting.dat
62,daa85da7db776ccb23cacdd1fc6750671309d604a698023313ad59ea917e240e,1341,72,95211,52,BFF_DUST_55,BFF_DUST_55/CASE_DUST_SMOKE/SURFACE_SEQUENCE_4231/frame_27_WF1_LR_+00.0deg/airfoilsection/wingattachfitting.dat
62,daa85da7db776ccb23cacdd1fc6750671309d604a698023313ad59ea917e240e,1341,72,95211,53,BFF_DUST_55,BFF_DUST_55/CASE_DUST_SMOKE/SURFACE_SEQUENCE_4231/frame_28_WF1_LR_+15.0deg/airfoilsection/wingattachfitting.dat
62,daa85da7db776ccb23cacdd1fc6750671309d604a698023313ad59ea917e240e,1341,72,95211,54,BFF_DUST_55,BFF_DUST_55/CASE_DUST_SMOKE/SURFACE_SEQUENCE_4231/frame_29_WF1_LR_+30.0deg/airfoilsection/wingattachfitting.dat
62,daa85da7db776ccb23cacdd1fc6750671309d604a698023313ad59ea917e240e,1341,72,95211,55,BFF_DUST_55,BFF_DUST_55/CASE_DUST_SMOKE/SURFACE_SEQUENCE_4231/frame_30_WF1_LR_+15.0deg/airfoilsection/wingattachfitting.dat
62,daa85da7db776ccb23cacdd1fc6750671309d604a698023313ad59ea917e240e,1341,72,95211,56,BFF_DUST_55,BFF_DUST_55/CASE_DUST_SMOKE/SURFACE_SEQUENCE_4231/frame_31_WF1_LR_+00.0deg/airfoilsection/wingattachfitting.dat
62,daa85da7db776ccb23cacdd1fc6750671309d604a698023313ad59ea917e240e,1341,72,95211,57,BFF_DUST_55,BFF_DUST_55/CASE_DUST_SMOKE/SURFACE_SEQUENCE_4231/frame_32_WF1_LR_-15.0deg/airfoilsection/wingattachfitting.dat
62,daa85da7db776ccb23cacdd1fc6750671309d604a698023313ad59ea917e240e,1341,72,95211,58,BFF_DUST_55,BFF_DUST_55/CASE_DUST_SMOKE/SURFACE_SEQUENCE_4231/frame_33_WF1_LR_-30.0deg/airfoilsection/wingattachfitting.dat
62,daa85da7db776ccb23cacdd1fc6750671309d604a698023313ad59ea917e240e,1341,72,95211,59,BFF_DUST_55,BFF_DUST_55/CASE_DUST_SMOKE/SURFACE_SEQUENCE_4231/frame_34_WF1_LR_-15.0deg/airfoilsection/wingattachfitting.dat
62,daa85da7db776ccb23cacdd1fc6750671309d604a698023313ad59ea917e240e,1341,72,95211,60,BFF_DUST_55,BFF_DUST_55/CASE_DUST_SMOKE/SURFACE_SEQUENCE_4231/frame_35_WF1_LR_+00.0deg/airfoilsection/wingattachfitting.dat
62,daa85da7db776ccb23cacdd1fc6750671309d604a698023313ad59ea917e240e,1341,72,95211,61,BFF_DUST_55,BFF_DUST_55/CASE_DUST_SMOKE/SURFACE_SEQUENCE_4231/frame_36_BF_LR_+00.0deg/airfoilsection/wingattachfitting.dat
62,daa85da7db776ccb23cacdd1fc6750671309d604a698023313ad59ea917e240e,1341,72,95211,62,BFF_DUST_55,BFF_DUST_55/CASE_DUST_SMOKE/SURFACE_SEQUENCE_4231/frame_37_BF_LR_+15.0deg/airfoilsection/wingattachfitting.dat
62,daa85da7db776ccb23cacdd1fc6750671309d604a698023313ad59ea917e240e,1341,72,95211,63,BFF_DUST_55,BFF_DUST_55/CASE_DUST_SMOKE/SURFACE_SEQUENCE_4231/frame_38_BF_LR_+30.0deg/airfoilsection/wingattachfitting.dat
62,daa85da7db776ccb23cacdd1fc6750671309d604a698023313ad59ea917e240e,1341,72,95211,64,BFF_DUST_55,BFF_DUST_55/CASE_DUST_SMOKE/SURFACE_SEQUENCE_4231/frame_39_BF_LR_+15.0deg/airfoilsection/wingattachfitting.dat
62,daa85da7db776ccb23cacdd1fc6750671309d604a698023313ad59ea917e240e,1341,72,95211,65,BFF_DUST_55,BFF_DUST_55/CASE_DUST_SMOKE/SURFACE_SEQUENCE_4231/frame_40_BF_LR_+00.0deg/airfoilsection/wingattachfitting.dat
62,daa85da7db776ccb23cacdd1fc6750671309d604a698023313ad59ea917e240e,1341,72,95211,66,BFF_DUST_55,BFF_DUST_55/CASE_DUST_SMOKE/SURFACE_SEQUENCE_4231/frame_41_BF_LR_-15.0deg/airfoilsection/wingattachfitting.dat
62,daa85da7db776ccb23cacdd1fc6750671309d604a698023313ad59ea917e240e,1341,72,95211,67,BFF_DUST_55,BFF_DUST_55/CASE_DUST_SMOKE/SURFACE_SEQUENCE_4231/frame_42_BF_LR_-30.0deg/airfoilsection/wingattachfitting.dat
62,daa85da7db776ccb23cacdd1fc6750671309d604a698023313ad59ea917e240e,1341,72,95211,68,BFF_DUST_55,BFF_DUST_55/CASE_DUST_SMOKE/SURFACE_SEQUENCE_4231/frame_43_BF_LR_-15.0deg/airfoilsection/wingattachfitting.dat
62,daa85da7db776ccb23cacdd1fc6750671309d604a698023313ad59ea917e240e,1341,72,95211,69,BFF_DUST_55,BFF_DUST_55/CASE_DUST_SMOKE/SURFACE_SEQUENCE_4231/frame_44_BF_LR_+00.0deg/airfoilsection/wingattachfitting.dat
62,daa85da7db776ccb23cacdd1fc6750671309d604a698023313ad59ea917e240e,1341,72,95211,70,BFF_DUST_55,BFF_DUST_55/model/dust/airfoilsection/wingattachfitting.dat
62,daa85da7db776ccb23cacdd1fc6750671309d604a698023313ad59ea917e240e,1341,72,95211,71,DUST,DUST/airfoilsection/wingattachfitting.dat
62,daa85da7db776ccb23cacdd1fc6750671309d604a698023313ad59ea917e240e,1341,72,95211,72,_trim_coupled_stage,_trim_coupled_stage/case/airfoilsection/wingattachfitting.dat
63,fb26ad249591b94ffab895d5474102bcc08b731eacd5b552383bf4123a17b7d6,1337,72,94927,1,BFF_DUST_55,BFF_DUST_55/CASE_DUST_SMOKE/AILERON_ANIMATION/frame_00_wf4_+00.0deg/airfoilsection/LEcranck.dat
63,fb26ad249591b94ffab895d5474102bcc08b731eacd5b552383bf4123a17b7d6,1337,72,94927,2,BFF_DUST_55,BFF_DUST_55/CASE_DUST_SMOKE/AILERON_ANIMATION/frame_01_wf4_+02.5deg/airfoilsection/LEcranck.dat
63,fb26ad249591b94ffab895d5474102bcc08b731eacd5b552383bf4123a17b7d6,1337,72,94927,3,BFF_DUST_55,BFF_DUST_55/CASE_DUST_SMOKE/AILERON_ANIMATION/frame_02_wf4_+05.0deg/airfoilsection/LEcranck.dat
63,fb26ad249591b94ffab895d5474102bcc08b731eacd5b552383bf4123a17b7d6,1337,72,94927,4,BFF_DUST_55,BFF_DUST_55/CASE_DUST_SMOKE/AILERON_ANIMATION/frame_03_wf4_+07.5deg/airfoilsection/LEcranck.dat
63,fb26ad249591b94ffab895d5474102bcc08b731eacd5b552383bf4123a17b7d6,1337,72,94927,5,BFF_DUST_55,BFF_DUST_55/CASE_DUST_SMOKE/AILERON_ANIMATION/frame_04_wf4_+10.0deg/airfoilsection/LEcranck.dat
63,fb26ad249591b94ffab895d5474102bcc08b731eacd5b552383bf4123a17b7d6,1337,72,94927,6,BFF_DUST_55,BFF_DUST_55/CASE_DUST_SMOKE/AILERON_ANIMATION/frame_05_wf4_+07.5deg/airfoilsection/LEcranck.dat
63,fb26ad249591b94ffab895d5474102bcc08b731eacd5b552383bf4123a17b7d6,1337,72,94927,7,BFF_DUST_55,BFF_DUST_55/CASE_DUST_SMOKE/AILERON_ANIMATION/frame_06_wf4_+05.0deg/airfoilsection/LEcranck.dat
63,fb26ad249591b94ffab895d5474102bcc08b731eacd5b552383bf4123a17b7d6,1337,72,94927,8,BFF_DUST_55,BFF_DUST_55/CASE_DUST_SMOKE/AILERON_ANIMATION/frame_07_wf4_+02.5deg/airfoilsection/LEcranck.dat
63,fb26ad249591b94ffab895d5474102bcc08b731eacd5b552383bf4123a17b7d6,1337,72,94927,9,BFF_DUST_55,BFF_DUST_55/CASE_DUST_SMOKE/AILERON_ANIMATION/frame_08_wf4_+00.0deg/airfoilsection/LEcranck.dat
63,fb26ad249591b94ffab895d5474102bcc08b731eacd5b552383bf4123a17b7d6,1337,72,94927,10,BFF_DUST_55,BFF_DUST_55/CASE_DUST_SMOKE/AILERON_ANIMATION/frame_09_wf4_-02.5deg/airfoilsection/LEcranck.dat
63,fb26ad249591b94ffab895d5474102bcc08b731eacd5b552383bf4123a17b7d6,1337,72,94927,11,BFF_DUST_55,BFF_DUST_55/CASE_DUST_SMOKE/AILERON_ANIMATION/frame_10_wf4_-05.0deg/airfoilsection/LEcranck.dat
63,fb26ad249591b94ffab895d5474102bcc08b731eacd5b552383bf4123a17b7d6,1337,72,94927,12,BFF_DUST_55,BFF_DUST_55/CASE_DUST_SMOKE/AILERON_ANIMATION/frame_11_wf4_-07.5deg/airfoilsection/LEcranck.dat
63,fb26ad249591b94ffab895d5474102bcc08b731eacd5b552383bf4123a17b7d6,1337,72,94927,13,BFF_DUST_55,BFF_DUST_55/CASE_DUST_SMOKE/AILERON_ANIMATION/frame_12_wf4_-10.0deg/airfoilsection/LEcranck.dat
63,fb26ad249591b94ffab895d5474102bcc08b731eacd5b552383bf4123a17b7d6,1337,72,94927,14,BFF_DUST_55,BFF_DUST_55/CASE_DUST_SMOKE/AILERON_ANIMATION/frame_13_wf4_-07.5deg/airfoilsection/LEcranck.dat
63,fb26ad249591b94ffab895d5474102bcc08b731eacd5b552383bf4123a17b7d6,1337,72,94927,15,BFF_DUST_55,BFF_DUST_55/CASE_DUST_SMOKE/AILERON_ANIMATION/frame_14_wf4_-05.0deg/airfoilsection/LEcranck.dat
63,fb26ad249591b94ffab895d5474102bcc08b731eacd5b552383bf4123a17b7d6,1337,72,94927,16,BFF_DUST_55,BFF_DUST_55/CASE_DUST_SMOKE/AILERON_ANIMATION/frame_15_wf4_-02.5deg/airfoilsection/LEcranck.dat
63,fb26ad249591b94ffab895d5474102bcc08b731eacd5b552383bf4123a17b7d6,1337,72,94927,17,BFF_DUST_55,BFF_DUST_55/CASE_DUST_SMOKE/AILERON_ANIMATION/frame_16_wf4_+00.0deg/airfoilsection/LEcranck.dat
63,fb26ad249591b94ffab895d5474102bcc08b731eacd5b552383bf4123a17b7d6,1337,72,94927,18,BFF_DUST_55,BFF_DUST_55/CASE_DUST_SMOKE/DEFLECTION_CASES/00_neutral/airfoilsection/LEcranck.dat
63,fb26ad249591b94ffab895d5474102bcc08b731eacd5b552383bf4123a17b7d6,1337,72,94927,19,BFF_DUST_55,BFF_DUST_55/CASE_DUST_SMOKE/DEFLECTION_CASES/01_body_flaps_plus10/airfoilsection/LEcranck.dat
63,fb26ad249591b94ffab895d5474102bcc08b731eacd5b552383bf4123a17b7d6,1337,72,94927,20,BFF_DUST_55,BFF_DUST_55/CASE_DUST_SMOKE/DEFLECTION_CASES/02_wf1_minus10/airfoilsection/LEcranck.dat
63,fb26ad249591b94ffab895d5474102bcc08b731eacd5b552383bf4123a17b7d6,1337,72,94927,21,BFF_DUST_55,BFF_DUST_55/CASE_DUST_SMOKE/DEFLECTION_CASES/03_wf2_plus10/airfoilsection/LEcranck.dat
63,fb26ad249591b94ffab895d5474102bcc08b731eacd5b552383bf4123a17b7d6,1337,72,94927,22,BFF_DUST_55,BFF_DUST_55/CASE_DUST_SMOKE/DEFLECTION_CASES/04_wf3_minus10/airfoilsection/LEcranck.dat
63,fb26ad249591b94ffab895d5474102bcc08b731eacd5b552383bf4123a17b7d6,1337,72,94927,23,BFF_DUST_55,BFF_DUST_55/CASE_DUST_SMOKE/DEFLECTION_CASES/05_wf4_plus10/airfoilsection/LEcranck.dat
63,fb26ad249591b94ffab895d5474102bcc08b731eacd5b552383bf4123a17b7d6,1337,72,94927,24,BFF_DUST_55,BFF_DUST_55/CASE_DUST_SMOKE/DEFLECTION_CASES/06_all_original_hinges/airfoilsection/LEcranck.dat
63,fb26ad249591b94ffab895d5474102bcc08b731eacd5b552383bf4123a17b7d6,1337,72,94927,25,BFF_DUST_55,BFF_DUST_55/CASE_DUST_SMOKE/SURFACE_SEQUENCE_4231/frame_00_WF4_LR_+00.0deg/airfoilsection/LEcranck.dat
63,fb26ad249591b94ffab895d5474102bcc08b731eacd5b552383bf4123a17b7d6,1337,72,94927,26,BFF_DUST_55,BFF_DUST_55/CASE_DUST_SMOKE/SURFACE_SEQUENCE_4231/frame_01_WF4_LR_+15.0deg/airfoilsection/LEcranck.dat
63,fb26ad249591b94ffab895d5474102bcc08b731eacd5b552383bf4123a17b7d6,1337,72,94927,27,BFF_DUST_55,BFF_DUST_55/CASE_DUST_SMOKE/SURFACE_SEQUENCE_4231/frame_02_WF4_LR_+30.0deg/airfoilsection/LEcranck.dat
63,fb26ad249591b94ffab895d5474102bcc08b731eacd5b552383bf4123a17b7d6,1337,72,94927,28,BFF_DUST_55,BFF_DUST_55/CASE_DUST_SMOKE/SURFACE_SEQUENCE_4231/frame_03_WF4_LR_+15.0deg/airfoilsection/LEcranck.dat
63,fb26ad249591b94ffab895d5474102bcc08b731eacd5b552383bf4123a17b7d6,1337,72,94927,29,BFF_DUST_55,BFF_DUST_55/CASE_DUST_SMOKE/SURFACE_SEQUENCE_4231/frame_04_WF4_LR_+00.0deg/airfoilsection/LEcranck.dat
63,fb26ad249591b94ffab895d5474102bcc08b731eacd5b552383bf4123a17b7d6,1337,72,94927,30,BFF_DUST_55,BFF_DUST_55/CASE_DUST_SMOKE/SURFACE_SEQUENCE_4231/frame_05_WF4_LR_-15.0deg/airfoilsection/LEcranck.dat
63,fb26ad249591b94ffab895d5474102bcc08b731eacd5b552383bf4123a17b7d6,1337,72,94927,31,BFF_DUST_55,BFF_DUST_55/CASE_DUST_SMOKE/SURFACE_SEQUENCE_4231/frame_06_WF4_LR_-30.0deg/airfoilsection/LEcranck.dat
63,fb26ad249591b94ffab895d5474102bcc08b731eacd5b552383bf4123a17b7d6,1337,72,94927,32,BFF_DUST_55,BFF_DUST_55/CASE_DUST_SMOKE/SURFACE_SEQUENCE_4231/frame_07_WF4_LR_-15.0deg/airfoilsection/LEcranck.dat
63,fb26ad249591b94ffab895d5474102bcc08b731eacd5b552383bf4123a17b7d6,1337,72,94927,33,BFF_DUST_55,BFF_DUST_55/CASE_DUST_SMOKE/SURFACE_SEQUENCE_4231/frame_08_WF4_LR_+00.0deg/airfoilsection/LEcranck.dat
63,fb26ad249591b94ffab895d5474102bcc08b731eacd5b552383bf4123a17b7d6,1337,72,94927,34,BFF_DUST_55,BFF_DUST_55/CASE_DUST_SMOKE/SURFACE_SEQUENCE_4231/frame_09_WF2_LR_+00.0deg/airfoilsection/LEcranck.dat
63,fb26ad249591b94ffab895d5474102bcc08b731eacd5b552383bf4123a17b7d6,1337,72,94927,35,BFF_DUST_55,BFF_DUST_55/CASE_DUST_SMOKE/SURFACE_SEQUENCE_4231/frame_10_WF2_LR_+15.0deg/airfoilsection/LEcranck.dat
63,fb26ad249591b94ffab895d5474102bcc08b731eacd5b552383bf4123a17b7d6,1337,72,94927,36,BFF_DUST_55,BFF_DUST_55/CASE_DUST_SMOKE/SURFACE_SEQUENCE_4231/frame_11_WF2_LR_+30.0deg/airfoilsection/LEcranck.dat
63,fb26ad249591b94ffab895d5474102bcc08b731eacd5b552383bf4123a17b7d6,1337,72,94927,37,BFF_DUST_55,BFF_DUST_55/CASE_DUST_SMOKE/SURFACE_SEQUENCE_4231/frame_12_WF2_LR_+15.0deg/airfoilsection/LEcranck.dat
63,fb26ad249591b94ffab895d5474102bcc08b731eacd5b552383bf4123a17b7d6,1337,72,94927,38,BFF_DUST_55,BFF_DUST_55/CASE_DUST_SMOKE/SURFACE_SEQUENCE_4231/frame_13_WF2_LR_+00.0deg/airfoilsection/LEcranck.dat
63,fb26ad249591b94ffab895d5474102bcc08b731eacd5b552383bf4123a17b7d6,1337,72,94927,39,BFF_DUST_55,BFF_DUST_55/CASE_DUST_SMOKE/SURFACE_SEQUENCE_4231/frame_14_WF2_LR_-15.0deg/airfoilsection/LEcranck.dat
63,fb26ad249591b94ffab895d5474102bcc08b731eacd5b552383bf4123a17b7d6,1337,72,94927,40,BFF_DUST_55,BFF_DUST_55/CASE_DUST_SMOKE/SURFACE_SEQUENCE_4231/frame_15_WF2_LR_-30.0deg/airfoilsection/LEcranck.dat
63,fb26ad249591b94ffab895d5474102bcc08b731eacd5b552383bf4123a17b7d6,1337,72,94927,41,BFF_DUST_55,BFF_DUST_55/CASE_DUST_SMOKE/SURFACE_SEQUENCE_4231/frame_16_WF2_LR_-15.0deg/airfoilsection/LEcranck.dat
63,fb26ad249591b94ffab895d5474102bcc08b731eacd5b552383bf4123a17b7d6,1337,72,94927,42,BFF_DUST_55,BFF_DUST_55/CASE_DUST_SMOKE/SURFACE_SEQUENCE_4231/frame_17_WF2_LR_+00.0deg/airfoilsection/LEcranck.dat
63,fb26ad249591b94ffab895d5474102bcc08b731eacd5b552383bf4123a17b7d6,1337,72,94927,43,BFF_DUST_55,BFF_DUST_55/CASE_DUST_SMOKE/SURFACE_SEQUENCE_4231/frame_18_WF3_LR_+00.0deg/airfoilsection/LEcranck.dat
63,fb26ad249591b94ffab895d5474102bcc08b731eacd5b552383bf4123a17b7d6,1337,72,94927,44,BFF_DUST_55,BFF_DUST_55/CASE_DUST_SMOKE/SURFACE_SEQUENCE_4231/frame_19_WF3_LR_+15.0deg/airfoilsection/LEcranck.dat
63,fb26ad249591b94ffab895d5474102bcc08b731eacd5b552383bf4123a17b7d6,1337,72,94927,45,BFF_DUST_55,BFF_DUST_55/CASE_DUST_SMOKE/SURFACE_SEQUENCE_4231/frame_20_WF3_LR_+30.0deg/airfoilsection/LEcranck.dat
63,fb26ad249591b94ffab895d5474102bcc08b731eacd5b552383bf4123a17b7d6,1337,72,94927,46,BFF_DUST_55,BFF_DUST_55/CASE_DUST_SMOKE/SURFACE_SEQUENCE_4231/frame_21_WF3_LR_+15.0deg/airfoilsection/LEcranck.dat
63,fb26ad249591b94ffab895d5474102bcc08b731eacd5b552383bf4123a17b7d6,1337,72,94927,47,BFF_DUST_55,BFF_DUST_55/CASE_DUST_SMOKE/SURFACE_SEQUENCE_4231/frame_22_WF3_LR_+00.0deg/airfoilsection/LEcranck.dat
63,fb26ad249591b94ffab895d5474102bcc08b731eacd5b552383bf4123a17b7d6,1337,72,94927,48,BFF_DUST_55,BFF_DUST_55/CASE_DUST_SMOKE/SURFACE_SEQUENCE_4231/frame_23_WF3_LR_-15.0deg/airfoilsection/LEcranck.dat
63,fb26ad249591b94ffab895d5474102bcc08b731eacd5b552383bf4123a17b7d6,1337,72,94927,49,BFF_DUST_55,BFF_DUST_55/CASE_DUST_SMOKE/SURFACE_SEQUENCE_4231/frame_24_WF3_LR_-30.0deg/airfoilsection/LEcranck.dat
63,fb26ad249591b94ffab895d5474102bcc08b731eacd5b552383bf4123a17b7d6,1337,72,94927,50,BFF_DUST_55,BFF_DUST_55/CASE_DUST_SMOKE/SURFACE_SEQUENCE_4231/frame_25_WF3_LR_-15.0deg/airfoilsection/LEcranck.dat
63,fb26ad249591b94ffab895d5474102bcc08b731eacd5b552383bf4123a17b7d6,1337,72,94927,51,BFF_DUST_55,BFF_DUST_55/CASE_DUST_SMOKE/SURFACE_SEQUENCE_4231/frame_26_WF3_LR_+00.0deg/airfoilsection/LEcranck.dat
63,fb26ad249591b94ffab895d5474102bcc08b731eacd5b552383bf4123a17b7d6,1337,72,94927,52,BFF_DUST_55,BFF_DUST_55/CASE_DUST_SMOKE/SURFACE_SEQUENCE_4231/frame_27_WF1_LR_+00.0deg/airfoilsection/LEcranck.dat
63,fb26ad249591b94ffab895d5474102bcc08b731eacd5b552383bf4123a17b7d6,1337,72,94927,53,BFF_DUST_55,BFF_DUST_55/CASE_DUST_SMOKE/SURFACE_SEQUENCE_4231/frame_28_WF1_LR_+15.0deg/airfoilsection/LEcranck.dat
63,fb26ad249591b94ffab895d5474102bcc08b731eacd5b552383bf4123a17b7d6,1337,72,94927,54,BFF_DUST_55,BFF_DUST_55/CASE_DUST_SMOKE/SURFACE_SEQUENCE_4231/frame_29_WF1_LR_+30.0deg/airfoilsection/LEcranck.dat
63,fb26ad249591b94ffab895d5474102bcc08b731eacd5b552383bf4123a17b7d6,1337,72,94927,55,BFF_DUST_55,BFF_DUST_55/CASE_DUST_SMOKE/SURFACE_SEQUENCE_4231/frame_30_WF1_LR_+15.0deg/airfoilsection/LEcranck.dat
63,fb26ad249591b94ffab895d5474102bcc08b731eacd5b552383bf4123a17b7d6,1337,72,94927,56,BFF_DUST_55,BFF_DUST_55/CASE_DUST_SMOKE/SURFACE_SEQUENCE_4231/frame_31_WF1_LR_+00.0deg/airfoilsection/LEcranck.dat
63,fb26ad249591b94ffab895d5474102bcc08b731eacd5b552383bf4123a17b7d6,1337,72,94927,57,BFF_DUST_55,BFF_DUST_55/CASE_DUST_SMOKE/SURFACE_SEQUENCE_4231/frame_32_WF1_LR_-15.0deg/airfoilsection/LEcranck.dat
63,fb26ad249591b94ffab895d5474102bcc08b731eacd5b552383bf4123a17b7d6,1337,72,94927,58,BFF_DUST_55,BFF_DUST_55/CASE_DUST_SMOKE/SURFACE_SEQUENCE_4231/frame_33_WF1_LR_-30.0deg/airfoilsection/LEcranck.dat
63,fb26ad249591b94ffab895d5474102bcc08b731eacd5b552383bf4123a17b7d6,1337,72,94927,59,BFF_DUST_55,BFF_DUST_55/CASE_DUST_SMOKE/SURFACE_SEQUENCE_4231/frame_34_WF1_LR_-15.0deg/airfoilsection/LEcranck.dat
63,fb26ad249591b94ffab895d5474102bcc08b731eacd5b552383bf4123a17b7d6,1337,72,94927,60,BFF_DUST_55,BFF_DUST_55/CASE_DUST_SMOKE/SURFACE_SEQUENCE_4231/frame_35_WF1_LR_+00.0deg/airfoilsection/LEcranck.dat
63,fb26ad249591b94ffab895d5474102bcc08b731eacd5b552383bf4123a17b7d6,1337,72,94927,61,BFF_DUST_55,BFF_DUST_55/CASE_DUST_SMOKE/SURFACE_SEQUENCE_4231/frame_36_BF_LR_+00.0deg/airfoilsection/LEcranck.dat
63,fb26ad249591b94ffab895d5474102bcc08b731eacd5b552383bf4123a17b7d6,1337,72,94927,62,BFF_DUST_55,BFF_DUST_55/CASE_DUST_SMOKE/SURFACE_SEQUENCE_4231/frame_37_BF_LR_+15.0deg/airfoilsection/LEcranck.dat
63,fb26ad249591b94ffab895d5474102bcc08b731eacd5b552383bf4123a17b7d6,1337,72,94927,63,BFF_DUST_55,BFF_DUST_55/CASE_DUST_SMOKE/SURFACE_SEQUENCE_4231/frame_38_BF_LR_+30.0deg/airfoilsection/LEcranck.dat
63,fb26ad249591b94ffab895d5474102bcc08b731eacd5b552383bf4123a17b7d6,1337,72,94927,64,BFF_DUST_55,BFF_DUST_55/CASE_DUST_SMOKE/SURFACE_SEQUENCE_4231/frame_39_BF_LR_+15.0deg/airfoilsection/LEcranck.dat
63,fb26ad249591b94ffab895d5474102bcc08b731eacd5b552383bf4123a17b7d6,1337,72,94927,65,BFF_DUST_55,BFF_DUST_55/CASE_DUST_SMOKE/SURFACE_SEQUENCE_4231/frame_40_BF_LR_+00.0deg/airfoilsection/LEcranck.dat
63,fb26ad249591b94ffab895d5474102bcc08b731eacd5b552383bf4123a17b7d6,1337,72,94927,66,BFF_DUST_55,BFF_DUST_55/CASE_DUST_SMOKE/SURFACE_SEQUENCE_4231/frame_41_BF_LR_-15.0deg/airfoilsection/LEcranck.dat
63,fb26ad249591b94ffab895d5474102bcc08b731eacd5b552383bf4123a17b7d6,1337,72,94927,67,BFF_DUST_55,BFF_DUST_55/CASE_DUST_SMOKE/SURFACE_SEQUENCE_4231/frame_42_BF_LR_-30.0deg/airfoilsection/LEcranck.dat
63,fb26ad249591b94ffab895d5474102bcc08b731eacd5b552383bf4123a17b7d6,1337,72,94927,68,BFF_DUST_55,BFF_DUST_55/CASE_DUST_SMOKE/SURFACE_SEQUENCE_4231/frame_43_BF_LR_-15.0deg/airfoilsection/LEcranck.dat
63,fb26ad249591b94ffab895d5474102bcc08b731eacd5b552383bf4123a17b7d6,1337,72,94927,69,BFF_DUST_55,BFF_DUST_55/CASE_DUST_SMOKE/SURFACE_SEQUENCE_4231/frame_44_BF_LR_+00.0deg/airfoilsection/LEcranck.dat
63,fb26ad249591b94ffab895d5474102bcc08b731eacd5b552383bf4123a17b7d6,1337,72,94927,70,BFF_DUST_55,BFF_DUST_55/model/dust/airfoilsection/LEcranck.dat
63,fb26ad249591b94ffab895d5474102bcc08b731eacd5b552383bf4123a17b7d6,1337,72,94927,71,DUST,DUST/airfoilsection/LEcranck.dat
63,fb26ad249591b94ffab895d5474102bcc08b731eacd5b552383bf4123a17b7d6,1337,72,94927,72,_trim_coupled_stage,_trim_coupled_stage/case/airfoilsection/LEcranck.dat
64,8df1b04642158c914ffe0d2e24d4a210cde3f4dee4d1b54758df13eb37297a09,1337,72,94927,1,BFF_DUST_55,BFF_DUST_55/CASE_DUST_SMOKE/AILERON_ANIMATION/frame_00_wf4_+00.0deg/airfoilsection/root.dat
64,8df1b04642158c914ffe0d2e24d4a210cde3f4dee4d1b54758df13eb37297a09,1337,72,94927,2,BFF_DUST_55,BFF_DUST_55/CASE_DUST_SMOKE/AILERON_ANIMATION/frame_01_wf4_+02.5deg/airfoilsection/root.dat
64,8df1b04642158c914ffe0d2e24d4a210cde3f4dee4d1b54758df13eb37297a09,1337,72,94927,3,BFF_DUST_55,BFF_DUST_55/CASE_DUST_SMOKE/AILERON_ANIMATION/frame_02_wf4_+05.0deg/airfoilsection/root.dat
64,8df1b04642158c914ffe0d2e24d4a210cde3f4dee4d1b54758df13eb37297a09,1337,72,94927,4,BFF_DUST_55,BFF_DUST_55/CASE_DUST_SMOKE/AILERON_ANIMATION/frame_03_wf4_+07.5deg/airfoilsection/root.dat
64,8df1b04642158c914ffe0d2e24d4a210cde3f4dee4d1b54758df13eb37297a09,1337,72,94927,5,BFF_DUST_55,BFF_DUST_55/CASE_DUST_SMOKE/AILERON_ANIMATION/frame_04_wf4_+10.0deg/airfoilsection/root.dat
64,8df1b04642158c914ffe0d2e24d4a210cde3f4dee4d1b54758df13eb37297a09,1337,72,94927,6,BFF_DUST_55,BFF_DUST_55/CASE_DUST_SMOKE/AILERON_ANIMATION/frame_05_wf4_+07.5deg/airfoilsection/root.dat
64,8df1b04642158c914ffe0d2e24d4a210cde3f4dee4d1b54758df13eb37297a09,1337,72,94927,7,BFF_DUST_55,BFF_DUST_55/CASE_DUST_SMOKE/AILERON_ANIMATION/frame_06_wf4_+05.0deg/airfoilsection/root.dat
64,8df1b04642158c914ffe0d2e24d4a210cde3f4dee4d1b54758df13eb37297a09,1337,72,94927,8,BFF_DUST_55,BFF_DUST_55/CASE_DUST_SMOKE/AILERON_ANIMATION/frame_07_wf4_+02.5deg/airfoilsection/root.dat
64,8df1b04642158c914ffe0d2e24d4a210cde3f4dee4d1b54758df13eb37297a09,1337,72,94927,9,BFF_DUST_55,BFF_DUST_55/CASE_DUST_SMOKE/AILERON_ANIMATION/frame_08_wf4_+00.0deg/airfoilsection/root.dat
64,8df1b04642158c914ffe0d2e24d4a210cde3f4dee4d1b54758df13eb37297a09,1337,72,94927,10,BFF_DUST_55,BFF_DUST_55/CASE_DUST_SMOKE/AILERON_ANIMATION/frame_09_wf4_-02.5deg/airfoilsection/root.dat
64,8df1b04642158c914ffe0d2e24d4a210cde3f4dee4d1b54758df13eb37297a09,1337,72,94927,11,BFF_DUST_55,BFF_DUST_55/CASE_DUST_SMOKE/AILERON_ANIMATION/frame_10_wf4_-05.0deg/airfoilsection/root.dat
64,8df1b04642158c914ffe0d2e24d4a210cde3f4dee4d1b54758df13eb37297a09,1337,72,94927,12,BFF_DUST_55,BFF_DUST_55/CASE_DUST_SMOKE/AILERON_ANIMATION/frame_11_wf4_-07.5deg/airfoilsection/root.dat
64,8df1b04642158c914ffe0d2e24d4a210cde3f4dee4d1b54758df13eb37297a09,1337,72,94927,13,BFF_DUST_55,BFF_DUST_55/CASE_DUST_SMOKE/AILERON_ANIMATION/frame_12_wf4_-10.0deg/airfoilsection/root.dat
64,8df1b04642158c914ffe0d2e24d4a210cde3f4dee4d1b54758df13eb37297a09,1337,72,94927,14,BFF_DUST_55,BFF_DUST_55/CASE_DUST_SMOKE/AILERON_ANIMATION/frame_13_wf4_-07.5deg/airfoilsection/root.dat
64,8df1b04642158c914ffe0d2e24d4a210cde3f4dee4d1b54758df13eb37297a09,1337,72,94927,15,BFF_DUST_55,BFF_DUST_55/CASE_DUST_SMOKE/AILERON_ANIMATION/frame_14_wf4_-05.0deg/airfoilsection/root.dat
64,8df1b04642158c914ffe0d2e24d4a210cde3f4dee4d1b54758df13eb37297a09,1337,72,94927,16,BFF_DUST_55,BFF_DUST_55/CASE_DUST_SMOKE/AILERON_ANIMATION/frame_15_wf4_-02.5deg/airfoilsection/root.dat
64,8df1b04642158c914ffe0d2e24d4a210cde3f4dee4d1b54758df13eb37297a09,1337,72,94927,17,BFF_DUST_55,BFF_DUST_55/CASE_DUST_SMOKE/AILERON_ANIMATION/frame_16_wf4_+00.0deg/airfoilsection/root.dat
64,8df1b04642158c914ffe0d2e24d4a210cde3f4dee4d1b54758df13eb37297a09,1337,72,94927,18,BFF_DUST_55,BFF_DUST_55/CASE_DUST_SMOKE/DEFLECTION_CASES/00_neutral/airfoilsection/root.dat
64,8df1b04642158c914ffe0d2e24d4a210cde3f4dee4d1b54758df13eb37297a09,1337,72,94927,19,BFF_DUST_55,BFF_DUST_55/CASE_DUST_SMOKE/DEFLECTION_CASES/01_body_flaps_plus10/airfoilsection/root.dat
64,8df1b04642158c914ffe0d2e24d4a210cde3f4dee4d1b54758df13eb37297a09,1337,72,94927,20,BFF_DUST_55,BFF_DUST_55/CASE_DUST_SMOKE/DEFLECTION_CASES/02_wf1_minus10/airfoilsection/root.dat
64,8df1b04642158c914ffe0d2e24d4a210cde3f4dee4d1b54758df13eb37297a09,1337,72,94927,21,BFF_DUST_55,BFF_DUST_55/CASE_DUST_SMOKE/DEFLECTION_CASES/03_wf2_plus10/airfoilsection/root.dat
64,8df1b04642158c914ffe0d2e24d4a210cde3f4dee4d1b54758df13eb37297a09,1337,72,94927,22,BFF_DUST_55,BFF_DUST_55/CASE_DUST_SMOKE/DEFLECTION_CASES/04_wf3_minus10/airfoilsection/root.dat
64,8df1b04642158c914ffe0d2e24d4a210cde3f4dee4d1b54758df13eb37297a09,1337,72,94927,23,BFF_DUST_55,BFF_DUST_55/CASE_DUST_SMOKE/DEFLECTION_CASES/05_wf4_plus10/airfoilsection/root.dat
64,8df1b04642158c914ffe0d2e24d4a210cde3f4dee4d1b54758df13eb37297a09,1337,72,94927,24,BFF_DUST_55,BFF_DUST_55/CASE_DUST_SMOKE/DEFLECTION_CASES/06_all_original_hinges/airfoilsection/root.dat
64,8df1b04642158c914ffe0d2e24d4a210cde3f4dee4d1b54758df13eb37297a09,1337,72,94927,25,BFF_DUST_55,BFF_DUST_55/CASE_DUST_SMOKE/SURFACE_SEQUENCE_4231/frame_00_WF4_LR_+00.0deg/airfoilsection/root.dat
64,8df1b04642158c914ffe0d2e24d4a210cde3f4dee4d1b54758df13eb37297a09,1337,72,94927,26,BFF_DUST_55,BFF_DUST_55/CASE_DUST_SMOKE/SURFACE_SEQUENCE_4231/frame_01_WF4_LR_+15.0deg/airfoilsection/root.dat
64,8df1b04642158c914ffe0d2e24d4a210cde3f4dee4d1b54758df13eb37297a09,1337,72,94927,27,BFF_DUST_55,BFF_DUST_55/CASE_DUST_SMOKE/SURFACE_SEQUENCE_4231/frame_02_WF4_LR_+30.0deg/airfoilsection/root.dat
64,8df1b04642158c914ffe0d2e24d4a210cde3f4dee4d1b54758df13eb37297a09,1337,72,94927,28,BFF_DUST_55,BFF_DUST_55/CASE_DUST_SMOKE/SURFACE_SEQUENCE_4231/frame_03_WF4_LR_+15.0deg/airfoilsection/root.dat
64,8df1b04642158c914ffe0d2e24d4a210cde3f4dee4d1b54758df13eb37297a09,1337,72,94927,29,BFF_DUST_55,BFF_DUST_55/CASE_DUST_SMOKE/SURFACE_SEQUENCE_4231/frame_04_WF4_LR_+00.0deg/airfoilsection/root.dat
64,8df1b04642158c914ffe0d2e24d4a210cde3f4dee4d1b54758df13eb37297a09,1337,72,94927,30,BFF_DUST_55,BFF_DUST_55/CASE_DUST_SMOKE/SURFACE_SEQUENCE_4231/frame_05_WF4_LR_-15.0deg/airfoilsection/root.dat
64,8df1b04642158c914ffe0d2e24d4a210cde3f4dee4d1b54758df13eb37297a09,1337,72,94927,31,BFF_DUST_55,BFF_DUST_55/CASE_DUST_SMOKE/SURFACE_SEQUENCE_4231/frame_06_WF4_LR_-30.0deg/airfoilsection/root.dat
64,8df1b04642158c914ffe0d2e24d4a210cde3f4dee4d1b54758df13eb37297a09,1337,72,94927,32,BFF_DUST_55,BFF_DUST_55/CASE_DUST_SMOKE/SURFACE_SEQUENCE_4231/frame_07_WF4_LR_-15.0deg/airfoilsection/root.dat
64,8df1b04642158c914ffe0d2e24d4a210cde3f4dee4d1b54758df13eb37297a09,1337,72,94927,33,BFF_DUST_55,BFF_DUST_55/CASE_DUST_SMOKE/SURFACE_SEQUENCE_4231/frame_08_WF4_LR_+00.0deg/airfoilsection/root.dat
64,8df1b04642158c914ffe0d2e24d4a210cde3f4dee4d1b54758df13eb37297a09,1337,72,94927,34,BFF_DUST_55,BFF_DUST_55/CASE_DUST_SMOKE/SURFACE_SEQUENCE_4231/frame_09_WF2_LR_+00.0deg/airfoilsection/root.dat
64,8df1b04642158c914ffe0d2e24d4a210cde3f4dee4d1b54758df13eb37297a09,1337,72,94927,35,BFF_DUST_55,BFF_DUST_55/CASE_DUST_SMOKE/SURFACE_SEQUENCE_4231/frame_10_WF2_LR_+15.0deg/airfoilsection/root.dat
64,8df1b04642158c914ffe0d2e24d4a210cde3f4dee4d1b54758df13eb37297a09,1337,72,94927,36,BFF_DUST_55,BFF_DUST_55/CASE_DUST_SMOKE/SURFACE_SEQUENCE_4231/frame_11_WF2_LR_+30.0deg/airfoilsection/root.dat
64,8df1b04642158c914ffe0d2e24d4a210cde3f4dee4d1b54758df13eb37297a09,1337,72,94927,37,BFF_DUST_55,BFF_DUST_55/CASE_DUST_SMOKE/SURFACE_SEQUENCE_4231/frame_12_WF2_LR_+15.0deg/airfoilsection/root.dat
64,8df1b04642158c914ffe0d2e24d4a210cde3f4dee4d1b54758df13eb37297a09,1337,72,94927,38,BFF_DUST_55,BFF_DUST_55/CASE_DUST_SMOKE/SURFACE_SEQUENCE_4231/frame_13_WF2_LR_+00.0deg/airfoilsection/root.dat
64,8df1b04642158c914ffe0d2e24d4a210cde3f4dee4d1b54758df13eb37297a09,1337,72,94927,39,BFF_DUST_55,BFF_DUST_55/CASE_DUST_SMOKE/SURFACE_SEQUENCE_4231/frame_14_WF2_LR_-15.0deg/airfoilsection/root.dat
64,8df1b04642158c914ffe0d2e24d4a210cde3f4dee4d1b54758df13eb37297a09,1337,72,94927,40,BFF_DUST_55,BFF_DUST_55/CASE_DUST_SMOKE/SURFACE_SEQUENCE_4231/frame_15_WF2_LR_-30.0deg/airfoilsection/root.dat
64,8df1b04642158c914ffe0d2e24d4a210cde3f4dee4d1b54758df13eb37297a09,1337,72,94927,41,BFF_DUST_55,BFF_DUST_55/CASE_DUST_SMOKE/SURFACE_SEQUENCE_4231/frame_16_WF2_LR_-15.0deg/airfoilsection/root.dat
64,8df1b04642158c914ffe0d2e24d4a210cde3f4dee4d1b54758df13eb37297a09,1337,72,94927,42,BFF_DUST_55,BFF_DUST_55/CASE_DUST_SMOKE/SURFACE_SEQUENCE_4231/frame_17_WF2_LR_+00.0deg/airfoilsection/root.dat
64,8df1b04642158c914ffe0d2e24d4a210cde3f4dee4d1b54758df13eb37297a09,1337,72,94927,43,BFF_DUST_55,BFF_DUST_55/CASE_DUST_SMOKE/SURFACE_SEQUENCE_4231/frame_18_WF3_LR_+00.0deg/airfoilsection/root.dat
64,8df1b04642158c914ffe0d2e24d4a210cde3f4dee4d1b54758df13eb37297a09,1337,72,94927,44,BFF_DUST_55,BFF_DUST_55/CASE_DUST_SMOKE/SURFACE_SEQUENCE_4231/frame_19_WF3_LR_+15.0deg/airfoilsection/root.dat
64,8df1b04642158c914ffe0d2e24d4a210cde3f4dee4d1b54758df13eb37297a09,1337,72,94927,45,BFF_DUST_55,BFF_DUST_55/CASE_DUST_SMOKE/SURFACE_SEQUENCE_4231/frame_20_WF3_LR_+30.0deg/airfoilsection/root.dat
64,8df1b04642158c914ffe0d2e24d4a210cde3f4dee4d1b54758df13eb37297a09,1337,72,94927,46,BFF_DUST_55,BFF_DUST_55/CASE_DUST_SMOKE/SURFACE_SEQUENCE_4231/frame_21_WF3_LR_+15.0deg/airfoilsection/root.dat
64,8df1b04642158c914ffe0d2e24d4a210cde3f4dee4d1b54758df13eb37297a09,1337,72,94927,47,BFF_DUST_55,BFF_DUST_55/CASE_DUST_SMOKE/SURFACE_SEQUENCE_4231/frame_22_WF3_LR_+00.0deg/airfoilsection/root.dat
64,8df1b04642158c914ffe0d2e24d4a210cde3f4dee4d1b54758df13eb37297a09,1337,72,94927,48,BFF_DUST_55,BFF_DUST_55/CASE_DUST_SMOKE/SURFACE_SEQUENCE_4231/frame_23_WF3_LR_-15.0deg/airfoilsection/root.dat
64,8df1b04642158c914ffe0d2e24d4a210cde3f4dee4d1b54758df13eb37297a09,1337,72,94927,49,BFF_DUST_55,BFF_DUST_55/CASE_DUST_SMOKE/SURFACE_SEQUENCE_4231/frame_24_WF3_LR_-30.0deg/airfoilsection/root.dat
64,8df1b04642158c914ffe0d2e24d4a210cde3f4dee4d1b54758df13eb37297a09,1337,72,94927,50,BFF_DUST_55,BFF_DUST_55/CASE_DUST_SMOKE/SURFACE_SEQUENCE_4231/frame_25_WF3_LR_-15.0deg/airfoilsection/root.dat
64,8df1b04642158c914ffe0d2e24d4a210cde3f4dee4d1b54758df13eb37297a09,1337,72,94927,51,BFF_DUST_55,BFF_DUST_55/CASE_DUST_SMOKE/SURFACE_SEQUENCE_4231/frame_26_WF3_LR_+00.0deg/airfoilsection/root.dat
64,8df1b04642158c914ffe0d2e24d4a210cde3f4dee4d1b54758df13eb37297a09,1337,72,94927,52,BFF_DUST_55,BFF_DUST_55/CASE_DUST_SMOKE/SURFACE_SEQUENCE_4231/frame_27_WF1_LR_+00.0deg/airfoilsection/root.dat
64,8df1b04642158c914ffe0d2e24d4a210cde3f4dee4d1b54758df13eb37297a09,1337,72,94927,53,BFF_DUST_55,BFF_DUST_55/CASE_DUST_SMOKE/SURFACE_SEQUENCE_4231/frame_28_WF1_LR_+15.0deg/airfoilsection/root.dat
64,8df1b04642158c914ffe0d2e24d4a210cde3f4dee4d1b54758df13eb37297a09,1337,72,94927,54,BFF_DUST_55,BFF_DUST_55/CASE_DUST_SMOKE/SURFACE_SEQUENCE_4231/frame_29_WF1_LR_+30.0deg/airfoilsection/root.dat
64,8df1b04642158c914ffe0d2e24d4a210cde3f4dee4d1b54758df13eb37297a09,1337,72,94927,55,BFF_DUST_55,BFF_DUST_55/CASE_DUST_SMOKE/SURFACE_SEQUENCE_4231/frame_30_WF1_LR_+15.0deg/airfoilsection/root.dat
64,8df1b04642158c914ffe0d2e24d4a210cde3f4dee4d1b54758df13eb37297a09,1337,72,94927,56,BFF_DUST_55,BFF_DUST_55/CASE_DUST_SMOKE/SURFACE_SEQUENCE_4231/frame_31_WF1_LR_+00.0deg/airfoilsection/root.dat
64,8df1b04642158c914ffe0d2e24d4a210cde3f4dee4d1b54758df13eb37297a09,1337,72,94927,57,BFF_DUST_55,BFF_DUST_55/CASE_DUST_SMOKE/SURFACE_SEQUENCE_4231/frame_32_WF1_LR_-15.0deg/airfoilsection/root.dat
64,8df1b04642158c914ffe0d2e24d4a210cde3f4dee4d1b54758df13eb37297a09,1337,72,94927,58,BFF_DUST_55,BFF_DUST_55/CASE_DUST_SMOKE/SURFACE_SEQUENCE_4231/frame_33_WF1_LR_-30.0deg/airfoilsection/root.dat
64,8df1b04642158c914ffe0d2e24d4a210cde3f4dee4d1b54758df13eb37297a09,1337,72,94927,59,BFF_DUST_55,BFF_DUST_55/CASE_DUST_SMOKE/SURFACE_SEQUENCE_4231/frame_34_WF1_LR_-15.0deg/airfoilsection/root.dat
64,8df1b04642158c914ffe0d2e24d4a210cde3f4dee4d1b54758df13eb37297a09,1337,72,94927,60,BFF_DUST_55,BFF_DUST_55/CASE_DUST_SMOKE/SURFACE_SEQUENCE_4231/frame_35_WF1_LR_+00.0deg/airfoilsection/root.dat
64,8df1b04642158c914ffe0d2e24d4a210cde3f4dee4d1b54758df13eb37297a09,1337,72,94927,61,BFF_DUST_55,BFF_DUST_55/CASE_DUST_SMOKE/SURFACE_SEQUENCE_4231/frame_36_BF_LR_+00.0deg/airfoilsection/root.dat
64,8df1b04642158c914ffe0d2e24d4a210cde3f4dee4d1b54758df13eb37297a09,1337,72,94927,62,BFF_DUST_55,BFF_DUST_55/CASE_DUST_SMOKE/SURFACE_SEQUENCE_4231/frame_37_BF_LR_+15.0deg/airfoilsection/root.dat
64,8df1b04642158c914ffe0d2e24d4a210cde3f4dee4d1b54758df13eb37297a09,1337,72,94927,63,BFF_DUST_55,BFF_DUST_55/CASE_DUST_SMOKE/SURFACE_SEQUENCE_4231/frame_38_BF_LR_+30.0deg/airfoilsection/root.dat
64,8df1b04642158c914ffe0d2e24d4a210cde3f4dee4d1b54758df13eb37297a09,1337,72,94927,64,BFF_DUST_55,BFF_DUST_55/CASE_DUST_SMOKE/SURFACE_SEQUENCE_4231/frame_39_BF_LR_+15.0deg/airfoilsection/root.dat
64,8df1b04642158c914ffe0d2e24d4a210cde3f4dee4d1b54758df13eb37297a09,1337,72,94927,65,BFF_DUST_55,BFF_DUST_55/CASE_DUST_SMOKE/SURFACE_SEQUENCE_4231/frame_40_BF_LR_+00.0deg/airfoilsection/root.dat
64,8df1b04642158c914ffe0d2e24d4a210cde3f4dee4d1b54758df13eb37297a09,1337,72,94927,66,BFF_DUST_55,BFF_DUST_55/CASE_DUST_SMOKE/SURFACE_SEQUENCE_4231/frame_41_BF_LR_-15.0deg/airfoilsection/root.dat
64,8df1b04642158c914ffe0d2e24d4a210cde3f4dee4d1b54758df13eb37297a09,1337,72,94927,67,BFF_DUST_55,BFF_DUST_55/CASE_DUST_SMOKE/SURFACE_SEQUENCE_4231/frame_42_BF_LR_-30.0deg/airfoilsection/root.dat
64,8df1b04642158c914ffe0d2e24d4a210cde3f4dee4d1b54758df13eb37297a09,1337,72,94927,68,BFF_DUST_55,BFF_DUST_55/CASE_DUST_SMOKE/SURFACE_SEQUENCE_4231/frame_43_BF_LR_-15.0deg/airfoilsection/root.dat
64,8df1b04642158c914ffe0d2e24d4a210cde3f4dee4d1b54758df13eb37297a09,1337,72,94927,69,BFF_DUST_55,BFF_DUST_55/CASE_DUST_SMOKE/SURFACE_SEQUENCE_4231/frame_44_BF_LR_+00.0deg/airfoilsection/root.dat
64,8df1b04642158c914ffe0d2e24d4a210cde3f4dee4d1b54758df13eb37297a09,1337,72,94927,70,BFF_DUST_55,BFF_DUST_55/model/dust/airfoilsection/root.dat
64,8df1b04642158c914ffe0d2e24d4a210cde3f4dee4d1b54758df13eb37297a09,1337,72,94927,71,DUST,DUST/airfoilsection/root.dat
64,8df1b04642158c914ffe0d2e24d4a210cde3f4dee4d1b54758df13eb37297a09,1337,72,94927,72,_trim_coupled_stage,_trim_coupled_stage/case/airfoilsection/root.dat
65,214b30de9506cf9b9ae24b2338333e936d15d9d476d3bdc077bbf640ad4f2f7a,94097,2,94097,1,GRAFICI,GRAFICI/SOL101/nastran/BULK/MAD_L108_FUSE_UBM_R11_001.dat
65,214b30de9506cf9b9ae24b2338333e936d15d9d476d3bdc077bbf640ad4f2f7a,94097,2,94097,2,NASTRAN,NASTRAN/SOL101/BULK/MAD_L108_FUSE_UBM_R11_001.dat
66,4722cc5014639a2e3378b0fba63a59225cbbcfe3b04a1588a07ccdd3bcc38155,1325,72,94075,1,BFF_DUST_55,BFF_DUST_55/CASE_DUST_SMOKE/AILERON_ANIMATION/frame_00_wf4_+00.0deg/airfoilsection/centerbody.dat
66,4722cc5014639a2e3378b0fba63a59225cbbcfe3b04a1588a07ccdd3bcc38155,1325,72,94075,2,BFF_DUST_55,BFF_DUST_55/CASE_DUST_SMOKE/AILERON_ANIMATION/frame_01_wf4_+02.5deg/airfoilsection/centerbody.dat
66,4722cc5014639a2e3378b0fba63a59225cbbcfe3b04a1588a07ccdd3bcc38155,1325,72,94075,3,BFF_DUST_55,BFF_DUST_55/CASE_DUST_SMOKE/AILERON_ANIMATION/frame_02_wf4_+05.0deg/airfoilsection/centerbody.dat
66,4722cc5014639a2e3378b0fba63a59225cbbcfe3b04a1588a07ccdd3bcc38155,1325,72,94075,4,BFF_DUST_55,BFF_DUST_55/CASE_DUST_SMOKE/AILERON_ANIMATION/frame_03_wf4_+07.5deg/airfoilsection/centerbody.dat
66,4722cc5014639a2e3378b0fba63a59225cbbcfe3b04a1588a07ccdd3bcc38155,1325,72,94075,5,BFF_DUST_55,BFF_DUST_55/CASE_DUST_SMOKE/AILERON_ANIMATION/frame_04_wf4_+10.0deg/airfoilsection/centerbody.dat
66,4722cc5014639a2e3378b0fba63a59225cbbcfe3b04a1588a07ccdd3bcc38155,1325,72,94075,6,BFF_DUST_55,BFF_DUST_55/CASE_DUST_SMOKE/AILERON_ANIMATION/frame_05_wf4_+07.5deg/airfoilsection/centerbody.dat
66,4722cc5014639a2e3378b0fba63a59225cbbcfe3b04a1588a07ccdd3bcc38155,1325,72,94075,7,BFF_DUST_55,BFF_DUST_55/CASE_DUST_SMOKE/AILERON_ANIMATION/frame_06_wf4_+05.0deg/airfoilsection/centerbody.dat
66,4722cc5014639a2e3378b0fba63a59225cbbcfe3b04a1588a07ccdd3bcc38155,1325,72,94075,8,BFF_DUST_55,BFF_DUST_55/CASE_DUST_SMOKE/AILERON_ANIMATION/frame_07_wf4_+02.5deg/airfoilsection/centerbody.dat
66,4722cc5014639a2e3378b0fba63a59225cbbcfe3b04a1588a07ccdd3bcc38155,1325,72,94075,9,BFF_DUST_55,BFF_DUST_55/CASE_DUST_SMOKE/AILERON_ANIMATION/frame_08_wf4_+00.0deg/airfoilsection/centerbody.dat
66,4722cc5014639a2e3378b0fba63a59225cbbcfe3b04a1588a07ccdd3bcc38155,1325,72,94075,10,BFF_DUST_55,BFF_DUST_55/CASE_DUST_SMOKE/AILERON_ANIMATION/frame_09_wf4_-02.5deg/airfoilsection/centerbody.dat
66,4722cc5014639a2e3378b0fba63a59225cbbcfe3b04a1588a07ccdd3bcc38155,1325,72,94075,11,BFF_DUST_55,BFF_DUST_55/CASE_DUST_SMOKE/AILERON_ANIMATION/frame_10_wf4_-05.0deg/airfoilsection/centerbody.dat
66,4722cc5014639a2e3378b0fba63a59225cbbcfe3b04a1588a07ccdd3bcc38155,1325,72,94075,12,BFF_DUST_55,BFF_DUST_55/CASE_DUST_SMOKE/AILERON_ANIMATION/frame_11_wf4_-07.5deg/airfoilsection/centerbody.dat
66,4722cc5014639a2e3378b0fba63a59225cbbcfe3b04a1588a07ccdd3bcc38155,1325,72,94075,13,BFF_DUST_55,BFF_DUST_55/CASE_DUST_SMOKE/AILERON_ANIMATION/frame_12_wf4_-10.0deg/airfoilsection/centerbody.dat
66,4722cc5014639a2e3378b0fba63a59225cbbcfe3b04a1588a07ccdd3bcc38155,1325,72,94075,14,BFF_DUST_55,BFF_DUST_55/CASE_DUST_SMOKE/AILERON_ANIMATION/frame_13_wf4_-07.5deg/airfoilsection/centerbody.dat
66,4722cc5014639a2e3378b0fba63a59225cbbcfe3b04a1588a07ccdd3bcc38155,1325,72,94075,15,BFF_DUST_55,BFF_DUST_55/CASE_DUST_SMOKE/AILERON_ANIMATION/frame_14_wf4_-05.0deg/airfoilsection/centerbody.dat
66,4722cc5014639a2e3378b0fba63a59225cbbcfe3b04a1588a07ccdd3bcc38155,1325,72,94075,16,BFF_DUST_55,BFF_DUST_55/CASE_DUST_SMOKE/AILERON_ANIMATION/frame_15_wf4_-02.5deg/airfoilsection/centerbody.dat
66,4722cc5014639a2e3378b0fba63a59225cbbcfe3b04a1588a07ccdd3bcc38155,1325,72,94075,17,BFF_DUST_55,BFF_DUST_55/CASE_DUST_SMOKE/AILERON_ANIMATION/frame_16_wf4_+00.0deg/airfoilsection/centerbody.dat
66,4722cc5014639a2e3378b0fba63a59225cbbcfe3b04a1588a07ccdd3bcc38155,1325,72,94075,18,BFF_DUST_55,BFF_DUST_55/CASE_DUST_SMOKE/DEFLECTION_CASES/00_neutral/airfoilsection/centerbody.dat
66,4722cc5014639a2e3378b0fba63a59225cbbcfe3b04a1588a07ccdd3bcc38155,1325,72,94075,19,BFF_DUST_55,BFF_DUST_55/CASE_DUST_SMOKE/DEFLECTION_CASES/01_body_flaps_plus10/airfoilsection/centerbody.dat
66,4722cc5014639a2e3378b0fba63a59225cbbcfe3b04a1588a07ccdd3bcc38155,1325,72,94075,20,BFF_DUST_55,BFF_DUST_55/CASE_DUST_SMOKE/DEFLECTION_CASES/02_wf1_minus10/airfoilsection/centerbody.dat
66,4722cc5014639a2e3378b0fba63a59225cbbcfe3b04a1588a07ccdd3bcc38155,1325,72,94075,21,BFF_DUST_55,BFF_DUST_55/CASE_DUST_SMOKE/DEFLECTION_CASES/03_wf2_plus10/airfoilsection/centerbody.dat
66,4722cc5014639a2e3378b0fba63a59225cbbcfe3b04a1588a07ccdd3bcc38155,1325,72,94075,22,BFF_DUST_55,BFF_DUST_55/CASE_DUST_SMOKE/DEFLECTION_CASES/04_wf3_minus10/airfoilsection/centerbody.dat
66,4722cc5014639a2e3378b0fba63a59225cbbcfe3b04a1588a07ccdd3bcc38155,1325,72,94075,23,BFF_DUST_55,BFF_DUST_55/CASE_DUST_SMOKE/DEFLECTION_CASES/05_wf4_plus10/airfoilsection/centerbody.dat
66,4722cc5014639a2e3378b0fba63a59225cbbcfe3b04a1588a07ccdd3bcc38155,1325,72,94075,24,BFF_DUST_55,BFF_DUST_55/CASE_DUST_SMOKE/DEFLECTION_CASES/06_all_original_hinges/airfoilsection/centerbody.dat
66,4722cc5014639a2e3378b0fba63a59225cbbcfe3b04a1588a07ccdd3bcc38155,1325,72,94075,25,BFF_DUST_55,BFF_DUST_55/CASE_DUST_SMOKE/SURFACE_SEQUENCE_4231/frame_00_WF4_LR_+00.0deg/airfoilsection/centerbody.dat
66,4722cc5014639a2e3378b0fba63a59225cbbcfe3b04a1588a07ccdd3bcc38155,1325,72,94075,26,BFF_DUST_55,BFF_DUST_55/CASE_DUST_SMOKE/SURFACE_SEQUENCE_4231/frame_01_WF4_LR_+15.0deg/airfoilsection/centerbody.dat
66,4722cc5014639a2e3378b0fba63a59225cbbcfe3b04a1588a07ccdd3bcc38155,1325,72,94075,27,BFF_DUST_55,BFF_DUST_55/CASE_DUST_SMOKE/SURFACE_SEQUENCE_4231/frame_02_WF4_LR_+30.0deg/airfoilsection/centerbody.dat
66,4722cc5014639a2e3378b0fba63a59225cbbcfe3b04a1588a07ccdd3bcc38155,1325,72,94075,28,BFF_DUST_55,BFF_DUST_55/CASE_DUST_SMOKE/SURFACE_SEQUENCE_4231/frame_03_WF4_LR_+15.0deg/airfoilsection/centerbody.dat
66,4722cc5014639a2e3378b0fba63a59225cbbcfe3b04a1588a07ccdd3bcc38155,1325,72,94075,29,BFF_DUST_55,BFF_DUST_55/CASE_DUST_SMOKE/SURFACE_SEQUENCE_4231/frame_04_WF4_LR_+00.0deg/airfoilsection/centerbody.dat
66,4722cc5014639a2e3378b0fba63a59225cbbcfe3b04a1588a07ccdd3bcc38155,1325,72,94075,30,BFF_DUST_55,BFF_DUST_55/CASE_DUST_SMOKE/SURFACE_SEQUENCE_4231/frame_05_WF4_LR_-15.0deg/airfoilsection/centerbody.dat
66,4722cc5014639a2e3378b0fba63a59225cbbcfe3b04a1588a07ccdd3bcc38155,1325,72,94075,31,BFF_DUST_55,BFF_DUST_55/CASE_DUST_SMOKE/SURFACE_SEQUENCE_4231/frame_06_WF4_LR_-30.0deg/airfoilsection/centerbody.dat
66,4722cc5014639a2e3378b0fba63a59225cbbcfe3b04a1588a07ccdd3bcc38155,1325,72,94075,32,BFF_DUST_55,BFF_DUST_55/CASE_DUST_SMOKE/SURFACE_SEQUENCE_4231/frame_07_WF4_LR_-15.0deg/airfoilsection/centerbody.dat
66,4722cc5014639a2e3378b0fba63a59225cbbcfe3b04a1588a07ccdd3bcc38155,1325,72,94075,33,BFF_DUST_55,BFF_DUST_55/CASE_DUST_SMOKE/SURFACE_SEQUENCE_4231/frame_08_WF4_LR_+00.0deg/airfoilsection/centerbody.dat
66,4722cc5014639a2e3378b0fba63a59225cbbcfe3b04a1588a07ccdd3bcc38155,1325,72,94075,34,BFF_DUST_55,BFF_DUST_55/CASE_DUST_SMOKE/SURFACE_SEQUENCE_4231/frame_09_WF2_LR_+00.0deg/airfoilsection/centerbody.dat
66,4722cc5014639a2e3378b0fba63a59225cbbcfe3b04a1588a07ccdd3bcc38155,1325,72,94075,35,BFF_DUST_55,BFF_DUST_55/CASE_DUST_SMOKE/SURFACE_SEQUENCE_4231/frame_10_WF2_LR_+15.0deg/airfoilsection/centerbody.dat
66,4722cc5014639a2e3378b0fba63a59225cbbcfe3b04a1588a07ccdd3bcc38155,1325,72,94075,36,BFF_DUST_55,BFF_DUST_55/CASE_DUST_SMOKE/SURFACE_SEQUENCE_4231/frame_11_WF2_LR_+30.0deg/airfoilsection/centerbody.dat
66,4722cc5014639a2e3378b0fba63a59225cbbcfe3b04a1588a07ccdd3bcc38155,1325,72,94075,37,BFF_DUST_55,BFF_DUST_55/CASE_DUST_SMOKE/SURFACE_SEQUENCE_4231/frame_12_WF2_LR_+15.0deg/airfoilsection/centerbody.dat
66,4722cc5014639a2e3378b0fba63a59225cbbcfe3b04a1588a07ccdd3bcc38155,1325,72,94075,38,BFF_DUST_55,BFF_DUST_55/CASE_DUST_SMOKE/SURFACE_SEQUENCE_4231/frame_13_WF2_LR_+00.0deg/airfoilsection/centerbody.dat
66,4722cc5014639a2e3378b0fba63a59225cbbcfe3b04a1588a07ccdd3bcc38155,1325,72,94075,39,BFF_DUST_55,BFF_DUST_55/CASE_DUST_SMOKE/SURFACE_SEQUENCE_4231/frame_14_WF2_LR_-15.0deg/airfoilsection/centerbody.dat
66,4722cc5014639a2e3378b0fba63a59225cbbcfe3b04a1588a07ccdd3bcc38155,1325,72,94075,40,BFF_DUST_55,BFF_DUST_55/CASE_DUST_SMOKE/SURFACE_SEQUENCE_4231/frame_15_WF2_LR_-30.0deg/airfoilsection/centerbody.dat
66,4722cc5014639a2e3378b0fba63a59225cbbcfe3b04a1588a07ccdd3bcc38155,1325,72,94075,41,BFF_DUST_55,BFF_DUST_55/CASE_DUST_SMOKE/SURFACE_SEQUENCE_4231/frame_16_WF2_LR_-15.0deg/airfoilsection/centerbody.dat
66,4722cc5014639a2e3378b0fba63a59225cbbcfe3b04a1588a07ccdd3bcc38155,1325,72,94075,42,BFF_DUST_55,BFF_DUST_55/CASE_DUST_SMOKE/SURFACE_SEQUENCE_4231/frame_17_WF2_LR_+00.0deg/airfoilsection/centerbody.dat
66,4722cc5014639a2e3378b0fba63a59225cbbcfe3b04a1588a07ccdd3bcc38155,1325,72,94075,43,BFF_DUST_55,BFF_DUST_55/CASE_DUST_SMOKE/SURFACE_SEQUENCE_4231/frame_18_WF3_LR_+00.0deg/airfoilsection/centerbody.dat
66,4722cc5014639a2e3378b0fba63a59225cbbcfe3b04a1588a07ccdd3bcc38155,1325,72,94075,44,BFF_DUST_55,BFF_DUST_55/CASE_DUST_SMOKE/SURFACE_SEQUENCE_4231/frame_19_WF3_LR_+15.0deg/airfoilsection/centerbody.dat
66,4722cc5014639a2e3378b0fba63a59225cbbcfe3b04a1588a07ccdd3bcc38155,1325,72,94075,45,BFF_DUST_55,BFF_DUST_55/CASE_DUST_SMOKE/SURFACE_SEQUENCE_4231/frame_20_WF3_LR_+30.0deg/airfoilsection/centerbody.dat
66,4722cc5014639a2e3378b0fba63a59225cbbcfe3b04a1588a07ccdd3bcc38155,1325,72,94075,46,BFF_DUST_55,BFF_DUST_55/CASE_DUST_SMOKE/SURFACE_SEQUENCE_4231/frame_21_WF3_LR_+15.0deg/airfoilsection/centerbody.dat
66,4722cc5014639a2e3378b0fba63a59225cbbcfe3b04a1588a07ccdd3bcc38155,1325,72,94075,47,BFF_DUST_55,BFF_DUST_55/CASE_DUST_SMOKE/SURFACE_SEQUENCE_4231/frame_22_WF3_LR_+00.0deg/airfoilsection/centerbody.dat
66,4722cc5014639a2e3378b0fba63a59225cbbcfe3b04a1588a07ccdd3bcc38155,1325,72,94075,48,BFF_DUST_55,BFF_DUST_55/CASE_DUST_SMOKE/SURFACE_SEQUENCE_4231/frame_23_WF3_LR_-15.0deg/airfoilsection/centerbody.dat
66,4722cc5014639a2e3378b0fba63a59225cbbcfe3b04a1588a07ccdd3bcc38155,1325,72,94075,49,BFF_DUST_55,BFF_DUST_55/CASE_DUST_SMOKE/SURFACE_SEQUENCE_4231/frame_24_WF3_LR_-30.0deg/airfoilsection/centerbody.dat
66,4722cc5014639a2e3378b0fba63a59225cbbcfe3b04a1588a07ccdd3bcc38155,1325,72,94075,50,BFF_DUST_55,BFF_DUST_55/CASE_DUST_SMOKE/SURFACE_SEQUENCE_4231/frame_25_WF3_LR_-15.0deg/airfoilsection/centerbody.dat
66,4722cc5014639a2e3378b0fba63a59225cbbcfe3b04a1588a07ccdd3bcc38155,1325,72,94075,51,BFF_DUST_55,BFF_DUST_55/CASE_DUST_SMOKE/SURFACE_SEQUENCE_4231/frame_26_WF3_LR_+00.0deg/airfoilsection/centerbody.dat
66,4722cc5014639a2e3378b0fba63a59225cbbcfe3b04a1588a07ccdd3bcc38155,1325,72,94075,52,BFF_DUST_55,BFF_DUST_55/CASE_DUST_SMOKE/SURFACE_SEQUENCE_4231/frame_27_WF1_LR_+00.0deg/airfoilsection/centerbody.dat
66,4722cc5014639a2e3378b0fba63a59225cbbcfe3b04a1588a07ccdd3bcc38155,1325,72,94075,53,BFF_DUST_55,BFF_DUST_55/CASE_DUST_SMOKE/SURFACE_SEQUENCE_4231/frame_28_WF1_LR_+15.0deg/airfoilsection/centerbody.dat
66,4722cc5014639a2e3378b0fba63a59225cbbcfe3b04a1588a07ccdd3bcc38155,1325,72,94075,54,BFF_DUST_55,BFF_DUST_55/CASE_DUST_SMOKE/SURFACE_SEQUENCE_4231/frame_29_WF1_LR_+30.0deg/airfoilsection/centerbody.dat
66,4722cc5014639a2e3378b0fba63a59225cbbcfe3b04a1588a07ccdd3bcc38155,1325,72,94075,55,BFF_DUST_55,BFF_DUST_55/CASE_DUST_SMOKE/SURFACE_SEQUENCE_4231/frame_30_WF1_LR_+15.0deg/airfoilsection/centerbody.dat
66,4722cc5014639a2e3378b0fba63a59225cbbcfe3b04a1588a07ccdd3bcc38155,1325,72,94075,56,BFF_DUST_55,BFF_DUST_55/CASE_DUST_SMOKE/SURFACE_SEQUENCE_4231/frame_31_WF1_LR_+00.0deg/airfoilsection/centerbody.dat
66,4722cc5014639a2e3378b0fba63a59225cbbcfe3b04a1588a07ccdd3bcc38155,1325,72,94075,57,BFF_DUST_55,BFF_DUST_55/CASE_DUST_SMOKE/SURFACE_SEQUENCE_4231/frame_32_WF1_LR_-15.0deg/airfoilsection/centerbody.dat
66,4722cc5014639a2e3378b0fba63a59225cbbcfe3b04a1588a07ccdd3bcc38155,1325,72,94075,58,BFF_DUST_55,BFF_DUST_55/CASE_DUST_SMOKE/SURFACE_SEQUENCE_4231/frame_33_WF1_LR_-30.0deg/airfoilsection/centerbody.dat
66,4722cc5014639a2e3378b0fba63a59225cbbcfe3b04a1588a07ccdd3bcc38155,1325,72,94075,59,BFF_DUST_55,BFF_DUST_55/CASE_DUST_SMOKE/SURFACE_SEQUENCE_4231/frame_34_WF1_LR_-15.0deg/airfoilsection/centerbody.dat
66,4722cc5014639a2e3378b0fba63a59225cbbcfe3b04a1588a07ccdd3bcc38155,1325,72,94075,60,BFF_DUST_55,BFF_DUST_55/CASE_DUST_SMOKE/SURFACE_SEQUENCE_4231/frame_35_WF1_LR_+00.0deg/airfoilsection/centerbody.dat
66,4722cc5014639a2e3378b0fba63a59225cbbcfe3b04a1588a07ccdd3bcc38155,1325,72,94075,61,BFF_DUST_55,BFF_DUST_55/CASE_DUST_SMOKE/SURFACE_SEQUENCE_4231/frame_36_BF_LR_+00.0deg/airfoilsection/centerbody.dat
66,4722cc5014639a2e3378b0fba63a59225cbbcfe3b04a1588a07ccdd3bcc38155,1325,72,94075,62,BFF_DUST_55,BFF_DUST_55/CASE_DUST_SMOKE/SURFACE_SEQUENCE_4231/frame_37_BF_LR_+15.0deg/airfoilsection/centerbody.dat
66,4722cc5014639a2e3378b0fba63a59225cbbcfe3b04a1588a07ccdd3bcc38155,1325,72,94075,63,BFF_DUST_55,BFF_DUST_55/CASE_DUST_SMOKE/SURFACE_SEQUENCE_4231/frame_38_BF_LR_+30.0deg/airfoilsection/centerbody.dat
66,4722cc5014639a2e3378b0fba63a59225cbbcfe3b04a1588a07ccdd3bcc38155,1325,72,94075,64,BFF_DUST_55,BFF_DUST_55/CASE_DUST_SMOKE/SURFACE_SEQUENCE_4231/frame_39_BF_LR_+15.0deg/airfoilsection/centerbody.dat
66,4722cc5014639a2e3378b0fba63a59225cbbcfe3b04a1588a07ccdd3bcc38155,1325,72,94075,65,BFF_DUST_55,BFF_DUST_55/CASE_DUST_SMOKE/SURFACE_SEQUENCE_4231/frame_40_BF_LR_+00.0deg/airfoilsection/centerbody.dat
66,4722cc5014639a2e3378b0fba63a59225cbbcfe3b04a1588a07ccdd3bcc38155,1325,72,94075,66,BFF_DUST_55,BFF_DUST_55/CASE_DUST_SMOKE/SURFACE_SEQUENCE_4231/frame_41_BF_LR_-15.0deg/airfoilsection/centerbody.dat
66,4722cc5014639a2e3378b0fba63a59225cbbcfe3b04a1588a07ccdd3bcc38155,1325,72,94075,67,BFF_DUST_55,BFF_DUST_55/CASE_DUST_SMOKE/SURFACE_SEQUENCE_4231/frame_42_BF_LR_-30.0deg/airfoilsection/centerbody.dat
66,4722cc5014639a2e3378b0fba63a59225cbbcfe3b04a1588a07ccdd3bcc38155,1325,72,94075,68,BFF_DUST_55,BFF_DUST_55/CASE_DUST_SMOKE/SURFACE_SEQUENCE_4231/frame_43_BF_LR_-15.0deg/airfoilsection/centerbody.dat
66,4722cc5014639a2e3378b0fba63a59225cbbcfe3b04a1588a07ccdd3bcc38155,1325,72,94075,69,BFF_DUST_55,BFF_DUST_55/CASE_DUST_SMOKE/SURFACE_SEQUENCE_4231/frame_44_BF_LR_+00.0deg/airfoilsection/centerbody.dat
66,4722cc5014639a2e3378b0fba63a59225cbbcfe3b04a1588a07ccdd3bcc38155,1325,72,94075,70,BFF_DUST_55,BFF_DUST_55/model/dust/airfoilsection/centerbody.dat
66,4722cc5014639a2e3378b0fba63a59225cbbcfe3b04a1588a07ccdd3bcc38155,1325,72,94075,71,DUST,DUST/airfoilsection/centerbody.dat
66,4722cc5014639a2e3378b0fba63a59225cbbcfe3b04a1588a07ccdd3bcc38155,1325,72,94075,72,_trim_coupled_stage,_trim_coupled_stage/case/airfoilsection/centerbody.dat
67,ee19c8bf6cea46a1563e39cf816e6b2cfff573fadf1889539de853ad97efed90,1336,71,93520,1,BFF_DUST_55,BFF_DUST_55/CASE_DUST_SMOKE/AILERON_ANIMATION/frame_00_wf4_+00.0deg/airfoilsection/BFinboardTE2.dat
67,ee19c8bf6cea46a1563e39cf816e6b2cfff573fadf1889539de853ad97efed90,1336,71,93520,2,BFF_DUST_55,BFF_DUST_55/CASE_DUST_SMOKE/AILERON_ANIMATION/frame_01_wf4_+02.5deg/airfoilsection/BFinboardTE2.dat
67,ee19c8bf6cea46a1563e39cf816e6b2cfff573fadf1889539de853ad97efed90,1336,71,93520,3,BFF_DUST_55,BFF_DUST_55/CASE_DUST_SMOKE/AILERON_ANIMATION/frame_02_wf4_+05.0deg/airfoilsection/BFinboardTE2.dat
67,ee19c8bf6cea46a1563e39cf816e6b2cfff573fadf1889539de853ad97efed90,1336,71,93520,4,BFF_DUST_55,BFF_DUST_55/CASE_DUST_SMOKE/AILERON_ANIMATION/frame_03_wf4_+07.5deg/airfoilsection/BFinboardTE2.dat
67,ee19c8bf6cea46a1563e39cf816e6b2cfff573fadf1889539de853ad97efed90,1336,71,93520,5,BFF_DUST_55,BFF_DUST_55/CASE_DUST_SMOKE/AILERON_ANIMATION/frame_04_wf4_+10.0deg/airfoilsection/BFinboardTE2.dat
67,ee19c8bf6cea46a1563e39cf816e6b2cfff573fadf1889539de853ad97efed90,1336,71,93520,6,BFF_DUST_55,BFF_DUST_55/CASE_DUST_SMOKE/AILERON_ANIMATION/frame_05_wf4_+07.5deg/airfoilsection/BFinboardTE2.dat
67,ee19c8bf6cea46a1563e39cf816e6b2cfff573fadf1889539de853ad97efed90,1336,71,93520,7,BFF_DUST_55,BFF_DUST_55/CASE_DUST_SMOKE/AILERON_ANIMATION/frame_06_wf4_+05.0deg/airfoilsection/BFinboardTE2.dat
67,ee19c8bf6cea46a1563e39cf816e6b2cfff573fadf1889539de853ad97efed90,1336,71,93520,8,BFF_DUST_55,BFF_DUST_55/CASE_DUST_SMOKE/AILERON_ANIMATION/frame_07_wf4_+02.5deg/airfoilsection/BFinboardTE2.dat
67,ee19c8bf6cea46a1563e39cf816e6b2cfff573fadf1889539de853ad97efed90,1336,71,93520,9,BFF_DUST_55,BFF_DUST_55/CASE_DUST_SMOKE/AILERON_ANIMATION/frame_08_wf4_+00.0deg/airfoilsection/BFinboardTE2.dat
67,ee19c8bf6cea46a1563e39cf816e6b2cfff573fadf1889539de853ad97efed90,1336,71,93520,10,BFF_DUST_55,BFF_DUST_55/CASE_DUST_SMOKE/AILERON_ANIMATION/frame_09_wf4_-02.5deg/airfoilsection/BFinboardTE2.dat
67,ee19c8bf6cea46a1563e39cf816e6b2cfff573fadf1889539de853ad97efed90,1336,71,93520,11,BFF_DUST_55,BFF_DUST_55/CASE_DUST_SMOKE/AILERON_ANIMATION/frame_10_wf4_-05.0deg/airfoilsection/BFinboardTE2.dat
67,ee19c8bf6cea46a1563e39cf816e6b2cfff573fadf1889539de853ad97efed90,1336,71,93520,12,BFF_DUST_55,BFF_DUST_55/CASE_DUST_SMOKE/AILERON_ANIMATION/frame_11_wf4_-07.5deg/airfoilsection/BFinboardTE2.dat
67,ee19c8bf6cea46a1563e39cf816e6b2cfff573fadf1889539de853ad97efed90,1336,71,93520,13,BFF_DUST_55,BFF_DUST_55/CASE_DUST_SMOKE/AILERON_ANIMATION/frame_12_wf4_-10.0deg/airfoilsection/BFinboardTE2.dat
67,ee19c8bf6cea46a1563e39cf816e6b2cfff573fadf1889539de853ad97efed90,1336,71,93520,14,BFF_DUST_55,BFF_DUST_55/CASE_DUST_SMOKE/AILERON_ANIMATION/frame_13_wf4_-07.5deg/airfoilsection/BFinboardTE2.dat
67,ee19c8bf6cea46a1563e39cf816e6b2cfff573fadf1889539de853ad97efed90,1336,71,93520,15,BFF_DUST_55,BFF_DUST_55/CASE_DUST_SMOKE/AILERON_ANIMATION/frame_14_wf4_-05.0deg/airfoilsection/BFinboardTE2.dat
67,ee19c8bf6cea46a1563e39cf816e6b2cfff573fadf1889539de853ad97efed90,1336,71,93520,16,BFF_DUST_55,BFF_DUST_55/CASE_DUST_SMOKE/AILERON_ANIMATION/frame_15_wf4_-02.5deg/airfoilsection/BFinboardTE2.dat
67,ee19c8bf6cea46a1563e39cf816e6b2cfff573fadf1889539de853ad97efed90,1336,71,93520,17,BFF_DUST_55,BFF_DUST_55/CASE_DUST_SMOKE/AILERON_ANIMATION/frame_16_wf4_+00.0deg/airfoilsection/BFinboardTE2.dat
67,ee19c8bf6cea46a1563e39cf816e6b2cfff573fadf1889539de853ad97efed90,1336,71,93520,18,BFF_DUST_55,BFF_DUST_55/CASE_DUST_SMOKE/DEFLECTION_CASES/00_neutral/airfoilsection/BFinboardTE2.dat
67,ee19c8bf6cea46a1563e39cf816e6b2cfff573fadf1889539de853ad97efed90,1336,71,93520,19,BFF_DUST_55,BFF_DUST_55/CASE_DUST_SMOKE/DEFLECTION_CASES/01_body_flaps_plus10/airfoilsection/BFinboardTE2.dat
67,ee19c8bf6cea46a1563e39cf816e6b2cfff573fadf1889539de853ad97efed90,1336,71,93520,20,BFF_DUST_55,BFF_DUST_55/CASE_DUST_SMOKE/DEFLECTION_CASES/02_wf1_minus10/airfoilsection/BFinboardTE2.dat
67,ee19c8bf6cea46a1563e39cf816e6b2cfff573fadf1889539de853ad97efed90,1336,71,93520,21,BFF_DUST_55,BFF_DUST_55/CASE_DUST_SMOKE/DEFLECTION_CASES/03_wf2_plus10/airfoilsection/BFinboardTE2.dat
67,ee19c8bf6cea46a1563e39cf816e6b2cfff573fadf1889539de853ad97efed90,1336,71,93520,22,BFF_DUST_55,BFF_DUST_55/CASE_DUST_SMOKE/DEFLECTION_CASES/04_wf3_minus10/airfoilsection/BFinboardTE2.dat
67,ee19c8bf6cea46a1563e39cf816e6b2cfff573fadf1889539de853ad97efed90,1336,71,93520,23,BFF_DUST_55,BFF_DUST_55/CASE_DUST_SMOKE/DEFLECTION_CASES/05_wf4_plus10/airfoilsection/BFinboardTE2.dat
67,ee19c8bf6cea46a1563e39cf816e6b2cfff573fadf1889539de853ad97efed90,1336,71,93520,24,BFF_DUST_55,BFF_DUST_55/CASE_DUST_SMOKE/DEFLECTION_CASES/06_all_original_hinges/airfoilsection/BFinboardTE2.dat
67,ee19c8bf6cea46a1563e39cf816e6b2cfff573fadf1889539de853ad97efed90,1336,71,93520,25,BFF_DUST_55,BFF_DUST_55/CASE_DUST_SMOKE/SURFACE_SEQUENCE_4231/frame_00_WF4_LR_+00.0deg/airfoilsection/BFinboardTE2.dat
67,ee19c8bf6cea46a1563e39cf816e6b2cfff573fadf1889539de853ad97efed90,1336,71,93520,26,BFF_DUST_55,BFF_DUST_55/CASE_DUST_SMOKE/SURFACE_SEQUENCE_4231/frame_01_WF4_LR_+15.0deg/airfoilsection/BFinboardTE2.dat
67,ee19c8bf6cea46a1563e39cf816e6b2cfff573fadf1889539de853ad97efed90,1336,71,93520,27,BFF_DUST_55,BFF_DUST_55/CASE_DUST_SMOKE/SURFACE_SEQUENCE_4231/frame_02_WF4_LR_+30.0deg/airfoilsection/BFinboardTE2.dat
67,ee19c8bf6cea46a1563e39cf816e6b2cfff573fadf1889539de853ad97efed90,1336,71,93520,28,BFF_DUST_55,BFF_DUST_55/CASE_DUST_SMOKE/SURFACE_SEQUENCE_4231/frame_03_WF4_LR_+15.0deg/airfoilsection/BFinboardTE2.dat
67,ee19c8bf6cea46a1563e39cf816e6b2cfff573fadf1889539de853ad97efed90,1336,71,93520,29,BFF_DUST_55,BFF_DUST_55/CASE_DUST_SMOKE/SURFACE_SEQUENCE_4231/frame_04_WF4_LR_+00.0deg/airfoilsection/BFinboardTE2.dat
67,ee19c8bf6cea46a1563e39cf816e6b2cfff573fadf1889539de853ad97efed90,1336,71,93520,30,BFF_DUST_55,BFF_DUST_55/CASE_DUST_SMOKE/SURFACE_SEQUENCE_4231/frame_05_WF4_LR_-15.0deg/airfoilsection/BFinboardTE2.dat
67,ee19c8bf6cea46a1563e39cf816e6b2cfff573fadf1889539de853ad97efed90,1336,71,93520,31,BFF_DUST_55,BFF_DUST_55/CASE_DUST_SMOKE/SURFACE_SEQUENCE_4231/frame_06_WF4_LR_-30.0deg/airfoilsection/BFinboardTE2.dat
67,ee19c8bf6cea46a1563e39cf816e6b2cfff573fadf1889539de853ad97efed90,1336,71,93520,32,BFF_DUST_55,BFF_DUST_55/CASE_DUST_SMOKE/SURFACE_SEQUENCE_4231/frame_07_WF4_LR_-15.0deg/airfoilsection/BFinboardTE2.dat
67,ee19c8bf6cea46a1563e39cf816e6b2cfff573fadf1889539de853ad97efed90,1336,71,93520,33,BFF_DUST_55,BFF_DUST_55/CASE_DUST_SMOKE/SURFACE_SEQUENCE_4231/frame_08_WF4_LR_+00.0deg/airfoilsection/BFinboardTE2.dat
67,ee19c8bf6cea46a1563e39cf816e6b2cfff573fadf1889539de853ad97efed90,1336,71,93520,34,BFF_DUST_55,BFF_DUST_55/CASE_DUST_SMOKE/SURFACE_SEQUENCE_4231/frame_09_WF2_LR_+00.0deg/airfoilsection/BFinboardTE2.dat
67,ee19c8bf6cea46a1563e39cf816e6b2cfff573fadf1889539de853ad97efed90,1336,71,93520,35,BFF_DUST_55,BFF_DUST_55/CASE_DUST_SMOKE/SURFACE_SEQUENCE_4231/frame_10_WF2_LR_+15.0deg/airfoilsection/BFinboardTE2.dat
67,ee19c8bf6cea46a1563e39cf816e6b2cfff573fadf1889539de853ad97efed90,1336,71,93520,36,BFF_DUST_55,BFF_DUST_55/CASE_DUST_SMOKE/SURFACE_SEQUENCE_4231/frame_11_WF2_LR_+30.0deg/airfoilsection/BFinboardTE2.dat
67,ee19c8bf6cea46a1563e39cf816e6b2cfff573fadf1889539de853ad97efed90,1336,71,93520,37,BFF_DUST_55,BFF_DUST_55/CASE_DUST_SMOKE/SURFACE_SEQUENCE_4231/frame_12_WF2_LR_+15.0deg/airfoilsection/BFinboardTE2.dat
67,ee19c8bf6cea46a1563e39cf816e6b2cfff573fadf1889539de853ad97efed90,1336,71,93520,38,BFF_DUST_55,BFF_DUST_55/CASE_DUST_SMOKE/SURFACE_SEQUENCE_4231/frame_13_WF2_LR_+00.0deg/airfoilsection/BFinboardTE2.dat
67,ee19c8bf6cea46a1563e39cf816e6b2cfff573fadf1889539de853ad97efed90,1336,71,93520,39,BFF_DUST_55,BFF_DUST_55/CASE_DUST_SMOKE/SURFACE_SEQUENCE_4231/frame_14_WF2_LR_-15.0deg/airfoilsection/BFinboardTE2.dat
67,ee19c8bf6cea46a1563e39cf816e6b2cfff573fadf1889539de853ad97efed90,1336,71,93520,40,BFF_DUST_55,BFF_DUST_55/CASE_DUST_SMOKE/SURFACE_SEQUENCE_4231/frame_15_WF2_LR_-30.0deg/airfoilsection/BFinboardTE2.dat
67,ee19c8bf6cea46a1563e39cf816e6b2cfff573fadf1889539de853ad97efed90,1336,71,93520,41,BFF_DUST_55,BFF_DUST_55/CASE_DUST_SMOKE/SURFACE_SEQUENCE_4231/frame_16_WF2_LR_-15.0deg/airfoilsection/BFinboardTE2.dat
67,ee19c8bf6cea46a1563e39cf816e6b2cfff573fadf1889539de853ad97efed90,1336,71,93520,42,BFF_DUST_55,BFF_DUST_55/CASE_DUST_SMOKE/SURFACE_SEQUENCE_4231/frame_17_WF2_LR_+00.0deg/airfoilsection/BFinboardTE2.dat
67,ee19c8bf6cea46a1563e39cf816e6b2cfff573fadf1889539de853ad97efed90,1336,71,93520,43,BFF_DUST_55,BFF_DUST_55/CASE_DUST_SMOKE/SURFACE_SEQUENCE_4231/frame_18_WF3_LR_+00.0deg/airfoilsection/BFinboardTE2.dat
67,ee19c8bf6cea46a1563e39cf816e6b2cfff573fadf1889539de853ad97efed90,1336,71,93520,44,BFF_DUST_55,BFF_DUST_55/CASE_DUST_SMOKE/SURFACE_SEQUENCE_4231/frame_19_WF3_LR_+15.0deg/airfoilsection/BFinboardTE2.dat
67,ee19c8bf6cea46a1563e39cf816e6b2cfff573fadf1889539de853ad97efed90,1336,71,93520,45,BFF_DUST_55,BFF_DUST_55/CASE_DUST_SMOKE/SURFACE_SEQUENCE_4231/frame_20_WF3_LR_+30.0deg/airfoilsection/BFinboardTE2.dat
67,ee19c8bf6cea46a1563e39cf816e6b2cfff573fadf1889539de853ad97efed90,1336,71,93520,46,BFF_DUST_55,BFF_DUST_55/CASE_DUST_SMOKE/SURFACE_SEQUENCE_4231/frame_21_WF3_LR_+15.0deg/airfoilsection/BFinboardTE2.dat
67,ee19c8bf6cea46a1563e39cf816e6b2cfff573fadf1889539de853ad97efed90,1336,71,93520,47,BFF_DUST_55,BFF_DUST_55/CASE_DUST_SMOKE/SURFACE_SEQUENCE_4231/frame_22_WF3_LR_+00.0deg/airfoilsection/BFinboardTE2.dat
67,ee19c8bf6cea46a1563e39cf816e6b2cfff573fadf1889539de853ad97efed90,1336,71,93520,48,BFF_DUST_55,BFF_DUST_55/CASE_DUST_SMOKE/SURFACE_SEQUENCE_4231/frame_23_WF3_LR_-15.0deg/airfoilsection/BFinboardTE2.dat
67,ee19c8bf6cea46a1563e39cf816e6b2cfff573fadf1889539de853ad97efed90,1336,71,93520,49,BFF_DUST_55,BFF_DUST_55/CASE_DUST_SMOKE/SURFACE_SEQUENCE_4231/frame_24_WF3_LR_-30.0deg/airfoilsection/BFinboardTE2.dat
67,ee19c8bf6cea46a1563e39cf816e6b2cfff573fadf1889539de853ad97efed90,1336,71,93520,50,BFF_DUST_55,BFF_DUST_55/CASE_DUST_SMOKE/SURFACE_SEQUENCE_4231/frame_25_WF3_LR_-15.0deg/airfoilsection/BFinboardTE2.dat
67,ee19c8bf6cea46a1563e39cf816e6b2cfff573fadf1889539de853ad97efed90,1336,71,93520,51,BFF_DUST_55,BFF_DUST_55/CASE_DUST_SMOKE/SURFACE_SEQUENCE_4231/frame_26_WF3_LR_+00.0deg/airfoilsection/BFinboardTE2.dat
67,ee19c8bf6cea46a1563e39cf816e6b2cfff573fadf1889539de853ad97efed90,1336,71,93520,52,BFF_DUST_55,BFF_DUST_55/CASE_DUST_SMOKE/SURFACE_SEQUENCE_4231/frame_27_WF1_LR_+00.0deg/airfoilsection/BFinboardTE2.dat
67,ee19c8bf6cea46a1563e39cf816e6b2cfff573fadf1889539de853ad97efed90,1336,71,93520,53,BFF_DUST_55,BFF_DUST_55/CASE_DUST_SMOKE/SURFACE_SEQUENCE_4231/frame_28_WF1_LR_+15.0deg/airfoilsection/BFinboardTE2.dat
67,ee19c8bf6cea46a1563e39cf816e6b2cfff573fadf1889539de853ad97efed90,1336,71,93520,54,BFF_DUST_55,BFF_DUST_55/CASE_DUST_SMOKE/SURFACE_SEQUENCE_4231/frame_29_WF1_LR_+30.0deg/airfoilsection/BFinboardTE2.dat
67,ee19c8bf6cea46a1563e39cf816e6b2cfff573fadf1889539de853ad97efed90,1336,71,93520,55,BFF_DUST_55,BFF_DUST_55/CASE_DUST_SMOKE/SURFACE_SEQUENCE_4231/frame_30_WF1_LR_+15.0deg/airfoilsection/BFinboardTE2.dat
67,ee19c8bf6cea46a1563e39cf816e6b2cfff573fadf1889539de853ad97efed90,1336,71,93520,56,BFF_DUST_55,BFF_DUST_55/CASE_DUST_SMOKE/SURFACE_SEQUENCE_4231/frame_31_WF1_LR_+00.0deg/airfoilsection/BFinboardTE2.dat
67,ee19c8bf6cea46a1563e39cf816e6b2cfff573fadf1889539de853ad97efed90,1336,71,93520,57,BFF_DUST_55,BFF_DUST_55/CASE_DUST_SMOKE/SURFACE_SEQUENCE_4231/frame_32_WF1_LR_-15.0deg/airfoilsection/BFinboardTE2.dat
67,ee19c8bf6cea46a1563e39cf816e6b2cfff573fadf1889539de853ad97efed90,1336,71,93520,58,BFF_DUST_55,BFF_DUST_55/CASE_DUST_SMOKE/SURFACE_SEQUENCE_4231/frame_33_WF1_LR_-30.0deg/airfoilsection/BFinboardTE2.dat
67,ee19c8bf6cea46a1563e39cf816e6b2cfff573fadf1889539de853ad97efed90,1336,71,93520,59,BFF_DUST_55,BFF_DUST_55/CASE_DUST_SMOKE/SURFACE_SEQUENCE_4231/frame_34_WF1_LR_-15.0deg/airfoilsection/BFinboardTE2.dat
67,ee19c8bf6cea46a1563e39cf816e6b2cfff573fadf1889539de853ad97efed90,1336,71,93520,60,BFF_DUST_55,BFF_DUST_55/CASE_DUST_SMOKE/SURFACE_SEQUENCE_4231/frame_35_WF1_LR_+00.0deg/airfoilsection/BFinboardTE2.dat
67,ee19c8bf6cea46a1563e39cf816e6b2cfff573fadf1889539de853ad97efed90,1336,71,93520,61,BFF_DUST_55,BFF_DUST_55/CASE_DUST_SMOKE/SURFACE_SEQUENCE_4231/frame_36_BF_LR_+00.0deg/airfoilsection/BFinboardTE2.dat
67,ee19c8bf6cea46a1563e39cf816e6b2cfff573fadf1889539de853ad97efed90,1336,71,93520,62,BFF_DUST_55,BFF_DUST_55/CASE_DUST_SMOKE/SURFACE_SEQUENCE_4231/frame_37_BF_LR_+15.0deg/airfoilsection/BFinboardTE2.dat
67,ee19c8bf6cea46a1563e39cf816e6b2cfff573fadf1889539de853ad97efed90,1336,71,93520,63,BFF_DUST_55,BFF_DUST_55/CASE_DUST_SMOKE/SURFACE_SEQUENCE_4231/frame_38_BF_LR_+30.0deg/airfoilsection/BFinboardTE2.dat
67,ee19c8bf6cea46a1563e39cf816e6b2cfff573fadf1889539de853ad97efed90,1336,71,93520,64,BFF_DUST_55,BFF_DUST_55/CASE_DUST_SMOKE/SURFACE_SEQUENCE_4231/frame_39_BF_LR_+15.0deg/airfoilsection/BFinboardTE2.dat
67,ee19c8bf6cea46a1563e39cf816e6b2cfff573fadf1889539de853ad97efed90,1336,71,93520,65,BFF_DUST_55,BFF_DUST_55/CASE_DUST_SMOKE/SURFACE_SEQUENCE_4231/frame_40_BF_LR_+00.0deg/airfoilsection/BFinboardTE2.dat
67,ee19c8bf6cea46a1563e39cf816e6b2cfff573fadf1889539de853ad97efed90,1336,71,93520,66,BFF_DUST_55,BFF_DUST_55/CASE_DUST_SMOKE/SURFACE_SEQUENCE_4231/frame_41_BF_LR_-15.0deg/airfoilsection/BFinboardTE2.dat
67,ee19c8bf6cea46a1563e39cf816e6b2cfff573fadf1889539de853ad97efed90,1336,71,93520,67,BFF_DUST_55,BFF_DUST_55/CASE_DUST_SMOKE/SURFACE_SEQUENCE_4231/frame_42_BF_LR_-30.0deg/airfoilsection/BFinboardTE2.dat
67,ee19c8bf6cea46a1563e39cf816e6b2cfff573fadf1889539de853ad97efed90,1336,71,93520,68,BFF_DUST_55,BFF_DUST_55/CASE_DUST_SMOKE/SURFACE_SEQUENCE_4231/frame_43_BF_LR_-15.0deg/airfoilsection/BFinboardTE2.dat
67,ee19c8bf6cea46a1563e39cf816e6b2cfff573fadf1889539de853ad97efed90,1336,71,93520,69,BFF_DUST_55,BFF_DUST_55/CASE_DUST_SMOKE/SURFACE_SEQUENCE_4231/frame_44_BF_LR_+00.0deg/airfoilsection/BFinboardTE2.dat
67,ee19c8bf6cea46a1563e39cf816e6b2cfff573fadf1889539de853ad97efed90,1336,71,93520,70,DUST,DUST/airfoilsection/BFinboardTE2.dat
67,ee19c8bf6cea46a1563e39cf816e6b2cfff573fadf1889539de853ad97efed90,1336,71,93520,71,_trim_coupled_stage,_trim_coupled_stage/case/airfoilsection/BFinboardTE2.dat
68,a87ce533cbaf5f866cbbed30b01b20442f7ef4549ca5168cef6f644249bf6354,1317,72,93507,1,BFF_DUST_55,BFF_DUST_55/CASE_DUST_SMOKE/AILERON_ANIMATION/frame_00_wf4_+00.0deg/airfoilsection/yehudi.dat
68,a87ce533cbaf5f866cbbed30b01b20442f7ef4549ca5168cef6f644249bf6354,1317,72,93507,2,BFF_DUST_55,BFF_DUST_55/CASE_DUST_SMOKE/AILERON_ANIMATION/frame_01_wf4_+02.5deg/airfoilsection/yehudi.dat
68,a87ce533cbaf5f866cbbed30b01b20442f7ef4549ca5168cef6f644249bf6354,1317,72,93507,3,BFF_DUST_55,BFF_DUST_55/CASE_DUST_SMOKE/AILERON_ANIMATION/frame_02_wf4_+05.0deg/airfoilsection/yehudi.dat
68,a87ce533cbaf5f866cbbed30b01b20442f7ef4549ca5168cef6f644249bf6354,1317,72,93507,4,BFF_DUST_55,BFF_DUST_55/CASE_DUST_SMOKE/AILERON_ANIMATION/frame_03_wf4_+07.5deg/airfoilsection/yehudi.dat
68,a87ce533cbaf5f866cbbed30b01b20442f7ef4549ca5168cef6f644249bf6354,1317,72,93507,5,BFF_DUST_55,BFF_DUST_55/CASE_DUST_SMOKE/AILERON_ANIMATION/frame_04_wf4_+10.0deg/airfoilsection/yehudi.dat
68,a87ce533cbaf5f866cbbed30b01b20442f7ef4549ca5168cef6f644249bf6354,1317,72,93507,6,BFF_DUST_55,BFF_DUST_55/CASE_DUST_SMOKE/AILERON_ANIMATION/frame_05_wf4_+07.5deg/airfoilsection/yehudi.dat
68,a87ce533cbaf5f866cbbed30b01b20442f7ef4549ca5168cef6f644249bf6354,1317,72,93507,7,BFF_DUST_55,BFF_DUST_55/CASE_DUST_SMOKE/AILERON_ANIMATION/frame_06_wf4_+05.0deg/airfoilsection/yehudi.dat
68,a87ce533cbaf5f866cbbed30b01b20442f7ef4549ca5168cef6f644249bf6354,1317,72,93507,8,BFF_DUST_55,BFF_DUST_55/CASE_DUST_SMOKE/AILERON_ANIMATION/frame_07_wf4_+02.5deg/airfoilsection/yehudi.dat
68,a87ce533cbaf5f866cbbed30b01b20442f7ef4549ca5168cef6f644249bf6354,1317,72,93507,9,BFF_DUST_55,BFF_DUST_55/CASE_DUST_SMOKE/AILERON_ANIMATION/frame_08_wf4_+00.0deg/airfoilsection/yehudi.dat
68,a87ce533cbaf5f866cbbed30b01b20442f7ef4549ca5168cef6f644249bf6354,1317,72,93507,10,BFF_DUST_55,BFF_DUST_55/CASE_DUST_SMOKE/AILERON_ANIMATION/frame_09_wf4_-02.5deg/airfoilsection/yehudi.dat
68,a87ce533cbaf5f866cbbed30b01b20442f7ef4549ca5168cef6f644249bf6354,1317,72,93507,11,BFF_DUST_55,BFF_DUST_55/CASE_DUST_SMOKE/AILERON_ANIMATION/frame_10_wf4_-05.0deg/airfoilsection/yehudi.dat
68,a87ce533cbaf5f866cbbed30b01b20442f7ef4549ca5168cef6f644249bf6354,1317,72,93507,12,BFF_DUST_55,BFF_DUST_55/CASE_DUST_SMOKE/AILERON_ANIMATION/frame_11_wf4_-07.5deg/airfoilsection/yehudi.dat
68,a87ce533cbaf5f866cbbed30b01b20442f7ef4549ca5168cef6f644249bf6354,1317,72,93507,13,BFF_DUST_55,BFF_DUST_55/CASE_DUST_SMOKE/AILERON_ANIMATION/frame_12_wf4_-10.0deg/airfoilsection/yehudi.dat
68,a87ce533cbaf5f866cbbed30b01b20442f7ef4549ca5168cef6f644249bf6354,1317,72,93507,14,BFF_DUST_55,BFF_DUST_55/CASE_DUST_SMOKE/AILERON_ANIMATION/frame_13_wf4_-07.5deg/airfoilsection/yehudi.dat
68,a87ce533cbaf5f866cbbed30b01b20442f7ef4549ca5168cef6f644249bf6354,1317,72,93507,15,BFF_DUST_55,BFF_DUST_55/CASE_DUST_SMOKE/AILERON_ANIMATION/frame_14_wf4_-05.0deg/airfoilsection/yehudi.dat
68,a87ce533cbaf5f866cbbed30b01b20442f7ef4549ca5168cef6f644249bf6354,1317,72,93507,16,BFF_DUST_55,BFF_DUST_55/CASE_DUST_SMOKE/AILERON_ANIMATION/frame_15_wf4_-02.5deg/airfoilsection/yehudi.dat
68,a87ce533cbaf5f866cbbed30b01b20442f7ef4549ca5168cef6f644249bf6354,1317,72,93507,17,BFF_DUST_55,BFF_DUST_55/CASE_DUST_SMOKE/AILERON_ANIMATION/frame_16_wf4_+00.0deg/airfoilsection/yehudi.dat
68,a87ce533cbaf5f866cbbed30b01b20442f7ef4549ca5168cef6f644249bf6354,1317,72,93507,18,BFF_DUST_55,BFF_DUST_55/CASE_DUST_SMOKE/DEFLECTION_CASES/00_neutral/airfoilsection/yehudi.dat
68,a87ce533cbaf5f866cbbed30b01b20442f7ef4549ca5168cef6f644249bf6354,1317,72,93507,19,BFF_DUST_55,BFF_DUST_55/CASE_DUST_SMOKE/DEFLECTION_CASES/01_body_flaps_plus10/airfoilsection/yehudi.dat
68,a87ce533cbaf5f866cbbed30b01b20442f7ef4549ca5168cef6f644249bf6354,1317,72,93507,20,BFF_DUST_55,BFF_DUST_55/CASE_DUST_SMOKE/DEFLECTION_CASES/02_wf1_minus10/airfoilsection/yehudi.dat
68,a87ce533cbaf5f866cbbed30b01b20442f7ef4549ca5168cef6f644249bf6354,1317,72,93507,21,BFF_DUST_55,BFF_DUST_55/CASE_DUST_SMOKE/DEFLECTION_CASES/03_wf2_plus10/airfoilsection/yehudi.dat
68,a87ce533cbaf5f866cbbed30b01b20442f7ef4549ca5168cef6f644249bf6354,1317,72,93507,22,BFF_DUST_55,BFF_DUST_55/CASE_DUST_SMOKE/DEFLECTION_CASES/04_wf3_minus10/airfoilsection/yehudi.dat
68,a87ce533cbaf5f866cbbed30b01b20442f7ef4549ca5168cef6f644249bf6354,1317,72,93507,23,BFF_DUST_55,BFF_DUST_55/CASE_DUST_SMOKE/DEFLECTION_CASES/05_wf4_plus10/airfoilsection/yehudi.dat
68,a87ce533cbaf5f866cbbed30b01b20442f7ef4549ca5168cef6f644249bf6354,1317,72,93507,24,BFF_DUST_55,BFF_DUST_55/CASE_DUST_SMOKE/DEFLECTION_CASES/06_all_original_hinges/airfoilsection/yehudi.dat
68,a87ce533cbaf5f866cbbed30b01b20442f7ef4549ca5168cef6f644249bf6354,1317,72,93507,25,BFF_DUST_55,BFF_DUST_55/CASE_DUST_SMOKE/SURFACE_SEQUENCE_4231/frame_00_WF4_LR_+00.0deg/airfoilsection/yehudi.dat
68,a87ce533cbaf5f866cbbed30b01b20442f7ef4549ca5168cef6f644249bf6354,1317,72,93507,26,BFF_DUST_55,BFF_DUST_55/CASE_DUST_SMOKE/SURFACE_SEQUENCE_4231/frame_01_WF4_LR_+15.0deg/airfoilsection/yehudi.dat
68,a87ce533cbaf5f866cbbed30b01b20442f7ef4549ca5168cef6f644249bf6354,1317,72,93507,27,BFF_DUST_55,BFF_DUST_55/CASE_DUST_SMOKE/SURFACE_SEQUENCE_4231/frame_02_WF4_LR_+30.0deg/airfoilsection/yehudi.dat
68,a87ce533cbaf5f866cbbed30b01b20442f7ef4549ca5168cef6f644249bf6354,1317,72,93507,28,BFF_DUST_55,BFF_DUST_55/CASE_DUST_SMOKE/SURFACE_SEQUENCE_4231/frame_03_WF4_LR_+15.0deg/airfoilsection/yehudi.dat
68,a87ce533cbaf5f866cbbed30b01b20442f7ef4549ca5168cef6f644249bf6354,1317,72,93507,29,BFF_DUST_55,BFF_DUST_55/CASE_DUST_SMOKE/SURFACE_SEQUENCE_4231/frame_04_WF4_LR_+00.0deg/airfoilsection/yehudi.dat
68,a87ce533cbaf5f866cbbed30b01b20442f7ef4549ca5168cef6f644249bf6354,1317,72,93507,30,BFF_DUST_55,BFF_DUST_55/CASE_DUST_SMOKE/SURFACE_SEQUENCE_4231/frame_05_WF4_LR_-15.0deg/airfoilsection/yehudi.dat
68,a87ce533cbaf5f866cbbed30b01b20442f7ef4549ca5168cef6f644249bf6354,1317,72,93507,31,BFF_DUST_55,BFF_DUST_55/CASE_DUST_SMOKE/SURFACE_SEQUENCE_4231/frame_06_WF4_LR_-30.0deg/airfoilsection/yehudi.dat
68,a87ce533cbaf5f866cbbed30b01b20442f7ef4549ca5168cef6f644249bf6354,1317,72,93507,32,BFF_DUST_55,BFF_DUST_55/CASE_DUST_SMOKE/SURFACE_SEQUENCE_4231/frame_07_WF4_LR_-15.0deg/airfoilsection/yehudi.dat
68,a87ce533cbaf5f866cbbed30b01b20442f7ef4549ca5168cef6f644249bf6354,1317,72,93507,33,BFF_DUST_55,BFF_DUST_55/CASE_DUST_SMOKE/SURFACE_SEQUENCE_4231/frame_08_WF4_LR_+00.0deg/airfoilsection/yehudi.dat
68,a87ce533cbaf5f866cbbed30b01b20442f7ef4549ca5168cef6f644249bf6354,1317,72,93507,34,BFF_DUST_55,BFF_DUST_55/CASE_DUST_SMOKE/SURFACE_SEQUENCE_4231/frame_09_WF2_LR_+00.0deg/airfoilsection/yehudi.dat
68,a87ce533cbaf5f866cbbed30b01b20442f7ef4549ca5168cef6f644249bf6354,1317,72,93507,35,BFF_DUST_55,BFF_DUST_55/CASE_DUST_SMOKE/SURFACE_SEQUENCE_4231/frame_10_WF2_LR_+15.0deg/airfoilsection/yehudi.dat
68,a87ce533cbaf5f866cbbed30b01b20442f7ef4549ca5168cef6f644249bf6354,1317,72,93507,36,BFF_DUST_55,BFF_DUST_55/CASE_DUST_SMOKE/SURFACE_SEQUENCE_4231/frame_11_WF2_LR_+30.0deg/airfoilsection/yehudi.dat
68,a87ce533cbaf5f866cbbed30b01b20442f7ef4549ca5168cef6f644249bf6354,1317,72,93507,37,BFF_DUST_55,BFF_DUST_55/CASE_DUST_SMOKE/SURFACE_SEQUENCE_4231/frame_12_WF2_LR_+15.0deg/airfoilsection/yehudi.dat
68,a87ce533cbaf5f866cbbed30b01b20442f7ef4549ca5168cef6f644249bf6354,1317,72,93507,38,BFF_DUST_55,BFF_DUST_55/CASE_DUST_SMOKE/SURFACE_SEQUENCE_4231/frame_13_WF2_LR_+00.0deg/airfoilsection/yehudi.dat
68,a87ce533cbaf5f866cbbed30b01b20442f7ef4549ca5168cef6f644249bf6354,1317,72,93507,39,BFF_DUST_55,BFF_DUST_55/CASE_DUST_SMOKE/SURFACE_SEQUENCE_4231/frame_14_WF2_LR_-15.0deg/airfoilsection/yehudi.dat
68,a87ce533cbaf5f866cbbed30b01b20442f7ef4549ca5168cef6f644249bf6354,1317,72,93507,40,BFF_DUST_55,BFF_DUST_55/CASE_DUST_SMOKE/SURFACE_SEQUENCE_4231/frame_15_WF2_LR_-30.0deg/airfoilsection/yehudi.dat
68,a87ce533cbaf5f866cbbed30b01b20442f7ef4549ca5168cef6f644249bf6354,1317,72,93507,41,BFF_DUST_55,BFF_DUST_55/CASE_DUST_SMOKE/SURFACE_SEQUENCE_4231/frame_16_WF2_LR_-15.0deg/airfoilsection/yehudi.dat
68,a87ce533cbaf5f866cbbed30b01b20442f7ef4549ca5168cef6f644249bf6354,1317,72,93507,42,BFF_DUST_55,BFF_DUST_55/CASE_DUST_SMOKE/SURFACE_SEQUENCE_4231/frame_17_WF2_LR_+00.0deg/airfoilsection/yehudi.dat
68,a87ce533cbaf5f866cbbed30b01b20442f7ef4549ca5168cef6f644249bf6354,1317,72,93507,43,BFF_DUST_55,BFF_DUST_55/CASE_DUST_SMOKE/SURFACE_SEQUENCE_4231/frame_18_WF3_LR_+00.0deg/airfoilsection/yehudi.dat
68,a87ce533cbaf5f866cbbed30b01b20442f7ef4549ca5168cef6f644249bf6354,1317,72,93507,44,BFF_DUST_55,BFF_DUST_55/CASE_DUST_SMOKE/SURFACE_SEQUENCE_4231/frame_19_WF3_LR_+15.0deg/airfoilsection/yehudi.dat
68,a87ce533cbaf5f866cbbed30b01b20442f7ef4549ca5168cef6f644249bf6354,1317,72,93507,45,BFF_DUST_55,BFF_DUST_55/CASE_DUST_SMOKE/SURFACE_SEQUENCE_4231/frame_20_WF3_LR_+30.0deg/airfoilsection/yehudi.dat
68,a87ce533cbaf5f866cbbed30b01b20442f7ef4549ca5168cef6f644249bf6354,1317,72,93507,46,BFF_DUST_55,BFF_DUST_55/CASE_DUST_SMOKE/SURFACE_SEQUENCE_4231/frame_21_WF3_LR_+15.0deg/airfoilsection/yehudi.dat
68,a87ce533cbaf5f866cbbed30b01b20442f7ef4549ca5168cef6f644249bf6354,1317,72,93507,47,BFF_DUST_55,BFF_DUST_55/CASE_DUST_SMOKE/SURFACE_SEQUENCE_4231/frame_22_WF3_LR_+00.0deg/airfoilsection/yehudi.dat
68,a87ce533cbaf5f866cbbed30b01b20442f7ef4549ca5168cef6f644249bf6354,1317,72,93507,48,BFF_DUST_55,BFF_DUST_55/CASE_DUST_SMOKE/SURFACE_SEQUENCE_4231/frame_23_WF3_LR_-15.0deg/airfoilsection/yehudi.dat
68,a87ce533cbaf5f866cbbed30b01b20442f7ef4549ca5168cef6f644249bf6354,1317,72,93507,49,BFF_DUST_55,BFF_DUST_55/CASE_DUST_SMOKE/SURFACE_SEQUENCE_4231/frame_24_WF3_LR_-30.0deg/airfoilsection/yehudi.dat
68,a87ce533cbaf5f866cbbed30b01b20442f7ef4549ca5168cef6f644249bf6354,1317,72,93507,50,BFF_DUST_55,BFF_DUST_55/CASE_DUST_SMOKE/SURFACE_SEQUENCE_4231/frame_25_WF3_LR_-15.0deg/airfoilsection/yehudi.dat
68,a87ce533cbaf5f866cbbed30b01b20442f7ef4549ca5168cef6f644249bf6354,1317,72,93507,51,BFF_DUST_55,BFF_DUST_55/CASE_DUST_SMOKE/SURFACE_SEQUENCE_4231/frame_26_WF3_LR_+00.0deg/airfoilsection/yehudi.dat
68,a87ce533cbaf5f866cbbed30b01b20442f7ef4549ca5168cef6f644249bf6354,1317,72,93507,52,BFF_DUST_55,BFF_DUST_55/CASE_DUST_SMOKE/SURFACE_SEQUENCE_4231/frame_27_WF1_LR_+00.0deg/airfoilsection/yehudi.dat
68,a87ce533cbaf5f866cbbed30b01b20442f7ef4549ca5168cef6f644249bf6354,1317,72,93507,53,BFF_DUST_55,BFF_DUST_55/CASE_DUST_SMOKE/SURFACE_SEQUENCE_4231/frame_28_WF1_LR_+15.0deg/airfoilsection/yehudi.dat
68,a87ce533cbaf5f866cbbed30b01b20442f7ef4549ca5168cef6f644249bf6354,1317,72,93507,54,BFF_DUST_55,BFF_DUST_55/CASE_DUST_SMOKE/SURFACE_SEQUENCE_4231/frame_29_WF1_LR_+30.0deg/airfoilsection/yehudi.dat
68,a87ce533cbaf5f866cbbed30b01b20442f7ef4549ca5168cef6f644249bf6354,1317,72,93507,55,BFF_DUST_55,BFF_DUST_55/CASE_DUST_SMOKE/SURFACE_SEQUENCE_4231/frame_30_WF1_LR_+15.0deg/airfoilsection/yehudi.dat
68,a87ce533cbaf5f866cbbed30b01b20442f7ef4549ca5168cef6f644249bf6354,1317,72,93507,56,BFF_DUST_55,BFF_DUST_55/CASE_DUST_SMOKE/SURFACE_SEQUENCE_4231/frame_31_WF1_LR_+00.0deg/airfoilsection/yehudi.dat
68,a87ce533cbaf5f866cbbed30b01b20442f7ef4549ca5168cef6f644249bf6354,1317,72,93507,57,BFF_DUST_55,BFF_DUST_55/CASE_DUST_SMOKE/SURFACE_SEQUENCE_4231/frame_32_WF1_LR_-15.0deg/airfoilsection/yehudi.dat
68,a87ce533cbaf5f866cbbed30b01b20442f7ef4549ca5168cef6f644249bf6354,1317,72,93507,58,BFF_DUST_55,BFF_DUST_55/CASE_DUST_SMOKE/SURFACE_SEQUENCE_4231/frame_33_WF1_LR_-30.0deg/airfoilsection/yehudi.dat
68,a87ce533cbaf5f866cbbed30b01b20442f7ef4549ca5168cef6f644249bf6354,1317,72,93507,59,BFF_DUST_55,BFF_DUST_55/CASE_DUST_SMOKE/SURFACE_SEQUENCE_4231/frame_34_WF1_LR_-15.0deg/airfoilsection/yehudi.dat
68,a87ce533cbaf5f866cbbed30b01b20442f7ef4549ca5168cef6f644249bf6354,1317,72,93507,60,BFF_DUST_55,BFF_DUST_55/CASE_DUST_SMOKE/SURFACE_SEQUENCE_4231/frame_35_WF1_LR_+00.0deg/airfoilsection/yehudi.dat
68,a87ce533cbaf5f866cbbed30b01b20442f7ef4549ca5168cef6f644249bf6354,1317,72,93507,61,BFF_DUST_55,BFF_DUST_55/CASE_DUST_SMOKE/SURFACE_SEQUENCE_4231/frame_36_BF_LR_+00.0deg/airfoilsection/yehudi.dat
68,a87ce533cbaf5f866cbbed30b01b20442f7ef4549ca5168cef6f644249bf6354,1317,72,93507,62,BFF_DUST_55,BFF_DUST_55/CASE_DUST_SMOKE/SURFACE_SEQUENCE_4231/frame_37_BF_LR_+15.0deg/airfoilsection/yehudi.dat
68,a87ce533cbaf5f866cbbed30b01b20442f7ef4549ca5168cef6f644249bf6354,1317,72,93507,63,BFF_DUST_55,BFF_DUST_55/CASE_DUST_SMOKE/SURFACE_SEQUENCE_4231/frame_38_BF_LR_+30.0deg/airfoilsection/yehudi.dat
68,a87ce533cbaf5f866cbbed30b01b20442f7ef4549ca5168cef6f644249bf6354,1317,72,93507,64,BFF_DUST_55,BFF_DUST_55/CASE_DUST_SMOKE/SURFACE_SEQUENCE_4231/frame_39_BF_LR_+15.0deg/airfoilsection/yehudi.dat
68,a87ce533cbaf5f866cbbed30b01b20442f7ef4549ca5168cef6f644249bf6354,1317,72,93507,65,BFF_DUST_55,BFF_DUST_55/CASE_DUST_SMOKE/SURFACE_SEQUENCE_4231/frame_40_BF_LR_+00.0deg/airfoilsection/yehudi.dat
68,a87ce533cbaf5f866cbbed30b01b20442f7ef4549ca5168cef6f644249bf6354,1317,72,93507,66,BFF_DUST_55,BFF_DUST_55/CASE_DUST_SMOKE/SURFACE_SEQUENCE_4231/frame_41_BF_LR_-15.0deg/airfoilsection/yehudi.dat
68,a87ce533cbaf5f866cbbed30b01b20442f7ef4549ca5168cef6f644249bf6354,1317,72,93507,67,BFF_DUST_55,BFF_DUST_55/CASE_DUST_SMOKE/SURFACE_SEQUENCE_4231/frame_42_BF_LR_-30.0deg/airfoilsection/yehudi.dat
68,a87ce533cbaf5f866cbbed30b01b20442f7ef4549ca5168cef6f644249bf6354,1317,72,93507,68,BFF_DUST_55,BFF_DUST_55/CASE_DUST_SMOKE/SURFACE_SEQUENCE_4231/frame_43_BF_LR_-15.0deg/airfoilsection/yehudi.dat
68,a87ce533cbaf5f866cbbed30b01b20442f7ef4549ca5168cef6f644249bf6354,1317,72,93507,69,BFF_DUST_55,BFF_DUST_55/CASE_DUST_SMOKE/SURFACE_SEQUENCE_4231/frame_44_BF_LR_+00.0deg/airfoilsection/yehudi.dat
68,a87ce533cbaf5f866cbbed30b01b20442f7ef4549ca5168cef6f644249bf6354,1317,72,93507,70,BFF_DUST_55,BFF_DUST_55/model/dust/airfoilsection/yehudi.dat
68,a87ce533cbaf5f866cbbed30b01b20442f7ef4549ca5168cef6f644249bf6354,1317,72,93507,71,DUST,DUST/airfoilsection/yehudi.dat
68,a87ce533cbaf5f866cbbed30b01b20442f7ef4549ca5168cef6f644249bf6354,1317,72,93507,72,_trim_coupled_stage,_trim_coupled_stage/case/airfoilsection/yehudi.dat
69,af69783899670158e5779b9a92b00d3ec842daab315da3fcf31dbaecd9c000c5,1334,71,93380,1,BFF_DUST_55,BFF_DUST_55/CASE_DUST_SMOKE/AILERON_ANIMATION/frame_00_wf4_+00.0deg/airfoilsection/BFinboardTE.dat
69,af69783899670158e5779b9a92b00d3ec842daab315da3fcf31dbaecd9c000c5,1334,71,93380,2,BFF_DUST_55,BFF_DUST_55/CASE_DUST_SMOKE/AILERON_ANIMATION/frame_01_wf4_+02.5deg/airfoilsection/BFinboardTE.dat
69,af69783899670158e5779b9a92b00d3ec842daab315da3fcf31dbaecd9c000c5,1334,71,93380,3,BFF_DUST_55,BFF_DUST_55/CASE_DUST_SMOKE/AILERON_ANIMATION/frame_02_wf4_+05.0deg/airfoilsection/BFinboardTE.dat
69,af69783899670158e5779b9a92b00d3ec842daab315da3fcf31dbaecd9c000c5,1334,71,93380,4,BFF_DUST_55,BFF_DUST_55/CASE_DUST_SMOKE/AILERON_ANIMATION/frame_03_wf4_+07.5deg/airfoilsection/BFinboardTE.dat
69,af69783899670158e5779b9a92b00d3ec842daab315da3fcf31dbaecd9c000c5,1334,71,93380,5,BFF_DUST_55,BFF_DUST_55/CASE_DUST_SMOKE/AILERON_ANIMATION/frame_04_wf4_+10.0deg/airfoilsection/BFinboardTE.dat
69,af69783899670158e5779b9a92b00d3ec842daab315da3fcf31dbaecd9c000c5,1334,71,93380,6,BFF_DUST_55,BFF_DUST_55/CASE_DUST_SMOKE/AILERON_ANIMATION/frame_05_wf4_+07.5deg/airfoilsection/BFinboardTE.dat
69,af69783899670158e5779b9a92b00d3ec842daab315da3fcf31dbaecd9c000c5,1334,71,93380,7,BFF_DUST_55,BFF_DUST_55/CASE_DUST_SMOKE/AILERON_ANIMATION/frame_06_wf4_+05.0deg/airfoilsection/BFinboardTE.dat
69,af69783899670158e5779b9a92b00d3ec842daab315da3fcf31dbaecd9c000c5,1334,71,93380,8,BFF_DUST_55,BFF_DUST_55/CASE_DUST_SMOKE/AILERON_ANIMATION/frame_07_wf4_+02.5deg/airfoilsection/BFinboardTE.dat
69,af69783899670158e5779b9a92b00d3ec842daab315da3fcf31dbaecd9c000c5,1334,71,93380,9,BFF_DUST_55,BFF_DUST_55/CASE_DUST_SMOKE/AILERON_ANIMATION/frame_08_wf4_+00.0deg/airfoilsection/BFinboardTE.dat
69,af69783899670158e5779b9a92b00d3ec842daab315da3fcf31dbaecd9c000c5,1334,71,93380,10,BFF_DUST_55,BFF_DUST_55/CASE_DUST_SMOKE/AILERON_ANIMATION/frame_09_wf4_-02.5deg/airfoilsection/BFinboardTE.dat
69,af69783899670158e5779b9a92b00d3ec842daab315da3fcf31dbaecd9c000c5,1334,71,93380,11,BFF_DUST_55,BFF_DUST_55/CASE_DUST_SMOKE/AILERON_ANIMATION/frame_10_wf4_-05.0deg/airfoilsection/BFinboardTE.dat
69,af69783899670158e5779b9a92b00d3ec842daab315da3fcf31dbaecd9c000c5,1334,71,93380,12,BFF_DUST_55,BFF_DUST_55/CASE_DUST_SMOKE/AILERON_ANIMATION/frame_11_wf4_-07.5deg/airfoilsection/BFinboardTE.dat
69,af69783899670158e5779b9a92b00d3ec842daab315da3fcf31dbaecd9c000c5,1334,71,93380,13,BFF_DUST_55,BFF_DUST_55/CASE_DUST_SMOKE/AILERON_ANIMATION/frame_12_wf4_-10.0deg/airfoilsection/BFinboardTE.dat
69,af69783899670158e5779b9a92b00d3ec842daab315da3fcf31dbaecd9c000c5,1334,71,93380,14,BFF_DUST_55,BFF_DUST_55/CASE_DUST_SMOKE/AILERON_ANIMATION/frame_13_wf4_-07.5deg/airfoilsection/BFinboardTE.dat
69,af69783899670158e5779b9a92b00d3ec842daab315da3fcf31dbaecd9c000c5,1334,71,93380,15,BFF_DUST_55,BFF_DUST_55/CASE_DUST_SMOKE/AILERON_ANIMATION/frame_14_wf4_-05.0deg/airfoilsection/BFinboardTE.dat
69,af69783899670158e5779b9a92b00d3ec842daab315da3fcf31dbaecd9c000c5,1334,71,93380,16,BFF_DUST_55,BFF_DUST_55/CASE_DUST_SMOKE/AILERON_ANIMATION/frame_15_wf4_-02.5deg/airfoilsection/BFinboardTE.dat
69,af69783899670158e5779b9a92b00d3ec842daab315da3fcf31dbaecd9c000c5,1334,71,93380,17,BFF_DUST_55,BFF_DUST_55/CASE_DUST_SMOKE/AILERON_ANIMATION/frame_16_wf4_+00.0deg/airfoilsection/BFinboardTE.dat
69,af69783899670158e5779b9a92b00d3ec842daab315da3fcf31dbaecd9c000c5,1334,71,93380,18,BFF_DUST_55,BFF_DUST_55/CASE_DUST_SMOKE/DEFLECTION_CASES/00_neutral/airfoilsection/BFinboardTE.dat
69,af69783899670158e5779b9a92b00d3ec842daab315da3fcf31dbaecd9c000c5,1334,71,93380,19,BFF_DUST_55,BFF_DUST_55/CASE_DUST_SMOKE/DEFLECTION_CASES/01_body_flaps_plus10/airfoilsection/BFinboardTE.dat
69,af69783899670158e5779b9a92b00d3ec842daab315da3fcf31dbaecd9c000c5,1334,71,93380,20,BFF_DUST_55,BFF_DUST_55/CASE_DUST_SMOKE/DEFLECTION_CASES/02_wf1_minus10/airfoilsection/BFinboardTE.dat
69,af69783899670158e5779b9a92b00d3ec842daab315da3fcf31dbaecd9c000c5,1334,71,93380,21,BFF_DUST_55,BFF_DUST_55/CASE_DUST_SMOKE/DEFLECTION_CASES/03_wf2_plus10/airfoilsection/BFinboardTE.dat
69,af69783899670158e5779b9a92b00d3ec842daab315da3fcf31dbaecd9c000c5,1334,71,93380,22,BFF_DUST_55,BFF_DUST_55/CASE_DUST_SMOKE/DEFLECTION_CASES/04_wf3_minus10/airfoilsection/BFinboardTE.dat
69,af69783899670158e5779b9a92b00d3ec842daab315da3fcf31dbaecd9c000c5,1334,71,93380,23,BFF_DUST_55,BFF_DUST_55/CASE_DUST_SMOKE/DEFLECTION_CASES/05_wf4_plus10/airfoilsection/BFinboardTE.dat
69,af69783899670158e5779b9a92b00d3ec842daab315da3fcf31dbaecd9c000c5,1334,71,93380,24,BFF_DUST_55,BFF_DUST_55/CASE_DUST_SMOKE/DEFLECTION_CASES/06_all_original_hinges/airfoilsection/BFinboardTE.dat
69,af69783899670158e5779b9a92b00d3ec842daab315da3fcf31dbaecd9c000c5,1334,71,93380,25,BFF_DUST_55,BFF_DUST_55/CASE_DUST_SMOKE/SURFACE_SEQUENCE_4231/frame_00_WF4_LR_+00.0deg/airfoilsection/BFinboardTE.dat
69,af69783899670158e5779b9a92b00d3ec842daab315da3fcf31dbaecd9c000c5,1334,71,93380,26,BFF_DUST_55,BFF_DUST_55/CASE_DUST_SMOKE/SURFACE_SEQUENCE_4231/frame_01_WF4_LR_+15.0deg/airfoilsection/BFinboardTE.dat
69,af69783899670158e5779b9a92b00d3ec842daab315da3fcf31dbaecd9c000c5,1334,71,93380,27,BFF_DUST_55,BFF_DUST_55/CASE_DUST_SMOKE/SURFACE_SEQUENCE_4231/frame_02_WF4_LR_+30.0deg/airfoilsection/BFinboardTE.dat
69,af69783899670158e5779b9a92b00d3ec842daab315da3fcf31dbaecd9c000c5,1334,71,93380,28,BFF_DUST_55,BFF_DUST_55/CASE_DUST_SMOKE/SURFACE_SEQUENCE_4231/frame_03_WF4_LR_+15.0deg/airfoilsection/BFinboardTE.dat
69,af69783899670158e5779b9a92b00d3ec842daab315da3fcf31dbaecd9c000c5,1334,71,93380,29,BFF_DUST_55,BFF_DUST_55/CASE_DUST_SMOKE/SURFACE_SEQUENCE_4231/frame_04_WF4_LR_+00.0deg/airfoilsection/BFinboardTE.dat
69,af69783899670158e5779b9a92b00d3ec842daab315da3fcf31dbaecd9c000c5,1334,71,93380,30,BFF_DUST_55,BFF_DUST_55/CASE_DUST_SMOKE/SURFACE_SEQUENCE_4231/frame_05_WF4_LR_-15.0deg/airfoilsection/BFinboardTE.dat
69,af69783899670158e5779b9a92b00d3ec842daab315da3fcf31dbaecd9c000c5,1334,71,93380,31,BFF_DUST_55,BFF_DUST_55/CASE_DUST_SMOKE/SURFACE_SEQUENCE_4231/frame_06_WF4_LR_-30.0deg/airfoilsection/BFinboardTE.dat
69,af69783899670158e5779b9a92b00d3ec842daab315da3fcf31dbaecd9c000c5,1334,71,93380,32,BFF_DUST_55,BFF_DUST_55/CASE_DUST_SMOKE/SURFACE_SEQUENCE_4231/frame_07_WF4_LR_-15.0deg/airfoilsection/BFinboardTE.dat
69,af69783899670158e5779b9a92b00d3ec842daab315da3fcf31dbaecd9c000c5,1334,71,93380,33,BFF_DUST_55,BFF_DUST_55/CASE_DUST_SMOKE/SURFACE_SEQUENCE_4231/frame_08_WF4_LR_+00.0deg/airfoilsection/BFinboardTE.dat
69,af69783899670158e5779b9a92b00d3ec842daab315da3fcf31dbaecd9c000c5,1334,71,93380,34,BFF_DUST_55,BFF_DUST_55/CASE_DUST_SMOKE/SURFACE_SEQUENCE_4231/frame_09_WF2_LR_+00.0deg/airfoilsection/BFinboardTE.dat
69,af69783899670158e5779b9a92b00d3ec842daab315da3fcf31dbaecd9c000c5,1334,71,93380,35,BFF_DUST_55,BFF_DUST_55/CASE_DUST_SMOKE/SURFACE_SEQUENCE_4231/frame_10_WF2_LR_+15.0deg/airfoilsection/BFinboardTE.dat
69,af69783899670158e5779b9a92b00d3ec842daab315da3fcf31dbaecd9c000c5,1334,71,93380,36,BFF_DUST_55,BFF_DUST_55/CASE_DUST_SMOKE/SURFACE_SEQUENCE_4231/frame_11_WF2_LR_+30.0deg/airfoilsection/BFinboardTE.dat
69,af69783899670158e5779b9a92b00d3ec842daab315da3fcf31dbaecd9c000c5,1334,71,93380,37,BFF_DUST_55,BFF_DUST_55/CASE_DUST_SMOKE/SURFACE_SEQUENCE_4231/frame_12_WF2_LR_+15.0deg/airfoilsection/BFinboardTE.dat
69,af69783899670158e5779b9a92b00d3ec842daab315da3fcf31dbaecd9c000c5,1334,71,93380,38,BFF_DUST_55,BFF_DUST_55/CASE_DUST_SMOKE/SURFACE_SEQUENCE_4231/frame_13_WF2_LR_+00.0deg/airfoilsection/BFinboardTE.dat
69,af69783899670158e5779b9a92b00d3ec842daab315da3fcf31dbaecd9c000c5,1334,71,93380,39,BFF_DUST_55,BFF_DUST_55/CASE_DUST_SMOKE/SURFACE_SEQUENCE_4231/frame_14_WF2_LR_-15.0deg/airfoilsection/BFinboardTE.dat
69,af69783899670158e5779b9a92b00d3ec842daab315da3fcf31dbaecd9c000c5,1334,71,93380,40,BFF_DUST_55,BFF_DUST_55/CASE_DUST_SMOKE/SURFACE_SEQUENCE_4231/frame_15_WF2_LR_-30.0deg/airfoilsection/BFinboardTE.dat
69,af69783899670158e5779b9a92b00d3ec842daab315da3fcf31dbaecd9c000c5,1334,71,93380,41,BFF_DUST_55,BFF_DUST_55/CASE_DUST_SMOKE/SURFACE_SEQUENCE_4231/frame_16_WF2_LR_-15.0deg/airfoilsection/BFinboardTE.dat
69,af69783899670158e5779b9a92b00d3ec842daab315da3fcf31dbaecd9c000c5,1334,71,93380,42,BFF_DUST_55,BFF_DUST_55/CASE_DUST_SMOKE/SURFACE_SEQUENCE_4231/frame_17_WF2_LR_+00.0deg/airfoilsection/BFinboardTE.dat
69,af69783899670158e5779b9a92b00d3ec842daab315da3fcf31dbaecd9c000c5,1334,71,93380,43,BFF_DUST_55,BFF_DUST_55/CASE_DUST_SMOKE/SURFACE_SEQUENCE_4231/frame_18_WF3_LR_+00.0deg/airfoilsection/BFinboardTE.dat
69,af69783899670158e5779b9a92b00d3ec842daab315da3fcf31dbaecd9c000c5,1334,71,93380,44,BFF_DUST_55,BFF_DUST_55/CASE_DUST_SMOKE/SURFACE_SEQUENCE_4231/frame_19_WF3_LR_+15.0deg/airfoilsection/BFinboardTE.dat
69,af69783899670158e5779b9a92b00d3ec842daab315da3fcf31dbaecd9c000c5,1334,71,93380,45,BFF_DUST_55,BFF_DUST_55/CASE_DUST_SMOKE/SURFACE_SEQUENCE_4231/frame_20_WF3_LR_+30.0deg/airfoilsection/BFinboardTE.dat
69,af69783899670158e5779b9a92b00d3ec842daab315da3fcf31dbaecd9c000c5,1334,71,93380,46,BFF_DUST_55,BFF_DUST_55/CASE_DUST_SMOKE/SURFACE_SEQUENCE_4231/frame_21_WF3_LR_+15.0deg/airfoilsection/BFinboardTE.dat
69,af69783899670158e5779b9a92b00d3ec842daab315da3fcf31dbaecd9c000c5,1334,71,93380,47,BFF_DUST_55,BFF_DUST_55/CASE_DUST_SMOKE/SURFACE_SEQUENCE_4231/frame_22_WF3_LR_+00.0deg/airfoilsection/BFinboardTE.dat
69,af69783899670158e5779b9a92b00d3ec842daab315da3fcf31dbaecd9c000c5,1334,71,93380,48,BFF_DUST_55,BFF_DUST_55/CASE_DUST_SMOKE/SURFACE_SEQUENCE_4231/frame_23_WF3_LR_-15.0deg/airfoilsection/BFinboardTE.dat
69,af69783899670158e5779b9a92b00d3ec842daab315da3fcf31dbaecd9c000c5,1334,71,93380,49,BFF_DUST_55,BFF_DUST_55/CASE_DUST_SMOKE/SURFACE_SEQUENCE_4231/frame_24_WF3_LR_-30.0deg/airfoilsection/BFinboardTE.dat
69,af69783899670158e5779b9a92b00d3ec842daab315da3fcf31dbaecd9c000c5,1334,71,93380,50,BFF_DUST_55,BFF_DUST_55/CASE_DUST_SMOKE/SURFACE_SEQUENCE_4231/frame_25_WF3_LR_-15.0deg/airfoilsection/BFinboardTE.dat
69,af69783899670158e5779b9a92b00d3ec842daab315da3fcf31dbaecd9c000c5,1334,71,93380,51,BFF_DUST_55,BFF_DUST_55/CASE_DUST_SMOKE/SURFACE_SEQUENCE_4231/frame_26_WF3_LR_+00.0deg/airfoilsection/BFinboardTE.dat
69,af69783899670158e5779b9a92b00d3ec842daab315da3fcf31dbaecd9c000c5,1334,71,93380,52,BFF_DUST_55,BFF_DUST_55/CASE_DUST_SMOKE/SURFACE_SEQUENCE_4231/frame_27_WF1_LR_+00.0deg/airfoilsection/BFinboardTE.dat
69,af69783899670158e5779b9a92b00d3ec842daab315da3fcf31dbaecd9c000c5,1334,71,93380,53,BFF_DUST_55,BFF_DUST_55/CASE_DUST_SMOKE/SURFACE_SEQUENCE_4231/frame_28_WF1_LR_+15.0deg/airfoilsection/BFinboardTE.dat
69,af69783899670158e5779b9a92b00d3ec842daab315da3fcf31dbaecd9c000c5,1334,71,93380,54,BFF_DUST_55,BFF_DUST_55/CASE_DUST_SMOKE/SURFACE_SEQUENCE_4231/frame_29_WF1_LR_+30.0deg/airfoilsection/BFinboardTE.dat
69,af69783899670158e5779b9a92b00d3ec842daab315da3fcf31dbaecd9c000c5,1334,71,93380,55,BFF_DUST_55,BFF_DUST_55/CASE_DUST_SMOKE/SURFACE_SEQUENCE_4231/frame_30_WF1_LR_+15.0deg/airfoilsection/BFinboardTE.dat
69,af69783899670158e5779b9a92b00d3ec842daab315da3fcf31dbaecd9c000c5,1334,71,93380,56,BFF_DUST_55,BFF_DUST_55/CASE_DUST_SMOKE/SURFACE_SEQUENCE_4231/frame_31_WF1_LR_+00.0deg/airfoilsection/BFinboardTE.dat
69,af69783899670158e5779b9a92b00d3ec842daab315da3fcf31dbaecd9c000c5,1334,71,93380,57,BFF_DUST_55,BFF_DUST_55/CASE_DUST_SMOKE/SURFACE_SEQUENCE_4231/frame_32_WF1_LR_-15.0deg/airfoilsection/BFinboardTE.dat
69,af69783899670158e5779b9a92b00d3ec842daab315da3fcf31dbaecd9c000c5,1334,71,93380,58,BFF_DUST_55,BFF_DUST_55/CASE_DUST_SMOKE/SURFACE_SEQUENCE_4231/frame_33_WF1_LR_-30.0deg/airfoilsection/BFinboardTE.dat
69,af69783899670158e5779b9a92b00d3ec842daab315da3fcf31dbaecd9c000c5,1334,71,93380,59,BFF_DUST_55,BFF_DUST_55/CASE_DUST_SMOKE/SURFACE_SEQUENCE_4231/frame_34_WF1_LR_-15.0deg/airfoilsection/BFinboardTE.dat
69,af69783899670158e5779b9a92b00d3ec842daab315da3fcf31dbaecd9c000c5,1334,71,93380,60,BFF_DUST_55,BFF_DUST_55/CASE_DUST_SMOKE/SURFACE_SEQUENCE_4231/frame_35_WF1_LR_+00.0deg/airfoilsection/BFinboardTE.dat
69,af69783899670158e5779b9a92b00d3ec842daab315da3fcf31dbaecd9c000c5,1334,71,93380,61,BFF_DUST_55,BFF_DUST_55/CASE_DUST_SMOKE/SURFACE_SEQUENCE_4231/frame_36_BF_LR_+00.0deg/airfoilsection/BFinboardTE.dat
69,af69783899670158e5779b9a92b00d3ec842daab315da3fcf31dbaecd9c000c5,1334,71,93380,62,BFF_DUST_55,BFF_DUST_55/CASE_DUST_SMOKE/SURFACE_SEQUENCE_4231/frame_37_BF_LR_+15.0deg/airfoilsection/BFinboardTE.dat
69,af69783899670158e5779b9a92b00d3ec842daab315da3fcf31dbaecd9c000c5,1334,71,93380,63,BFF_DUST_55,BFF_DUST_55/CASE_DUST_SMOKE/SURFACE_SEQUENCE_4231/frame_38_BF_LR_+30.0deg/airfoilsection/BFinboardTE.dat
69,af69783899670158e5779b9a92b00d3ec842daab315da3fcf31dbaecd9c000c5,1334,71,93380,64,BFF_DUST_55,BFF_DUST_55/CASE_DUST_SMOKE/SURFACE_SEQUENCE_4231/frame_39_BF_LR_+15.0deg/airfoilsection/BFinboardTE.dat
69,af69783899670158e5779b9a92b00d3ec842daab315da3fcf31dbaecd9c000c5,1334,71,93380,65,BFF_DUST_55,BFF_DUST_55/CASE_DUST_SMOKE/SURFACE_SEQUENCE_4231/frame_40_BF_LR_+00.0deg/airfoilsection/BFinboardTE.dat
69,af69783899670158e5779b9a92b00d3ec842daab315da3fcf31dbaecd9c000c5,1334,71,93380,66,BFF_DUST_55,BFF_DUST_55/CASE_DUST_SMOKE/SURFACE_SEQUENCE_4231/frame_41_BF_LR_-15.0deg/airfoilsection/BFinboardTE.dat
69,af69783899670158e5779b9a92b00d3ec842daab315da3fcf31dbaecd9c000c5,1334,71,93380,67,BFF_DUST_55,BFF_DUST_55/CASE_DUST_SMOKE/SURFACE_SEQUENCE_4231/frame_42_BF_LR_-30.0deg/airfoilsection/BFinboardTE.dat
69,af69783899670158e5779b9a92b00d3ec842daab315da3fcf31dbaecd9c000c5,1334,71,93380,68,BFF_DUST_55,BFF_DUST_55/CASE_DUST_SMOKE/SURFACE_SEQUENCE_4231/frame_43_BF_LR_-15.0deg/airfoilsection/BFinboardTE.dat
69,af69783899670158e5779b9a92b00d3ec842daab315da3fcf31dbaecd9c000c5,1334,71,93380,69,BFF_DUST_55,BFF_DUST_55/CASE_DUST_SMOKE/SURFACE_SEQUENCE_4231/frame_44_BF_LR_+00.0deg/airfoilsection/BFinboardTE.dat
69,af69783899670158e5779b9a92b00d3ec842daab315da3fcf31dbaecd9c000c5,1334,71,93380,70,DUST,DUST/airfoilsection/BFinboardTE.dat
69,af69783899670158e5779b9a92b00d3ec842daab315da3fcf31dbaecd9c000c5,1334,71,93380,71,_trim_coupled_stage,_trim_coupled_stage/case/airfoilsection/BFinboardTE.dat
70,5d875e6407e651d40770d63ea61b8d32c800ddc64cb465d3f04de63c2baac7b1,1328,71,92960,1,BFF_DUST_55,BFF_DUST_55/CASE_DUST_SMOKE/AILERON_ANIMATION/frame_00_wf4_+00.0deg/airfoilsection/BFoutboardLE.dat
70,5d875e6407e651d40770d63ea61b8d32c800ddc64cb465d3f04de63c2baac7b1,1328,71,92960,2,BFF_DUST_55,BFF_DUST_55/CASE_DUST_SMOKE/AILERON_ANIMATION/frame_01_wf4_+02.5deg/airfoilsection/BFoutboardLE.dat
70,5d875e6407e651d40770d63ea61b8d32c800ddc64cb465d3f04de63c2baac7b1,1328,71,92960,3,BFF_DUST_55,BFF_DUST_55/CASE_DUST_SMOKE/AILERON_ANIMATION/frame_02_wf4_+05.0deg/airfoilsection/BFoutboardLE.dat
70,5d875e6407e651d40770d63ea61b8d32c800ddc64cb465d3f04de63c2baac7b1,1328,71,92960,4,BFF_DUST_55,BFF_DUST_55/CASE_DUST_SMOKE/AILERON_ANIMATION/frame_03_wf4_+07.5deg/airfoilsection/BFoutboardLE.dat
70,5d875e6407e651d40770d63ea61b8d32c800ddc64cb465d3f04de63c2baac7b1,1328,71,92960,5,BFF_DUST_55,BFF_DUST_55/CASE_DUST_SMOKE/AILERON_ANIMATION/frame_04_wf4_+10.0deg/airfoilsection/BFoutboardLE.dat
70,5d875e6407e651d40770d63ea61b8d32c800ddc64cb465d3f04de63c2baac7b1,1328,71,92960,6,BFF_DUST_55,BFF_DUST_55/CASE_DUST_SMOKE/AILERON_ANIMATION/frame_05_wf4_+07.5deg/airfoilsection/BFoutboardLE.dat
70,5d875e6407e651d40770d63ea61b8d32c800ddc64cb465d3f04de63c2baac7b1,1328,71,92960,7,BFF_DUST_55,BFF_DUST_55/CASE_DUST_SMOKE/AILERON_ANIMATION/frame_06_wf4_+05.0deg/airfoilsection/BFoutboardLE.dat
70,5d875e6407e651d40770d63ea61b8d32c800ddc64cb465d3f04de63c2baac7b1,1328,71,92960,8,BFF_DUST_55,BFF_DUST_55/CASE_DUST_SMOKE/AILERON_ANIMATION/frame_07_wf4_+02.5deg/airfoilsection/BFoutboardLE.dat
70,5d875e6407e651d40770d63ea61b8d32c800ddc64cb465d3f04de63c2baac7b1,1328,71,92960,9,BFF_DUST_55,BFF_DUST_55/CASE_DUST_SMOKE/AILERON_ANIMATION/frame_08_wf4_+00.0deg/airfoilsection/BFoutboardLE.dat
70,5d875e6407e651d40770d63ea61b8d32c800ddc64cb465d3f04de63c2baac7b1,1328,71,92960,10,BFF_DUST_55,BFF_DUST_55/CASE_DUST_SMOKE/AILERON_ANIMATION/frame_09_wf4_-02.5deg/airfoilsection/BFoutboardLE.dat
70,5d875e6407e651d40770d63ea61b8d32c800ddc64cb465d3f04de63c2baac7b1,1328,71,92960,11,BFF_DUST_55,BFF_DUST_55/CASE_DUST_SMOKE/AILERON_ANIMATION/frame_10_wf4_-05.0deg/airfoilsection/BFoutboardLE.dat
70,5d875e6407e651d40770d63ea61b8d32c800ddc64cb465d3f04de63c2baac7b1,1328,71,92960,12,BFF_DUST_55,BFF_DUST_55/CASE_DUST_SMOKE/AILERON_ANIMATION/frame_11_wf4_-07.5deg/airfoilsection/BFoutboardLE.dat
70,5d875e6407e651d40770d63ea61b8d32c800ddc64cb465d3f04de63c2baac7b1,1328,71,92960,13,BFF_DUST_55,BFF_DUST_55/CASE_DUST_SMOKE/AILERON_ANIMATION/frame_12_wf4_-10.0deg/airfoilsection/BFoutboardLE.dat
70,5d875e6407e651d40770d63ea61b8d32c800ddc64cb465d3f04de63c2baac7b1,1328,71,92960,14,BFF_DUST_55,BFF_DUST_55/CASE_DUST_SMOKE/AILERON_ANIMATION/frame_13_wf4_-07.5deg/airfoilsection/BFoutboardLE.dat
70,5d875e6407e651d40770d63ea61b8d32c800ddc64cb465d3f04de63c2baac7b1,1328,71,92960,15,BFF_DUST_55,BFF_DUST_55/CASE_DUST_SMOKE/AILERON_ANIMATION/frame_14_wf4_-05.0deg/airfoilsection/BFoutboardLE.dat
70,5d875e6407e651d40770d63ea61b8d32c800ddc64cb465d3f04de63c2baac7b1,1328,71,92960,16,BFF_DUST_55,BFF_DUST_55/CASE_DUST_SMOKE/AILERON_ANIMATION/frame_15_wf4_-02.5deg/airfoilsection/BFoutboardLE.dat
70,5d875e6407e651d40770d63ea61b8d32c800ddc64cb465d3f04de63c2baac7b1,1328,71,92960,17,BFF_DUST_55,BFF_DUST_55/CASE_DUST_SMOKE/AILERON_ANIMATION/frame_16_wf4_+00.0deg/airfoilsection/BFoutboardLE.dat
70,5d875e6407e651d40770d63ea61b8d32c800ddc64cb465d3f04de63c2baac7b1,1328,71,92960,18,BFF_DUST_55,BFF_DUST_55/CASE_DUST_SMOKE/DEFLECTION_CASES/00_neutral/airfoilsection/BFoutboardLE.dat
70,5d875e6407e651d40770d63ea61b8d32c800ddc64cb465d3f04de63c2baac7b1,1328,71,92960,19,BFF_DUST_55,BFF_DUST_55/CASE_DUST_SMOKE/DEFLECTION_CASES/01_body_flaps_plus10/airfoilsection/BFoutboardLE.dat
70,5d875e6407e651d40770d63ea61b8d32c800ddc64cb465d3f04de63c2baac7b1,1328,71,92960,20,BFF_DUST_55,BFF_DUST_55/CASE_DUST_SMOKE/DEFLECTION_CASES/02_wf1_minus10/airfoilsection/BFoutboardLE.dat
70,5d875e6407e651d40770d63ea61b8d32c800ddc64cb465d3f04de63c2baac7b1,1328,71,92960,21,BFF_DUST_55,BFF_DUST_55/CASE_DUST_SMOKE/DEFLECTION_CASES/03_wf2_plus10/airfoilsection/BFoutboardLE.dat
70,5d875e6407e651d40770d63ea61b8d32c800ddc64cb465d3f04de63c2baac7b1,1328,71,92960,22,BFF_DUST_55,BFF_DUST_55/CASE_DUST_SMOKE/DEFLECTION_CASES/04_wf3_minus10/airfoilsection/BFoutboardLE.dat
70,5d875e6407e651d40770d63ea61b8d32c800ddc64cb465d3f04de63c2baac7b1,1328,71,92960,23,BFF_DUST_55,BFF_DUST_55/CASE_DUST_SMOKE/DEFLECTION_CASES/05_wf4_plus10/airfoilsection/BFoutboardLE.dat
70,5d875e6407e651d40770d63ea61b8d32c800ddc64cb465d3f04de63c2baac7b1,1328,71,92960,24,BFF_DUST_55,BFF_DUST_55/CASE_DUST_SMOKE/DEFLECTION_CASES/06_all_original_hinges/airfoilsection/BFoutboardLE.dat
70,5d875e6407e651d40770d63ea61b8d32c800ddc64cb465d3f04de63c2baac7b1,1328,71,92960,25,BFF_DUST_55,BFF_DUST_55/CASE_DUST_SMOKE/SURFACE_SEQUENCE_4231/frame_00_WF4_LR_+00.0deg/airfoilsection/BFoutboardLE.dat
70,5d875e6407e651d40770d63ea61b8d32c800ddc64cb465d3f04de63c2baac7b1,1328,71,92960,26,BFF_DUST_55,BFF_DUST_55/CASE_DUST_SMOKE/SURFACE_SEQUENCE_4231/frame_01_WF4_LR_+15.0deg/airfoilsection/BFoutboardLE.dat
70,5d875e6407e651d40770d63ea61b8d32c800ddc64cb465d3f04de63c2baac7b1,1328,71,92960,27,BFF_DUST_55,BFF_DUST_55/CASE_DUST_SMOKE/SURFACE_SEQUENCE_4231/frame_02_WF4_LR_+30.0deg/airfoilsection/BFoutboardLE.dat
70,5d875e6407e651d40770d63ea61b8d32c800ddc64cb465d3f04de63c2baac7b1,1328,71,92960,28,BFF_DUST_55,BFF_DUST_55/CASE_DUST_SMOKE/SURFACE_SEQUENCE_4231/frame_03_WF4_LR_+15.0deg/airfoilsection/BFoutboardLE.dat
70,5d875e6407e651d40770d63ea61b8d32c800ddc64cb465d3f04de63c2baac7b1,1328,71,92960,29,BFF_DUST_55,BFF_DUST_55/CASE_DUST_SMOKE/SURFACE_SEQUENCE_4231/frame_04_WF4_LR_+00.0deg/airfoilsection/BFoutboardLE.dat
70,5d875e6407e651d40770d63ea61b8d32c800ddc64cb465d3f04de63c2baac7b1,1328,71,92960,30,BFF_DUST_55,BFF_DUST_55/CASE_DUST_SMOKE/SURFACE_SEQUENCE_4231/frame_05_WF4_LR_-15.0deg/airfoilsection/BFoutboardLE.dat
70,5d875e6407e651d40770d63ea61b8d32c800ddc64cb465d3f04de63c2baac7b1,1328,71,92960,31,BFF_DUST_55,BFF_DUST_55/CASE_DUST_SMOKE/SURFACE_SEQUENCE_4231/frame_06_WF4_LR_-30.0deg/airfoilsection/BFoutboardLE.dat
70,5d875e6407e651d40770d63ea61b8d32c800ddc64cb465d3f04de63c2baac7b1,1328,71,92960,32,BFF_DUST_55,BFF_DUST_55/CASE_DUST_SMOKE/SURFACE_SEQUENCE_4231/frame_07_WF4_LR_-15.0deg/airfoilsection/BFoutboardLE.dat
70,5d875e6407e651d40770d63ea61b8d32c800ddc64cb465d3f04de63c2baac7b1,1328,71,92960,33,BFF_DUST_55,BFF_DUST_55/CASE_DUST_SMOKE/SURFACE_SEQUENCE_4231/frame_08_WF4_LR_+00.0deg/airfoilsection/BFoutboardLE.dat
70,5d875e6407e651d40770d63ea61b8d32c800ddc64cb465d3f04de63c2baac7b1,1328,71,92960,34,BFF_DUST_55,BFF_DUST_55/CASE_DUST_SMOKE/SURFACE_SEQUENCE_4231/frame_09_WF2_LR_+00.0deg/airfoilsection/BFoutboardLE.dat
70,5d875e6407e651d40770d63ea61b8d32c800ddc64cb465d3f04de63c2baac7b1,1328,71,92960,35,BFF_DUST_55,BFF_DUST_55/CASE_DUST_SMOKE/SURFACE_SEQUENCE_4231/frame_10_WF2_LR_+15.0deg/airfoilsection/BFoutboardLE.dat
70,5d875e6407e651d40770d63ea61b8d32c800ddc64cb465d3f04de63c2baac7b1,1328,71,92960,36,BFF_DUST_55,BFF_DUST_55/CASE_DUST_SMOKE/SURFACE_SEQUENCE_4231/frame_11_WF2_LR_+30.0deg/airfoilsection/BFoutboardLE.dat
70,5d875e6407e651d40770d63ea61b8d32c800ddc64cb465d3f04de63c2baac7b1,1328,71,92960,37,BFF_DUST_55,BFF_DUST_55/CASE_DUST_SMOKE/SURFACE_SEQUENCE_4231/frame_12_WF2_LR_+15.0deg/airfoilsection/BFoutboardLE.dat
70,5d875e6407e651d40770d63ea61b8d32c800ddc64cb465d3f04de63c2baac7b1,1328,71,92960,38,BFF_DUST_55,BFF_DUST_55/CASE_DUST_SMOKE/SURFACE_SEQUENCE_4231/frame_13_WF2_LR_+00.0deg/airfoilsection/BFoutboardLE.dat
70,5d875e6407e651d40770d63ea61b8d32c800ddc64cb465d3f04de63c2baac7b1,1328,71,92960,39,BFF_DUST_55,BFF_DUST_55/CASE_DUST_SMOKE/SURFACE_SEQUENCE_4231/frame_14_WF2_LR_-15.0deg/airfoilsection/BFoutboardLE.dat
70,5d875e6407e651d40770d63ea61b8d32c800ddc64cb465d3f04de63c2baac7b1,1328,71,92960,40,BFF_DUST_55,BFF_DUST_55/CASE_DUST_SMOKE/SURFACE_SEQUENCE_4231/frame_15_WF2_LR_-30.0deg/airfoilsection/BFoutboardLE.dat
70,5d875e6407e651d40770d63ea61b8d32c800ddc64cb465d3f04de63c2baac7b1,1328,71,92960,41,BFF_DUST_55,BFF_DUST_55/CASE_DUST_SMOKE/SURFACE_SEQUENCE_4231/frame_16_WF2_LR_-15.0deg/airfoilsection/BFoutboardLE.dat
70,5d875e6407e651d40770d63ea61b8d32c800ddc64cb465d3f04de63c2baac7b1,1328,71,92960,42,BFF_DUST_55,BFF_DUST_55/CASE_DUST_SMOKE/SURFACE_SEQUENCE_4231/frame_17_WF2_LR_+00.0deg/airfoilsection/BFoutboardLE.dat
70,5d875e6407e651d40770d63ea61b8d32c800ddc64cb465d3f04de63c2baac7b1,1328,71,92960,43,BFF_DUST_55,BFF_DUST_55/CASE_DUST_SMOKE/SURFACE_SEQUENCE_4231/frame_18_WF3_LR_+00.0deg/airfoilsection/BFoutboardLE.dat
70,5d875e6407e651d40770d63ea61b8d32c800ddc64cb465d3f04de63c2baac7b1,1328,71,92960,44,BFF_DUST_55,BFF_DUST_55/CASE_DUST_SMOKE/SURFACE_SEQUENCE_4231/frame_19_WF3_LR_+15.0deg/airfoilsection/BFoutboardLE.dat
70,5d875e6407e651d40770d63ea61b8d32c800ddc64cb465d3f04de63c2baac7b1,1328,71,92960,45,BFF_DUST_55,BFF_DUST_55/CASE_DUST_SMOKE/SURFACE_SEQUENCE_4231/frame_20_WF3_LR_+30.0deg/airfoilsection/BFoutboardLE.dat
70,5d875e6407e651d40770d63ea61b8d32c800ddc64cb465d3f04de63c2baac7b1,1328,71,92960,46,BFF_DUST_55,BFF_DUST_55/CASE_DUST_SMOKE/SURFACE_SEQUENCE_4231/frame_21_WF3_LR_+15.0deg/airfoilsection/BFoutboardLE.dat
70,5d875e6407e651d40770d63ea61b8d32c800ddc64cb465d3f04de63c2baac7b1,1328,71,92960,47,BFF_DUST_55,BFF_DUST_55/CASE_DUST_SMOKE/SURFACE_SEQUENCE_4231/frame_22_WF3_LR_+00.0deg/airfoilsection/BFoutboardLE.dat
70,5d875e6407e651d40770d63ea61b8d32c800ddc64cb465d3f04de63c2baac7b1,1328,71,92960,48,BFF_DUST_55,BFF_DUST_55/CASE_DUST_SMOKE/SURFACE_SEQUENCE_4231/frame_23_WF3_LR_-15.0deg/airfoilsection/BFoutboardLE.dat
70,5d875e6407e651d40770d63ea61b8d32c800ddc64cb465d3f04de63c2baac7b1,1328,71,92960,49,BFF_DUST_55,BFF_DUST_55/CASE_DUST_SMOKE/SURFACE_SEQUENCE_4231/frame_24_WF3_LR_-30.0deg/airfoilsection/BFoutboardLE.dat
70,5d875e6407e651d40770d63ea61b8d32c800ddc64cb465d3f04de63c2baac7b1,1328,71,92960,50,BFF_DUST_55,BFF_DUST_55/CASE_DUST_SMOKE/SURFACE_SEQUENCE_4231/frame_25_WF3_LR_-15.0deg/airfoilsection/BFoutboardLE.dat
70,5d875e6407e651d40770d63ea61b8d32c800ddc64cb465d3f04de63c2baac7b1,1328,71,92960,51,BFF_DUST_55,BFF_DUST_55/CASE_DUST_SMOKE/SURFACE_SEQUENCE_4231/frame_26_WF3_LR_+00.0deg/airfoilsection/BFoutboardLE.dat
70,5d875e6407e651d40770d63ea61b8d32c800ddc64cb465d3f04de63c2baac7b1,1328,71,92960,52,BFF_DUST_55,BFF_DUST_55/CASE_DUST_SMOKE/SURFACE_SEQUENCE_4231/frame_27_WF1_LR_+00.0deg/airfoilsection/BFoutboardLE.dat
70,5d875e6407e651d40770d63ea61b8d32c800ddc64cb465d3f04de63c2baac7b1,1328,71,92960,53,BFF_DUST_55,BFF_DUST_55/CASE_DUST_SMOKE/SURFACE_SEQUENCE_4231/frame_28_WF1_LR_+15.0deg/airfoilsection/BFoutboardLE.dat
70,5d875e6407e651d40770d63ea61b8d32c800ddc64cb465d3f04de63c2baac7b1,1328,71,92960,54,BFF_DUST_55,BFF_DUST_55/CASE_DUST_SMOKE/SURFACE_SEQUENCE_4231/frame_29_WF1_LR_+30.0deg/airfoilsection/BFoutboardLE.dat
70,5d875e6407e651d40770d63ea61b8d32c800ddc64cb465d3f04de63c2baac7b1,1328,71,92960,55,BFF_DUST_55,BFF_DUST_55/CASE_DUST_SMOKE/SURFACE_SEQUENCE_4231/frame_30_WF1_LR_+15.0deg/airfoilsection/BFoutboardLE.dat
70,5d875e6407e651d40770d63ea61b8d32c800ddc64cb465d3f04de63c2baac7b1,1328,71,92960,56,BFF_DUST_55,BFF_DUST_55/CASE_DUST_SMOKE/SURFACE_SEQUENCE_4231/frame_31_WF1_LR_+00.0deg/airfoilsection/BFoutboardLE.dat
70,5d875e6407e651d40770d63ea61b8d32c800ddc64cb465d3f04de63c2baac7b1,1328,71,92960,57,BFF_DUST_55,BFF_DUST_55/CASE_DUST_SMOKE/SURFACE_SEQUENCE_4231/frame_32_WF1_LR_-15.0deg/airfoilsection/BFoutboardLE.dat
70,5d875e6407e651d40770d63ea61b8d32c800ddc64cb465d3f04de63c2baac7b1,1328,71,92960,58,BFF_DUST_55,BFF_DUST_55/CASE_DUST_SMOKE/SURFACE_SEQUENCE_4231/frame_33_WF1_LR_-30.0deg/airfoilsection/BFoutboardLE.dat
70,5d875e6407e651d40770d63ea61b8d32c800ddc64cb465d3f04de63c2baac7b1,1328,71,92960,59,BFF_DUST_55,BFF_DUST_55/CASE_DUST_SMOKE/SURFACE_SEQUENCE_4231/frame_34_WF1_LR_-15.0deg/airfoilsection/BFoutboardLE.dat
70,5d875e6407e651d40770d63ea61b8d32c800ddc64cb465d3f04de63c2baac7b1,1328,71,92960,60,BFF_DUST_55,BFF_DUST_55/CASE_DUST_SMOKE/SURFACE_SEQUENCE_4231/frame_35_WF1_LR_+00.0deg/airfoilsection/BFoutboardLE.dat
70,5d875e6407e651d40770d63ea61b8d32c800ddc64cb465d3f04de63c2baac7b1,1328,71,92960,61,BFF_DUST_55,BFF_DUST_55/CASE_DUST_SMOKE/SURFACE_SEQUENCE_4231/frame_36_BF_LR_+00.0deg/airfoilsection/BFoutboardLE.dat
70,5d875e6407e651d40770d63ea61b8d32c800ddc64cb465d3f04de63c2baac7b1,1328,71,92960,62,BFF_DUST_55,BFF_DUST_55/CASE_DUST_SMOKE/SURFACE_SEQUENCE_4231/frame_37_BF_LR_+15.0deg/airfoilsection/BFoutboardLE.dat
70,5d875e6407e651d40770d63ea61b8d32c800ddc64cb465d3f04de63c2baac7b1,1328,71,92960,63,BFF_DUST_55,BFF_DUST_55/CASE_DUST_SMOKE/SURFACE_SEQUENCE_4231/frame_38_BF_LR_+30.0deg/airfoilsection/BFoutboardLE.dat
70,5d875e6407e651d40770d63ea61b8d32c800ddc64cb465d3f04de63c2baac7b1,1328,71,92960,64,BFF_DUST_55,BFF_DUST_55/CASE_DUST_SMOKE/SURFACE_SEQUENCE_4231/frame_39_BF_LR_+15.0deg/airfoilsection/BFoutboardLE.dat
70,5d875e6407e651d40770d63ea61b8d32c800ddc64cb465d3f04de63c2baac7b1,1328,71,92960,65,BFF_DUST_55,BFF_DUST_55/CASE_DUST_SMOKE/SURFACE_SEQUENCE_4231/frame_40_BF_LR_+00.0deg/airfoilsection/BFoutboardLE.dat
70,5d875e6407e651d40770d63ea61b8d32c800ddc64cb465d3f04de63c2baac7b1,1328,71,92960,66,BFF_DUST_55,BFF_DUST_55/CASE_DUST_SMOKE/SURFACE_SEQUENCE_4231/frame_41_BF_LR_-15.0deg/airfoilsection/BFoutboardLE.dat
70,5d875e6407e651d40770d63ea61b8d32c800ddc64cb465d3f04de63c2baac7b1,1328,71,92960,67,BFF_DUST_55,BFF_DUST_55/CASE_DUST_SMOKE/SURFACE_SEQUENCE_4231/frame_42_BF_LR_-30.0deg/airfoilsection/BFoutboardLE.dat
70,5d875e6407e651d40770d63ea61b8d32c800ddc64cb465d3f04de63c2baac7b1,1328,71,92960,68,BFF_DUST_55,BFF_DUST_55/CASE_DUST_SMOKE/SURFACE_SEQUENCE_4231/frame_43_BF_LR_-15.0deg/airfoilsection/BFoutboardLE.dat
70,5d875e6407e651d40770d63ea61b8d32c800ddc64cb465d3f04de63c2baac7b1,1328,71,92960,69,BFF_DUST_55,BFF_DUST_55/CASE_DUST_SMOKE/SURFACE_SEQUENCE_4231/frame_44_BF_LR_+00.0deg/airfoilsection/BFoutboardLE.dat
70,5d875e6407e651d40770d63ea61b8d32c800ddc64cb465d3f04de63c2baac7b1,1328,71,92960,70,DUST,DUST/airfoilsection/BFoutboardLE.dat
70,5d875e6407e651d40770d63ea61b8d32c800ddc64cb465d3f04de63c2baac7b1,1328,71,92960,71,_trim_coupled_stage,_trim_coupled_stage/case/airfoilsection/BFoutboardLE.dat
71,80eec8fec3f8870851af5d62f0afed8c9c3bd503e2623847c11b01fe581ec7df,1326,71,92820,1,BFF_DUST_55,BFF_DUST_55/CASE_DUST_SMOKE/AILERON_ANIMATION/frame_00_wf4_+00.0deg/airfoilsection/BFoutboardTE.dat
71,80eec8fec3f8870851af5d62f0afed8c9c3bd503e2623847c11b01fe581ec7df,1326,71,92820,2,BFF_DUST_55,BFF_DUST_55/CASE_DUST_SMOKE/AILERON_ANIMATION/frame_01_wf4_+02.5deg/airfoilsection/BFoutboardTE.dat
71,80eec8fec3f8870851af5d62f0afed8c9c3bd503e2623847c11b01fe581ec7df,1326,71,92820,3,BFF_DUST_55,BFF_DUST_55/CASE_DUST_SMOKE/AILERON_ANIMATION/frame_02_wf4_+05.0deg/airfoilsection/BFoutboardTE.dat
71,80eec8fec3f8870851af5d62f0afed8c9c3bd503e2623847c11b01fe581ec7df,1326,71,92820,4,BFF_DUST_55,BFF_DUST_55/CASE_DUST_SMOKE/AILERON_ANIMATION/frame_03_wf4_+07.5deg/airfoilsection/BFoutboardTE.dat
71,80eec8fec3f8870851af5d62f0afed8c9c3bd503e2623847c11b01fe581ec7df,1326,71,92820,5,BFF_DUST_55,BFF_DUST_55/CASE_DUST_SMOKE/AILERON_ANIMATION/frame_04_wf4_+10.0deg/airfoilsection/BFoutboardTE.dat
71,80eec8fec3f8870851af5d62f0afed8c9c3bd503e2623847c11b01fe581ec7df,1326,71,92820,6,BFF_DUST_55,BFF_DUST_55/CASE_DUST_SMOKE/AILERON_ANIMATION/frame_05_wf4_+07.5deg/airfoilsection/BFoutboardTE.dat
71,80eec8fec3f8870851af5d62f0afed8c9c3bd503e2623847c11b01fe581ec7df,1326,71,92820,7,BFF_DUST_55,BFF_DUST_55/CASE_DUST_SMOKE/AILERON_ANIMATION/frame_06_wf4_+05.0deg/airfoilsection/BFoutboardTE.dat
71,80eec8fec3f8870851af5d62f0afed8c9c3bd503e2623847c11b01fe581ec7df,1326,71,92820,8,BFF_DUST_55,BFF_DUST_55/CASE_DUST_SMOKE/AILERON_ANIMATION/frame_07_wf4_+02.5deg/airfoilsection/BFoutboardTE.dat
71,80eec8fec3f8870851af5d62f0afed8c9c3bd503e2623847c11b01fe581ec7df,1326,71,92820,9,BFF_DUST_55,BFF_DUST_55/CASE_DUST_SMOKE/AILERON_ANIMATION/frame_08_wf4_+00.0deg/airfoilsection/BFoutboardTE.dat
71,80eec8fec3f8870851af5d62f0afed8c9c3bd503e2623847c11b01fe581ec7df,1326,71,92820,10,BFF_DUST_55,BFF_DUST_55/CASE_DUST_SMOKE/AILERON_ANIMATION/frame_09_wf4_-02.5deg/airfoilsection/BFoutboardTE.dat
71,80eec8fec3f8870851af5d62f0afed8c9c3bd503e2623847c11b01fe581ec7df,1326,71,92820,11,BFF_DUST_55,BFF_DUST_55/CASE_DUST_SMOKE/AILERON_ANIMATION/frame_10_wf4_-05.0deg/airfoilsection/BFoutboardTE.dat
71,80eec8fec3f8870851af5d62f0afed8c9c3bd503e2623847c11b01fe581ec7df,1326,71,92820,12,BFF_DUST_55,BFF_DUST_55/CASE_DUST_SMOKE/AILERON_ANIMATION/frame_11_wf4_-07.5deg/airfoilsection/BFoutboardTE.dat
71,80eec8fec3f8870851af5d62f0afed8c9c3bd503e2623847c11b01fe581ec7df,1326,71,92820,13,BFF_DUST_55,BFF_DUST_55/CASE_DUST_SMOKE/AILERON_ANIMATION/frame_12_wf4_-10.0deg/airfoilsection/BFoutboardTE.dat
71,80eec8fec3f8870851af5d62f0afed8c9c3bd503e2623847c11b01fe581ec7df,1326,71,92820,14,BFF_DUST_55,BFF_DUST_55/CASE_DUST_SMOKE/AILERON_ANIMATION/frame_13_wf4_-07.5deg/airfoilsection/BFoutboardTE.dat
71,80eec8fec3f8870851af5d62f0afed8c9c3bd503e2623847c11b01fe581ec7df,1326,71,92820,15,BFF_DUST_55,BFF_DUST_55/CASE_DUST_SMOKE/AILERON_ANIMATION/frame_14_wf4_-05.0deg/airfoilsection/BFoutboardTE.dat
71,80eec8fec3f8870851af5d62f0afed8c9c3bd503e2623847c11b01fe581ec7df,1326,71,92820,16,BFF_DUST_55,BFF_DUST_55/CASE_DUST_SMOKE/AILERON_ANIMATION/frame_15_wf4_-02.5deg/airfoilsection/BFoutboardTE.dat
71,80eec8fec3f8870851af5d62f0afed8c9c3bd503e2623847c11b01fe581ec7df,1326,71,92820,17,BFF_DUST_55,BFF_DUST_55/CASE_DUST_SMOKE/AILERON_ANIMATION/frame_16_wf4_+00.0deg/airfoilsection/BFoutboardTE.dat
71,80eec8fec3f8870851af5d62f0afed8c9c3bd503e2623847c11b01fe581ec7df,1326,71,92820,18,BFF_DUST_55,BFF_DUST_55/CASE_DUST_SMOKE/DEFLECTION_CASES/00_neutral/airfoilsection/BFoutboardTE.dat
71,80eec8fec3f8870851af5d62f0afed8c9c3bd503e2623847c11b01fe581ec7df,1326,71,92820,19,BFF_DUST_55,BFF_DUST_55/CASE_DUST_SMOKE/DEFLECTION_CASES/01_body_flaps_plus10/airfoilsection/BFoutboardTE.dat
71,80eec8fec3f8870851af5d62f0afed8c9c3bd503e2623847c11b01fe581ec7df,1326,71,92820,20,BFF_DUST_55,BFF_DUST_55/CASE_DUST_SMOKE/DEFLECTION_CASES/02_wf1_minus10/airfoilsection/BFoutboardTE.dat
71,80eec8fec3f8870851af5d62f0afed8c9c3bd503e2623847c11b01fe581ec7df,1326,71,92820,21,BFF_DUST_55,BFF_DUST_55/CASE_DUST_SMOKE/DEFLECTION_CASES/03_wf2_plus10/airfoilsection/BFoutboardTE.dat
71,80eec8fec3f8870851af5d62f0afed8c9c3bd503e2623847c11b01fe581ec7df,1326,71,92820,22,BFF_DUST_55,BFF_DUST_55/CASE_DUST_SMOKE/DEFLECTION_CASES/04_wf3_minus10/airfoilsection/BFoutboardTE.dat
71,80eec8fec3f8870851af5d62f0afed8c9c3bd503e2623847c11b01fe581ec7df,1326,71,92820,23,BFF_DUST_55,BFF_DUST_55/CASE_DUST_SMOKE/DEFLECTION_CASES/05_wf4_plus10/airfoilsection/BFoutboardTE.dat
71,80eec8fec3f8870851af5d62f0afed8c9c3bd503e2623847c11b01fe581ec7df,1326,71,92820,24,BFF_DUST_55,BFF_DUST_55/CASE_DUST_SMOKE/DEFLECTION_CASES/06_all_original_hinges/airfoilsection/BFoutboardTE.dat
71,80eec8fec3f8870851af5d62f0afed8c9c3bd503e2623847c11b01fe581ec7df,1326,71,92820,25,BFF_DUST_55,BFF_DUST_55/CASE_DUST_SMOKE/SURFACE_SEQUENCE_4231/frame_00_WF4_LR_+00.0deg/airfoilsection/BFoutboardTE.dat
71,80eec8fec3f8870851af5d62f0afed8c9c3bd503e2623847c11b01fe581ec7df,1326,71,92820,26,BFF_DUST_55,BFF_DUST_55/CASE_DUST_SMOKE/SURFACE_SEQUENCE_4231/frame_01_WF4_LR_+15.0deg/airfoilsection/BFoutboardTE.dat
71,80eec8fec3f8870851af5d62f0afed8c9c3bd503e2623847c11b01fe581ec7df,1326,71,92820,27,BFF_DUST_55,BFF_DUST_55/CASE_DUST_SMOKE/SURFACE_SEQUENCE_4231/frame_02_WF4_LR_+30.0deg/airfoilsection/BFoutboardTE.dat
71,80eec8fec3f8870851af5d62f0afed8c9c3bd503e2623847c11b01fe581ec7df,1326,71,92820,28,BFF_DUST_55,BFF_DUST_55/CASE_DUST_SMOKE/SURFACE_SEQUENCE_4231/frame_03_WF4_LR_+15.0deg/airfoilsection/BFoutboardTE.dat
71,80eec8fec3f8870851af5d62f0afed8c9c3bd503e2623847c11b01fe581ec7df,1326,71,92820,29,BFF_DUST_55,BFF_DUST_55/CASE_DUST_SMOKE/SURFACE_SEQUENCE_4231/frame_04_WF4_LR_+00.0deg/airfoilsection/BFoutboardTE.dat
71,80eec8fec3f8870851af5d62f0afed8c9c3bd503e2623847c11b01fe581ec7df,1326,71,92820,30,BFF_DUST_55,BFF_DUST_55/CASE_DUST_SMOKE/SURFACE_SEQUENCE_4231/frame_05_WF4_LR_-15.0deg/airfoilsection/BFoutboardTE.dat
71,80eec8fec3f8870851af5d62f0afed8c9c3bd503e2623847c11b01fe581ec7df,1326,71,92820,31,BFF_DUST_55,BFF_DUST_55/CASE_DUST_SMOKE/SURFACE_SEQUENCE_4231/frame_06_WF4_LR_-30.0deg/airfoilsection/BFoutboardTE.dat
71,80eec8fec3f8870851af5d62f0afed8c9c3bd503e2623847c11b01fe581ec7df,1326,71,92820,32,BFF_DUST_55,BFF_DUST_55/CASE_DUST_SMOKE/SURFACE_SEQUENCE_4231/frame_07_WF4_LR_-15.0deg/airfoilsection/BFoutboardTE.dat
71,80eec8fec3f8870851af5d62f0afed8c9c3bd503e2623847c11b01fe581ec7df,1326,71,92820,33,BFF_DUST_55,BFF_DUST_55/CASE_DUST_SMOKE/SURFACE_SEQUENCE_4231/frame_08_WF4_LR_+00.0deg/airfoilsection/BFoutboardTE.dat
71,80eec8fec3f8870851af5d62f0afed8c9c3bd503e2623847c11b01fe581ec7df,1326,71,92820,34,BFF_DUST_55,BFF_DUST_55/CASE_DUST_SMOKE/SURFACE_SEQUENCE_4231/frame_09_WF2_LR_+00.0deg/airfoilsection/BFoutboardTE.dat
71,80eec8fec3f8870851af5d62f0afed8c9c3bd503e2623847c11b01fe581ec7df,1326,71,92820,35,BFF_DUST_55,BFF_DUST_55/CASE_DUST_SMOKE/SURFACE_SEQUENCE_4231/frame_10_WF2_LR_+15.0deg/airfoilsection/BFoutboardTE.dat
71,80eec8fec3f8870851af5d62f0afed8c9c3bd503e2623847c11b01fe581ec7df,1326,71,92820,36,BFF_DUST_55,BFF_DUST_55/CASE_DUST_SMOKE/SURFACE_SEQUENCE_4231/frame_11_WF2_LR_+30.0deg/airfoilsection/BFoutboardTE.dat
71,80eec8fec3f8870851af5d62f0afed8c9c3bd503e2623847c11b01fe581ec7df,1326,71,92820,37,BFF_DUST_55,BFF_DUST_55/CASE_DUST_SMOKE/SURFACE_SEQUENCE_4231/frame_12_WF2_LR_+15.0deg/airfoilsection/BFoutboardTE.dat
71,80eec8fec3f8870851af5d62f0afed8c9c3bd503e2623847c11b01fe581ec7df,1326,71,92820,38,BFF_DUST_55,BFF_DUST_55/CASE_DUST_SMOKE/SURFACE_SEQUENCE_4231/frame_13_WF2_LR_+00.0deg/airfoilsection/BFoutboardTE.dat
71,80eec8fec3f8870851af5d62f0afed8c9c3bd503e2623847c11b01fe581ec7df,1326,71,92820,39,BFF_DUST_55,BFF_DUST_55/CASE_DUST_SMOKE/SURFACE_SEQUENCE_4231/frame_14_WF2_LR_-15.0deg/airfoilsection/BFoutboardTE.dat
71,80eec8fec3f8870851af5d62f0afed8c9c3bd503e2623847c11b01fe581ec7df,1326,71,92820,40,BFF_DUST_55,BFF_DUST_55/CASE_DUST_SMOKE/SURFACE_SEQUENCE_4231/frame_15_WF2_LR_-30.0deg/airfoilsection/BFoutboardTE.dat
71,80eec8fec3f8870851af5d62f0afed8c9c3bd503e2623847c11b01fe581ec7df,1326,71,92820,41,BFF_DUST_55,BFF_DUST_55/CASE_DUST_SMOKE/SURFACE_SEQUENCE_4231/frame_16_WF2_LR_-15.0deg/airfoilsection/BFoutboardTE.dat
71,80eec8fec3f8870851af5d62f0afed8c9c3bd503e2623847c11b01fe581ec7df,1326,71,92820,42,BFF_DUST_55,BFF_DUST_55/CASE_DUST_SMOKE/SURFACE_SEQUENCE_4231/frame_17_WF2_LR_+00.0deg/airfoilsection/BFoutboardTE.dat
71,80eec8fec3f8870851af5d62f0afed8c9c3bd503e2623847c11b01fe581ec7df,1326,71,92820,43,BFF_DUST_55,BFF_DUST_55/CASE_DUST_SMOKE/SURFACE_SEQUENCE_4231/frame_18_WF3_LR_+00.0deg/airfoilsection/BFoutboardTE.dat
71,80eec8fec3f8870851af5d62f0afed8c9c3bd503e2623847c11b01fe581ec7df,1326,71,92820,44,BFF_DUST_55,BFF_DUST_55/CASE_DUST_SMOKE/SURFACE_SEQUENCE_4231/frame_19_WF3_LR_+15.0deg/airfoilsection/BFoutboardTE.dat
71,80eec8fec3f8870851af5d62f0afed8c9c3bd503e2623847c11b01fe581ec7df,1326,71,92820,45,BFF_DUST_55,BFF_DUST_55/CASE_DUST_SMOKE/SURFACE_SEQUENCE_4231/frame_20_WF3_LR_+30.0deg/airfoilsection/BFoutboardTE.dat
71,80eec8fec3f8870851af5d62f0afed8c9c3bd503e2623847c11b01fe581ec7df,1326,71,92820,46,BFF_DUST_55,BFF_DUST_55/CASE_DUST_SMOKE/SURFACE_SEQUENCE_4231/frame_21_WF3_LR_+15.0deg/airfoilsection/BFoutboardTE.dat
71,80eec8fec3f8870851af5d62f0afed8c9c3bd503e2623847c11b01fe581ec7df,1326,71,92820,47,BFF_DUST_55,BFF_DUST_55/CASE_DUST_SMOKE/SURFACE_SEQUENCE_4231/frame_22_WF3_LR_+00.0deg/airfoilsection/BFoutboardTE.dat
71,80eec8fec3f8870851af5d62f0afed8c9c3bd503e2623847c11b01fe581ec7df,1326,71,92820,48,BFF_DUST_55,BFF_DUST_55/CASE_DUST_SMOKE/SURFACE_SEQUENCE_4231/frame_23_WF3_LR_-15.0deg/airfoilsection/BFoutboardTE.dat
71,80eec8fec3f8870851af5d62f0afed8c9c3bd503e2623847c11b01fe581ec7df,1326,71,92820,49,BFF_DUST_55,BFF_DUST_55/CASE_DUST_SMOKE/SURFACE_SEQUENCE_4231/frame_24_WF3_LR_-30.0deg/airfoilsection/BFoutboardTE.dat
71,80eec8fec3f8870851af5d62f0afed8c9c3bd503e2623847c11b01fe581ec7df,1326,71,92820,50,BFF_DUST_55,BFF_DUST_55/CASE_DUST_SMOKE/SURFACE_SEQUENCE_4231/frame_25_WF3_LR_-15.0deg/airfoilsection/BFoutboardTE.dat
71,80eec8fec3f8870851af5d62f0afed8c9c3bd503e2623847c11b01fe581ec7df,1326,71,92820,51,BFF_DUST_55,BFF_DUST_55/CASE_DUST_SMOKE/SURFACE_SEQUENCE_4231/frame_26_WF3_LR_+00.0deg/airfoilsection/BFoutboardTE.dat
71,80eec8fec3f8870851af5d62f0afed8c9c3bd503e2623847c11b01fe581ec7df,1326,71,92820,52,BFF_DUST_55,BFF_DUST_55/CASE_DUST_SMOKE/SURFACE_SEQUENCE_4231/frame_27_WF1_LR_+00.0deg/airfoilsection/BFoutboardTE.dat
71,80eec8fec3f8870851af5d62f0afed8c9c3bd503e2623847c11b01fe581ec7df,1326,71,92820,53,BFF_DUST_55,BFF_DUST_55/CASE_DUST_SMOKE/SURFACE_SEQUENCE_4231/frame_28_WF1_LR_+15.0deg/airfoilsection/BFoutboardTE.dat
71,80eec8fec3f8870851af5d62f0afed8c9c3bd503e2623847c11b01fe581ec7df,1326,71,92820,54,BFF_DUST_55,BFF_DUST_55/CASE_DUST_SMOKE/SURFACE_SEQUENCE_4231/frame_29_WF1_LR_+30.0deg/airfoilsection/BFoutboardTE.dat
71,80eec8fec3f8870851af5d62f0afed8c9c3bd503e2623847c11b01fe581ec7df,1326,71,92820,55,BFF_DUST_55,BFF_DUST_55/CASE_DUST_SMOKE/SURFACE_SEQUENCE_4231/frame_30_WF1_LR_+15.0deg/airfoilsection/BFoutboardTE.dat
71,80eec8fec3f8870851af5d62f0afed8c9c3bd503e2623847c11b01fe581ec7df,1326,71,92820,56,BFF_DUST_55,BFF_DUST_55/CASE_DUST_SMOKE/SURFACE_SEQUENCE_4231/frame_31_WF1_LR_+00.0deg/airfoilsection/BFoutboardTE.dat
71,80eec8fec3f8870851af5d62f0afed8c9c3bd503e2623847c11b01fe581ec7df,1326,71,92820,57,BFF_DUST_55,BFF_DUST_55/CASE_DUST_SMOKE/SURFACE_SEQUENCE_4231/frame_32_WF1_LR_-15.0deg/airfoilsection/BFoutboardTE.dat
71,80eec8fec3f8870851af5d62f0afed8c9c3bd503e2623847c11b01fe581ec7df,1326,71,92820,58,BFF_DUST_55,BFF_DUST_55/CASE_DUST_SMOKE/SURFACE_SEQUENCE_4231/frame_33_WF1_LR_-30.0deg/airfoilsection/BFoutboardTE.dat
71,80eec8fec3f8870851af5d62f0afed8c9c3bd503e2623847c11b01fe581ec7df,1326,71,92820,59,BFF_DUST_55,BFF_DUST_55/CASE_DUST_SMOKE/SURFACE_SEQUENCE_4231/frame_34_WF1_LR_-15.0deg/airfoilsection/BFoutboardTE.dat
71,80eec8fec3f8870851af5d62f0afed8c9c3bd503e2623847c11b01fe581ec7df,1326,71,92820,60,BFF_DUST_55,BFF_DUST_55/CASE_DUST_SMOKE/SURFACE_SEQUENCE_4231/frame_35_WF1_LR_+00.0deg/airfoilsection/BFoutboardTE.dat
71,80eec8fec3f8870851af5d62f0afed8c9c3bd503e2623847c11b01fe581ec7df,1326,71,92820,61,BFF_DUST_55,BFF_DUST_55/CASE_DUST_SMOKE/SURFACE_SEQUENCE_4231/frame_36_BF_LR_+00.0deg/airfoilsection/BFoutboardTE.dat
71,80eec8fec3f8870851af5d62f0afed8c9c3bd503e2623847c11b01fe581ec7df,1326,71,92820,62,BFF_DUST_55,BFF_DUST_55/CASE_DUST_SMOKE/SURFACE_SEQUENCE_4231/frame_37_BF_LR_+15.0deg/airfoilsection/BFoutboardTE.dat
71,80eec8fec3f8870851af5d62f0afed8c9c3bd503e2623847c11b01fe581ec7df,1326,71,92820,63,BFF_DUST_55,BFF_DUST_55/CASE_DUST_SMOKE/SURFACE_SEQUENCE_4231/frame_38_BF_LR_+30.0deg/airfoilsection/BFoutboardTE.dat
71,80eec8fec3f8870851af5d62f0afed8c9c3bd503e2623847c11b01fe581ec7df,1326,71,92820,64,BFF_DUST_55,BFF_DUST_55/CASE_DUST_SMOKE/SURFACE_SEQUENCE_4231/frame_39_BF_LR_+15.0deg/airfoilsection/BFoutboardTE.dat
71,80eec8fec3f8870851af5d62f0afed8c9c3bd503e2623847c11b01fe581ec7df,1326,71,92820,65,BFF_DUST_55,BFF_DUST_55/CASE_DUST_SMOKE/SURFACE_SEQUENCE_4231/frame_40_BF_LR_+00.0deg/airfoilsection/BFoutboardTE.dat
71,80eec8fec3f8870851af5d62f0afed8c9c3bd503e2623847c11b01fe581ec7df,1326,71,92820,66,BFF_DUST_55,BFF_DUST_55/CASE_DUST_SMOKE/SURFACE_SEQUENCE_4231/frame_41_BF_LR_-15.0deg/airfoilsection/BFoutboardTE.dat
71,80eec8fec3f8870851af5d62f0afed8c9c3bd503e2623847c11b01fe581ec7df,1326,71,92820,67,BFF_DUST_55,BFF_DUST_55/CASE_DUST_SMOKE/SURFACE_SEQUENCE_4231/frame_42_BF_LR_-30.0deg/airfoilsection/BFoutboardTE.dat
71,80eec8fec3f8870851af5d62f0afed8c9c3bd503e2623847c11b01fe581ec7df,1326,71,92820,68,BFF_DUST_55,BFF_DUST_55/CASE_DUST_SMOKE/SURFACE_SEQUENCE_4231/frame_43_BF_LR_-15.0deg/airfoilsection/BFoutboardTE.dat
71,80eec8fec3f8870851af5d62f0afed8c9c3bd503e2623847c11b01fe581ec7df,1326,71,92820,69,BFF_DUST_55,BFF_DUST_55/CASE_DUST_SMOKE/SURFACE_SEQUENCE_4231/frame_44_BF_LR_+00.0deg/airfoilsection/BFoutboardTE.dat
71,80eec8fec3f8870851af5d62f0afed8c9c3bd503e2623847c11b01fe581ec7df,1326,71,92820,70,DUST,DUST/airfoilsection/BFoutboardTE.dat
71,80eec8fec3f8870851af5d62f0afed8c9c3bd503e2623847c11b01fe581ec7df,1326,71,92820,71,_trim_coupled_stage,_trim_coupled_stage/case/airfoilsection/BFoutboardTE.dat
72,d7eea4178480ab6d940c23f669c2059e75c79ef5aee5845f365d3fba08fd8525,13209,8,92463,1,GRAFICI,GRAFICI/MODAL_COMPARISON_10LB/nastran/BULK/MAD_L108_WING_WA_R11_001.dat
72,d7eea4178480ab6d940c23f669c2059e75c79ef5aee5845f365d3fba08fd8525,13209,8,92463,2,NASTRAN,NASTRAN/NASTRAN40/BULK/MAD_L108_WING_WA_R11_001.dat
72,d7eea4178480ab6d940c23f669c2059e75c79ef5aee5845f365d3fba08fd8525,13209,8,92463,3,NASTRAN,NASTRAN/NASTRAN_ALTER_OK/BULK/MAD_L108_WING_WA_R11_001.dat
72,d7eea4178480ab6d940c23f669c2059e75c79ef5aee5845f365d3fba08fd8525,13209,8,92463,4,NASTRAN,NASTRAN/REALASED_MODEL/BULK/MAD_L108_WING_WA_R11_001.dat
72,d7eea4178480ab6d940c23f669c2059e75c79ef5aee5845f365d3fba08fd8525,13209,8,92463,5,NASTRAN_SIMULATIONS,NASTRAN_SIMULATIONS/01_SOL103_60_MODES/BULK/MAD_L108_WING_WA_R11_001.dat
72,d7eea4178480ab6d940c23f669c2059e75c79ef5aee5845f365d3fba08fd8525,13209,8,92463,6,NASTRAN_SIMULATIONS,NASTRAN_SIMULATIONS/02_COUPMASS_STUDY/BULK/MAD_L108_WING_WA_R11_001.dat
72,d7eea4178480ab6d940c23f669c2059e75c79ef5aee5845f365d3fba08fd8525,13209,8,92463,7,NASTRAN_SIMULATIONS,NASTRAN_SIMULATIONS/03_GRAVITY_5G/nastran/BULK/MAD_L108_WING_WA_R11_001.dat
72,d7eea4178480ab6d940c23f669c2059e75c79ef5aee5845f365d3fba08fd8525,13209,8,92463,8,X56_AERO_POLAR,X56_AERO_POLAR/nastran/BULK/MAD_L108_WING_WA_R11_001.dat
73,f8f244637c8ee5042654a9b56c36367ed622fe0d34ac088ea76801ba196ffcce,90666,2,90666,1,GRAFICI,GRAFICI/SOL101/nastran/BULK/MAD_L108_FUSE_PID_R11_016.dat
73,f8f244637c8ee5042654a9b56c36367ed622fe0d34ac088ea76801ba196ffcce,90666,2,90666,2,NASTRAN,NASTRAN/SOL101/BULK/MAD_L108_FUSE_PID_R11_016.dat
74,4a9e17cc19f6e5b72a3252a807f883ccaebdbb82eb9c6abe654b0da015159e87,89433,2,89433,1,GRAFICI,GRAFICI/SOL101/nastran/BULK/MAD_L108_FUSE_LG_R11_009.dat
74,4a9e17cc19f6e5b72a3252a807f883ccaebdbb82eb9c6abe654b0da015159e87,89433,2,89433,2,NASTRAN,NASTRAN/SOL101/BULK/MAD_L108_FUSE_LG_R11_009.dat
75,599060757945c9611adea8878367cbf665778aee67811d76d46d5c09895816ec,12477,8,87339,1,GRAFICI,GRAFICI/MODAL_COMPARISON_10LB/nastran/BULK/MAD_L108_ACT_R11_001.dat
75,599060757945c9611adea8878367cbf665778aee67811d76d46d5c09895816ec,12477,8,87339,2,NASTRAN,NASTRAN/NASTRAN40/BULK/MAD_L108_ACT_R11_001.dat
75,599060757945c9611adea8878367cbf665778aee67811d76d46d5c09895816ec,12477,8,87339,3,NASTRAN,NASTRAN/NASTRAN_ALTER_OK/BULK/MAD_L108_ACT_R11_001.dat
75,599060757945c9611adea8878367cbf665778aee67811d76d46d5c09895816ec,12477,8,87339,4,NASTRAN,NASTRAN/REALASED_MODEL/BULK/MAD_L108_ACT_R11_001.dat
75,599060757945c9611adea8878367cbf665778aee67811d76d46d5c09895816ec,12477,8,87339,5,NASTRAN_SIMULATIONS,NASTRAN_SIMULATIONS/01_SOL103_60_MODES/BULK/MAD_L108_ACT_R11_001.dat
75,599060757945c9611adea8878367cbf665778aee67811d76d46d5c09895816ec,12477,8,87339,6,NASTRAN_SIMULATIONS,NASTRAN_SIMULATIONS/02_COUPMASS_STUDY/BULK/MAD_L108_ACT_R11_001.dat
75,599060757945c9611adea8878367cbf665778aee67811d76d46d5c09895816ec,12477,8,87339,7,NASTRAN_SIMULATIONS,NASTRAN_SIMULATIONS/03_GRAVITY_5G/nastran/BULK/MAD_L108_ACT_R11_001.dat
75,599060757945c9611adea8878367cbf665778aee67811d76d46d5c09895816ec,12477,8,87339,8,X56_AERO_POLAR,X56_AERO_POLAR/nastran/BULK/MAD_L108_ACT_R11_001.dat
76,876c622dc728454c29e561324eda4fe4b084cbcca6771ce6f60bd0cf0c4b4a5c,87061,2,87061,1,GRAFICI,GRAFICI/SOL101/nastran/BULK/MAD_L108_FUSE_CONM2S_R11_011.dat
76,876c622dc728454c29e561324eda4fe4b084cbcca6771ce6f60bd0cf0c4b4a5c,87061,2,87061,2,NASTRAN,NASTRAN/SOL101/BULK/MAD_L108_FUSE_CONM2S_R11_011.dat
77,11cdeaf7711308cd8518eca6e5b8b75ac796562f1641707d80a49dd96ffbfe7d,43423,3,86846,1,bbf_manouver,bbf_manouver/analyse_bff copy.py
77,11cdeaf7711308cd8518eca6e5b8b75ac796562f1641707d80a49dd96ffbfe7d,43423,3,86846,2,bff_eigenalaisy,bff_eigenalaisy/analyse_bff copy.py
77,11cdeaf7711308cd8518eca6e5b8b75ac796562f1641707d80a49dd96ffbfe7d,43423,3,86846,3,bff_longitudinal,bff_longitudinal/analyse_bff copy.py
78,7c5e3b8a3e2526cedc3de195300c2adc533bbd00a0c39444550e546d8dc6f96d,12030,8,84210,1,GRAFICI,GRAFICI/MODAL_COMPARISON_10LB/nastran/BULK/MAD_L108_FUSE_WA_R11_001.dat
78,7c5e3b8a3e2526cedc3de195300c2adc533bbd00a0c39444550e546d8dc6f96d,12030,8,84210,2,NASTRAN,NASTRAN/NASTRAN40/BULK/MAD_L108_FUSE_WA_R11_001.dat
78,7c5e3b8a3e2526cedc3de195300c2adc533bbd00a0c39444550e546d8dc6f96d,12030,8,84210,3,NASTRAN,NASTRAN/NASTRAN_ALTER_OK/BULK/MAD_L108_FUSE_WA_R11_001.dat
78,7c5e3b8a3e2526cedc3de195300c2adc533bbd00a0c39444550e546d8dc6f96d,12030,8,84210,4,NASTRAN,NASTRAN/REALASED_MODEL/BULK/MAD_L108_FUSE_WA_R11_001.dat
78,7c5e3b8a3e2526cedc3de195300c2adc533bbd00a0c39444550e546d8dc6f96d,12030,8,84210,5,NASTRAN_SIMULATIONS,NASTRAN_SIMULATIONS/01_SOL103_60_MODES/BULK/MAD_L108_FUSE_WA_R11_001.dat
78,7c5e3b8a3e2526cedc3de195300c2adc533bbd00a0c39444550e546d8dc6f96d,12030,8,84210,6,NASTRAN_SIMULATIONS,NASTRAN_SIMULATIONS/02_COUPMASS_STUDY/BULK/MAD_L108_FUSE_WA_R11_001.dat
78,7c5e3b8a3e2526cedc3de195300c2adc533bbd00a0c39444550e546d8dc6f96d,12030,8,84210,7,NASTRAN_SIMULATIONS,NASTRAN_SIMULATIONS/03_GRAVITY_5G/nastran/BULK/MAD_L108_FUSE_WA_R11_001.dat
78,7c5e3b8a3e2526cedc3de195300c2adc533bbd00a0c39444550e546d8dc6f96d,12030,8,84210,8,X56_AERO_POLAR,X56_AERO_POLAR/nastran/BULK/MAD_L108_FUSE_WA_R11_001.dat
79,54d8079bf7c030e61d665ed72f778507f435b60af698ca29de28aa68fd1d6183,11226,8,78582,1,GRAFICI,GRAFICI/MODAL_COMPARISON_10LB/nastran/BULK/MAD_L108_GRIDS_RCS2_R11_001.dat
79,54d8079bf7c030e61d665ed72f778507f435b60af698ca29de28aa68fd1d6183,11226,8,78582,2,NASTRAN,NASTRAN/NASTRAN40/BULK/MAD_L108_GRIDS_RCS2_R11_001.dat
79,54d8079bf7c030e61d665ed72f778507f435b60af698ca29de28aa68fd1d6183,11226,8,78582,3,NASTRAN,NASTRAN/NASTRAN_ALTER_OK/BULK/MAD_L108_GRIDS_RCS2_R11_001.dat
79,54d8079bf7c030e61d665ed72f778507f435b60af698ca29de28aa68fd1d6183,11226,8,78582,4,NASTRAN,NASTRAN/REALASED_MODEL/BULK/MAD_L108_GRIDS_RCS2_R11_001.dat
79,54d8079bf7c030e61d665ed72f778507f435b60af698ca29de28aa68fd1d6183,11226,8,78582,5,NASTRAN_SIMULATIONS,NASTRAN_SIMULATIONS/01_SOL103_60_MODES/BULK/MAD_L108_GRIDS_RCS2_R11_001.dat
79,54d8079bf7c030e61d665ed72f778507f435b60af698ca29de28aa68fd1d6183,11226,8,78582,6,NASTRAN_SIMULATIONS,NASTRAN_SIMULATIONS/02_COUPMASS_STUDY/BULK/MAD_L108_GRIDS_RCS2_R11_001.dat
79,54d8079bf7c030e61d665ed72f778507f435b60af698ca29de28aa68fd1d6183,11226,8,78582,7,NASTRAN_SIMULATIONS,NASTRAN_SIMULATIONS/03_GRAVITY_5G/nastran/BULK/MAD_L108_GRIDS_RCS2_R11_001.dat
79,54d8079bf7c030e61d665ed72f778507f435b60af698ca29de28aa68fd1d6183,11226,8,78582,8,X56_AERO_POLAR,X56_AERO_POLAR/nastran/BULK/MAD_L108_GRIDS_RCS2_R11_001.dat
80,cb28f08f4e517a8a864f79bf8f0ddc84b843af3a7af24b0cdc5a55e9afc8a43a,11204,8,78428,1,GRAFICI,GRAFICI/MODAL_COMPARISON_10LB/nastran/BULK/MAD_L108_GRIDS_RCS1_R11_001.dat
80,cb28f08f4e517a8a864f79bf8f0ddc84b843af3a7af24b0cdc5a55e9afc8a43a,11204,8,78428,2,NASTRAN,NASTRAN/NASTRAN40/BULK/MAD_L108_GRIDS_RCS1_R11_001.dat
80,cb28f08f4e517a8a864f79bf8f0ddc84b843af3a7af24b0cdc5a55e9afc8a43a,11204,8,78428,3,NASTRAN,NASTRAN/NASTRAN_ALTER_OK/BULK/MAD_L108_GRIDS_RCS1_R11_001.dat
80,cb28f08f4e517a8a864f79bf8f0ddc84b843af3a7af24b0cdc5a55e9afc8a43a,11204,8,78428,4,NASTRAN,NASTRAN/REALASED_MODEL/BULK/MAD_L108_GRIDS_RCS1_R11_001.dat
80,cb28f08f4e517a8a864f79bf8f0ddc84b843af3a7af24b0cdc5a55e9afc8a43a,11204,8,78428,5,NASTRAN_SIMULATIONS,NASTRAN_SIMULATIONS/01_SOL103_60_MODES/BULK/MAD_L108_GRIDS_RCS1_R11_001.dat
80,cb28f08f4e517a8a864f79bf8f0ddc84b843af3a7af24b0cdc5a55e9afc8a43a,11204,8,78428,6,NASTRAN_SIMULATIONS,NASTRAN_SIMULATIONS/02_COUPMASS_STUDY/BULK/MAD_L108_GRIDS_RCS1_R11_001.dat
80,cb28f08f4e517a8a864f79bf8f0ddc84b843af3a7af24b0cdc5a55e9afc8a43a,11204,8,78428,7,NASTRAN_SIMULATIONS,NASTRAN_SIMULATIONS/03_GRAVITY_5G/nastran/BULK/MAD_L108_GRIDS_RCS1_R11_001.dat
80,cb28f08f4e517a8a864f79bf8f0ddc84b843af3a7af24b0cdc5a55e9afc8a43a,11204,8,78428,8,X56_AERO_POLAR,X56_AERO_POLAR/nastran/BULK/MAD_L108_GRIDS_RCS1_R11_001.dat
81,5050f1bfd3799b0bdaa06542518a3858b9d493163df507bc551a8367bf0fa89f,11202,8,78414,1,GRAFICI,GRAFICI/MODAL_COMPARISON_10LB/nastran/BULK/MAD_L108_GRIDS_LCS1_R11_001.dat
81,5050f1bfd3799b0bdaa06542518a3858b9d493163df507bc551a8367bf0fa89f,11202,8,78414,2,NASTRAN,NASTRAN/NASTRAN40/BULK/MAD_L108_GRIDS_LCS1_R11_001.dat
81,5050f1bfd3799b0bdaa06542518a3858b9d493163df507bc551a8367bf0fa89f,11202,8,78414,3,NASTRAN,NASTRAN/NASTRAN_ALTER_OK/BULK/MAD_L108_GRIDS_LCS1_R11_001.dat
81,5050f1bfd3799b0bdaa06542518a3858b9d493163df507bc551a8367bf0fa89f,11202,8,78414,4,NASTRAN,NASTRAN/REALASED_MODEL/BULK/MAD_L108_GRIDS_LCS1_R11_001.dat
81,5050f1bfd3799b0bdaa06542518a3858b9d493163df507bc551a8367bf0fa89f,11202,8,78414,5,NASTRAN_SIMULATIONS,NASTRAN_SIMULATIONS/01_SOL103_60_MODES/BULK/MAD_L108_GRIDS_LCS1_R11_001.dat
81,5050f1bfd3799b0bdaa06542518a3858b9d493163df507bc551a8367bf0fa89f,11202,8,78414,6,NASTRAN_SIMULATIONS,NASTRAN_SIMULATIONS/02_COUPMASS_STUDY/BULK/MAD_L108_GRIDS_LCS1_R11_001.dat
81,5050f1bfd3799b0bdaa06542518a3858b9d493163df507bc551a8367bf0fa89f,11202,8,78414,7,NASTRAN_SIMULATIONS,NASTRAN_SIMULATIONS/03_GRAVITY_5G/nastran/BULK/MAD_L108_GRIDS_LCS1_R11_001.dat
81,5050f1bfd3799b0bdaa06542518a3858b9d493163df507bc551a8367bf0fa89f,11202,8,78414,8,X56_AERO_POLAR,X56_AERO_POLAR/nastran/BULK/MAD_L108_GRIDS_LCS1_R11_001.dat
82,db1d0fec75e8de065b00d9c221fa43e89dd090ce8cb4405a7fe301aa81dd360e,11152,8,78064,1,GRAFICI,GRAFICI/MODAL_COMPARISON_10LB/nastran/BULK/MAD_L108_GRIDS_LCS2_R11_001.dat
82,db1d0fec75e8de065b00d9c221fa43e89dd090ce8cb4405a7fe301aa81dd360e,11152,8,78064,2,NASTRAN,NASTRAN/NASTRAN40/BULK/MAD_L108_GRIDS_LCS2_R11_001.dat
82,db1d0fec75e8de065b00d9c221fa43e89dd090ce8cb4405a7fe301aa81dd360e,11152,8,78064,3,NASTRAN,NASTRAN/NASTRAN_ALTER_OK/BULK/MAD_L108_GRIDS_LCS2_R11_001.dat
82,db1d0fec75e8de065b00d9c221fa43e89dd090ce8cb4405a7fe301aa81dd360e,11152,8,78064,4,NASTRAN,NASTRAN/REALASED_MODEL/BULK/MAD_L108_GRIDS_LCS2_R11_001.dat
82,db1d0fec75e8de065b00d9c221fa43e89dd090ce8cb4405a7fe301aa81dd360e,11152,8,78064,5,NASTRAN_SIMULATIONS,NASTRAN_SIMULATIONS/01_SOL103_60_MODES/BULK/MAD_L108_GRIDS_LCS2_R11_001.dat
82,db1d0fec75e8de065b00d9c221fa43e89dd090ce8cb4405a7fe301aa81dd360e,11152,8,78064,6,NASTRAN_SIMULATIONS,NASTRAN_SIMULATIONS/02_COUPMASS_STUDY/BULK/MAD_L108_GRIDS_LCS2_R11_001.dat
82,db1d0fec75e8de065b00d9c221fa43e89dd090ce8cb4405a7fe301aa81dd360e,11152,8,78064,7,NASTRAN_SIMULATIONS,NASTRAN_SIMULATIONS/03_GRAVITY_5G/nastran/BULK/MAD_L108_GRIDS_LCS2_R11_001.dat
82,db1d0fec75e8de065b00d9c221fa43e89dd090ce8cb4405a7fe301aa81dd360e,11152,8,78064,8,X56_AERO_POLAR,X56_AERO_POLAR/nastran/BULK/MAD_L108_GRIDS_LCS2_R11_001.dat
83,6f09eb2d18318edd2f9b6c7637a7f7b5c744b15f86dd0cec7fd37d645a412de2,11132,8,77924,1,GRAFICI,GRAFICI/MODAL_COMPARISON_10LB/nastran/BULK/MAD_L108_GRIDS_LCS3_R11_001.dat
83,6f09eb2d18318edd2f9b6c7637a7f7b5c744b15f86dd0cec7fd37d645a412de2,11132,8,77924,2,NASTRAN,NASTRAN/NASTRAN40/BULK/MAD_L108_GRIDS_LCS3_R11_001.dat
83,6f09eb2d18318edd2f9b6c7637a7f7b5c744b15f86dd0cec7fd37d645a412de2,11132,8,77924,3,NASTRAN,NASTRAN/NASTRAN_ALTER_OK/BULK/MAD_L108_GRIDS_LCS3_R11_001.dat
83,6f09eb2d18318edd2f9b6c7637a7f7b5c744b15f86dd0cec7fd37d645a412de2,11132,8,77924,4,NASTRAN,NASTRAN/REALASED_MODEL/BULK/MAD_L108_GRIDS_LCS3_R11_001.dat
83,6f09eb2d18318edd2f9b6c7637a7f7b5c744b15f86dd0cec7fd37d645a412de2,11132,8,77924,5,NASTRAN_SIMULATIONS,NASTRAN_SIMULATIONS/01_SOL103_60_MODES/BULK/MAD_L108_GRIDS_LCS3_R11_001.dat
83,6f09eb2d18318edd2f9b6c7637a7f7b5c744b15f86dd0cec7fd37d645a412de2,11132,8,77924,6,NASTRAN_SIMULATIONS,NASTRAN_SIMULATIONS/02_COUPMASS_STUDY/BULK/MAD_L108_GRIDS_LCS3_R11_001.dat
83,6f09eb2d18318edd2f9b6c7637a7f7b5c744b15f86dd0cec7fd37d645a412de2,11132,8,77924,7,NASTRAN_SIMULATIONS,NASTRAN_SIMULATIONS/03_GRAVITY_5G/nastran/BULK/MAD_L108_GRIDS_LCS3_R11_001.dat
83,6f09eb2d18318edd2f9b6c7637a7f7b5c744b15f86dd0cec7fd37d645a412de2,11132,8,77924,8,X56_AERO_POLAR,X56_AERO_POLAR/nastran/BULK/MAD_L108_GRIDS_LCS3_R11_001.dat
84,635e53e70cbf8b798b166d997e534ba479d5a45c57362bae8a1b252755626591,11130,8,77910,1,GRAFICI,GRAFICI/MODAL_COMPARISON_10LB/nastran/BULK/MAD_L108_GRIDS_RCS3_R11_001.dat
84,635e53e70cbf8b798b166d997e534ba479d5a45c57362bae8a1b252755626591,11130,8,77910,2,NASTRAN,NASTRAN/NASTRAN40/BULK/MAD_L108_GRIDS_RCS3_R11_001.dat
84,635e53e70cbf8b798b166d997e534ba479d5a45c57362bae8a1b252755626591,11130,8,77910,3,NASTRAN,NASTRAN/NASTRAN_ALTER_OK/BULK/MAD_L108_GRIDS_RCS3_R11_001.dat
84,635e53e70cbf8b798b166d997e534ba479d5a45c57362bae8a1b252755626591,11130,8,77910,4,NASTRAN,NASTRAN/REALASED_MODEL/BULK/MAD_L108_GRIDS_RCS3_R11_001.dat
84,635e53e70cbf8b798b166d997e534ba479d5a45c57362bae8a1b252755626591,11130,8,77910,5,NASTRAN_SIMULATIONS,NASTRAN_SIMULATIONS/01_SOL103_60_MODES/BULK/MAD_L108_GRIDS_RCS3_R11_001.dat
84,635e53e70cbf8b798b166d997e534ba479d5a45c57362bae8a1b252755626591,11130,8,77910,6,NASTRAN_SIMULATIONS,NASTRAN_SIMULATIONS/02_COUPMASS_STUDY/BULK/MAD_L108_GRIDS_RCS3_R11_001.dat
84,635e53e70cbf8b798b166d997e534ba479d5a45c57362bae8a1b252755626591,11130,8,77910,7,NASTRAN_SIMULATIONS,NASTRAN_SIMULATIONS/03_GRAVITY_5G/nastran/BULK/MAD_L108_GRIDS_RCS3_R11_001.dat
84,635e53e70cbf8b798b166d997e534ba479d5a45c57362bae8a1b252755626591,11130,8,77910,8,X56_AERO_POLAR,X56_AERO_POLAR/nastran/BULK/MAD_L108_GRIDS_RCS3_R11_001.dat
85,2f6ea2ab87ef0be593d51586982a0912a446488dde96404456504fdecb19e823,10988,8,76916,1,GRAFICI,GRAFICI/MODAL_COMPARISON_10LB/nastran/BULK/MAD_L108_GRIDS_LCS4_R11_001.dat
85,2f6ea2ab87ef0be593d51586982a0912a446488dde96404456504fdecb19e823,10988,8,76916,2,NASTRAN,NASTRAN/NASTRAN40/BULK/MAD_L108_GRIDS_LCS4_R11_001.dat
85,2f6ea2ab87ef0be593d51586982a0912a446488dde96404456504fdecb19e823,10988,8,76916,3,NASTRAN,NASTRAN/NASTRAN_ALTER_OK/BULK/MAD_L108_GRIDS_LCS4_R11_001.dat
85,2f6ea2ab87ef0be593d51586982a0912a446488dde96404456504fdecb19e823,10988,8,76916,4,NASTRAN,NASTRAN/REALASED_MODEL/BULK/MAD_L108_GRIDS_LCS4_R11_001.dat
85,2f6ea2ab87ef0be593d51586982a0912a446488dde96404456504fdecb19e823,10988,8,76916,5,NASTRAN_SIMULATIONS,NASTRAN_SIMULATIONS/01_SOL103_60_MODES/BULK/MAD_L108_GRIDS_LCS4_R11_001.dat
85,2f6ea2ab87ef0be593d51586982a0912a446488dde96404456504fdecb19e823,10988,8,76916,6,NASTRAN_SIMULATIONS,NASTRAN_SIMULATIONS/02_COUPMASS_STUDY/BULK/MAD_L108_GRIDS_LCS4_R11_001.dat
85,2f6ea2ab87ef0be593d51586982a0912a446488dde96404456504fdecb19e823,10988,8,76916,7,NASTRAN_SIMULATIONS,NASTRAN_SIMULATIONS/03_GRAVITY_5G/nastran/BULK/MAD_L108_GRIDS_LCS4_R11_001.dat
85,2f6ea2ab87ef0be593d51586982a0912a446488dde96404456504fdecb19e823,10988,8,76916,8,X56_AERO_POLAR,X56_AERO_POLAR/nastran/BULK/MAD_L108_GRIDS_LCS4_R11_001.dat
86,a90078bc1bc79b16af85a3515137d32865ccd2e888e5c131d8bce8358234d297,76629,2,76629,1,GRAFICI,GRAFICI/SOL101/nastran/BULK/MAD_L108_WING_FLEX_SO_R11_001.dat
86,a90078bc1bc79b16af85a3515137d32865ccd2e888e5c131d8bce8358234d297,76629,2,76629,2,NASTRAN,NASTRAN/SOL101/BULK/MAD_L108_WING_FLEX_SO_R11_001.dat
87,8a0303fc5a329855ddb03d07fdd5a51712fc91aa29cd7e0114abab0e4df06b9d,10871,8,76097,1,GRAFICI,GRAFICI/MODAL_COMPARISON_10LB/nastran/BULK/MAD_L108_FUSE_PANELS_R11_003.dat
87,8a0303fc5a329855ddb03d07fdd5a51712fc91aa29cd7e0114abab0e4df06b9d,10871,8,76097,2,NASTRAN,NASTRAN/NASTRAN40/BULK/MAD_L108_FUSE_PANELS_R11_003.dat
87,8a0303fc5a329855ddb03d07fdd5a51712fc91aa29cd7e0114abab0e4df06b9d,10871,8,76097,3,NASTRAN,NASTRAN/NASTRAN_ALTER_OK/BULK/MAD_L108_FUSE_PANELS_R11_003.dat
87,8a0303fc5a329855ddb03d07fdd5a51712fc91aa29cd7e0114abab0e4df06b9d,10871,8,76097,4,NASTRAN,NASTRAN/REALASED_MODEL/BULK/MAD_L108_FUSE_PANELS_R11_003.dat
87,8a0303fc5a329855ddb03d07fdd5a51712fc91aa29cd7e0114abab0e4df06b9d,10871,8,76097,5,NASTRAN_SIMULATIONS,NASTRAN_SIMULATIONS/01_SOL103_60_MODES/BULK/MAD_L108_FUSE_PANELS_R11_003.dat
87,8a0303fc5a329855ddb03d07fdd5a51712fc91aa29cd7e0114abab0e4df06b9d,10871,8,76097,6,NASTRAN_SIMULATIONS,NASTRAN_SIMULATIONS/02_COUPMASS_STUDY/BULK/MAD_L108_FUSE_PANELS_R11_003.dat
87,8a0303fc5a329855ddb03d07fdd5a51712fc91aa29cd7e0114abab0e4df06b9d,10871,8,76097,7,NASTRAN_SIMULATIONS,NASTRAN_SIMULATIONS/03_GRAVITY_5G/nastran/BULK/MAD_L108_FUSE_PANELS_R11_003.dat
87,8a0303fc5a329855ddb03d07fdd5a51712fc91aa29cd7e0114abab0e4df06b9d,10871,8,76097,8,X56_AERO_POLAR,X56_AERO_POLAR/nastran/BULK/MAD_L108_FUSE_PANELS_R11_003.dat
88,763cd81e4b2deeedda0c6ff8b35b62f0a2185cb3eaa0a8d122a7b2e93558650b,10724,8,75068,1,GRAFICI,GRAFICI/MODAL_COMPARISON_10LB/nastran/BULK/MAD_L108_WING_FLEX_AAF_R11_001.dat
88,763cd81e4b2deeedda0c6ff8b35b62f0a2185cb3eaa0a8d122a7b2e93558650b,10724,8,75068,2,NASTRAN,NASTRAN/NASTRAN40/BULK/MAD_L108_WING_FLEX_AAF_R11_001.dat
88,763cd81e4b2deeedda0c6ff8b35b62f0a2185cb3eaa0a8d122a7b2e93558650b,10724,8,75068,3,NASTRAN,NASTRAN/NASTRAN_ALTER_OK/BULK/MAD_L108_WING_FLEX_AAF_R11_001.dat
88,763cd81e4b2deeedda0c6ff8b35b62f0a2185cb3eaa0a8d122a7b2e93558650b,10724,8,75068,4,NASTRAN,NASTRAN/REALASED_MODEL/BULK/MAD_L108_WING_FLEX_AAF_R11_001.dat
88,763cd81e4b2deeedda0c6ff8b35b62f0a2185cb3eaa0a8d122a7b2e93558650b,10724,8,75068,5,NASTRAN_SIMULATIONS,NASTRAN_SIMULATIONS/01_SOL103_60_MODES/BULK/MAD_L108_WING_FLEX_AAF_R11_001.dat
88,763cd81e4b2deeedda0c6ff8b35b62f0a2185cb3eaa0a8d122a7b2e93558650b,10724,8,75068,6,NASTRAN_SIMULATIONS,NASTRAN_SIMULATIONS/02_COUPMASS_STUDY/BULK/MAD_L108_WING_FLEX_AAF_R11_001.dat
88,763cd81e4b2deeedda0c6ff8b35b62f0a2185cb3eaa0a8d122a7b2e93558650b,10724,8,75068,7,NASTRAN_SIMULATIONS,NASTRAN_SIMULATIONS/03_GRAVITY_5G/nastran/BULK/MAD_L108_WING_FLEX_AAF_R11_001.dat
88,763cd81e4b2deeedda0c6ff8b35b62f0a2185cb3eaa0a8d122a7b2e93558650b,10724,8,75068,8,X56_AERO_POLAR,X56_AERO_POLAR/nastran/BULK/MAD_L108_WING_FLEX_AAF_R11_001.dat
89,16d64f09f324404715e63181d7574048b76128973e49fc9ad3d91698f87b47a2,74211,2,74211,1,GRAFICI,GRAFICI/SOL101/nastran/BULK/MAD_L108_FUSE_CAVB_R11_001.dat
89,16d64f09f324404715e63181d7574048b76128973e49fc9ad3d91698f87b47a2,74211,2,74211,2,NASTRAN,NASTRAN/SOL101/BULK/MAD_L108_FUSE_CAVB_R11_001.dat
90,f90f547199c27c67564db6fd0a98ca80b091c1a47e7f0ffb93adcb484806248c,10585,8,74095,1,GRAFICI,GRAFICI/MODAL_COMPARISON_10LB/nastran/BULK/MAD_L108_GRIDS_RBF_R11_001.dat
90,f90f547199c27c67564db6fd0a98ca80b091c1a47e7f0ffb93adcb484806248c,10585,8,74095,2,NASTRAN,NASTRAN/NASTRAN40/BULK/MAD_L108_GRIDS_RBF_R11_001.dat
90,f90f547199c27c67564db6fd0a98ca80b091c1a47e7f0ffb93adcb484806248c,10585,8,74095,3,NASTRAN,NASTRAN/NASTRAN_ALTER_OK/BULK/MAD_L108_GRIDS_RBF_R11_001.dat
90,f90f547199c27c67564db6fd0a98ca80b091c1a47e7f0ffb93adcb484806248c,10585,8,74095,4,NASTRAN,NASTRAN/REALASED_MODEL/BULK/MAD_L108_GRIDS_RBF_R11_001.dat
90,f90f547199c27c67564db6fd0a98ca80b091c1a47e7f0ffb93adcb484806248c,10585,8,74095,5,NASTRAN_SIMULATIONS,NASTRAN_SIMULATIONS/01_SOL103_60_MODES/BULK/MAD_L108_GRIDS_RBF_R11_001.dat
90,f90f547199c27c67564db6fd0a98ca80b091c1a47e7f0ffb93adcb484806248c,10585,8,74095,6,NASTRAN_SIMULATIONS,NASTRAN_SIMULATIONS/02_COUPMASS_STUDY/BULK/MAD_L108_GRIDS_RBF_R11_001.dat
90,f90f547199c27c67564db6fd0a98ca80b091c1a47e7f0ffb93adcb484806248c,10585,8,74095,7,NASTRAN_SIMULATIONS,NASTRAN_SIMULATIONS/03_GRAVITY_5G/nastran/BULK/MAD_L108_GRIDS_RBF_R11_001.dat
90,f90f547199c27c67564db6fd0a98ca80b091c1a47e7f0ffb93adcb484806248c,10585,8,74095,8,X56_AERO_POLAR,X56_AERO_POLAR/nastran/BULK/MAD_L108_GRIDS_RBF_R11_001.dat
91,283b5bd54ec810f04a2567aad31b7c0d380f7df1b598456c803e211a2d4fd73d,10506,8,73542,1,GRAFICI,GRAFICI/MODAL_COMPARISON_10LB/nastran/BULK/MAD_L108_GRIDS_LBF_R11_001.dat
91,283b5bd54ec810f04a2567aad31b7c0d380f7df1b598456c803e211a2d4fd73d,10506,8,73542,2,NASTRAN,NASTRAN/NASTRAN40/BULK/MAD_L108_GRIDS_LBF_R11_001.dat
91,283b5bd54ec810f04a2567aad31b7c0d380f7df1b598456c803e211a2d4fd73d,10506,8,73542,3,NASTRAN,NASTRAN/NASTRAN_ALTER_OK/BULK/MAD_L108_GRIDS_LBF_R11_001.dat
91,283b5bd54ec810f04a2567aad31b7c0d380f7df1b598456c803e211a2d4fd73d,10506,8,73542,4,NASTRAN,NASTRAN/REALASED_MODEL/BULK/MAD_L108_GRIDS_LBF_R11_001.dat
91,283b5bd54ec810f04a2567aad31b7c0d380f7df1b598456c803e211a2d4fd73d,10506,8,73542,5,NASTRAN_SIMULATIONS,NASTRAN_SIMULATIONS/01_SOL103_60_MODES/BULK/MAD_L108_GRIDS_LBF_R11_001.dat
91,283b5bd54ec810f04a2567aad31b7c0d380f7df1b598456c803e211a2d4fd73d,10506,8,73542,6,NASTRAN_SIMULATIONS,NASTRAN_SIMULATIONS/02_COUPMASS_STUDY/BULK/MAD_L108_GRIDS_LBF_R11_001.dat
91,283b5bd54ec810f04a2567aad31b7c0d380f7df1b598456c803e211a2d4fd73d,10506,8,73542,7,NASTRAN_SIMULATIONS,NASTRAN_SIMULATIONS/03_GRAVITY_5G/nastran/BULK/MAD_L108_GRIDS_LBF_R11_001.dat
91,283b5bd54ec810f04a2567aad31b7c0d380f7df1b598456c803e211a2d4fd73d,10506,8,73542,8,X56_AERO_POLAR,X56_AERO_POLAR/nastran/BULK/MAD_L108_GRIDS_LBF_R11_001.dat
92,a76acbe9cc863241170dacde0e3c32af6787ad4857288c87aaaf48eb43bfb96b,71318,2,71318,1,BFF_DUST_55,BFF_DUST_55/CASE_DUST_SMOKE/AILERON_ANIMATION/frame_01_wf4_+02.5deg/frame_01_wf4_+02.5deg.vtu
92,a76acbe9cc863241170dacde0e3c32af6787ad4857288c87aaaf48eb43bfb96b,71318,2,71318,2,BFF_DUST_55,BFF_DUST_55/CASE_DUST_SMOKE/AILERON_ANIMATION/frame_07_wf4_+02.5deg/frame_07_wf4_+02.5deg.vtu
93,f839e807862c9f5d2021367da32da2acfadae257a1f095b2e4627e62ee7c031d,71318,2,71318,1,BFF_DUST_55,BFF_DUST_55/CASE_DUST_SMOKE/AILERON_ANIMATION/frame_02_wf4_+05.0deg/frame_02_wf4_+05.0deg.vtu
93,f839e807862c9f5d2021367da32da2acfadae257a1f095b2e4627e62ee7c031d,71318,2,71318,2,BFF_DUST_55,BFF_DUST_55/CASE_DUST_SMOKE/AILERON_ANIMATION/frame_06_wf4_+05.0deg/frame_06_wf4_+05.0deg.vtu
94,ac86794855a0f31dc30146adaab355ac766fca0a01cbefe95359d7431b343a04,71318,2,71318,1,BFF_DUST_55,BFF_DUST_55/CASE_DUST_SMOKE/AILERON_ANIMATION/frame_03_wf4_+07.5deg/frame_03_wf4_+07.5deg.vtu
94,ac86794855a0f31dc30146adaab355ac766fca0a01cbefe95359d7431b343a04,71318,2,71318,2,BFF_DUST_55,BFF_DUST_55/CASE_DUST_SMOKE/AILERON_ANIMATION/frame_05_wf4_+07.5deg/frame_05_wf4_+07.5deg.vtu
95,8770170e25ed2cd5ed26f34e84c97d854f71be0ada22e44c4c1a63f493c24cb4,71318,2,71318,1,BFF_DUST_55,BFF_DUST_55/CASE_DUST_SMOKE/AILERON_ANIMATION/frame_09_wf4_-02.5deg/frame_09_wf4_-02.5deg.vtu
95,8770170e25ed2cd5ed26f34e84c97d854f71be0ada22e44c4c1a63f493c24cb4,71318,2,71318,2,BFF_DUST_55,BFF_DUST_55/CASE_DUST_SMOKE/AILERON_ANIMATION/frame_15_wf4_-02.5deg/frame_15_wf4_-02.5deg.vtu
96,09daff85f51dd905322e628592be91c7d9ff27813aaeb000e77511cb703fa9f1,71318,2,71318,1,BFF_DUST_55,BFF_DUST_55/CASE_DUST_SMOKE/AILERON_ANIMATION/frame_10_wf4_-05.0deg/frame_10_wf4_-05.0deg.vtu
96,09daff85f51dd905322e628592be91c7d9ff27813aaeb000e77511cb703fa9f1,71318,2,71318,2,BFF_DUST_55,BFF_DUST_55/CASE_DUST_SMOKE/AILERON_ANIMATION/frame_14_wf4_-05.0deg/frame_14_wf4_-05.0deg.vtu
97,959b8dc02b7d1003e448354f4da4a898dfb314be33b6345d66ef8744dd85e311,71318,2,71318,1,BFF_DUST_55,BFF_DUST_55/CASE_DUST_SMOKE/AILERON_ANIMATION/frame_11_wf4_-07.5deg/frame_11_wf4_-07.5deg.vtu
97,959b8dc02b7d1003e448354f4da4a898dfb314be33b6345d66ef8744dd85e311,71318,2,71318,2,BFF_DUST_55,BFF_DUST_55/CASE_DUST_SMOKE/AILERON_ANIMATION/frame_13_wf4_-07.5deg/frame_13_wf4_-07.5deg.vtu
98,b25759f977843d17562e24e4b35a3cb506ee0061508c096de53a7016f0c597ac,71318,2,71318,1,BFF_DUST_55,BFF_DUST_55/CASE_DUST_SMOKE/SURFACE_SEQUENCE_4231/frame_01_WF4_LR_+15.0deg/frame_01_WF4_LR_+15.0deg.vtu
98,b25759f977843d17562e24e4b35a3cb506ee0061508c096de53a7016f0c597ac,71318,2,71318,2,BFF_DUST_55,BFF_DUST_55/CASE_DUST_SMOKE/SURFACE_SEQUENCE_4231/frame_03_WF4_LR_+15.0deg/frame_03_WF4_LR_+15.0deg.vtu
99,f5324bff16f892e5ceb09149466b6fd3fd1347bde8c2af419f4163218457998c,71318,2,71318,1,BFF_DUST_55,BFF_DUST_55/CASE_DUST_SMOKE/SURFACE_SEQUENCE_4231/frame_05_WF4_LR_-15.0deg/frame_05_WF4_LR_-15.0deg.vtu
99,f5324bff16f892e5ceb09149466b6fd3fd1347bde8c2af419f4163218457998c,71318,2,71318,2,BFF_DUST_55,BFF_DUST_55/CASE_DUST_SMOKE/SURFACE_SEQUENCE_4231/frame_07_WF4_LR_-15.0deg/frame_07_WF4_LR_-15.0deg.vtu
100,746f42a51aefd3b18a59f8855998da004a806e06d068b06a601aea58b04b2554,71318,2,71318,1,BFF_DUST_55,BFF_DUST_55/CASE_DUST_SMOKE/SURFACE_SEQUENCE_4231/frame_10_WF2_LR_+15.0deg/frame_10_WF2_LR_+15.0deg.vtu
100,746f42a51aefd3b18a59f8855998da004a806e06d068b06a601aea58b04b2554,71318,2,71318,2,BFF_DUST_55,BFF_DUST_55/CASE_DUST_SMOKE/SURFACE_SEQUENCE_4231/frame_12_WF2_LR_+15.0deg/frame_12_WF2_LR_+15.0deg.vtu
101,a65adb0cbfdcdf4698b6870053cff5a25217e5d7a0f56504262c21807140eedc,71318,2,71318,1,BFF_DUST_55,BFF_DUST_55/CASE_DUST_SMOKE/SURFACE_SEQUENCE_4231/frame_14_WF2_LR_-15.0deg/frame_14_WF2_LR_-15.0deg.vtu
101,a65adb0cbfdcdf4698b6870053cff5a25217e5d7a0f56504262c21807140eedc,71318,2,71318,2,BFF_DUST_55,BFF_DUST_55/CASE_DUST_SMOKE/SURFACE_SEQUENCE_4231/frame_16_WF2_LR_-15.0deg/frame_16_WF2_LR_-15.0deg.vtu
102,a781dec2ea1b2213f3fd3108452f4fb376fcffabe641e5bfe5abe0c76857d40e,71318,2,71318,1,BFF_DUST_55,BFF_DUST_55/CASE_DUST_SMOKE/SURFACE_SEQUENCE_4231/frame_19_WF3_LR_+15.0deg/frame_19_WF3_LR_+15.0deg.vtu
102,a781dec2ea1b2213f3fd3108452f4fb376fcffabe641e5bfe5abe0c76857d40e,71318,2,71318,2,BFF_DUST_55,BFF_DUST_55/CASE_DUST_SMOKE/SURFACE_SEQUENCE_4231/frame_21_WF3_LR_+15.0deg/frame_21_WF3_LR_+15.0deg.vtu
103,9550f9b98a1abefb167448f41adf43a0f22d8fc7fe0b9b028232cf7b63efadf6,71318,2,71318,1,BFF_DUST_55,BFF_DUST_55/CASE_DUST_SMOKE/SURFACE_SEQUENCE_4231/frame_23_WF3_LR_-15.0deg/frame_23_WF3_LR_-15.0deg.vtu
103,9550f9b98a1abefb167448f41adf43a0f22d8fc7fe0b9b028232cf7b63efadf6,71318,2,71318,2,BFF_DUST_55,BFF_DUST_55/CASE_DUST_SMOKE/SURFACE_SEQUENCE_4231/frame_25_WF3_LR_-15.0deg/frame_25_WF3_LR_-15.0deg.vtu
104,fb8c7721c7141e67d954b91c4f4c21da9ad021bc375ef16799bb06fe6a59ee71,71318,2,71318,1,BFF_DUST_55,BFF_DUST_55/CASE_DUST_SMOKE/SURFACE_SEQUENCE_4231/frame_28_WF1_LR_+15.0deg/frame_28_WF1_LR_+15.0deg.vtu
104,fb8c7721c7141e67d954b91c4f4c21da9ad021bc375ef16799bb06fe6a59ee71,71318,2,71318,2,BFF_DUST_55,BFF_DUST_55/CASE_DUST_SMOKE/SURFACE_SEQUENCE_4231/frame_30_WF1_LR_+15.0deg/frame_30_WF1_LR_+15.0deg.vtu
105,e82be60f0427fb078c71ceb639980d34ae04b9077e80d6baa09d5a595de54b81,71318,2,71318,1,BFF_DUST_55,BFF_DUST_55/CASE_DUST_SMOKE/SURFACE_SEQUENCE_4231/frame_32_WF1_LR_-15.0deg/frame_32_WF1_LR_-15.0deg.vtu
105,e82be60f0427fb078c71ceb639980d34ae04b9077e80d6baa09d5a595de54b81,71318,2,71318,2,BFF_DUST_55,BFF_DUST_55/CASE_DUST_SMOKE/SURFACE_SEQUENCE_4231/frame_34_WF1_LR_-15.0deg/frame_34_WF1_LR_-15.0deg.vtu
106,235ec4ae664a7284b9ca7080d54289ec7c8fc6ad7ff48f20a449ed8d81bec5eb,71318,2,71318,1,BFF_DUST_55,BFF_DUST_55/CASE_DUST_SMOKE/SURFACE_SEQUENCE_4231/frame_37_BF_LR_+15.0deg/frame_37_BF_LR_+15.0deg.vtu
106,235ec4ae664a7284b9ca7080d54289ec7c8fc6ad7ff48f20a449ed8d81bec5eb,71318,2,71318,2,BFF_DUST_55,BFF_DUST_55/CASE_DUST_SMOKE/SURFACE_SEQUENCE_4231/frame_39_BF_LR_+15.0deg/frame_39_BF_LR_+15.0deg.vtu
107,6d1a94a31bc9411acf1543d44461971af8dbf264146657d05655baf352001b60,71318,2,71318,1,BFF_DUST_55,BFF_DUST_55/CASE_DUST_SMOKE/SURFACE_SEQUENCE_4231/frame_41_BF_LR_-15.0deg/frame_41_BF_LR_-15.0deg.vtu
107,6d1a94a31bc9411acf1543d44461971af8dbf264146657d05655baf352001b60,71318,2,71318,2,BFF_DUST_55,BFF_DUST_55/CASE_DUST_SMOKE/SURFACE_SEQUENCE_4231/frame_43_BF_LR_-15.0deg/frame_43_BF_LR_-15.0deg.vtu
108,4cef6467fc1d33e51f1a0b843eaecf8a03d86a909fb022b929876640984a68b3,17511,5,70044,1,GRAFICI,GRAFICI/MODAL_COMPARISON_10LB/nastran/rbe3s.bdf
108,4cef6467fc1d33e51f1a0b843eaecf8a03d86a909fb022b929876640984a68b3,17511,5,70044,2,NASTRAN,NASTRAN/NASTRAN40/MAIN/rbe3s.bdf
108,4cef6467fc1d33e51f1a0b843eaecf8a03d86a909fb022b929876640984a68b3,17511,5,70044,3,NASTRAN,NASTRAN/NASTRAN_ALTER_OK/MAIN/rbe3s.bdf
108,4cef6467fc1d33e51f1a0b843eaecf8a03d86a909fb022b929876640984a68b3,17511,5,70044,4,NASTRAN_SIMULATIONS,NASTRAN_SIMULATIONS/01_SOL103_60_MODES/MAIN/rbe3s.bdf
108,4cef6467fc1d33e51f1a0b843eaecf8a03d86a909fb022b929876640984a68b3,17511,5,70044,5,NASTRAN_SIMULATIONS,NASTRAN_SIMULATIONS/02_COUPMASS_STUDY/MAIN/rbe3s.bdf
109,a0790cf5b7fbfd3eb8618fc776de3bf435a2646e65ad1b9a7cc5480eccdfb9e9,69415,2,69415,1,GRAFICI,GRAFICI/SOL101/nastran/BULK/MAD_L108_WING_AAP_R11_001.dat
109,a0790cf5b7fbfd3eb8618fc776de3bf435a2646e65ad1b9a7cc5480eccdfb9e9,69415,2,69415,2,NASTRAN,NASTRAN/SOL101/BULK/MAD_L108_WING_AAP_R11_001.dat
110,b80643538e6a10bdba9471522e0d86b8b888e59fec63837669c8affe03854ef9,68675,2,68675,1,GRAFICI,GRAFICI/SOL101/nastran/BULK/MAD_L108_GRIDS_FUSE_R11_004.dat
110,b80643538e6a10bdba9471522e0d86b8b888e59fec63837669c8affe03854ef9,68675,2,68675,2,NASTRAN,NASTRAN/SOL101/BULK/MAD_L108_GRIDS_FUSE_R11_004.dat
111,ca82fff2d0674e235cabb2f661045546961abf37ad0ecdf8c39d6ddbbed87b8f,64694,2,64694,1,GRAFICI,GRAFICI/SOL101/nastran/BULK/MAD_L108_WING_CS_BUSH_R11_001.dat
111,ca82fff2d0674e235cabb2f661045546961abf37ad0ecdf8c39d6ddbbed87b8f,64694,2,64694,2,NASTRAN,NASTRAN/SOL101/BULK/MAD_L108_WING_CS_BUSH_R11_001.dat
112,315a38e7a9bdd3050640516e17fbfb9fc91990ab042b4c2768acbd3684d05fa3,64028,2,64028,1,bff_eigenalaisy,bff_eigenalaisy/__pycache__/analyse_bff copy.cpython-312.pyc
112,315a38e7a9bdd3050640516e17fbfb9fc91990ab042b4c2768acbd3684d05fa3,64028,2,64028,2,bff_longitudinal,bff_longitudinal/__pycache__/analyse_bff copy.cpython-312.pyc
113,fda73e13c48ce58386b3d33cf7158b3d02d4940b3ef3246c96b12fa527549752,6942,10,62478,1,GRAFICI,GRAFICI/MODAL_COMPARISON_10LB/nastran/BULK/MAD_L108_ASET_F_R11_002A.dat
113,fda73e13c48ce58386b3d33cf7158b3d02d4940b3ef3246c96b12fa527549752,6942,10,62478,2,GRAFICI,GRAFICI/SOL101/nastran/BULK/MAD_L108_ASET_F_R11_002A.dat
113,fda73e13c48ce58386b3d33cf7158b3d02d4940b3ef3246c96b12fa527549752,6942,10,62478,3,NASTRAN,NASTRAN/NASTRAN40/BULK/MAD_L108_ASET_F_R11_002A.dat
113,fda73e13c48ce58386b3d33cf7158b3d02d4940b3ef3246c96b12fa527549752,6942,10,62478,4,NASTRAN,NASTRAN/NASTRAN_ALTER_OK/BULK/MAD_L108_ASET_F_R11_002A.dat
113,fda73e13c48ce58386b3d33cf7158b3d02d4940b3ef3246c96b12fa527549752,6942,10,62478,5,NASTRAN,NASTRAN/REALASED_MODEL/BULK/MAD_L108_ASET_F_R11_002A.dat
113,fda73e13c48ce58386b3d33cf7158b3d02d4940b3ef3246c96b12fa527549752,6942,10,62478,6,NASTRAN,NASTRAN/SOL101/BULK/MAD_L108_ASET_F_R11_002A.dat
113,fda73e13c48ce58386b3d33cf7158b3d02d4940b3ef3246c96b12fa527549752,6942,10,62478,7,NASTRAN_SIMULATIONS,NASTRAN_SIMULATIONS/01_SOL103_60_MODES/BULK/MAD_L108_ASET_F_R11_002A.dat
113,fda73e13c48ce58386b3d33cf7158b3d02d4940b3ef3246c96b12fa527549752,6942,10,62478,8,NASTRAN_SIMULATIONS,NASTRAN_SIMULATIONS/02_COUPMASS_STUDY/BULK/MAD_L108_ASET_F_R11_002A.dat
113,fda73e13c48ce58386b3d33cf7158b3d02d4940b3ef3246c96b12fa527549752,6942,10,62478,9,NASTRAN_SIMULATIONS,NASTRAN_SIMULATIONS/03_GRAVITY_5G/nastran/BULK/MAD_L108_ASET_F_R11_002A.dat
113,fda73e13c48ce58386b3d33cf7158b3d02d4940b3ef3246c96b12fa527549752,6942,10,62478,10,X56_AERO_POLAR,X56_AERO_POLAR/nastran/BULK/MAD_L108_ASET_F_R11_002A.dat
114,dce0663f36a8681b8a2a663bca292a1637cb55a9080c541515eb50367605271f,62448,2,62448,1,GRAFICI,GRAFICI/SOL101/nastran/BULK/MAD_L108_FUSE_BRSIN_R11_001.dat
114,dce0663f36a8681b8a2a663bca292a1637cb55a9080c541515eb50367605271f,62448,2,62448,2,NASTRAN,NASTRAN/SOL101/BULK/MAD_L108_FUSE_BRSIN_R11_001.dat
115,064ea9899193b608c72323f9ab447d37f8a1babd7d01475567c53823823ab271,60691,2,60691,1,GRAFICI,GRAFICI/SOL101/nastran/BULK/MAD_L108_WING_FLEX_AAF_R11_001.dat
115,064ea9899193b608c72323f9ab447d37f8a1babd7d01475567c53823823ab271,60691,2,60691,2,NASTRAN,NASTRAN/SOL101/BULK/MAD_L108_WING_FLEX_AAF_R11_001.dat
116,432b82d8714682f4883a172718fb92b3c9f2dea90dd68c09aa3960dd14398846,59968,2,59968,1,GRAFICI,GRAFICI/SOL101/nastran/BULK/MAD_L108_FUSE_E_R11_003T.dat
116,432b82d8714682f4883a172718fb92b3c9f2dea90dd68c09aa3960dd14398846,59968,2,59968,2,NASTRAN,NASTRAN/SOL101/BULK/MAD_L108_FUSE_E_R11_003T.dat
117,bc19cd2cc86940b61487e1cc92be2c1387cda0eea5afc5c8ecd311aeee00df35,59535,2,59535,1,GRAFICI,GRAFICI/SOL101/nastran/BULK/MAD_L108_BOOM_R11_001.dat
117,bc19cd2cc86940b61487e1cc92be2c1387cda0eea5afc5c8ecd311aeee00df35,59535,2,59535,2,NASTRAN,NASTRAN/SOL101/BULK/MAD_L108_BOOM_R11_001.dat
118,f7c873873ad8b1ddf5672cf74642fb07e46ca1186712270bbd9a48f9a146308b,8382,8,58674,1,GRAFICI,GRAFICI/MODAL_COMPARISON_10LB/nastran/BULK/MAD_L108_FUSE_CAVB_R11_001.dat
118,f7c873873ad8b1ddf5672cf74642fb07e46ca1186712270bbd9a48f9a146308b,8382,8,58674,2,NASTRAN,NASTRAN/NASTRAN40/BULK/MAD_L108_FUSE_CAVB_R11_001.dat
118,f7c873873ad8b1ddf5672cf74642fb07e46ca1186712270bbd9a48f9a146308b,8382,8,58674,3,NASTRAN,NASTRAN/NASTRAN_ALTER_OK/BULK/MAD_L108_FUSE_CAVB_R11_001.dat
118,f7c873873ad8b1ddf5672cf74642fb07e46ca1186712270bbd9a48f9a146308b,8382,8,58674,4,NASTRAN,NASTRAN/REALASED_MODEL/BULK/MAD_L108_FUSE_CAVB_R11_001.dat
118,f7c873873ad8b1ddf5672cf74642fb07e46ca1186712270bbd9a48f9a146308b,8382,8,58674,5,NASTRAN_SIMULATIONS,NASTRAN_SIMULATIONS/01_SOL103_60_MODES/BULK/MAD_L108_FUSE_CAVB_R11_001.dat
118,f7c873873ad8b1ddf5672cf74642fb07e46ca1186712270bbd9a48f9a146308b,8382,8,58674,6,NASTRAN_SIMULATIONS,NASTRAN_SIMULATIONS/02_COUPMASS_STUDY/BULK/MAD_L108_FUSE_CAVB_R11_001.dat
118,f7c873873ad8b1ddf5672cf74642fb07e46ca1186712270bbd9a48f9a146308b,8382,8,58674,7,NASTRAN_SIMULATIONS,NASTRAN_SIMULATIONS/03_GRAVITY_5G/nastran/BULK/MAD_L108_FUSE_CAVB_R11_001.dat
118,f7c873873ad8b1ddf5672cf74642fb07e46ca1186712270bbd9a48f9a146308b,8382,8,58674,8,X56_AERO_POLAR,X56_AERO_POLAR/nastran/BULK/MAD_L108_FUSE_CAVB_R11_001.dat
119,25801bf8c5d8bc2e257a54d3a67d6f848f7aae3faeda2154a17053c6b873c47f,55522,2,55522,1,GRAFICI,GRAFICI/SOL101/nastran/BULK/MAD_L108_WING_FLEX_INT_R11_001.dat
119,25801bf8c5d8bc2e257a54d3a67d6f848f7aae3faeda2154a17053c6b873c47f,55522,2,55522,2,NASTRAN,NASTRAN/SOL101/BULK/MAD_L108_WING_FLEX_INT_R11_001.dat
120,ead3c33b0ced997301b7c2ec1a3d88dcb43b19de33cfbf3192dc5037464c1795,53785,2,53785,1,GRAFICI,GRAFICI/SOL101/nastran/BULK/MAD_L108_WING_WIRES_R11_001.dat
120,ead3c33b0ced997301b7c2ec1a3d88dcb43b19de33cfbf3192dc5037464c1795,53785,2,53785,2,NASTRAN,NASTRAN/SOL101/BULK/MAD_L108_WING_WIRES_R11_001.dat
121,790c658c67b9e485903ecb6e968370cea8909b3602f91f28ba0dd7917527ae7d,53183,2,53183,1,GRAFICI,GRAFICI/SOL101/nastran/BULK/MAD_L108_WING_WLA_R11_003T.dat
121,790c658c67b9e485903ecb6e968370cea8909b3602f91f28ba0dd7917527ae7d,53183,2,53183,2,NASTRAN,NASTRAN/SOL101/BULK/MAD_L108_WING_WLA_R11_003T.dat
122,732335457417cee94835408e2d5070b26b47fdb51e8e6b5d9cd82562a91ac04d,7573,8,53011,1,GRAFICI,GRAFICI/MODAL_COMPARISON_10LB/nastran/BULK/MAD_L108_WING_AAP_R11_001.dat
122,732335457417cee94835408e2d5070b26b47fdb51e8e6b5d9cd82562a91ac04d,7573,8,53011,2,NASTRAN,NASTRAN/NASTRAN40/BULK/MAD_L108_WING_AAP_R11_001.dat
122,732335457417cee94835408e2d5070b26b47fdb51e8e6b5d9cd82562a91ac04d,7573,8,53011,3,NASTRAN,NASTRAN/NASTRAN_ALTER_OK/BULK/MAD_L108_WING_AAP_R11_001.dat
122,732335457417cee94835408e2d5070b26b47fdb51e8e6b5d9cd82562a91ac04d,7573,8,53011,4,NASTRAN,NASTRAN/REALASED_MODEL/BULK/MAD_L108_WING_AAP_R11_001.dat
122,732335457417cee94835408e2d5070b26b47fdb51e8e6b5d9cd82562a91ac04d,7573,8,53011,5,NASTRAN_SIMULATIONS,NASTRAN_SIMULATIONS/01_SOL103_60_MODES/BULK/MAD_L108_WING_AAP_R11_001.dat
122,732335457417cee94835408e2d5070b26b47fdb51e8e6b5d9cd82562a91ac04d,7573,8,53011,6,NASTRAN_SIMULATIONS,NASTRAN_SIMULATIONS/02_COUPMASS_STUDY/BULK/MAD_L108_WING_AAP_R11_001.dat
122,732335457417cee94835408e2d5070b26b47fdb51e8e6b5d9cd82562a91ac04d,7573,8,53011,7,NASTRAN_SIMULATIONS,NASTRAN_SIMULATIONS/03_GRAVITY_5G/nastran/BULK/MAD_L108_WING_AAP_R11_001.dat
122,732335457417cee94835408e2d5070b26b47fdb51e8e6b5d9cd82562a91ac04d,7573,8,53011,8,X56_AERO_POLAR,X56_AERO_POLAR/nastran/BULK/MAD_L108_WING_AAP_R11_001.dat
123,9f69c7737fcb5d4a56d47b5f85ce1cdf242e27204e33d6cbbcebbf83ec8cccb9,51817,2,51817,1,GRAFICI,GRAFICI/SOL101/nastran/BULK/MAD_L108_WING_STIFF_ACCEL_R11_002.dat
123,9f69c7737fcb5d4a56d47b5f85ce1cdf242e27204e33d6cbbcebbf83ec8cccb9,51817,2,51817,2,NASTRAN,NASTRAN/SOL101/BULK/MAD_L108_WING_STIFF_ACCEL_R11_002.dat
124,6a34667b56c991f33d731704439984d3b4f8f1b13a1768bad711be53d38f38d1,12898,5,51592,1,MBDYN,MBDYN/PID/INCLUDE/node.mbd
124,6a34667b56c991f33d731704439984d3b4f8f1b13a1768bad711be53d38f38d1,12898,5,51592,2,MBDYN,MBDYN/PID_5deg_35ms/INCLUDE/node.mbd
124,6a34667b56c991f33d731704439984d3b4f8f1b13a1768bad711be53d38f38d1,12898,5,51592,3,MBDYN,MBDYN/PID_pitch/INCLUDE/node.mbd
124,6a34667b56c991f33d731704439984d3b4f8f1b13a1768bad711be53d38f38d1,12898,5,51592,4,MBDYN,MBDYN/V-g_clamp/INCLUDE/node.mbd
124,6a34667b56c991f33d731704439984d3b4f8f1b13a1768bad711be53d38f38d1,12898,5,51592,5,X56_AERO_POLAR,X56_AERO_POLAR/mbdyn/INCLUDE/node.mbd
125,cbc609663b11ab4694abbd708ddb45d10e9ee3053375632c361bb40be7af57bb,7368,8,51576,1,GRAFICI,GRAFICI/MODAL_COMPARISON_10LB/nastran/BULK/MAD_L108_FUSE_PAN_GRID_R11_001.dat
125,cbc609663b11ab4694abbd708ddb45d10e9ee3053375632c361bb40be7af57bb,7368,8,51576,2,NASTRAN,NASTRAN/NASTRAN40/BULK/MAD_L108_FUSE_PAN_GRID_R11_001.dat
125,cbc609663b11ab4694abbd708ddb45d10e9ee3053375632c361bb40be7af57bb,7368,8,51576,3,NASTRAN,NASTRAN/NASTRAN_ALTER_OK/BULK/MAD_L108_FUSE_PAN_GRID_R11_001.dat
125,cbc609663b11ab4694abbd708ddb45d10e9ee3053375632c361bb40be7af57bb,7368,8,51576,4,NASTRAN,NASTRAN/REALASED_MODEL/BULK/MAD_L108_FUSE_PAN_GRID_R11_001.dat
125,cbc609663b11ab4694abbd708ddb45d10e9ee3053375632c361bb40be7af57bb,7368,8,51576,5,NASTRAN_SIMULATIONS,NASTRAN_SIMULATIONS/01_SOL103_60_MODES/BULK/MAD_L108_FUSE_PAN_GRID_R11_001.dat
125,cbc609663b11ab4694abbd708ddb45d10e9ee3053375632c361bb40be7af57bb,7368,8,51576,6,NASTRAN_SIMULATIONS,NASTRAN_SIMULATIONS/02_COUPMASS_STUDY/BULK/MAD_L108_FUSE_PAN_GRID_R11_001.dat
125,cbc609663b11ab4694abbd708ddb45d10e9ee3053375632c361bb40be7af57bb,7368,8,51576,7,NASTRAN_SIMULATIONS,NASTRAN_SIMULATIONS/03_GRAVITY_5G/nastran/BULK/MAD_L108_FUSE_PAN_GRID_R11_001.dat
125,cbc609663b11ab4694abbd708ddb45d10e9ee3053375632c361bb40be7af57bb,7368,8,51576,8,X56_AERO_POLAR,X56_AERO_POLAR/nastran/BULK/MAD_L108_FUSE_PAN_GRID_R11_001.dat
126,1f6ebe78469ae98822121ee6cf1355b24caea28259d0912d713f8a10c6bef9fd,50255,2,50255,1,GRAFICI,GRAFICI/SOL101/nastran/BULK/MAD_L108_FUSE_ACCELS_R11_001.dat
126,1f6ebe78469ae98822121ee6cf1355b24caea28259d0912d713f8a10c6bef9fd,50255,2,50255,2,NASTRAN,NASTRAN/SOL101/BULK/MAD_L108_FUSE_ACCELS_R11_001.dat
127,f1bf219a97272eee5cbc38f4227f3af3c7a9dd68298c5c8651358bcfb4d372d0,50232,2,50232,1,GRAFICI,GRAFICI/SOL101/nastran/BULK/MAD_L108_CS_FLEX1_ADJ_R11_002T.dat
127,f1bf219a97272eee5cbc38f4227f3af3c7a9dd68298c5c8651358bcfb4d372d0,50232,2,50232,2,NASTRAN,NASTRAN/SOL101/BULK/MAD_L108_CS_FLEX1_ADJ_R11_002T.dat
128,8e42d0251344311eddcf3ea322197d8a9209c3f82eb125029071fee9374c8ffc,49945,2,49945,1,GRAFICI,GRAFICI/SOL101/nastran/BULK/MAD_L108_FUSE_MOD_U_R11_001.dat
128,8e42d0251344311eddcf3ea322197d8a9209c3f82eb125029071fee9374c8ffc,49945,2,49945,2,NASTRAN,NASTRAN/SOL101/BULK/MAD_L108_FUSE_MOD_U_R11_001.dat
129,6691324a7cdfffe9fb74181e27bc160034cee4fdbfb488006c75cc70c3f5aecc,48962,2,48962,1,GRAFICI,GRAFICI/SOL101/nastran/BULK/MAD_L108_LE_RIBLET_R11_001.dat
129,6691324a7cdfffe9fb74181e27bc160034cee4fdbfb488006c75cc70c3f5aecc,48962,2,48962,2,NASTRAN,NASTRAN/SOL101/BULK/MAD_L108_LE_RIBLET_R11_001.dat
130,acb785dea4ab4a0a7900c85521a82e679f151d7f61a01155c18e0deef7dcd70e,47541,2,47541,1,GRAFICI,GRAFICI/SOL101/nastran/BULK/MAD_L108_WING_FLEX_SPL_R11_001.dat
130,acb785dea4ab4a0a7900c85521a82e679f151d7f61a01155c18e0deef7dcd70e,47541,2,47541,2,NASTRAN,NASTRAN/SOL101/BULK/MAD_L108_WING_FLEX_SPL_R11_001.dat
131,aa6c6b24f63e5310ea6d55764fa8fde151e90156ebea6e3d5ad063abffaf0639,47291,2,47291,1,GRAFICI,GRAFICI/SOL101/nastran/BULK/MAD_L108_FUSE_MOD_L_R11_001.dat
131,aa6c6b24f63e5310ea6d55764fa8fde151e90156ebea6e3d5ad063abffaf0639,47291,2,47291,2,NASTRAN,NASTRAN/SOL101/BULK/MAD_L108_FUSE_MOD_L_R11_001.dat
132,8138a86e48db162b7d91b4aff0458f62b6670abbc67a497fee706321950539cb,47213,2,47213,1,GRAFICI,GRAFICI/SOL101/nastran/BULK/MAD_L108_FUEL_R11_LT10_NASA.dat
132,8138a86e48db162b7d91b4aff0458f62b6670abbc67a497fee706321950539cb,47213,2,47213,2,NASTRAN,NASTRAN/SOL101/BULK/MAD_L108_FUEL_R11_LT10_NASA.dat
133,28f485edfe941fb428fd557db7e834d0c15d3b295c0aacb747b4ac20027abbf2,47213,2,47213,1,GRAFICI,GRAFICI/SOL101/nastran/BULK/MAD_L108_FUEL_R11_RT10_NASA.dat
133,28f485edfe941fb428fd557db7e834d0c15d3b295c0aacb747b4ac20027abbf2,47213,2,47213,2,NASTRAN,NASTRAN/SOL101/BULK/MAD_L108_FUEL_R11_RT10_NASA.dat
134,8dd34294a23803e13a69bed873c5685da612c7569e0de0207f3c097988f54596,6743,8,47201,1,GRAFICI,GRAFICI/MODAL_COMPARISON_10LB/nastran/BULK/MAD_L108_MAT_ADD_R11_001.dat
134,8dd34294a23803e13a69bed873c5685da612c7569e0de0207f3c097988f54596,6743,8,47201,2,NASTRAN,NASTRAN/NASTRAN40/BULK/MAD_L108_MAT_ADD_R11_001.dat
134,8dd34294a23803e13a69bed873c5685da612c7569e0de0207f3c097988f54596,6743,8,47201,3,NASTRAN,NASTRAN/NASTRAN_ALTER_OK/BULK/MAD_L108_MAT_ADD_R11_001.dat
134,8dd34294a23803e13a69bed873c5685da612c7569e0de0207f3c097988f54596,6743,8,47201,4,NASTRAN,NASTRAN/REALASED_MODEL/BULK/MAD_L108_MAT_ADD_R11_001.dat
134,8dd34294a23803e13a69bed873c5685da612c7569e0de0207f3c097988f54596,6743,8,47201,5,NASTRAN_SIMULATIONS,NASTRAN_SIMULATIONS/01_SOL103_60_MODES/BULK/MAD_L108_MAT_ADD_R11_001.dat
134,8dd34294a23803e13a69bed873c5685da612c7569e0de0207f3c097988f54596,6743,8,47201,6,NASTRAN_SIMULATIONS,NASTRAN_SIMULATIONS/02_COUPMASS_STUDY/BULK/MAD_L108_MAT_ADD_R11_001.dat
134,8dd34294a23803e13a69bed873c5685da612c7569e0de0207f3c097988f54596,6743,8,47201,7,NASTRAN_SIMULATIONS,NASTRAN_SIMULATIONS/03_GRAVITY_5G/nastran/BULK/MAD_L108_MAT_ADD_R11_001.dat
134,8dd34294a23803e13a69bed873c5685da612c7569e0de0207f3c097988f54596,6743,8,47201,8,X56_AERO_POLAR,X56_AERO_POLAR/nastran/BULK/MAD_L108_MAT_ADD_R11_001.dat
135,9469033b580ec66f66a29122f1a2e298e15d02247e98812d91dd10494af89a37,47135,2,47135,1,GRAFICI,GRAFICI/SOL101/nastran/BULK/MAD_L108_FUEL_F_R11_LT_001.dat
135,9469033b580ec66f66a29122f1a2e298e15d02247e98812d91dd10494af89a37,47135,2,47135,2,NASTRAN,NASTRAN/SOL101/BULK/MAD_L108_FUEL_F_R11_LT_001.dat
136,f86147a089f83a5eb22c7eabb5b0d58c08ece4004799fa3f6a70dca345abb6c1,47135,2,47135,1,GRAFICI,GRAFICI/SOL101/nastran/BULK/MAD_L108_FUEL_F_R11_RT_001.dat
136,f86147a089f83a5eb22c7eabb5b0d58c08ece4004799fa3f6a70dca345abb6c1,47135,2,47135,2,NASTRAN,NASTRAN/SOL101/BULK/MAD_L108_FUEL_F_R11_RT_001.dat
137,587f3cc0b0ce31f45bf167ced28a60e5a6e2918512f76c802c43b28cfacf3681,46916,2,46916,1,GRAFICI,GRAFICI/SOL101/nastran/BULK/MAD_L108_NASA_MA_R11_24611.dat
137,587f3cc0b0ce31f45bf167ced28a60e5a6e2918512f76c802c43b28cfacf3681,46916,2,46916,2,NASTRAN,NASTRAN/SOL101/BULK/MAD_L108_NASA_MA_R11_24611.dat
138,5049523443154fe7f0ea71b99f3e7cd2a234be1fcb66fc48f9940083470fbe74,46906,2,46906,1,GRAFICI,GRAFICI/SOL101/nastran/BULK/MAD_L108_SG_FLEX_R11_001.dat
138,5049523443154fe7f0ea71b99f3e7cd2a234be1fcb66fc48f9940083470fbe74,46906,2,46906,2,NASTRAN,NASTRAN/SOL101/BULK/MAD_L108_SG_FLEX_R11_001.dat
139,dae51ea1f885b9fdf61e86e4ccebbe75d162f9e1225d261e42dd2780b370d694,46865,2,46865,1,TEST,TEST/BBF_DUST_COUPLED/build_dust/CMakeFiles/dustlibF90.dir/mod_precice.mod.stamp
139,dae51ea1f885b9fdf61e86e4ccebbe75d162f9e1225d261e42dd2780b370d694,46865,2,46865,2,TEST,TEST/BBF_DUST_COUPLED/build_dust/include/mod_precice.mod
140,54085850851223f637e84e5370fd7e66066d6ea60c4722161c3d1ebeedca7966,46770,2,46770,1,GRAFICI,GRAFICI/SOL101/nastran/BULK/MAD_L108_WL_WIRES_R11_002T.dat
140,54085850851223f637e84e5370fd7e66066d6ea60c4722161c3d1ebeedca7966,46770,2,46770,2,NASTRAN,NASTRAN/SOL101/BULK/MAD_L108_WL_WIRES_R11_002T.dat
141,b6c5b15b9d47e3ecf98c7a6759847e37ed87aba13886b3123c443ba14a6233bb,46634,2,46634,1,GRAFICI,GRAFICI/SOL101/nastran/BULK/MAD_L108_WING_CONM2S_R11_004.dat
141,b6c5b15b9d47e3ecf98c7a6759847e37ed87aba13886b3123c443ba14a6233bb,46634,2,46634,2,NASTRAN,NASTRAN/SOL101/BULK/MAD_L108_WING_CONM2S_R11_004.dat
142,95ab5b5a7aefe8d586152531f03637ada9a0a79ee9dfbebcfbac753ce78e80eb,46624,2,46624,1,GRAFICI,GRAFICI/SOL101/nastran/BULK/MAD_L108_WING_FAIR_R11_002.dat
142,95ab5b5a7aefe8d586152531f03637ada9a0a79ee9dfbebcfbac753ce78e80eb,46624,2,46624,2,NASTRAN,NASTRAN/SOL101/BULK/MAD_L108_WING_FAIR_R11_002.dat
143,b52660b991370d2d7fa15bcd8c038e1a0444b92710dbcd18361e2c85cda99f9d,46594,2,46594,1,GRAFICI,GRAFICI/SOL101/nastran/BULK/MAD_L108_WAB_R11_001.dat
143,b52660b991370d2d7fa15bcd8c038e1a0444b92710dbcd18361e2c85cda99f9d,46594,2,46594,2,NASTRAN,NASTRAN/SOL101/BULK/MAD_L108_WAB_R11_001.dat
144,17517c4fde8d0e39593daafbfd1599eb937cde5fab92dd612fd4eaeaad012cbb,45901,2,45901,1,GRAFICI,GRAFICI/SOL101/nastran/BULK/MAD_L108_WL_ACCELS_R11_002T.dat
144,17517c4fde8d0e39593daafbfd1599eb937cde5fab92dd612fd4eaeaad012cbb,45901,2,45901,2,NASTRAN,NASTRAN/SOL101/BULK/MAD_L108_WL_ACCELS_R11_002T.dat
145,cbd190d75238e343db6abf138d1eac3cc1356f6454f977776bda78ca72489113,45804,2,45804,1,TEST,TEST/BBF_DUST_COUPLED/build_dust/CMakeFiles/dustlibF90.dir/mod_post_sectional.mod.stamp
145,cbd190d75238e343db6abf138d1eac3cc1356f6454f977776bda78ca72489113,45804,2,45804,2,TEST,TEST/BBF_DUST_COUPLED/build_dust/include/mod_post_sectional.mod
146,242d6b4631b7acf996848423c66dd620db8ec4643f9e70371827c4cc274d8a04,45681,2,45681,1,TEST,TEST/BBF_DUST_COUPLED/build_dust/CMakeFiles/dustlibF90.dir/mod_post_load.mod.stamp
146,242d6b4631b7acf996848423c66dd620db8ec4643f9e70371827c4cc274d8a04,45681,2,45681,2,TEST,TEST/BBF_DUST_COUPLED/build_dust/include/mod_post_load.mod
147,6637523e682b57dfc1eac619b0df776e054ac90dc6bf60f3f0996b9a3c1ee9eb,45582,2,45582,1,TEST,TEST/BBF_DUST_COUPLED/build_dust/CMakeFiles/dustlibF90.dir/mod_wake.mod.stamp
147,6637523e682b57dfc1eac619b0df776e054ac90dc6bf60f3f0996b9a3c1ee9eb,45582,2,45582,2,TEST,TEST/BBF_DUST_COUPLED/build_dust/include/mod_wake.mod
148,286673f2e7c2195fbd191142191b1edc90e138036574d5bfa7de63e88f2fc435,45494,2,45494,1,TEST,TEST/BBF_DUST_COUPLED/build_dust/CMakeFiles/dustlibF90.dir/mod_post_integral.mod.stamp
148,286673f2e7c2195fbd191142191b1edc90e138036574d5bfa7de63e88f2fc435,45494,2,45494,2,TEST,TEST/BBF_DUST_COUPLED/build_dust/include/mod_post_integral.mod
149,a6acbf8870486e4c656aa563fdd2589ec8f7712242c8af1a135028fcecf224b6,45346,2,45346,1,TEST,TEST/BBF_DUST_COUPLED/build_dust/CMakeFiles/dustlibF90.dir/mod_post_flowfield.mod.stamp
149,a6acbf8870486e4c656aa563fdd2589ec8f7712242c8af1a135028fcecf224b6,45346,2,45346,2,TEST,TEST/BBF_DUST_COUPLED/build_dust/include/mod_post_flowfield.mod
150,f68f260f15093d21f021356892d6a093a1eceebd2d28bd8011a9cd53f5e32b81,45318,2,45318,1,TEST,TEST/BBF_DUST_COUPLED/build_dust/CMakeFiles/dustlibF90.dir/mod_post_chordwise.mod.stamp
150,f68f260f15093d21f021356892d6a093a1eceebd2d28bd8011a9cd53f5e32b81,45318,2,45318,2,TEST,TEST/BBF_DUST_COUPLED/build_dust/include/mod_post_chordwise.mod
151,9704b91000580525debb3d190524d0618525e5ab381646f64d60225809d8cf6d,45306,2,45306,1,TEST,TEST/BBF_DUST_COUPLED/build_dust/CMakeFiles/dustlibF90.dir/mod_post_probes.mod.stamp
151,9704b91000580525debb3d190524d0618525e5ab381646f64d60225809d8cf6d,45306,2,45306,2,TEST,TEST/BBF_DUST_COUPLED/build_dust/include/mod_post_probes.mod
152,c97bc1d3723783ce61df24d18a45c5fa4862484fd5c17a4f057ada1f9943dc1b,45303,2,45303,1,TEST,TEST/BBF_DUST_COUPLED/build_dust/CMakeFiles/dustlibF90.dir/mod_post_viz.mod.stamp
152,c97bc1d3723783ce61df24d18a45c5fa4862484fd5c17a4f057ada1f9943dc1b,45303,2,45303,2,TEST,TEST/BBF_DUST_COUPLED/build_dust/include/mod_post_viz.mod
153,a8c5e461be7cc3861a6039665e425e25b8b45e77ae390c0034cb264bffba9988,45149,2,45149,1,TEST,TEST/BBF_DUST_COUPLED/build_dust/CMakeFiles/dustlibF90.dir/mod_linsys.mod.stamp
153,a8c5e461be7cc3861a6039665e425e25b8b45e77ae390c0034cb264bffba9988,45149,2,45149,2,TEST,TEST/BBF_DUST_COUPLED/build_dust/include/mod_linsys.mod
154,3a429bd700ad77870ec2b40258634b882e763d9f4c5636e5cde6f75788e53bea,6448,8,45136,1,GRAFICI,GRAFICI/MODAL_COMPARISON_10LB/nastran/BULK/MAD_L108_FUSE_INT_R11_001.dat
154,3a429bd700ad77870ec2b40258634b882e763d9f4c5636e5cde6f75788e53bea,6448,8,45136,2,NASTRAN,NASTRAN/NASTRAN40/BULK/MAD_L108_FUSE_INT_R11_001.dat
154,3a429bd700ad77870ec2b40258634b882e763d9f4c5636e5cde6f75788e53bea,6448,8,45136,3,NASTRAN,NASTRAN/NASTRAN_ALTER_OK/BULK/MAD_L108_FUSE_INT_R11_001.dat
154,3a429bd700ad77870ec2b40258634b882e763d9f4c5636e5cde6f75788e53bea,6448,8,45136,4,NASTRAN,NASTRAN/REALASED_MODEL/BULK/MAD_L108_FUSE_INT_R11_001.dat
154,3a429bd700ad77870ec2b40258634b882e763d9f4c5636e5cde6f75788e53bea,6448,8,45136,5,NASTRAN_SIMULATIONS,NASTRAN_SIMULATIONS/01_SOL103_60_MODES/BULK/MAD_L108_FUSE_INT_R11_001.dat
154,3a429bd700ad77870ec2b40258634b882e763d9f4c5636e5cde6f75788e53bea,6448,8,45136,6,NASTRAN_SIMULATIONS,NASTRAN_SIMULATIONS/02_COUPMASS_STUDY/BULK/MAD_L108_FUSE_INT_R11_001.dat
154,3a429bd700ad77870ec2b40258634b882e763d9f4c5636e5cde6f75788e53bea,6448,8,45136,7,NASTRAN_SIMULATIONS,NASTRAN_SIMULATIONS/03_GRAVITY_5G/nastran/BULK/MAD_L108_FUSE_INT_R11_001.dat
154,3a429bd700ad77870ec2b40258634b882e763d9f4c5636e5cde6f75788e53bea,6448,8,45136,8,X56_AERO_POLAR,X56_AERO_POLAR/nastran/BULK/MAD_L108_FUSE_INT_R11_001.dat
155,c0b1e6a6f4a90d05d2ef3612d675154c2e22e67373a2bead80b832971865dcaf,45131,2,45131,1,TEST,TEST/BBF_DUST_COUPLED/build_dust/CMakeFiles/dustlibF90.dir/mod_pressure_equation.mod.stamp
155,c0b1e6a6f4a90d05d2ef3612d675154c2e22e67373a2bead80b832971865dcaf,45131,2,45131,2,TEST,TEST/BBF_DUST_COUPLED/build_dust/include/mod_pressure_equation.mod
156,aea240a778768a7526b3c8984ccc1fa0aabd41ff020b11b499b767d22f1149ac,44969,2,44969,1,TEST,TEST/BBF_DUST_COUPLED/build_dust/CMakeFiles/dustlibF90.dir/mod_post_aa.mod.stamp
156,aea240a778768a7526b3c8984ccc1fa0aabd41ff020b11b499b767d22f1149ac,44969,2,44969,2,TEST,TEST/BBF_DUST_COUPLED/build_dust/include/mod_post_aa.mod
157,02d1b62d7ce6de004777c9b6e95637607f263854c1171f2ee8151f4ae5fead57,44923,2,44923,1,TEST,TEST/BBF_DUST_COUPLED/build_dust/CMakeFiles/dustlibF90.dir/mod_dust_io.mod.stamp
157,02d1b62d7ce6de004777c9b6e95637607f263854c1171f2ee8151f4ae5fead57,44923,2,44923,2,TEST,TEST/BBF_DUST_COUPLED/build_dust/include/mod_dust_io.mod
158,37d1c678cb29e6ef6c3f6121a1894129cf8278c62977db0c90d1e16bfd388ff8,6381,8,44667,1,GRAFICI,GRAFICI/MODAL_COMPARISON_10LB/nastran/BULK/MAD_L108_FUSE_LG_R11_009.dat
158,37d1c678cb29e6ef6c3f6121a1894129cf8278c62977db0c90d1e16bfd388ff8,6381,8,44667,2,NASTRAN,NASTRAN/NASTRAN40/BULK/MAD_L108_FUSE_LG_R11_009.dat
158,37d1c678cb29e6ef6c3f6121a1894129cf8278c62977db0c90d1e16bfd388ff8,6381,8,44667,3,NASTRAN,NASTRAN/NASTRAN_ALTER_OK/BULK/MAD_L108_FUSE_LG_R11_009.dat
158,37d1c678cb29e6ef6c3f6121a1894129cf8278c62977db0c90d1e16bfd388ff8,6381,8,44667,4,NASTRAN,NASTRAN/REALASED_MODEL/BULK/MAD_L108_FUSE_LG_R11_009.dat
158,37d1c678cb29e6ef6c3f6121a1894129cf8278c62977db0c90d1e16bfd388ff8,6381,8,44667,5,NASTRAN_SIMULATIONS,NASTRAN_SIMULATIONS/01_SOL103_60_MODES/BULK/MAD_L108_FUSE_LG_R11_009.dat
158,37d1c678cb29e6ef6c3f6121a1894129cf8278c62977db0c90d1e16bfd388ff8,6381,8,44667,6,NASTRAN_SIMULATIONS,NASTRAN_SIMULATIONS/02_COUPMASS_STUDY/BULK/MAD_L108_FUSE_LG_R11_009.dat
158,37d1c678cb29e6ef6c3f6121a1894129cf8278c62977db0c90d1e16bfd388ff8,6381,8,44667,7,NASTRAN_SIMULATIONS,NASTRAN_SIMULATIONS/03_GRAVITY_5G/nastran/BULK/MAD_L108_FUSE_LG_R11_009.dat
158,37d1c678cb29e6ef6c3f6121a1894129cf8278c62977db0c90d1e16bfd388ff8,6381,8,44667,8,X56_AERO_POLAR,X56_AERO_POLAR/nastran/BULK/MAD_L108_FUSE_LG_R11_009.dat
159,97fcbcdfc89bdf6a6c2221687f6ffd275c2fa9181242e2e5e51da5e0d9cf5b75,9974,5,39896,1,BFF_DUST_55,BFF_DUST_55/CASE_DUST_FLUTTER_EMULATION/INCLUDE/coupling_hinge_joints.mbd
159,97fcbcdfc89bdf6a6c2221687f6ffd275c2fa9181242e2e5e51da5e0d9cf5b75,9974,5,39896,2,BFF_DUST_55,BFF_DUST_55/CASE_DUST_SMOKE/INCLUDE/coupling_hinge_joints.mbd
159,97fcbcdfc89bdf6a6c2221687f6ffd275c2fa9181242e2e5e51da5e0d9cf5b75,9974,5,39896,3,BFF_DUST_55,BFF_DUST_55/model/mbdyn/INCLUDE/coupling_hinge_joints.mbd
159,97fcbcdfc89bdf6a6c2221687f6ffd275c2fa9181242e2e5e51da5e0d9cf5b75,9974,5,39896,4,TEST,TEST/BBF_DUST_COUPLED/INCLUDE/coupling_hinge_joints.mbd
159,97fcbcdfc89bdf6a6c2221687f6ffd275c2fa9181242e2e5e51da5e0d9cf5b75,9974,5,39896,5,_trim_coupled_stage,_trim_coupled_stage/case/include/coupling_hinge_joints.mbd
160,c602916189f12153109f3c598e5779084598fb1ac423181954da603eb477d2ea,39723,2,39723,1,TEST,TEST/BBF_DUST_COUPLED/build_dust/CMakeFiles/dustlibF90.dir/mod_geometry.mod.stamp
160,c602916189f12153109f3c598e5779084598fb1ac423181954da603eb477d2ea,39723,2,39723,2,TEST,TEST/BBF_DUST_COUPLED/build_dust/include/mod_geometry.mod
161,092b463c3facc798586d618a5a3f253d132f72c5b907b77356b73a6bd6e46384,5523,8,38661,1,GRAFICI,GRAFICI/MODAL_COMPARISON_10LB/nastran/BULK/MAD_L108_CS_FLEX1_ADJ_R11_002T.dat
161,092b463c3facc798586d618a5a3f253d132f72c5b907b77356b73a6bd6e46384,5523,8,38661,2,NASTRAN,NASTRAN/NASTRAN40/BULK/MAD_L108_CS_FLEX1_ADJ_R11_002T.dat
161,092b463c3facc798586d618a5a3f253d132f72c5b907b77356b73a6bd6e46384,5523,8,38661,3,NASTRAN,NASTRAN/NASTRAN_ALTER_OK/BULK/MAD_L108_CS_FLEX1_ADJ_R11_002T.dat
161,092b463c3facc798586d618a5a3f253d132f72c5b907b77356b73a6bd6e46384,5523,8,38661,4,NASTRAN,NASTRAN/REALASED_MODEL/BULK/MAD_L108_CS_FLEX1_ADJ_R11_002T.dat
161,092b463c3facc798586d618a5a3f253d132f72c5b907b77356b73a6bd6e46384,5523,8,38661,5,NASTRAN_SIMULATIONS,NASTRAN_SIMULATIONS/01_SOL103_60_MODES/BULK/MAD_L108_CS_FLEX1_ADJ_R11_002T.dat
161,092b463c3facc798586d618a5a3f253d132f72c5b907b77356b73a6bd6e46384,5523,8,38661,6,NASTRAN_SIMULATIONS,NASTRAN_SIMULATIONS/02_COUPMASS_STUDY/BULK/MAD_L108_CS_FLEX1_ADJ_R11_002T.dat
161,092b463c3facc798586d618a5a3f253d132f72c5b907b77356b73a6bd6e46384,5523,8,38661,7,NASTRAN_SIMULATIONS,NASTRAN_SIMULATIONS/03_GRAVITY_5G/nastran/BULK/MAD_L108_CS_FLEX1_ADJ_R11_002T.dat
161,092b463c3facc798586d618a5a3f253d132f72c5b907b77356b73a6bd6e46384,5523,8,38661,8,X56_AERO_POLAR,X56_AERO_POLAR/nastran/BULK/MAD_L108_CS_FLEX1_ADJ_R11_002T.dat
162,476ff933e2c565aba36c16fad81161bef8056e83ba9865a1cbf1c1a692f61153,38522,2,38522,1,TEST,TEST/BBF_DUST_COUPLED/build_dust/CMakeFiles/dustlibF90.dir/mod_geo_postpro.mod.stamp
162,476ff933e2c565aba36c16fad81161bef8056e83ba9865a1cbf1c1a692f61153,38522,2,38522,2,TEST,TEST/BBF_DUST_COUPLED/build_dust/include/mod_geo_postpro.mod
163,e77bd96a61141ca239a9a0a1cf99f7ee35d688c0353cfa03d248c8c614de542d,38070,2,38070,1,TEST,TEST/BBF_DUST_COUPLED/build_dust/CMakeFiles/dustlibF90.dir/mod_viscosity.mod.stamp
163,e77bd96a61141ca239a9a0a1cf99f7ee35d688c0353cfa03d248c8c614de542d,38070,2,38070,2,TEST,TEST/BBF_DUST_COUPLED/build_dust/include/mod_viscosity.mod
164,1d0ddb2609620c35c3515ebaaca54c58f9db3113f64827a9bb83f777349d0637,34973,2,34973,1,MANOUVER_STIFNESS,MANOUVER_STIFNESS/runs/stiffness_screen/cases/stiffness_screen__dt_0p0100__f7_0p990__dive_pullup_V_066p750_n_1p000_bank_p00p00_pitch_p10p23_qcmd_p05p05_nnom_01p60_shadow.mbd
164,1d0ddb2609620c35c3515ebaaca54c58f9db3113f64827a9bb83f777349d0637,34973,2,34973,2,MANOUVER_STIFNESS,MANOUVER_STIFNESS/runs_superseded_full_matrix/stiffness_screen/cases/stiffness_screen__dt_0p0100__f7_0p990__dive_pullup_V_066p750_n_1p000_bank_p00p00_pitch_p10p23_qcmd_p05p05_nnom_01p60_shadow.mbd
165,dd73eea6a9f35d206f47091abb312de0a18f16f97584a93b295ba1c984d601bf,34971,2,34971,1,MANOUVER_STIFNESS,MANOUVER_STIFNESS/runs/stiffness_screen/cases/stiffness_screen__dt_0p0100__f7_0p990__dive_pullup_V_066p750_n_1p000_bank_p00p00_pitch_p10p23_qcmd_p05p05_nnom_01p60_excited.mbd
165,dd73eea6a9f35d206f47091abb312de0a18f16f97584a93b295ba1c984d601bf,34971,2,34971,2,MANOUVER_STIFNESS,MANOUVER_STIFNESS/runs_superseded_full_matrix/stiffness_screen/cases/stiffness_screen__dt_0p0100__f7_0p990__dive_pullup_V_066p750_n_1p000_bank_p00p00_pitch_p10p23_qcmd_p05p05_nnom_01p60_excited.mbd
166,5e2655cf2817e0615f333542021a9892aab917f83499cd37c26de701df33f1cd,34971,2,34971,1,MANOUVER_STIFNESS,MANOUVER_STIFNESS/runs/stiffness_screen/cases/stiffness_screen__dt_0p0100__f7_1p010__dive_pullup_V_066p750_n_1p000_bank_p00p00_pitch_p10p23_qcmd_p05p05_nnom_01p60_shadow.mbd
166,5e2655cf2817e0615f333542021a9892aab917f83499cd37c26de701df33f1cd,34971,2,34971,2,MANOUVER_STIFNESS,MANOUVER_STIFNESS/runs_superseded_full_matrix/stiffness_screen/cases/stiffness_screen__dt_0p0100__f7_1p010__dive_pullup_V_066p750_n_1p000_bank_p00p00_pitch_p10p23_qcmd_p05p05_nnom_01p60_shadow.mbd
167,e6d6b6b1252f7900400eb748284ec9b27edda8d520603487886f7c8cd086c8dc,34969,2,34969,1,MANOUVER_STIFNESS,MANOUVER_STIFNESS/runs/stiffness_screen/cases/stiffness_screen__dt_0p0100__f7_1p010__dive_pullup_V_066p750_n_1p000_bank_p00p00_pitch_p10p23_qcmd_p05p05_nnom_01p60_excited.mbd
167,e6d6b6b1252f7900400eb748284ec9b27edda8d520603487886f7c8cd086c8dc,34969,2,34969,2,MANOUVER_STIFNESS,MANOUVER_STIFNESS/runs_superseded_full_matrix/stiffness_screen/cases/stiffness_screen__dt_0p0100__f7_1p010__dive_pullup_V_066p750_n_1p000_bank_p00p00_pitch_p10p23_qcmd_p05p05_nnom_01p60_excited.mbd
168,48592ec6212194527dc7002460c13e932163302b694708169b5ae185f39fbbff,34917,2,34917,1,MANOUVER_STIFNESS,MANOUVER_STIFNESS/runs/stiffness_screen/cases/stiffness_screen__dt_0p0100__f7_0p990__dive_pullup_V_066p750_n_1p000_bank_p00p00_pitch_p00p00_qcmd_p00p00_nnom_01p00_shadow.mbd
168,48592ec6212194527dc7002460c13e932163302b694708169b5ae185f39fbbff,34917,2,34917,2,MANOUVER_STIFNESS,MANOUVER_STIFNESS/runs_superseded_full_matrix/stiffness_screen/cases/stiffness_screen__dt_0p0100__f7_0p990__dive_pullup_V_066p750_n_1p000_bank_p00p00_pitch_p00p00_qcmd_p00p00_nnom_01p00_shadow.mbd
169,575c7049e742f7d693c3ce4e8de0dcf4b30f7c241c51bab7a198d0864370df2d,34915,2,34915,1,MANOUVER_STIFNESS,MANOUVER_STIFNESS/runs/stiffness_screen/cases/stiffness_screen__dt_0p0100__f7_0p990__dive_pullup_V_066p750_n_1p000_bank_p00p00_pitch_p00p00_qcmd_p00p00_nnom_01p00_excited.mbd
169,575c7049e742f7d693c3ce4e8de0dcf4b30f7c241c51bab7a198d0864370df2d,34915,2,34915,2,MANOUVER_STIFNESS,MANOUVER_STIFNESS/runs_superseded_full_matrix/stiffness_screen/cases/stiffness_screen__dt_0p0100__f7_0p990__dive_pullup_V_066p750_n_1p000_bank_p00p00_pitch_p00p00_qcmd_p00p00_nnom_01p00_excited.mbd
170,00c5b6c37c2c78f3ff8b1447f3573bd10d83b084f0729318d761143f7803a1ce,34915,2,34915,1,MANOUVER_STIFNESS,MANOUVER_STIFNESS/runs/stiffness_screen/cases/stiffness_screen__dt_0p0100__f7_1p010__dive_pullup_V_066p750_n_1p000_bank_p00p00_pitch_p00p00_qcmd_p00p00_nnom_01p00_shadow.mbd
170,00c5b6c37c2c78f3ff8b1447f3573bd10d83b084f0729318d761143f7803a1ce,34915,2,34915,2,MANOUVER_STIFNESS,MANOUVER_STIFNESS/runs_superseded_full_matrix/stiffness_screen/cases/stiffness_screen__dt_0p0100__f7_1p010__dive_pullup_V_066p750_n_1p000_bank_p00p00_pitch_p00p00_qcmd_p00p00_nnom_01p00_shadow.mbd
171,df661c6e7930935e2c729d1ebe0c969432dba24340fb9ebf4eb2a8d4b281f870,34913,2,34913,1,MANOUVER_STIFNESS,MANOUVER_STIFNESS/runs/stiffness_screen/cases/stiffness_screen__dt_0p0100__f7_1p010__dive_pullup_V_066p750_n_1p000_bank_p00p00_pitch_p00p00_qcmd_p00p00_nnom_01p00_excited.mbd
171,df661c6e7930935e2c729d1ebe0c969432dba24340fb9ebf4eb2a8d4b281f870,34913,2,34913,2,MANOUVER_STIFNESS,MANOUVER_STIFNESS/runs_superseded_full_matrix/stiffness_screen/cases/stiffness_screen__dt_0p0100__f7_1p010__dive_pullup_V_066p750_n_1p000_bank_p00p00_pitch_p00p00_qcmd_p00p00_nnom_01p00_excited.mbd
172,cdfa92e9fc8a7c219d74e788f7f4b9ce7bd39cc834a2126d7028e1bd6e971161,34108,2,34108,1,MANOUVER_STIFNESS,MANOUVER_STIFNESS/runs/primary/cases/primary__dt_0p0100__f7_1p000__dive_pullup_V_066p250_n_1p000_bank_p00p00_pitch_p05p15_qcmd_p02p55_nnom_01p30_shadow.mbd
172,cdfa92e9fc8a7c219d74e788f7f4b9ce7bd39cc834a2126d7028e1bd6e971161,34108,2,34108,2,MANOUVER_STIFNESS,MANOUVER_STIFNESS/runs_superseded_full_matrix/primary/cases/primary__dt_0p0100__f7_1p000__dive_pullup_V_066p250_n_1p000_bank_p00p00_pitch_p05p15_qcmd_p02p55_nnom_01p30_shadow.mbd
173,a7bb3f08b57dffe12f3782fc74d278d757874d2de38ad19b2aecd9b276d0bace,34108,2,34108,1,MANOUVER_STIFNESS,MANOUVER_STIFNESS/runs/primary/cases/primary__dt_0p0100__f7_1p000__dive_pullup_V_067p250_n_1p000_bank_p00p00_pitch_p05p08_qcmd_p02p51_nnom_01p30_shadow.mbd
173,a7bb3f08b57dffe12f3782fc74d278d757874d2de38ad19b2aecd9b276d0bace,34108,2,34108,2,MANOUVER_STIFNESS,MANOUVER_STIFNESS/runs_superseded_full_matrix/primary/cases/primary__dt_0p0100__f7_1p000__dive_pullup_V_067p250_n_1p000_bank_p00p00_pitch_p05p08_qcmd_p02p51_nnom_01p30_shadow.mbd
174,fb6201afc5f68e354ad3e545fc515e05f184fc427fd8c73f139f4a472b75eb71,34108,2,34108,1,MANOUVER_STIFNESS,MANOUVER_STIFNESS/runs/primary/cases/primary__dt_0p0100__f7_1p000__dive_pullup_V_067p250_n_1p000_bank_p00p00_pitch_p10p15_qcmd_p05p01_nnom_01p60_shadow.mbd
174,fb6201afc5f68e354ad3e545fc515e05f184fc427fd8c73f139f4a472b75eb71,34108,2,34108,2,MANOUVER_STIFNESS,MANOUVER_STIFNESS/runs_superseded_full_matrix/primary/cases/primary__dt_0p0100__f7_1p000__dive_pullup_V_067p250_n_1p000_bank_p00p00_pitch_p10p15_qcmd_p05p01_nnom_01p60_shadow.mbd
175,10baac687a1748e499193553c5ee6f21e4078ede8f9ec1e6415925e88df8a402,34108,2,34108,1,MANOUVER_STIFNESS,MANOUVER_STIFNESS/runs/timestep/cases/timestep__dt_0p0050__f7_1p000__dive_pullup_V_066p750_n_1p000_bank_p00p00_pitch_p10p23_qcmd_p05p05_nnom_01p60_shadow.mbd
175,10baac687a1748e499193553c5ee6f21e4078ede8f9ec1e6415925e88df8a402,34108,2,34108,2,MANOUVER_STIFNESS,MANOUVER_STIFNESS/runs_superseded_full_matrix/timestep/cases/timestep__dt_0p0050__f7_1p000__dive_pullup_V_066p750_n_1p000_bank_p00p00_pitch_p10p23_qcmd_p05p05_nnom_01p60_shadow.mbd
176,c568ef323199315c3d24faff4309675a136eea4809d51e543c643a04a032749a,34106,2,34106,1,MANOUVER_STIFNESS,MANOUVER_STIFNESS/runs/primary/cases/primary__dt_0p0100__f7_1p000__dive_pullup_V_066p250_n_1p000_bank_p00p00_pitch_p05p15_qcmd_p02p55_nnom_01p30_excited.mbd
176,c568ef323199315c3d24faff4309675a136eea4809d51e543c643a04a032749a,34106,2,34106,2,MANOUVER_STIFNESS,MANOUVER_STIFNESS/runs_superseded_full_matrix/primary/cases/primary__dt_0p0100__f7_1p000__dive_pullup_V_066p250_n_1p000_bank_p00p00_pitch_p05p15_qcmd_p02p55_nnom_01p30_excited.mbd
177,c42e1cbc60796606f888e968a6f5ff59b4516581196791b585daf32b4b748df9,34106,2,34106,1,MANOUVER_STIFNESS,MANOUVER_STIFNESS/runs/primary/cases/primary__dt_0p0100__f7_1p000__dive_pullup_V_066p250_n_1p000_bank_p00p00_pitch_p10p31_qcmd_p05p09_nnom_01p60_shadow.mbd
177,c42e1cbc60796606f888e968a6f5ff59b4516581196791b585daf32b4b748df9,34106,2,34106,2,MANOUVER_STIFNESS,MANOUVER_STIFNESS/runs_superseded_full_matrix/primary/cases/primary__dt_0p0100__f7_1p000__dive_pullup_V_066p250_n_1p000_bank_p00p00_pitch_p10p31_qcmd_p05p09_nnom_01p60_shadow.mbd
178,7b88ade7b13391a142f09d74f2755b3013469f4179b14e391bb27ec614fbdc31,34106,2,34106,1,MANOUVER_STIFNESS,MANOUVER_STIFNESS/runs/primary/cases/primary__dt_0p0100__f7_1p000__dive_pullup_V_066p750_n_1p000_bank_p00p00_pitch_p05p12_qcmd_p02p53_nnom_01p30_shadow.mbd
178,7b88ade7b13391a142f09d74f2755b3013469f4179b14e391bb27ec614fbdc31,34106,2,34106,2,MANOUVER_STIFNESS,MANOUVER_STIFNESS/runs_superseded_full_matrix/primary/cases/primary__dt_0p0100__f7_1p000__dive_pullup_V_066p750_n_1p000_bank_p00p00_pitch_p05p12_qcmd_p02p53_nnom_01p30_shadow.mbd
179,fed2a4894d85095868eb19ebab08b75a0cc0d1ece568d96459e97fe2dd7e952c,34106,2,34106,1,MANOUVER_STIFNESS,MANOUVER_STIFNESS/runs/primary/cases/primary__dt_0p0100__f7_1p000__dive_pullup_V_066p750_n_1p000_bank_p00p00_pitch_p10p23_qcmd_p05p05_nnom_01p60_shadow.mbd
179,fed2a4894d85095868eb19ebab08b75a0cc0d1ece568d96459e97fe2dd7e952c,34106,2,34106,2,MANOUVER_STIFNESS,MANOUVER_STIFNESS/runs_superseded_full_matrix/primary/cases/primary__dt_0p0100__f7_1p000__dive_pullup_V_066p750_n_1p000_bank_p00p00_pitch_p10p23_qcmd_p05p05_nnom_01p60_shadow.mbd
180,9f7c4bdc2a5dc763de6c0a99613ecb45f43d6ab2e6aa87636ce1b170dd502a97,34106,2,34106,1,MANOUVER_STIFNESS,MANOUVER_STIFNESS/runs/primary/cases/primary__dt_0p0100__f7_1p000__dive_pullup_V_067p250_n_1p000_bank_p00p00_pitch_p05p08_qcmd_p02p51_nnom_01p30_excited.mbd
180,9f7c4bdc2a5dc763de6c0a99613ecb45f43d6ab2e6aa87636ce1b170dd502a97,34106,2,34106,2,MANOUVER_STIFNESS,MANOUVER_STIFNESS/runs_superseded_full_matrix/primary/cases/primary__dt_0p0100__f7_1p000__dive_pullup_V_067p250_n_1p000_bank_p00p00_pitch_p05p08_qcmd_p02p51_nnom_01p30_excited.mbd
181,f55d7ee3a4c7bd6a1cc9438d4e9df723d7539f587cb7907bf3da3cd70ca438df,34106,2,34106,1,MANOUVER_STIFNESS,MANOUVER_STIFNESS/runs/primary/cases/primary__dt_0p0100__f7_1p000__dive_pullup_V_067p250_n_1p000_bank_p00p00_pitch_p10p15_qcmd_p05p01_nnom_01p60_excited.mbd
181,f55d7ee3a4c7bd6a1cc9438d4e9df723d7539f587cb7907bf3da3cd70ca438df,34106,2,34106,2,MANOUVER_STIFNESS,MANOUVER_STIFNESS/runs_superseded_full_matrix/primary/cases/primary__dt_0p0100__f7_1p000__dive_pullup_V_067p250_n_1p000_bank_p00p00_pitch_p10p15_qcmd_p05p01_nnom_01p60_excited.mbd
182,a2530d56dcccc1545c6fd7ad2ffb5de7f6b0294d5a7f888df82fb948c3d745f3,34106,2,34106,1,MANOUVER_STIFNESS,MANOUVER_STIFNESS/runs/timestep/cases/timestep__dt_0p0050__f7_1p000__dive_pullup_V_066p750_n_1p000_bank_p00p00_pitch_p10p23_qcmd_p05p05_nnom_01p60_excited.mbd
182,a2530d56dcccc1545c6fd7ad2ffb5de7f6b0294d5a7f888df82fb948c3d745f3,34106,2,34106,2,MANOUVER_STIFNESS,MANOUVER_STIFNESS/runs_superseded_full_matrix/timestep/cases/timestep__dt_0p0050__f7_1p000__dive_pullup_V_066p750_n_1p000_bank_p00p00_pitch_p10p23_qcmd_p05p05_nnom_01p60_excited.mbd
183,462bcbc02d6fe18cf404223bc7626515dbeeee5bda06fc990d638852a478efdb,34104,2,34104,1,MANOUVER_STIFNESS,MANOUVER_STIFNESS/runs/primary/cases/primary__dt_0p0100__f7_1p000__dive_pullup_V_066p250_n_1p000_bank_p00p00_pitch_p10p31_qcmd_p05p09_nnom_01p60_excited.mbd
183,462bcbc02d6fe18cf404223bc7626515dbeeee5bda06fc990d638852a478efdb,34104,2,34104,2,MANOUVER_STIFNESS,MANOUVER_STIFNESS/runs_superseded_full_matrix/primary/cases/primary__dt_0p0100__f7_1p000__dive_pullup_V_066p250_n_1p000_bank_p00p00_pitch_p10p31_qcmd_p05p09_nnom_01p60_excited.mbd
184,79fd29615a9cf7a2ccace555b0a08480cd565aadc0d6e2409c1b2d9d20b2170f,34104,2,34104,1,MANOUVER_STIFNESS,MANOUVER_STIFNESS/runs/primary/cases/primary__dt_0p0100__f7_1p000__dive_pullup_V_066p750_n_1p000_bank_p00p00_pitch_p05p12_qcmd_p02p53_nnom_01p30_excited.mbd
184,79fd29615a9cf7a2ccace555b0a08480cd565aadc0d6e2409c1b2d9d20b2170f,34104,2,34104,2,MANOUVER_STIFNESS,MANOUVER_STIFNESS/runs_superseded_full_matrix/primary/cases/primary__dt_0p0100__f7_1p000__dive_pullup_V_066p750_n_1p000_bank_p00p00_pitch_p05p12_qcmd_p02p53_nnom_01p30_excited.mbd
185,4327cf7fce86d967004300c4f89b7717bbabf9d85b8f12b905008a9a74aa0a01,34104,2,34104,1,MANOUVER_STIFNESS,MANOUVER_STIFNESS/runs/primary/cases/primary__dt_0p0100__f7_1p000__dive_pullup_V_066p750_n_1p000_bank_p00p00_pitch_p10p23_qcmd_p05p05_nnom_01p60_excited.mbd
185,4327cf7fce86d967004300c4f89b7717bbabf9d85b8f12b905008a9a74aa0a01,34104,2,34104,2,MANOUVER_STIFNESS,MANOUVER_STIFNESS/runs_superseded_full_matrix/primary/cases/primary__dt_0p0100__f7_1p000__dive_pullup_V_066p750_n_1p000_bank_p00p00_pitch_p10p23_qcmd_p05p05_nnom_01p60_excited.mbd
186,5303d7ed389a2536d033bda5ecb037bfba3adec7a890d43496ce807744a444f3,34050,2,34050,1,MANOUVER_STIFNESS,MANOUVER_STIFNESS/runs/primary/cases/primary__dt_0p0100__f7_1p000__dive_pullup_V_066p250_n_1p000_bank_p00p00_pitch_p00p00_qcmd_p00p00_nnom_01p00_shadow.mbd
186,5303d7ed389a2536d033bda5ecb037bfba3adec7a890d43496ce807744a444f3,34050,2,34050,2,MANOUVER_STIFNESS,MANOUVER_STIFNESS/runs_superseded_full_matrix/primary/cases/primary__dt_0p0100__f7_1p000__dive_pullup_V_066p250_n_1p000_bank_p00p00_pitch_p00p00_qcmd_p00p00_nnom_01p00_shadow.mbd
187,fd2a7fe929aa367fb9911932f42c9120b0fe0d4e83fb937563a5e75d545a5121,34050,2,34050,1,MANOUVER_STIFNESS,MANOUVER_STIFNESS/runs/primary/cases/primary__dt_0p0100__f7_1p000__dive_pullup_V_066p750_n_1p000_bank_p00p00_pitch_p00p00_qcmd_p00p00_nnom_01p00_shadow.mbd
187,fd2a7fe929aa367fb9911932f42c9120b0fe0d4e83fb937563a5e75d545a5121,34050,2,34050,2,MANOUVER_STIFNESS,MANOUVER_STIFNESS/runs_superseded_full_matrix/primary/cases/primary__dt_0p0100__f7_1p000__dive_pullup_V_066p750_n_1p000_bank_p00p00_pitch_p00p00_qcmd_p00p00_nnom_01p00_shadow.mbd
188,68e0f5245b16bb7ea7fc94eabf13e13792902057385242a376c476eb815f495f,34050,2,34050,1,MANOUVER_STIFNESS,MANOUVER_STIFNESS/runs/primary/cases/primary__dt_0p0100__f7_1p000__dive_pullup_V_067p250_n_1p000_bank_p00p00_pitch_p00p00_qcmd_p00p00_nnom_01p00_shadow.mbd
188,68e0f5245b16bb7ea7fc94eabf13e13792902057385242a376c476eb815f495f,34050,2,34050,2,MANOUVER_STIFNESS,MANOUVER_STIFNESS/runs_superseded_full_matrix/primary/cases/primary__dt_0p0100__f7_1p000__dive_pullup_V_067p250_n_1p000_bank_p00p00_pitch_p00p00_qcmd_p00p00_nnom_01p00_shadow.mbd
189,745f6293ed43fcc5c343f65baf8adbfeb1033c697bfb0b48a58777f1a61d4722,34048,2,34048,1,MANOUVER_STIFNESS,MANOUVER_STIFNESS/runs/primary/cases/primary__dt_0p0100__f7_1p000__dive_pullup_V_066p250_n_1p000_bank_p00p00_pitch_p00p00_qcmd_p00p00_nnom_01p00_excited.mbd
189,745f6293ed43fcc5c343f65baf8adbfeb1033c697bfb0b48a58777f1a61d4722,34048,2,34048,2,MANOUVER_STIFNESS,MANOUVER_STIFNESS/runs_superseded_full_matrix/primary/cases/primary__dt_0p0100__f7_1p000__dive_pullup_V_066p250_n_1p000_bank_p00p00_pitch_p00p00_qcmd_p00p00_nnom_01p00_excited.mbd
190,e72ec00fd2a9fc3657fd90b8cdfa1ddccb5c485a91fc0713af4706b013874fc9,34048,2,34048,1,MANOUVER_STIFNESS,MANOUVER_STIFNESS/runs/primary/cases/primary__dt_0p0100__f7_1p000__dive_pullup_V_066p750_n_1p000_bank_p00p00_pitch_p00p00_qcmd_p00p00_nnom_01p00_excited.mbd
190,e72ec00fd2a9fc3657fd90b8cdfa1ddccb5c485a91fc0713af4706b013874fc9,34048,2,34048,2,MANOUVER_STIFNESS,MANOUVER_STIFNESS/runs_superseded_full_matrix/primary/cases/primary__dt_0p0100__f7_1p000__dive_pullup_V_066p750_n_1p000_bank_p00p00_pitch_p00p00_qcmd_p00p00_nnom_01p00_excited.mbd
191,548a8db24d37532646be9d023bb7243d3fd54878c4da62990a1d0ff4f9a8e341,34048,2,34048,1,MANOUVER_STIFNESS,MANOUVER_STIFNESS/runs/primary/cases/primary__dt_0p0100__f7_1p000__dive_pullup_V_067p250_n_1p000_bank_p00p00_pitch_p00p00_qcmd_p00p00_nnom_01p00_excited.mbd
191,548a8db24d37532646be9d023bb7243d3fd54878c4da62990a1d0ff4f9a8e341,34048,2,34048,2,MANOUVER_STIFNESS,MANOUVER_STIFNESS/runs_superseded_full_matrix/primary/cases/primary__dt_0p0100__f7_1p000__dive_pullup_V_067p250_n_1p000_bank_p00p00_pitch_p00p00_qcmd_p00p00_nnom_01p00_excited.mbd
192,3b2a0f788cd8255decfcfe03a78e918a2aca49cf95e4851ffde58cbd56605b92,16988,3,33976,1,bbf_manouver,bbf_manouver/INCLUDE/aerobody.mbd
192,3b2a0f788cd8255decfcfe03a78e918a2aca49cf95e4851ffde58cbd56605b92,16988,3,33976,2,bff_eigenalaisy,bff_eigenalaisy/INCLUDE/aerobody.mbd
192,3b2a0f788cd8255decfcfe03a78e918a2aca49cf95e4851ffde58cbd56605b92,16988,3,33976,3,bff_longitudinal,bff_longitudinal/INCLUDE/aerobody.mbd
193,148a91d55f82e052efa9bf3935311a7783d75dd9b60644dcb9a7663955770367,4721,8,33047,1,GRAFICI,GRAFICI/MODAL_COMPARISON_10LB/nastran/BULK/MAD_L108_PROP_CS_R11_001.dat
193,148a91d55f82e052efa9bf3935311a7783d75dd9b60644dcb9a7663955770367,4721,8,33047,2,NASTRAN,NASTRAN/NASTRAN40/BULK/MAD_L108_PROP_CS_R11_001.dat
193,148a91d55f82e052efa9bf3935311a7783d75dd9b60644dcb9a7663955770367,4721,8,33047,3,NASTRAN,NASTRAN/NASTRAN_ALTER_OK/BULK/MAD_L108_PROP_CS_R11_001.dat
193,148a91d55f82e052efa9bf3935311a7783d75dd9b60644dcb9a7663955770367,4721,8,33047,4,NASTRAN,NASTRAN/REALASED_MODEL/BULK/MAD_L108_PROP_CS_R11_001.dat
193,148a91d55f82e052efa9bf3935311a7783d75dd9b60644dcb9a7663955770367,4721,8,33047,5,NASTRAN_SIMULATIONS,NASTRAN_SIMULATIONS/01_SOL103_60_MODES/BULK/MAD_L108_PROP_CS_R11_001.dat
193,148a91d55f82e052efa9bf3935311a7783d75dd9b60644dcb9a7663955770367,4721,8,33047,6,NASTRAN_SIMULATIONS,NASTRAN_SIMULATIONS/02_COUPMASS_STUDY/BULK/MAD_L108_PROP_CS_R11_001.dat
193,148a91d55f82e052efa9bf3935311a7783d75dd9b60644dcb9a7663955770367,4721,8,33047,7,NASTRAN_SIMULATIONS,NASTRAN_SIMULATIONS/03_GRAVITY_5G/nastran/BULK/MAD_L108_PROP_CS_R11_001.dat
193,148a91d55f82e052efa9bf3935311a7783d75dd9b60644dcb9a7663955770367,4721,8,33047,8,X56_AERO_POLAR,X56_AERO_POLAR/nastran/BULK/MAD_L108_PROP_CS_R11_001.dat
194,4ecec47417454b38e3b9a6c54e0e9a62b863da2293961bba763e1ee506a9c2cb,4632,8,32424,1,GRAFICI,GRAFICI/MODAL_COMPARISON_10LB/nastran/BULK/MAD_L108_WING_WIRES_R11_001.dat
194,4ecec47417454b38e3b9a6c54e0e9a62b863da2293961bba763e1ee506a9c2cb,4632,8,32424,2,NASTRAN,NASTRAN/NASTRAN40/BULK/MAD_L108_WING_WIRES_R11_001.dat
194,4ecec47417454b38e3b9a6c54e0e9a62b863da2293961bba763e1ee506a9c2cb,4632,8,32424,3,NASTRAN,NASTRAN/NASTRAN_ALTER_OK/BULK/MAD_L108_WING_WIRES_R11_001.dat
194,4ecec47417454b38e3b9a6c54e0e9a62b863da2293961bba763e1ee506a9c2cb,4632,8,32424,4,NASTRAN,NASTRAN/REALASED_MODEL/BULK/MAD_L108_WING_WIRES_R11_001.dat
194,4ecec47417454b38e3b9a6c54e0e9a62b863da2293961bba763e1ee506a9c2cb,4632,8,32424,5,NASTRAN_SIMULATIONS,NASTRAN_SIMULATIONS/01_SOL103_60_MODES/BULK/MAD_L108_WING_WIRES_R11_001.dat
194,4ecec47417454b38e3b9a6c54e0e9a62b863da2293961bba763e1ee506a9c2cb,4632,8,32424,6,NASTRAN_SIMULATIONS,NASTRAN_SIMULATIONS/02_COUPMASS_STUDY/BULK/MAD_L108_WING_WIRES_R11_001.dat
194,4ecec47417454b38e3b9a6c54e0e9a62b863da2293961bba763e1ee506a9c2cb,4632,8,32424,7,NASTRAN_SIMULATIONS,NASTRAN_SIMULATIONS/03_GRAVITY_5G/nastran/BULK/MAD_L108_WING_WIRES_R11_001.dat
194,4ecec47417454b38e3b9a6c54e0e9a62b863da2293961bba763e1ee506a9c2cb,4632,8,32424,8,X56_AERO_POLAR,X56_AERO_POLAR/nastran/BULK/MAD_L108_WING_WIRES_R11_001.dat
195,4444d4d328736af7b04cb54d62c6de97c87f5503a8d83a9013109bfa5add5abf,4236,8,29652,1,GRAFICI,GRAFICI/MODAL_COMPARISON_10LB/nastran/BULK/MAD_L108_FUSE_MOD_U_R11_001.dat
195,4444d4d328736af7b04cb54d62c6de97c87f5503a8d83a9013109bfa5add5abf,4236,8,29652,2,NASTRAN,NASTRAN/NASTRAN40/BULK/MAD_L108_FUSE_MOD_U_R11_001.dat
195,4444d4d328736af7b04cb54d62c6de97c87f5503a8d83a9013109bfa5add5abf,4236,8,29652,3,NASTRAN,NASTRAN/NASTRAN_ALTER_OK/BULK/MAD_L108_FUSE_MOD_U_R11_001.dat
195,4444d4d328736af7b04cb54d62c6de97c87f5503a8d83a9013109bfa5add5abf,4236,8,29652,4,NASTRAN,NASTRAN/REALASED_MODEL/BULK/MAD_L108_FUSE_MOD_U_R11_001.dat
195,4444d4d328736af7b04cb54d62c6de97c87f5503a8d83a9013109bfa5add5abf,4236,8,29652,5,NASTRAN_SIMULATIONS,NASTRAN_SIMULATIONS/01_SOL103_60_MODES/BULK/MAD_L108_FUSE_MOD_U_R11_001.dat
195,4444d4d328736af7b04cb54d62c6de97c87f5503a8d83a9013109bfa5add5abf,4236,8,29652,6,NASTRAN_SIMULATIONS,NASTRAN_SIMULATIONS/02_COUPMASS_STUDY/BULK/MAD_L108_FUSE_MOD_U_R11_001.dat
195,4444d4d328736af7b04cb54d62c6de97c87f5503a8d83a9013109bfa5add5abf,4236,8,29652,7,NASTRAN_SIMULATIONS,NASTRAN_SIMULATIONS/03_GRAVITY_5G/nastran/BULK/MAD_L108_FUSE_MOD_U_R11_001.dat
195,4444d4d328736af7b04cb54d62c6de97c87f5503a8d83a9013109bfa5add5abf,4236,8,29652,8,X56_AERO_POLAR,X56_AERO_POLAR/nastran/BULK/MAD_L108_FUSE_MOD_U_R11_001.dat
196,731b1406b39f788448fd9c3329e414f2c0041c1f791f9544dc8f08f2549c38a1,3948,8,27636,1,GRAFICI,GRAFICI/MODAL_COMPARISON_10LB/nastran/BULK/MAD_L108_COORD_R11_001.dat
196,731b1406b39f788448fd9c3329e414f2c0041c1f791f9544dc8f08f2549c38a1,3948,8,27636,2,NASTRAN,NASTRAN/NASTRAN40/BULK/MAD_L108_COORD_R11_001.dat
196,731b1406b39f788448fd9c3329e414f2c0041c1f791f9544dc8f08f2549c38a1,3948,8,27636,3,NASTRAN,NASTRAN/NASTRAN_ALTER_OK/BULK/MAD_L108_COORD_R11_001.dat
196,731b1406b39f788448fd9c3329e414f2c0041c1f791f9544dc8f08f2549c38a1,3948,8,27636,4,NASTRAN,NASTRAN/REALASED_MODEL/BULK/MAD_L108_COORD_R11_001.dat
196,731b1406b39f788448fd9c3329e414f2c0041c1f791f9544dc8f08f2549c38a1,3948,8,27636,5,NASTRAN_SIMULATIONS,NASTRAN_SIMULATIONS/01_SOL103_60_MODES/BULK/MAD_L108_COORD_R11_001.dat
196,731b1406b39f788448fd9c3329e414f2c0041c1f791f9544dc8f08f2549c38a1,3948,8,27636,6,NASTRAN_SIMULATIONS,NASTRAN_SIMULATIONS/02_COUPMASS_STUDY/BULK/MAD_L108_COORD_R11_001.dat
196,731b1406b39f788448fd9c3329e414f2c0041c1f791f9544dc8f08f2549c38a1,3948,8,27636,7,NASTRAN_SIMULATIONS,NASTRAN_SIMULATIONS/03_GRAVITY_5G/nastran/BULK/MAD_L108_COORD_R11_001.dat
196,731b1406b39f788448fd9c3329e414f2c0041c1f791f9544dc8f08f2549c38a1,3948,8,27636,8,X56_AERO_POLAR,X56_AERO_POLAR/nastran/BULK/MAD_L108_COORD_R11_001.dat
197,8760e7f3952698c9bdd295efc70773d3068452a12ebac8cc40eb829619154583,26344,2,26344,1,TEST,TEST/BBF_DUST_COUPLED/build_dust/CMakeFiles/dustlibF90.dir/mod_stripe.mod.stamp
197,8760e7f3952698c9bdd295efc70773d3068452a12ebac8cc40eb829619154583,26344,2,26344,2,TEST,TEST/BBF_DUST_COUPLED/build_dust/include/mod_stripe.mod
198,35f69d05020973113d3b0b449dab5b0c7c14a8c4153c5d8ce1f3298252e7e7e0,3749,8,26243,1,GRAFICI,GRAFICI/MODAL_COMPARISON_10LB/nastran/BULK/MAD_L108_MAT_R11_004T.dat
198,35f69d05020973113d3b0b449dab5b0c7c14a8c4153c5d8ce1f3298252e7e7e0,3749,8,26243,2,NASTRAN,NASTRAN/NASTRAN40/BULK/MAD_L108_MAT_R11_004T.dat
198,35f69d05020973113d3b0b449dab5b0c7c14a8c4153c5d8ce1f3298252e7e7e0,3749,8,26243,3,NASTRAN,NASTRAN/NASTRAN_ALTER_OK/BULK/MAD_L108_MAT_R11_004T.dat
198,35f69d05020973113d3b0b449dab5b0c7c14a8c4153c5d8ce1f3298252e7e7e0,3749,8,26243,4,NASTRAN,NASTRAN/REALASED_MODEL/BULK/MAD_L108_MAT_R11_004T.dat
198,35f69d05020973113d3b0b449dab5b0c7c14a8c4153c5d8ce1f3298252e7e7e0,3749,8,26243,5,NASTRAN_SIMULATIONS,NASTRAN_SIMULATIONS/01_SOL103_60_MODES/BULK/MAD_L108_MAT_R11_004T.dat
198,35f69d05020973113d3b0b449dab5b0c7c14a8c4153c5d8ce1f3298252e7e7e0,3749,8,26243,6,NASTRAN_SIMULATIONS,NASTRAN_SIMULATIONS/02_COUPMASS_STUDY/BULK/MAD_L108_MAT_R11_004T.dat
198,35f69d05020973113d3b0b449dab5b0c7c14a8c4153c5d8ce1f3298252e7e7e0,3749,8,26243,7,NASTRAN_SIMULATIONS,NASTRAN_SIMULATIONS/03_GRAVITY_5G/nastran/BULK/MAD_L108_MAT_R11_004T.dat
198,35f69d05020973113d3b0b449dab5b0c7c14a8c4153c5d8ce1f3298252e7e7e0,3749,8,26243,8,X56_AERO_POLAR,X56_AERO_POLAR/nastran/BULK/MAD_L108_MAT_R11_004T.dat
199,0b8de623113694e22926a8fadef30c7c6cfe6e8dea06fb6bfed212f1443816c3,26102,2,26102,1,TEST,TEST/BBF_DUST_COUPLED/build_dust/CMakeFiles/dustlibF90.dir/mod_octree.mod.stamp
199,0b8de623113694e22926a8fadef30c7c6cfe6e8dea06fb6bfed212f1443816c3,26102,2,26102,2,TEST,TEST/BBF_DUST_COUPLED/build_dust/include/mod_octree.mod
200,b4baa940f23780f0692192e1f86c619b227edd6078e596aac63bedc7256bb5da,12959,3,25918,1,TEST,TEST/BBF_AUTO_TRIM/INCLUDE/node.mbd
200,b4baa940f23780f0692192e1f86c619b227edd6078e596aac63bedc7256bb5da,12959,3,25918,2,TEST,TEST/bbf/INCLUDE/node.mbd
200,b4baa940f23780f0692192e1f86c619b227edd6078e596aac63bedc7256bb5da,12959,3,25918,3,TRIM,TRIM/INCLUDE/node.mbd
201,53fe61403c5455de117448efe4d7dd0ab41b660b389cab74769144d903584072,25825,2,25825,1,TEST,TEST/BBF_DUST_COUPLED/build_dust/CMakeFiles/dustlibF90.dir/mod_vortlatt.mod.stamp
201,53fe61403c5455de117448efe4d7dd0ab41b660b389cab74769144d903584072,25825,2,25825,2,TEST,TEST/BBF_DUST_COUPLED/build_dust/include/mod_vortlatt.mod
202,709be92558e9995e5994a0688149f3a9be0815ef4c6b765862b5c5c8d68a7dd8,24693,2,24693,1,TEST,TEST/BBF_DUST_COUPLED/build_dust/CMakeFiles/dustlibF90.dir/mod_liftlin.mod.stamp
202,709be92558e9995e5994a0688149f3a9be0815ef4c6b765862b5c5c8d68a7dd8,24693,2,24693,2,TEST,TEST/BBF_DUST_COUPLED/build_dust/include/mod_liftlin.mod
203,eae423caeff611b7a7c01b4ff715ab02e2a939d4eccd3741ad7914b09da0da7a,23648,2,23648,1,TEST,TEST/BBF_DUST_COUPLED/build_dust/CMakeFiles/dustlibF90.dir/mod_multipole.mod.stamp
203,eae423caeff611b7a7c01b4ff715ab02e2a939d4eccd3741ad7914b09da0da7a,23648,2,23648,2,TEST,TEST/BBF_DUST_COUPLED/build_dust/include/mod_multipole.mod
204,745039e73a71e9c5053c4db8028999ddf2aad70812fea965f14e4afe1cfdca38,23443,2,23443,1,TEST,TEST/BBF_DUST_COUPLED/build_dust/CMakeFiles/dustlibF90.dir/mod_actuatordisk.mod.stamp
204,745039e73a71e9c5053c4db8028999ddf2aad70812fea965f14e4afe1cfdca38,23443,2,23443,2,TEST,TEST/BBF_DUST_COUPLED/build_dust/include/mod_actuatordisk.mod
205,b4cf30dcc6b3af00f0f246981c9383c11d7b318d8c51d80cd31053415cb4430a,23378,2,23378,1,TEST,TEST/BBF_DUST_COUPLED/build_dust/CMakeFiles/dustlibF90.dir/mod_vortpart.mod.stamp
205,b4cf30dcc6b3af00f0f246981c9383c11d7b318d8c51d80cd31053415cb4430a,23378,2,23378,2,TEST,TEST/BBF_DUST_COUPLED/build_dust/include/mod_vortpart.mod
206,766aa070b1705a9967fdf0a400b4eb25c0492af1af6ec0c88f6dc465108c9bb1,3257,8,22799,1,GRAFICI,GRAFICI/MODAL_COMPARISON_10LB/nastran/BULK/MAD_L108_WING_CS_BUSH_R11_001.dat
206,766aa070b1705a9967fdf0a400b4eb25c0492af1af6ec0c88f6dc465108c9bb1,3257,8,22799,2,NASTRAN,NASTRAN/NASTRAN40/BULK/MAD_L108_WING_CS_BUSH_R11_001.dat
206,766aa070b1705a9967fdf0a400b4eb25c0492af1af6ec0c88f6dc465108c9bb1,3257,8,22799,3,NASTRAN,NASTRAN/NASTRAN_ALTER_OK/BULK/MAD_L108_WING_CS_BUSH_R11_001.dat
206,766aa070b1705a9967fdf0a400b4eb25c0492af1af6ec0c88f6dc465108c9bb1,3257,8,22799,4,NASTRAN,NASTRAN/REALASED_MODEL/BULK/MAD_L108_WING_CS_BUSH_R11_001.dat
206,766aa070b1705a9967fdf0a400b4eb25c0492af1af6ec0c88f6dc465108c9bb1,3257,8,22799,5,NASTRAN_SIMULATIONS,NASTRAN_SIMULATIONS/01_SOL103_60_MODES/BULK/MAD_L108_WING_CS_BUSH_R11_001.dat
206,766aa070b1705a9967fdf0a400b4eb25c0492af1af6ec0c88f6dc465108c9bb1,3257,8,22799,6,NASTRAN_SIMULATIONS,NASTRAN_SIMULATIONS/02_COUPMASS_STUDY/BULK/MAD_L108_WING_CS_BUSH_R11_001.dat
206,766aa070b1705a9967fdf0a400b4eb25c0492af1af6ec0c88f6dc465108c9bb1,3257,8,22799,7,NASTRAN_SIMULATIONS,NASTRAN_SIMULATIONS/03_GRAVITY_5G/nastran/BULK/MAD_L108_WING_CS_BUSH_R11_001.dat
206,766aa070b1705a9967fdf0a400b4eb25c0492af1af6ec0c88f6dc465108c9bb1,3257,8,22799,8,X56_AERO_POLAR,X56_AERO_POLAR/nastran/BULK/MAD_L108_WING_CS_BUSH_R11_001.dat
207,0d9fae324aac33502ab3e18a47be0779ea04df96a9fd3fb6fff2f28ffd856939,22518,2,22518,1,TEST,TEST/BBF_DUST_COUPLED/build_dust/CMakeFiles/dustlibF90.dir/mod_vortline.mod.stamp
207,0d9fae324aac33502ab3e18a47be0779ea04df96a9fd3fb6fff2f28ffd856939,22518,2,22518,2,TEST,TEST/BBF_DUST_COUPLED/build_dust/include/mod_vortline.mod
208,86adab3cc4ad92e4463b32b538cd403ebfa7abe9c8a70c089fb64301033e73a6,21560,2,21560,1,TEST,TEST/BBF_DUST_COUPLED/build_dust/CMakeFiles/dustlibF90.dir/mod_surfpan.mod.stamp
208,86adab3cc4ad92e4463b32b538cd403ebfa7abe9c8a70c089fb64301033e73a6,21560,2,21560,2,TEST,TEST/BBF_DUST_COUPLED/build_dust/include/mod_surfpan.mod
209,a93c596c274b998f0685397a764a4ab93a239c5d8c8459b8a381c0231c06b94f,7055,4,21165,1,MBDYN,MBDYN/PID/INCLUDE/control_surface_joints.mbd
209,a93c596c274b998f0685397a764a4ab93a239c5d8c8459b8a381c0231c06b94f,7055,4,21165,2,MBDYN,MBDYN/PID_5deg_35ms/INCLUDE/control_surface_joints.mbd
209,a93c596c274b998f0685397a764a4ab93a239c5d8c8459b8a381c0231c06b94f,7055,4,21165,3,MBDYN,MBDYN/PID_pitch/INCLUDE/control_surface_joints.mbd
209,a93c596c274b998f0685397a764a4ab93a239c5d8c8459b8a381c0231c06b94f,7055,4,21165,4,X56_AERO_POLAR,X56_AERO_POLAR/mbdyn/INCLUDE/control_surface_joints.mbd
210,74c08b79b7504158fb276832e37b6427492519b5a7ccfa0fd153f85c6cae791e,7046,4,21138,1,MBDYN,MBDYN/PID/INCLUDE/control_surface_joints_pitch.mbd
210,74c08b79b7504158fb276832e37b6427492519b5a7ccfa0fd153f85c6cae791e,7046,4,21138,2,MBDYN,MBDYN/PID_5deg_35ms/INCLUDE/control_surface_joints_pitch.mbd
210,74c08b79b7504158fb276832e37b6427492519b5a7ccfa0fd153f85c6cae791e,7046,4,21138,3,MBDYN,MBDYN/PID_pitch/INCLUDE/control_surface_joints_pitch.mbd
210,74c08b79b7504158fb276832e37b6427492519b5a7ccfa0fd153f85c6cae791e,7046,4,21138,4,X56_AERO_POLAR,X56_AERO_POLAR/mbdyn/INCLUDE/control_surface_joints_pitch.mbd
211,bd5f3c8c8a848c465b2027a91dd6dc11d30f94f827aba0433ac52d0920f5df07,2882,8,20174,1,GRAFICI,GRAFICI/MODAL_COMPARISON_10LB/nastran/BULK/MAD_L108_WING_STIFF_ACCEL_R11_002.dat
211,bd5f3c8c8a848c465b2027a91dd6dc11d30f94f827aba0433ac52d0920f5df07,2882,8,20174,2,NASTRAN,NASTRAN/NASTRAN40/BULK/MAD_L108_WING_STIFF_ACCEL_R11_002.dat
211,bd5f3c8c8a848c465b2027a91dd6dc11d30f94f827aba0433ac52d0920f5df07,2882,8,20174,3,NASTRAN,NASTRAN/NASTRAN_ALTER_OK/BULK/MAD_L108_WING_STIFF_ACCEL_R11_002.dat
211,bd5f3c8c8a848c465b2027a91dd6dc11d30f94f827aba0433ac52d0920f5df07,2882,8,20174,4,NASTRAN,NASTRAN/REALASED_MODEL/BULK/MAD_L108_WING_STIFF_ACCEL_R11_002.dat
211,bd5f3c8c8a848c465b2027a91dd6dc11d30f94f827aba0433ac52d0920f5df07,2882,8,20174,5,NASTRAN_SIMULATIONS,NASTRAN_SIMULATIONS/01_SOL103_60_MODES/BULK/MAD_L108_WING_STIFF_ACCEL_R11_002.dat
211,bd5f3c8c8a848c465b2027a91dd6dc11d30f94f827aba0433ac52d0920f5df07,2882,8,20174,6,NASTRAN_SIMULATIONS,NASTRAN_SIMULATIONS/02_COUPMASS_STUDY/BULK/MAD_L108_WING_STIFF_ACCEL_R11_002.dat
211,bd5f3c8c8a848c465b2027a91dd6dc11d30f94f827aba0433ac52d0920f5df07,2882,8,20174,7,NASTRAN_SIMULATIONS,NASTRAN_SIMULATIONS/03_GRAVITY_5G/nastran/BULK/MAD_L108_WING_STIFF_ACCEL_R11_002.dat
211,bd5f3c8c8a848c465b2027a91dd6dc11d30f94f827aba0433ac52d0920f5df07,2882,8,20174,8,X56_AERO_POLAR,X56_AERO_POLAR/nastran/BULK/MAD_L108_WING_STIFF_ACCEL_R11_002.dat
212,5ea039d55f7b7c1b9e5d5ec2e73e942b1c994ff736fb5081fdc80ebaf3538cdb,2786,8,19502,1,GRAFICI,GRAFICI/MODAL_COMPARISON_10LB/nastran/BULK/MAD_L108_LE_RIBLET_R11_001.dat
212,5ea039d55f7b7c1b9e5d5ec2e73e942b1c994ff736fb5081fdc80ebaf3538cdb,2786,8,19502,2,NASTRAN,NASTRAN/NASTRAN40/BULK/MAD_L108_LE_RIBLET_R11_001.dat
212,5ea039d55f7b7c1b9e5d5ec2e73e942b1c994ff736fb5081fdc80ebaf3538cdb,2786,8,19502,3,NASTRAN,NASTRAN/NASTRAN_ALTER_OK/BULK/MAD_L108_LE_RIBLET_R11_001.dat
212,5ea039d55f7b7c1b9e5d5ec2e73e942b1c994ff736fb5081fdc80ebaf3538cdb,2786,8,19502,4,NASTRAN,NASTRAN/REALASED_MODEL/BULK/MAD_L108_LE_RIBLET_R11_001.dat
212,5ea039d55f7b7c1b9e5d5ec2e73e942b1c994ff736fb5081fdc80ebaf3538cdb,2786,8,19502,5,NASTRAN_SIMULATIONS,NASTRAN_SIMULATIONS/01_SOL103_60_MODES/BULK/MAD_L108_LE_RIBLET_R11_001.dat
212,5ea039d55f7b7c1b9e5d5ec2e73e942b1c994ff736fb5081fdc80ebaf3538cdb,2786,8,19502,6,NASTRAN_SIMULATIONS,NASTRAN_SIMULATIONS/02_COUPMASS_STUDY/BULK/MAD_L108_LE_RIBLET_R11_001.dat
212,5ea039d55f7b7c1b9e5d5ec2e73e942b1c994ff736fb5081fdc80ebaf3538cdb,2786,8,19502,7,NASTRAN_SIMULATIONS,NASTRAN_SIMULATIONS/03_GRAVITY_5G/nastran/BULK/MAD_L108_LE_RIBLET_R11_001.dat
212,5ea039d55f7b7c1b9e5d5ec2e73e942b1c994ff736fb5081fdc80ebaf3538cdb,2786,8,19502,8,X56_AERO_POLAR,X56_AERO_POLAR/nastran/BULK/MAD_L108_LE_RIBLET_R11_001.dat
213,9dbd3b4266b054bb264643ac9dc0565c2c9c11f09b7967071ab7caf87de802e6,19484,2,19484,1,TEST,TEST/BBF_DUST_COUPLED/build_dust/CMakeFiles/dustlibF90.dir/mod_doublet.mod.stamp
213,9dbd3b4266b054bb264643ac9dc0565c2c9c11f09b7967071ab7caf87de802e6,19484,2,19484,2,TEST,TEST/BBF_DUST_COUPLED/build_dust/include/mod_doublet.mod
214,462727c72c8e9cdd623b3006799a527cfc302273a9ef4d1c67f3451718fca6e0,19175,2,19175,1,TEST,TEST/BBF_DUST_COUPLED/build_dust/CMakeFiles/dustlibF90.dir/mod_unsteady_kutta.mod.stamp
214,462727c72c8e9cdd623b3006799a527cfc302273a9ef4d1c67f3451718fca6e0,19175,2,19175,2,TEST,TEST/BBF_DUST_COUPLED/build_dust/include/mod_unsteady_kutta.mod
215,e9043f7b3b0dddc21e5fbcb2a6a7a702493ff9761937f7abfca22ce29a9133e4,974,20,18506,1,GRAFICI,GRAFICI/MODAL_COMPARISON_10LB/nastran/BULK/MAD_L108_FUEL_R11_LT80_NASA.dat
215,e9043f7b3b0dddc21e5fbcb2a6a7a702493ff9761937f7abfca22ce29a9133e4,974,20,18506,2,GRAFICI,GRAFICI/MODAL_COMPARISON_10LB/nastran/BULK/MAD_L108_FUEL_R11_LT_NASA.dat
215,e9043f7b3b0dddc21e5fbcb2a6a7a702493ff9761937f7abfca22ce29a9133e4,974,20,18506,3,GRAFICI,GRAFICI/SOL101/nastran/BULK/MAD_L108_FUEL_R11_LT80_NASA.dat
215,e9043f7b3b0dddc21e5fbcb2a6a7a702493ff9761937f7abfca22ce29a9133e4,974,20,18506,4,GRAFICI,GRAFICI/SOL101/nastran/BULK/MAD_L108_FUEL_R11_LT_NASA.dat
215,e9043f7b3b0dddc21e5fbcb2a6a7a702493ff9761937f7abfca22ce29a9133e4,974,20,18506,5,NASTRAN,NASTRAN/NASTRAN40/BULK/MAD_L108_FUEL_R11_LT80_NASA.dat
215,e9043f7b3b0dddc21e5fbcb2a6a7a702493ff9761937f7abfca22ce29a9133e4,974,20,18506,6,NASTRAN,NASTRAN/NASTRAN40/BULK/MAD_L108_FUEL_R11_LT_NASA.dat
215,e9043f7b3b0dddc21e5fbcb2a6a7a702493ff9761937f7abfca22ce29a9133e4,974,20,18506,7,NASTRAN,NASTRAN/NASTRAN_ALTER_OK/BULK/MAD_L108_FUEL_R11_LT80_NASA.dat
215,e9043f7b3b0dddc21e5fbcb2a6a7a702493ff9761937f7abfca22ce29a9133e4,974,20,18506,8,NASTRAN,NASTRAN/NASTRAN_ALTER_OK/BULK/MAD_L108_FUEL_R11_LT_NASA.dat
215,e9043f7b3b0dddc21e5fbcb2a6a7a702493ff9761937f7abfca22ce29a9133e4,974,20,18506,9,NASTRAN,NASTRAN/REALASED_MODEL/BULK/MAD_L108_FUEL_R11_LT80_NASA.dat
215,e9043f7b3b0dddc21e5fbcb2a6a7a702493ff9761937f7abfca22ce29a9133e4,974,20,18506,10,NASTRAN,NASTRAN/REALASED_MODEL/BULK/MAD_L108_FUEL_R11_LT_NASA.dat
215,e9043f7b3b0dddc21e5fbcb2a6a7a702493ff9761937f7abfca22ce29a9133e4,974,20,18506,11,NASTRAN,NASTRAN/SOL101/BULK/MAD_L108_FUEL_R11_LT80_NASA.dat
215,e9043f7b3b0dddc21e5fbcb2a6a7a702493ff9761937f7abfca22ce29a9133e4,974,20,18506,12,NASTRAN,NASTRAN/SOL101/BULK/MAD_L108_FUEL_R11_LT_NASA.dat
215,e9043f7b3b0dddc21e5fbcb2a6a7a702493ff9761937f7abfca22ce29a9133e4,974,20,18506,13,NASTRAN_SIMULATIONS,NASTRAN_SIMULATIONS/01_SOL103_60_MODES/BULK/MAD_L108_FUEL_R11_LT80_NASA.dat
215,e9043f7b3b0dddc21e5fbcb2a6a7a702493ff9761937f7abfca22ce29a9133e4,974,20,18506,14,NASTRAN_SIMULATIONS,NASTRAN_SIMULATIONS/01_SOL103_60_MODES/BULK/MAD_L108_FUEL_R11_LT_NASA.dat
215,e9043f7b3b0dddc21e5fbcb2a6a7a702493ff9761937f7abfca22ce29a9133e4,974,20,18506,15,NASTRAN_SIMULATIONS,NASTRAN_SIMULATIONS/02_COUPMASS_STUDY/BULK/MAD_L108_FUEL_R11_LT80_NASA.dat
215,e9043f7b3b0dddc21e5fbcb2a6a7a702493ff9761937f7abfca22ce29a9133e4,974,20,18506,16,NASTRAN_SIMULATIONS,NASTRAN_SIMULATIONS/02_COUPMASS_STUDY/BULK/MAD_L108_FUEL_R11_LT_NASA.dat
215,e9043f7b3b0dddc21e5fbcb2a6a7a702493ff9761937f7abfca22ce29a9133e4,974,20,18506,17,NASTRAN_SIMULATIONS,NASTRAN_SIMULATIONS/03_GRAVITY_5G/nastran/BULK/MAD_L108_FUEL_R11_LT80_NASA.dat
215,e9043f7b3b0dddc21e5fbcb2a6a7a702493ff9761937f7abfca22ce29a9133e4,974,20,18506,18,NASTRAN_SIMULATIONS,NASTRAN_SIMULATIONS/03_GRAVITY_5G/nastran/BULK/MAD_L108_FUEL_R11_LT_NASA.dat
215,e9043f7b3b0dddc21e5fbcb2a6a7a702493ff9761937f7abfca22ce29a9133e4,974,20,18506,19,X56_AERO_POLAR,X56_AERO_POLAR/nastran/BULK/MAD_L108_FUEL_R11_LT80_NASA.dat
215,e9043f7b3b0dddc21e5fbcb2a6a7a702493ff9761937f7abfca22ce29a9133e4,974,20,18506,20,X56_AERO_POLAR,X56_AERO_POLAR/nastran/BULK/MAD_L108_FUEL_R11_LT_NASA.dat
216,0b37f4023d45d658844e3cc4735f0ddb5c16f02290e421d5bf5bd00c11975d7b,974,20,18506,1,GRAFICI,GRAFICI/MODAL_COMPARISON_10LB/nastran/BULK/MAD_L108_FUEL_R11_RT80_NASA.dat
216,0b37f4023d45d658844e3cc4735f0ddb5c16f02290e421d5bf5bd00c11975d7b,974,20,18506,2,GRAFICI,GRAFICI/MODAL_COMPARISON_10LB/nastran/BULK/MAD_L108_FUEL_R11_RT_NASA.dat
216,0b37f4023d45d658844e3cc4735f0ddb5c16f02290e421d5bf5bd00c11975d7b,974,20,18506,3,GRAFICI,GRAFICI/SOL101/nastran/BULK/MAD_L108_FUEL_R11_RT80_NASA.dat
216,0b37f4023d45d658844e3cc4735f0ddb5c16f02290e421d5bf5bd00c11975d7b,974,20,18506,4,GRAFICI,GRAFICI/SOL101/nastran/BULK/MAD_L108_FUEL_R11_RT_NASA.dat
216,0b37f4023d45d658844e3cc4735f0ddb5c16f02290e421d5bf5bd00c11975d7b,974,20,18506,5,NASTRAN,NASTRAN/NASTRAN40/BULK/MAD_L108_FUEL_R11_RT80_NASA.dat
216,0b37f4023d45d658844e3cc4735f0ddb5c16f02290e421d5bf5bd00c11975d7b,974,20,18506,6,NASTRAN,NASTRAN/NASTRAN40/BULK/MAD_L108_FUEL_R11_RT_NASA.dat
216,0b37f4023d45d658844e3cc4735f0ddb5c16f02290e421d5bf5bd00c11975d7b,974,20,18506,7,NASTRAN,NASTRAN/NASTRAN_ALTER_OK/BULK/MAD_L108_FUEL_R11_RT80_NASA.dat
216,0b37f4023d45d658844e3cc4735f0ddb5c16f02290e421d5bf5bd00c11975d7b,974,20,18506,8,NASTRAN,NASTRAN/NASTRAN_ALTER_OK/BULK/MAD_L108_FUEL_R11_RT_NASA.dat
216,0b37f4023d45d658844e3cc4735f0ddb5c16f02290e421d5bf5bd00c11975d7b,974,20,18506,9,NASTRAN,NASTRAN/REALASED_MODEL/BULK/MAD_L108_FUEL_R11_RT80_NASA.dat
216,0b37f4023d45d658844e3cc4735f0ddb5c16f02290e421d5bf5bd00c11975d7b,974,20,18506,10,NASTRAN,NASTRAN/REALASED_MODEL/BULK/MAD_L108_FUEL_R11_RT_NASA.dat
216,0b37f4023d45d658844e3cc4735f0ddb5c16f02290e421d5bf5bd00c11975d7b,974,20,18506,11,NASTRAN,NASTRAN/SOL101/BULK/MAD_L108_FUEL_R11_RT80_NASA.dat
216,0b37f4023d45d658844e3cc4735f0ddb5c16f02290e421d5bf5bd00c11975d7b,974,20,18506,12,NASTRAN,NASTRAN/SOL101/BULK/MAD_L108_FUEL_R11_RT_NASA.dat
216,0b37f4023d45d658844e3cc4735f0ddb5c16f02290e421d5bf5bd00c11975d7b,974,20,18506,13,NASTRAN_SIMULATIONS,NASTRAN_SIMULATIONS/01_SOL103_60_MODES/BULK/MAD_L108_FUEL_R11_RT80_NASA.dat
216,0b37f4023d45d658844e3cc4735f0ddb5c16f02290e421d5bf5bd00c11975d7b,974,20,18506,14,NASTRAN_SIMULATIONS,NASTRAN_SIMULATIONS/01_SOL103_60_MODES/BULK/MAD_L108_FUEL_R11_RT_NASA.dat
216,0b37f4023d45d658844e3cc4735f0ddb5c16f02290e421d5bf5bd00c11975d7b,974,20,18506,15,NASTRAN_SIMULATIONS,NASTRAN_SIMULATIONS/02_COUPMASS_STUDY/BULK/MAD_L108_FUEL_R11_RT80_NASA.dat
216,0b37f4023d45d658844e3cc4735f0ddb5c16f02290e421d5bf5bd00c11975d7b,974,20,18506,16,NASTRAN_SIMULATIONS,NASTRAN_SIMULATIONS/02_COUPMASS_STUDY/BULK/MAD_L108_FUEL_R11_RT_NASA.dat
216,0b37f4023d45d658844e3cc4735f0ddb5c16f02290e421d5bf5bd00c11975d7b,974,20,18506,17,NASTRAN_SIMULATIONS,NASTRAN_SIMULATIONS/03_GRAVITY_5G/nastran/BULK/MAD_L108_FUEL_R11_RT80_NASA.dat
216,0b37f4023d45d658844e3cc4735f0ddb5c16f02290e421d5bf5bd00c11975d7b,974,20,18506,18,NASTRAN_SIMULATIONS,NASTRAN_SIMULATIONS/03_GRAVITY_5G/nastran/BULK/MAD_L108_FUEL_R11_RT_NASA.dat
216,0b37f4023d45d658844e3cc4735f0ddb5c16f02290e421d5bf5bd00c11975d7b,974,20,18506,19,X56_AERO_POLAR,X56_AERO_POLAR/nastran/BULK/MAD_L108_FUEL_R11_RT80_NASA.dat
216,0b37f4023d45d658844e3cc4735f0ddb5c16f02290e421d5bf5bd00c11975d7b,974,20,18506,20,X56_AERO_POLAR,X56_AERO_POLAR/nastran/BULK/MAD_L108_FUEL_R11_RT_NASA.dat
217,ea038829d608ce14dbf480aaa868e6734337f4dc05bfb782eabd926dd6aeafc6,2218,9,17744,1,BFF_DUST_55,BFF_DUST_55/CASE_DUST_FLUTTER_EMULATION/dust/coupling_nodes.in
217,ea038829d608ce14dbf480aaa868e6734337f4dc05bfb782eabd926dd6aeafc6,2218,9,17744,2,BFF_DUST_55,BFF_DUST_55/CASE_DUST_FLUTTER_EMULATION/structure/refConfigNodes.in
217,ea038829d608ce14dbf480aaa868e6734337f4dc05bfb782eabd926dd6aeafc6,2218,9,17744,3,BFF_DUST_55,BFF_DUST_55/CASE_DUST_SMOKE/dust/coupling_nodes.in
217,ea038829d608ce14dbf480aaa868e6734337f4dc05bfb782eabd926dd6aeafc6,2218,9,17744,4,BFF_DUST_55,BFF_DUST_55/CASE_DUST_SMOKE/structure/refConfigNodes.in
217,ea038829d608ce14dbf480aaa868e6734337f4dc05bfb782eabd926dd6aeafc6,2218,9,17744,5,BFF_DUST_55,BFF_DUST_55/model/dust/coupling_nodes.in
217,ea038829d608ce14dbf480aaa868e6734337f4dc05bfb782eabd926dd6aeafc6,2218,9,17744,6,BFF_DUST_55,BFF_DUST_55/model/structure/refConfigNodes.in
217,ea038829d608ce14dbf480aaa868e6734337f4dc05bfb782eabd926dd6aeafc6,2218,9,17744,7,TEST,TEST/BBF_DUST_COUPLED/dust/coupling_nodes.in
217,ea038829d608ce14dbf480aaa868e6734337f4dc05bfb782eabd926dd6aeafc6,2218,9,17744,8,TEST,TEST/BBF_DUST_COUPLED/structure/refConfigNodes.in
217,ea038829d608ce14dbf480aaa868e6734337f4dc05bfb782eabd926dd6aeafc6,2218,9,17744,9,_trim_coupled_stage,_trim_coupled_stage/case/coupling_nodes_59.in
218,68b386457f603fb2de24e59bc7e49f47e721d3849766da24904199bf3b7bd1e1,17263,2,17263,1,TEST,TEST/BBF_DUST_COUPLED/build_dust/CMakeFiles/dustlibF90.dir/mod_build_geo.mod.stamp
218,68b386457f603fb2de24e59bc7e49f47e721d3849766da24904199bf3b7bd1e1,17263,2,17263,2,TEST,TEST/BBF_DUST_COUPLED/build_dust/include/mod_build_geo.mod
219,2d6c2e7cedafd9f9359ddab16522c139c810c7fe1aa146dd71e38287badc32e3,2412,8,16884,1,GRAFICI,GRAFICI/MODAL_COMPARISON_10LB/nastran/BULK/MAD_L108_FUSE_UBM_R11_001.dat
219,2d6c2e7cedafd9f9359ddab16522c139c810c7fe1aa146dd71e38287badc32e3,2412,8,16884,2,NASTRAN,NASTRAN/NASTRAN40/BULK/MAD_L108_FUSE_UBM_R11_001.dat
219,2d6c2e7cedafd9f9359ddab16522c139c810c7fe1aa146dd71e38287badc32e3,2412,8,16884,3,NASTRAN,NASTRAN/NASTRAN_ALTER_OK/BULK/MAD_L108_FUSE_UBM_R11_001.dat
219,2d6c2e7cedafd9f9359ddab16522c139c810c7fe1aa146dd71e38287badc32e3,2412,8,16884,4,NASTRAN,NASTRAN/REALASED_MODEL/BULK/MAD_L108_FUSE_UBM_R11_001.dat
219,2d6c2e7cedafd9f9359ddab16522c139c810c7fe1aa146dd71e38287badc32e3,2412,8,16884,5,NASTRAN_SIMULATIONS,NASTRAN_SIMULATIONS/01_SOL103_60_MODES/BULK/MAD_L108_FUSE_UBM_R11_001.dat
219,2d6c2e7cedafd9f9359ddab16522c139c810c7fe1aa146dd71e38287badc32e3,2412,8,16884,6,NASTRAN_SIMULATIONS,NASTRAN_SIMULATIONS/02_COUPMASS_STUDY/BULK/MAD_L108_FUSE_UBM_R11_001.dat
219,2d6c2e7cedafd9f9359ddab16522c139c810c7fe1aa146dd71e38287badc32e3,2412,8,16884,7,NASTRAN_SIMULATIONS,NASTRAN_SIMULATIONS/03_GRAVITY_5G/nastran/BULK/MAD_L108_FUSE_UBM_R11_001.dat
219,2d6c2e7cedafd9f9359ddab16522c139c810c7fe1aa146dd71e38287badc32e3,2412,8,16884,8,X56_AERO_POLAR,X56_AERO_POLAR/nastran/BULK/MAD_L108_FUSE_UBM_R11_001.dat
220,7647df9ec3203a5623302b6ed95be23b159ef58316abe94343fbdfa56ef11757,2361,8,16527,1,GRAFICI,GRAFICI/MODAL_COMPARISON_10LB/nastran/BULK/MAD_L108_WING_FLEX_INT_R11_001.dat
220,7647df9ec3203a5623302b6ed95be23b159ef58316abe94343fbdfa56ef11757,2361,8,16527,2,NASTRAN,NASTRAN/NASTRAN40/BULK/MAD_L108_WING_FLEX_INT_R11_001.dat
220,7647df9ec3203a5623302b6ed95be23b159ef58316abe94343fbdfa56ef11757,2361,8,16527,3,NASTRAN,NASTRAN/NASTRAN_ALTER_OK/BULK/MAD_L108_WING_FLEX_INT_R11_001.dat
220,7647df9ec3203a5623302b6ed95be23b159ef58316abe94343fbdfa56ef11757,2361,8,16527,4,NASTRAN,NASTRAN/REALASED_MODEL/BULK/MAD_L108_WING_FLEX_INT_R11_001.dat
220,7647df9ec3203a5623302b6ed95be23b159ef58316abe94343fbdfa56ef11757,2361,8,16527,5,NASTRAN_SIMULATIONS,NASTRAN_SIMULATIONS/01_SOL103_60_MODES/BULK/MAD_L108_WING_FLEX_INT_R11_001.dat
220,7647df9ec3203a5623302b6ed95be23b159ef58316abe94343fbdfa56ef11757,2361,8,16527,6,NASTRAN_SIMULATIONS,NASTRAN_SIMULATIONS/02_COUPMASS_STUDY/BULK/MAD_L108_WING_FLEX_INT_R11_001.dat
220,7647df9ec3203a5623302b6ed95be23b159ef58316abe94343fbdfa56ef11757,2361,8,16527,7,NASTRAN_SIMULATIONS,NASTRAN_SIMULATIONS/03_GRAVITY_5G/nastran/BULK/MAD_L108_WING_FLEX_INT_R11_001.dat
220,7647df9ec3203a5623302b6ed95be23b159ef58316abe94343fbdfa56ef11757,2361,8,16527,8,X56_AERO_POLAR,X56_AERO_POLAR/nastran/BULK/MAD_L108_WING_FLEX_INT_R11_001.dat
221,cfb9fe22cf796260b81e79a84424c39c477e90d85b0c0c0e8e5ebf3c781ec922,224,73,16128,1,BFF_DUST_55,BFF_DUST_55/CASE_DUST_FLUTTER_EMULATION/dust/References.in
221,cfb9fe22cf796260b81e79a84424c39c477e90d85b0c0c0e8e5ebf3c781ec922,224,73,16128,2,BFF_DUST_55,BFF_DUST_55/CASE_DUST_SMOKE/AILERON_ANIMATION/frame_00_wf4_+00.0deg/References.in
221,cfb9fe22cf796260b81e79a84424c39c477e90d85b0c0c0e8e5ebf3c781ec922,224,73,16128,3,BFF_DUST_55,BFF_DUST_55/CASE_DUST_SMOKE/AILERON_ANIMATION/frame_01_wf4_+02.5deg/References.in
221,cfb9fe22cf796260b81e79a84424c39c477e90d85b0c0c0e8e5ebf3c781ec922,224,73,16128,4,BFF_DUST_55,BFF_DUST_55/CASE_DUST_SMOKE/AILERON_ANIMATION/frame_02_wf4_+05.0deg/References.in
221,cfb9fe22cf796260b81e79a84424c39c477e90d85b0c0c0e8e5ebf3c781ec922,224,73,16128,5,BFF_DUST_55,BFF_DUST_55/CASE_DUST_SMOKE/AILERON_ANIMATION/frame_03_wf4_+07.5deg/References.in
221,cfb9fe22cf796260b81e79a84424c39c477e90d85b0c0c0e8e5ebf3c781ec922,224,73,16128,6,BFF_DUST_55,BFF_DUST_55/CASE_DUST_SMOKE/AILERON_ANIMATION/frame_04_wf4_+10.0deg/References.in
221,cfb9fe22cf796260b81e79a84424c39c477e90d85b0c0c0e8e5ebf3c781ec922,224,73,16128,7,BFF_DUST_55,BFF_DUST_55/CASE_DUST_SMOKE/AILERON_ANIMATION/frame_05_wf4_+07.5deg/References.in
221,cfb9fe22cf796260b81e79a84424c39c477e90d85b0c0c0e8e5ebf3c781ec922,224,73,16128,8,BFF_DUST_55,BFF_DUST_55/CASE_DUST_SMOKE/AILERON_ANIMATION/frame_06_wf4_+05.0deg/References.in
221,cfb9fe22cf796260b81e79a84424c39c477e90d85b0c0c0e8e5ebf3c781ec922,224,73,16128,9,BFF_DUST_55,BFF_DUST_55/CASE_DUST_SMOKE/AILERON_ANIMATION/frame_07_wf4_+02.5deg/References.in
221,cfb9fe22cf796260b81e79a84424c39c477e90d85b0c0c0e8e5ebf3c781ec922,224,73,16128,10,BFF_DUST_55,BFF_DUST_55/CASE_DUST_SMOKE/AILERON_ANIMATION/frame_08_wf4_+00.0deg/References.in
221,cfb9fe22cf796260b81e79a84424c39c477e90d85b0c0c0e8e5ebf3c781ec922,224,73,16128,11,BFF_DUST_55,BFF_DUST_55/CASE_DUST_SMOKE/AILERON_ANIMATION/frame_09_wf4_-02.5deg/References.in
221,cfb9fe22cf796260b81e79a84424c39c477e90d85b0c0c0e8e5ebf3c781ec922,224,73,16128,12,BFF_DUST_55,BFF_DUST_55/CASE_DUST_SMOKE/AILERON_ANIMATION/frame_10_wf4_-05.0deg/References.in
221,cfb9fe22cf796260b81e79a84424c39c477e90d85b0c0c0e8e5ebf3c781ec922,224,73,16128,13,BFF_DUST_55,BFF_DUST_55/CASE_DUST_SMOKE/AILERON_ANIMATION/frame_11_wf4_-07.5deg/References.in
221,cfb9fe22cf796260b81e79a84424c39c477e90d85b0c0c0e8e5ebf3c781ec922,224,73,16128,14,BFF_DUST_55,BFF_DUST_55/CASE_DUST_SMOKE/AILERON_ANIMATION/frame_12_wf4_-10.0deg/References.in
221,cfb9fe22cf796260b81e79a84424c39c477e90d85b0c0c0e8e5ebf3c781ec922,224,73,16128,15,BFF_DUST_55,BFF_DUST_55/CASE_DUST_SMOKE/AILERON_ANIMATION/frame_13_wf4_-07.5deg/References.in
221,cfb9fe22cf796260b81e79a84424c39c477e90d85b0c0c0e8e5ebf3c781ec922,224,73,16128,16,BFF_DUST_55,BFF_DUST_55/CASE_DUST_SMOKE/AILERON_ANIMATION/frame_14_wf4_-05.0deg/References.in
221,cfb9fe22cf796260b81e79a84424c39c477e90d85b0c0c0e8e5ebf3c781ec922,224,73,16128,17,BFF_DUST_55,BFF_DUST_55/CASE_DUST_SMOKE/AILERON_ANIMATION/frame_15_wf4_-02.5deg/References.in
221,cfb9fe22cf796260b81e79a84424c39c477e90d85b0c0c0e8e5ebf3c781ec922,224,73,16128,18,BFF_DUST_55,BFF_DUST_55/CASE_DUST_SMOKE/AILERON_ANIMATION/frame_16_wf4_+00.0deg/References.in
221,cfb9fe22cf796260b81e79a84424c39c477e90d85b0c0c0e8e5ebf3c781ec922,224,73,16128,19,BFF_DUST_55,BFF_DUST_55/CASE_DUST_SMOKE/DEFLECTION_CASES/00_neutral/References.in
221,cfb9fe22cf796260b81e79a84424c39c477e90d85b0c0c0e8e5ebf3c781ec922,224,73,16128,20,BFF_DUST_55,BFF_DUST_55/CASE_DUST_SMOKE/DEFLECTION_CASES/01_body_flaps_plus10/References.in
221,cfb9fe22cf796260b81e79a84424c39c477e90d85b0c0c0e8e5ebf3c781ec922,224,73,16128,21,BFF_DUST_55,BFF_DUST_55/CASE_DUST_SMOKE/DEFLECTION_CASES/02_wf1_minus10/References.in
221,cfb9fe22cf796260b81e79a84424c39c477e90d85b0c0c0e8e5ebf3c781ec922,224,73,16128,22,BFF_DUST_55,BFF_DUST_55/CASE_DUST_SMOKE/DEFLECTION_CASES/03_wf2_plus10/References.in
221,cfb9fe22cf796260b81e79a84424c39c477e90d85b0c0c0e8e5ebf3c781ec922,224,73,16128,23,BFF_DUST_55,BFF_DUST_55/CASE_DUST_SMOKE/DEFLECTION_CASES/04_wf3_minus10/References.in
221,cfb9fe22cf796260b81e79a84424c39c477e90d85b0c0c0e8e5ebf3c781ec922,224,73,16128,24,BFF_DUST_55,BFF_DUST_55/CASE_DUST_SMOKE/DEFLECTION_CASES/05_wf4_plus10/References.in
221,cfb9fe22cf796260b81e79a84424c39c477e90d85b0c0c0e8e5ebf3c781ec922,224,73,16128,25,BFF_DUST_55,BFF_DUST_55/CASE_DUST_SMOKE/DEFLECTION_CASES/06_all_original_hinges/References.in
221,cfb9fe22cf796260b81e79a84424c39c477e90d85b0c0c0e8e5ebf3c781ec922,224,73,16128,26,BFF_DUST_55,BFF_DUST_55/CASE_DUST_SMOKE/SURFACE_SEQUENCE_4231/frame_00_WF4_LR_+00.0deg/References.in
221,cfb9fe22cf796260b81e79a84424c39c477e90d85b0c0c0e8e5ebf3c781ec922,224,73,16128,27,BFF_DUST_55,BFF_DUST_55/CASE_DUST_SMOKE/SURFACE_SEQUENCE_4231/frame_01_WF4_LR_+15.0deg/References.in
221,cfb9fe22cf796260b81e79a84424c39c477e90d85b0c0c0e8e5ebf3c781ec922,224,73,16128,28,BFF_DUST_55,BFF_DUST_55/CASE_DUST_SMOKE/SURFACE_SEQUENCE_4231/frame_02_WF4_LR_+30.0deg/References.in
221,cfb9fe22cf796260b81e79a84424c39c477e90d85b0c0c0e8e5ebf3c781ec922,224,73,16128,29,BFF_DUST_55,BFF_DUST_55/CASE_DUST_SMOKE/SURFACE_SEQUENCE_4231/frame_03_WF4_LR_+15.0deg/References.in
221,cfb9fe22cf796260b81e79a84424c39c477e90d85b0c0c0e8e5ebf3c781ec922,224,73,16128,30,BFF_DUST_55,BFF_DUST_55/CASE_DUST_SMOKE/SURFACE_SEQUENCE_4231/frame_04_WF4_LR_+00.0deg/References.in
221,cfb9fe22cf796260b81e79a84424c39c477e90d85b0c0c0e8e5ebf3c781ec922,224,73,16128,31,BFF_DUST_55,BFF_DUST_55/CASE_DUST_SMOKE/SURFACE_SEQUENCE_4231/frame_05_WF4_LR_-15.0deg/References.in
221,cfb9fe22cf796260b81e79a84424c39c477e90d85b0c0c0e8e5ebf3c781ec922,224,73,16128,32,BFF_DUST_55,BFF_DUST_55/CASE_DUST_SMOKE/SURFACE_SEQUENCE_4231/frame_06_WF4_LR_-30.0deg/References.in
221,cfb9fe22cf796260b81e79a84424c39c477e90d85b0c0c0e8e5ebf3c781ec922,224,73,16128,33,BFF_DUST_55,BFF_DUST_55/CASE_DUST_SMOKE/SURFACE_SEQUENCE_4231/frame_07_WF4_LR_-15.0deg/References.in
221,cfb9fe22cf796260b81e79a84424c39c477e90d85b0c0c0e8e5ebf3c781ec922,224,73,16128,34,BFF_DUST_55,BFF_DUST_55/CASE_DUST_SMOKE/SURFACE_SEQUENCE_4231/frame_08_WF4_LR_+00.0deg/References.in
221,cfb9fe22cf796260b81e79a84424c39c477e90d85b0c0c0e8e5ebf3c781ec922,224,73,16128,35,BFF_DUST_55,BFF_DUST_55/CASE_DUST_SMOKE/SURFACE_SEQUENCE_4231/frame_09_WF2_LR_+00.0deg/References.in
221,cfb9fe22cf796260b81e79a84424c39c477e90d85b0c0c0e8e5ebf3c781ec922,224,73,16128,36,BFF_DUST_55,BFF_DUST_55/CASE_DUST_SMOKE/SURFACE_SEQUENCE_4231/frame_10_WF2_LR_+15.0deg/References.in
221,cfb9fe22cf796260b81e79a84424c39c477e90d85b0c0c0e8e5ebf3c781ec922,224,73,16128,37,BFF_DUST_55,BFF_DUST_55/CASE_DUST_SMOKE/SURFACE_SEQUENCE_4231/frame_11_WF2_LR_+30.0deg/References.in
221,cfb9fe22cf796260b81e79a84424c39c477e90d85b0c0c0e8e5ebf3c781ec922,224,73,16128,38,BFF_DUST_55,BFF_DUST_55/CASE_DUST_SMOKE/SURFACE_SEQUENCE_4231/frame_12_WF2_LR_+15.0deg/References.in
221,cfb9fe22cf796260b81e79a84424c39c477e90d85b0c0c0e8e5ebf3c781ec922,224,73,16128,39,BFF_DUST_55,BFF_DUST_55/CASE_DUST_SMOKE/SURFACE_SEQUENCE_4231/frame_13_WF2_LR_+00.0deg/References.in
221,cfb9fe22cf796260b81e79a84424c39c477e90d85b0c0c0e8e5ebf3c781ec922,224,73,16128,40,BFF_DUST_55,BFF_DUST_55/CASE_DUST_SMOKE/SURFACE_SEQUENCE_4231/frame_14_WF2_LR_-15.0deg/References.in
221,cfb9fe22cf796260b81e79a84424c39c477e90d85b0c0c0e8e5ebf3c781ec922,224,73,16128,41,BFF_DUST_55,BFF_DUST_55/CASE_DUST_SMOKE/SURFACE_SEQUENCE_4231/frame_15_WF2_LR_-30.0deg/References.in
221,cfb9fe22cf796260b81e79a84424c39c477e90d85b0c0c0e8e5ebf3c781ec922,224,73,16128,42,BFF_DUST_55,BFF_DUST_55/CASE_DUST_SMOKE/SURFACE_SEQUENCE_4231/frame_16_WF2_LR_-15.0deg/References.in
221,cfb9fe22cf796260b81e79a84424c39c477e90d85b0c0c0e8e5ebf3c781ec922,224,73,16128,43,BFF_DUST_55,BFF_DUST_55/CASE_DUST_SMOKE/SURFACE_SEQUENCE_4231/frame_17_WF2_LR_+00.0deg/References.in
221,cfb9fe22cf796260b81e79a84424c39c477e90d85b0c0c0e8e5ebf3c781ec922,224,73,16128,44,BFF_DUST_55,BFF_DUST_55/CASE_DUST_SMOKE/SURFACE_SEQUENCE_4231/frame_18_WF3_LR_+00.0deg/References.in
221,cfb9fe22cf796260b81e79a84424c39c477e90d85b0c0c0e8e5ebf3c781ec922,224,73,16128,45,BFF_DUST_55,BFF_DUST_55/CASE_DUST_SMOKE/SURFACE_SEQUENCE_4231/frame_19_WF3_LR_+15.0deg/References.in
221,cfb9fe22cf796260b81e79a84424c39c477e90d85b0c0c0e8e5ebf3c781ec922,224,73,16128,46,BFF_DUST_55,BFF_DUST_55/CASE_DUST_SMOKE/SURFACE_SEQUENCE_4231/frame_20_WF3_LR_+30.0deg/References.in
221,cfb9fe22cf796260b81e79a84424c39c477e90d85b0c0c0e8e5ebf3c781ec922,224,73,16128,47,BFF_DUST_55,BFF_DUST_55/CASE_DUST_SMOKE/SURFACE_SEQUENCE_4231/frame_21_WF3_LR_+15.0deg/References.in
221,cfb9fe22cf796260b81e79a84424c39c477e90d85b0c0c0e8e5ebf3c781ec922,224,73,16128,48,BFF_DUST_55,BFF_DUST_55/CASE_DUST_SMOKE/SURFACE_SEQUENCE_4231/frame_22_WF3_LR_+00.0deg/References.in
221,cfb9fe22cf796260b81e79a84424c39c477e90d85b0c0c0e8e5ebf3c781ec922,224,73,16128,49,BFF_DUST_55,BFF_DUST_55/CASE_DUST_SMOKE/SURFACE_SEQUENCE_4231/frame_23_WF3_LR_-15.0deg/References.in
221,cfb9fe22cf796260b81e79a84424c39c477e90d85b0c0c0e8e5ebf3c781ec922,224,73,16128,50,BFF_DUST_55,BFF_DUST_55/CASE_DUST_SMOKE/SURFACE_SEQUENCE_4231/frame_24_WF3_LR_-30.0deg/References.in
221,cfb9fe22cf796260b81e79a84424c39c477e90d85b0c0c0e8e5ebf3c781ec922,224,73,16128,51,BFF_DUST_55,BFF_DUST_55/CASE_DUST_SMOKE/SURFACE_SEQUENCE_4231/frame_25_WF3_LR_-15.0deg/References.in
221,cfb9fe22cf796260b81e79a84424c39c477e90d85b0c0c0e8e5ebf3c781ec922,224,73,16128,52,BFF_DUST_55,BFF_DUST_55/CASE_DUST_SMOKE/SURFACE_SEQUENCE_4231/frame_26_WF3_LR_+00.0deg/References.in
221,cfb9fe22cf796260b81e79a84424c39c477e90d85b0c0c0e8e5ebf3c781ec922,224,73,16128,53,BFF_DUST_55,BFF_DUST_55/CASE_DUST_SMOKE/SURFACE_SEQUENCE_4231/frame_27_WF1_LR_+00.0deg/References.in
221,cfb9fe22cf796260b81e79a84424c39c477e90d85b0c0c0e8e5ebf3c781ec922,224,73,16128,54,BFF_DUST_55,BFF_DUST_55/CASE_DUST_SMOKE/SURFACE_SEQUENCE_4231/frame_28_WF1_LR_+15.0deg/References.in
221,cfb9fe22cf796260b81e79a84424c39c477e90d85b0c0c0e8e5ebf3c781ec922,224,73,16128,55,BFF_DUST_55,BFF_DUST_55/CASE_DUST_SMOKE/SURFACE_SEQUENCE_4231/frame_29_WF1_LR_+30.0deg/References.in
221,cfb9fe22cf796260b81e79a84424c39c477e90d85b0c0c0e8e5ebf3c781ec922,224,73,16128,56,BFF_DUST_55,BFF_DUST_55/CASE_DUST_SMOKE/SURFACE_SEQUENCE_4231/frame_30_WF1_LR_+15.0deg/References.in
221,cfb9fe22cf796260b81e79a84424c39c477e90d85b0c0c0e8e5ebf3c781ec922,224,73,16128,57,BFF_DUST_55,BFF_DUST_55/CASE_DUST_SMOKE/SURFACE_SEQUENCE_4231/frame_31_WF1_LR_+00.0deg/References.in
221,cfb9fe22cf796260b81e79a84424c39c477e90d85b0c0c0e8e5ebf3c781ec922,224,73,16128,58,BFF_DUST_55,BFF_DUST_55/CASE_DUST_SMOKE/SURFACE_SEQUENCE_4231/frame_32_WF1_LR_-15.0deg/References.in
221,cfb9fe22cf796260b81e79a84424c39c477e90d85b0c0c0e8e5ebf3c781ec922,224,73,16128,59,BFF_DUST_55,BFF_DUST_55/CASE_DUST_SMOKE/SURFACE_SEQUENCE_4231/frame_33_WF1_LR_-30.0deg/References.in
221,cfb9fe22cf796260b81e79a84424c39c477e90d85b0c0c0e8e5ebf3c781ec922,224,73,16128,60,BFF_DUST_55,BFF_DUST_55/CASE_DUST_SMOKE/SURFACE_SEQUENCE_4231/frame_34_WF1_LR_-15.0deg/References.in
221,cfb9fe22cf796260b81e79a84424c39c477e90d85b0c0c0e8e5ebf3c781ec922,224,73,16128,61,BFF_DUST_55,BFF_DUST_55/CASE_DUST_SMOKE/SURFACE_SEQUENCE_4231/frame_35_WF1_LR_+00.0deg/References.in
221,cfb9fe22cf796260b81e79a84424c39c477e90d85b0c0c0e8e5ebf3c781ec922,224,73,16128,62,BFF_DUST_55,BFF_DUST_55/CASE_DUST_SMOKE/SURFACE_SEQUENCE_4231/frame_36_BF_LR_+00.0deg/References.in
221,cfb9fe22cf796260b81e79a84424c39c477e90d85b0c0c0e8e5ebf3c781ec922,224,73,16128,63,BFF_DUST_55,BFF_DUST_55/CASE_DUST_SMOKE/SURFACE_SEQUENCE_4231/frame_37_BF_LR_+15.0deg/References.in
221,cfb9fe22cf796260b81e79a84424c39c477e90d85b0c0c0e8e5ebf3c781ec922,224,73,16128,64,BFF_DUST_55,BFF_DUST_55/CASE_DUST_SMOKE/SURFACE_SEQUENCE_4231/frame_38_BF_LR_+30.0deg/References.in
221,cfb9fe22cf796260b81e79a84424c39c477e90d85b0c0c0e8e5ebf3c781ec922,224,73,16128,65,BFF_DUST_55,BFF_DUST_55/CASE_DUST_SMOKE/SURFACE_SEQUENCE_4231/frame_39_BF_LR_+15.0deg/References.in
221,cfb9fe22cf796260b81e79a84424c39c477e90d85b0c0c0e8e5ebf3c781ec922,224,73,16128,66,BFF_DUST_55,BFF_DUST_55/CASE_DUST_SMOKE/SURFACE_SEQUENCE_4231/frame_40_BF_LR_+00.0deg/References.in
221,cfb9fe22cf796260b81e79a84424c39c477e90d85b0c0c0e8e5ebf3c781ec922,224,73,16128,67,BFF_DUST_55,BFF_DUST_55/CASE_DUST_SMOKE/SURFACE_SEQUENCE_4231/frame_41_BF_LR_-15.0deg/References.in
221,cfb9fe22cf796260b81e79a84424c39c477e90d85b0c0c0e8e5ebf3c781ec922,224,73,16128,68,BFF_DUST_55,BFF_DUST_55/CASE_DUST_SMOKE/SURFACE_SEQUENCE_4231/frame_42_BF_LR_-30.0deg/References.in
221,cfb9fe22cf796260b81e79a84424c39c477e90d85b0c0c0e8e5ebf3c781ec922,224,73,16128,69,BFF_DUST_55,BFF_DUST_55/CASE_DUST_SMOKE/SURFACE_SEQUENCE_4231/frame_43_BF_LR_-15.0deg/References.in
221,cfb9fe22cf796260b81e79a84424c39c477e90d85b0c0c0e8e5ebf3c781ec922,224,73,16128,70,BFF_DUST_55,BFF_DUST_55/CASE_DUST_SMOKE/SURFACE_SEQUENCE_4231/frame_44_BF_LR_+00.0deg/References.in
221,cfb9fe22cf796260b81e79a84424c39c477e90d85b0c0c0e8e5ebf3c781ec922,224,73,16128,71,BFF_DUST_55,BFF_DUST_55/CASE_DUST_SMOKE/dust/References.in
221,cfb9fe22cf796260b81e79a84424c39c477e90d85b0c0c0e8e5ebf3c781ec922,224,73,16128,72,BFF_DUST_55,BFF_DUST_55/model/dust/References.in
221,cfb9fe22cf796260b81e79a84424c39c477e90d85b0c0c0e8e5ebf3c781ec922,224,73,16128,73,TEST,TEST/BBF_DUST_COUPLED/dust/References.in
222,cd140c55625ceb7222bcf36b7aef1be9d0c8f71a9c54429ab635d31eb7748785,15928,2,15928,1,TEST,TEST/BBF_DUST_COUPLED/build_dust/CMakeFiles/dustlibF90.dir/mod_c81.mod.stamp
222,cd140c55625ceb7222bcf36b7aef1be9d0c8f71a9c54429ab635d31eb7748785,15928,2,15928,2,TEST,TEST/BBF_DUST_COUPLED/build_dust/include/mod_c81.mod
223,263ca5e5017260b81658599e58878910aef838cba8a348960a6eceb222687f88,15468,2,15468,1,TEST,TEST/BBF_DUST_COUPLED/build_dust/CMakeFiles/dustlibF90.dir/mod_reference.mod.stamp
223,263ca5e5017260b81658599e58878910aef838cba8a348960a6eceb222687f88,15468,2,15468,2,TEST,TEST/BBF_DUST_COUPLED/build_dust/include/mod_reference.mod
224,17010e71aeee609bafd83c46a1794902b7423f4583ecdda21b5c1ade14bd51d9,3839,5,15356,1,BFF_DUST_55,BFF_DUST_55/CASE_DUST_FLUTTER_EMULATION/INCLUDE/coupling_hinge_nodes.mbd
224,17010e71aeee609bafd83c46a1794902b7423f4583ecdda21b5c1ade14bd51d9,3839,5,15356,2,BFF_DUST_55,BFF_DUST_55/CASE_DUST_SMOKE/INCLUDE/coupling_hinge_nodes.mbd
224,17010e71aeee609bafd83c46a1794902b7423f4583ecdda21b5c1ade14bd51d9,3839,5,15356,3,BFF_DUST_55,BFF_DUST_55/model/mbdyn/INCLUDE/coupling_hinge_nodes.mbd
224,17010e71aeee609bafd83c46a1794902b7423f4583ecdda21b5c1ade14bd51d9,3839,5,15356,4,TEST,TEST/BBF_DUST_COUPLED/INCLUDE/coupling_hinge_nodes.mbd
224,17010e71aeee609bafd83c46a1794902b7423f4583ecdda21b5c1ade14bd51d9,3839,5,15356,5,_trim_coupled_stage,_trim_coupled_stage/case/include/coupling_hinge_nodes.mbd
225,1c7f0d70723cfb3e13e9685e58fac6ad113149cc4963d0ad2cf339755f24057b,213,69,14484,1,BFF_DUST_55,BFF_DUST_55/CASE_DUST_SMOKE/AILERON_ANIMATION/frame_00_wf4_+00.0deg/dust_post.log
225,1c7f0d70723cfb3e13e9685e58fac6ad113149cc4963d0ad2cf339755f24057b,213,69,14484,2,BFF_DUST_55,BFF_DUST_55/CASE_DUST_SMOKE/AILERON_ANIMATION/frame_01_wf4_+02.5deg/dust_post.log
225,1c7f0d70723cfb3e13e9685e58fac6ad113149cc4963d0ad2cf339755f24057b,213,69,14484,3,BFF_DUST_55,BFF_DUST_55/CASE_DUST_SMOKE/AILERON_ANIMATION/frame_02_wf4_+05.0deg/dust_post.log
225,1c7f0d70723cfb3e13e9685e58fac6ad113149cc4963d0ad2cf339755f24057b,213,69,14484,4,BFF_DUST_55,BFF_DUST_55/CASE_DUST_SMOKE/AILERON_ANIMATION/frame_03_wf4_+07.5deg/dust_post.log
225,1c7f0d70723cfb3e13e9685e58fac6ad113149cc4963d0ad2cf339755f24057b,213,69,14484,5,BFF_DUST_55,BFF_DUST_55/CASE_DUST_SMOKE/AILERON_ANIMATION/frame_04_wf4_+10.0deg/dust_post.log
225,1c7f0d70723cfb3e13e9685e58fac6ad113149cc4963d0ad2cf339755f24057b,213,69,14484,6,BFF_DUST_55,BFF_DUST_55/CASE_DUST_SMOKE/AILERON_ANIMATION/frame_05_wf4_+07.5deg/dust_post.log
225,1c7f0d70723cfb3e13e9685e58fac6ad113149cc4963d0ad2cf339755f24057b,213,69,14484,7,BFF_DUST_55,BFF_DUST_55/CASE_DUST_SMOKE/AILERON_ANIMATION/frame_06_wf4_+05.0deg/dust_post.log
225,1c7f0d70723cfb3e13e9685e58fac6ad113149cc4963d0ad2cf339755f24057b,213,69,14484,8,BFF_DUST_55,BFF_DUST_55/CASE_DUST_SMOKE/AILERON_ANIMATION/frame_07_wf4_+02.5deg/dust_post.log
225,1c7f0d70723cfb3e13e9685e58fac6ad113149cc4963d0ad2cf339755f24057b,213,69,14484,9,BFF_DUST_55,BFF_DUST_55/CASE_DUST_SMOKE/AILERON_ANIMATION/frame_08_wf4_+00.0deg/dust_post.log
225,1c7f0d70723cfb3e13e9685e58fac6ad113149cc4963d0ad2cf339755f24057b,213,69,14484,10,BFF_DUST_55,BFF_DUST_55/CASE_DUST_SMOKE/AILERON_ANIMATION/frame_09_wf4_-02.5deg/dust_post.log
225,1c7f0d70723cfb3e13e9685e58fac6ad113149cc4963d0ad2cf339755f24057b,213,69,14484,11,BFF_DUST_55,BFF_DUST_55/CASE_DUST_SMOKE/AILERON_ANIMATION/frame_10_wf4_-05.0deg/dust_post.log
225,1c7f0d70723cfb3e13e9685e58fac6ad113149cc4963d0ad2cf339755f24057b,213,69,14484,12,BFF_DUST_55,BFF_DUST_55/CASE_DUST_SMOKE/AILERON_ANIMATION/frame_11_wf4_-07.5deg/dust_post.log
225,1c7f0d70723cfb3e13e9685e58fac6ad113149cc4963d0ad2cf339755f24057b,213,69,14484,13,BFF_DUST_55,BFF_DUST_55/CASE_DUST_SMOKE/AILERON_ANIMATION/frame_12_wf4_-10.0deg/dust_post.log
225,1c7f0d70723cfb3e13e9685e58fac6ad113149cc4963d0ad2cf339755f24057b,213,69,14484,14,BFF_DUST_55,BFF_DUST_55/CASE_DUST_SMOKE/AILERON_ANIMATION/frame_13_wf4_-07.5deg/dust_post.log
225,1c7f0d70723cfb3e13e9685e58fac6ad113149cc4963d0ad2cf339755f24057b,213,69,14484,15,BFF_DUST_55,BFF_DUST_55/CASE_DUST_SMOKE/AILERON_ANIMATION/frame_14_wf4_-05.0deg/dust_post.log
225,1c7f0d70723cfb3e13e9685e58fac6ad113149cc4963d0ad2cf339755f24057b,213,69,14484,16,BFF_DUST_55,BFF_DUST_55/CASE_DUST_SMOKE/AILERON_ANIMATION/frame_15_wf4_-02.5deg/dust_post.log
225,1c7f0d70723cfb3e13e9685e58fac6ad113149cc4963d0ad2cf339755f24057b,213,69,14484,17,BFF_DUST_55,BFF_DUST_55/CASE_DUST_SMOKE/AILERON_ANIMATION/frame_16_wf4_+00.0deg/dust_post.log
225,1c7f0d70723cfb3e13e9685e58fac6ad113149cc4963d0ad2cf339755f24057b,213,69,14484,18,BFF_DUST_55,BFF_DUST_55/CASE_DUST_SMOKE/DEFLECTION_CASES/00_neutral/dust_post.log
225,1c7f0d70723cfb3e13e9685e58fac6ad113149cc4963d0ad2cf339755f24057b,213,69,14484,19,BFF_DUST_55,BFF_DUST_55/CASE_DUST_SMOKE/DEFLECTION_CASES/01_body_flaps_plus10/dust_post.log
225,1c7f0d70723cfb3e13e9685e58fac6ad113149cc4963d0ad2cf339755f24057b,213,69,14484,20,BFF_DUST_55,BFF_DUST_55/CASE_DUST_SMOKE/DEFLECTION_CASES/02_wf1_minus10/dust_post.log
225,1c7f0d70723cfb3e13e9685e58fac6ad113149cc4963d0ad2cf339755f24057b,213,69,14484,21,BFF_DUST_55,BFF_DUST_55/CASE_DUST_SMOKE/DEFLECTION_CASES/03_wf2_plus10/dust_post.log
225,1c7f0d70723cfb3e13e9685e58fac6ad113149cc4963d0ad2cf339755f24057b,213,69,14484,22,BFF_DUST_55,BFF_DUST_55/CASE_DUST_SMOKE/DEFLECTION_CASES/04_wf3_minus10/dust_post.log
225,1c7f0d70723cfb3e13e9685e58fac6ad113149cc4963d0ad2cf339755f24057b,213,69,14484,23,BFF_DUST_55,BFF_DUST_55/CASE_DUST_SMOKE/DEFLECTION_CASES/05_wf4_plus10/dust_post.log
225,1c7f0d70723cfb3e13e9685e58fac6ad113149cc4963d0ad2cf339755f24057b,213,69,14484,24,BFF_DUST_55,BFF_DUST_55/CASE_DUST_SMOKE/DEFLECTION_CASES/06_all_original_hinges/dust_post.log
225,1c7f0d70723cfb3e13e9685e58fac6ad113149cc4963d0ad2cf339755f24057b,213,69,14484,25,BFF_DUST_55,BFF_DUST_55/CASE_DUST_SMOKE/SURFACE_SEQUENCE_4231/frame_00_WF4_LR_+00.0deg/dust_post.log
225,1c7f0d70723cfb3e13e9685e58fac6ad113149cc4963d0ad2cf339755f24057b,213,69,14484,26,BFF_DUST_55,BFF_DUST_55/CASE_DUST_SMOKE/SURFACE_SEQUENCE_4231/frame_01_WF4_LR_+15.0deg/dust_post.log
225,1c7f0d70723cfb3e13e9685e58fac6ad113149cc4963d0ad2cf339755f24057b,213,69,14484,27,BFF_DUST_55,BFF_DUST_55/CASE_DUST_SMOKE/SURFACE_SEQUENCE_4231/frame_02_WF4_LR_+30.0deg/dust_post.log
225,1c7f0d70723cfb3e13e9685e58fac6ad113149cc4963d0ad2cf339755f24057b,213,69,14484,28,BFF_DUST_55,BFF_DUST_55/CASE_DUST_SMOKE/SURFACE_SEQUENCE_4231/frame_03_WF4_LR_+15.0deg/dust_post.log
225,1c7f0d70723cfb3e13e9685e58fac6ad113149cc4963d0ad2cf339755f24057b,213,69,14484,29,BFF_DUST_55,BFF_DUST_55/CASE_DUST_SMOKE/SURFACE_SEQUENCE_4231/frame_04_WF4_LR_+00.0deg/dust_post.log
225,1c7f0d70723cfb3e13e9685e58fac6ad113149cc4963d0ad2cf339755f24057b,213,69,14484,30,BFF_DUST_55,BFF_DUST_55/CASE_DUST_SMOKE/SURFACE_SEQUENCE_4231/frame_05_WF4_LR_-15.0deg/dust_post.log
225,1c7f0d70723cfb3e13e9685e58fac6ad113149cc4963d0ad2cf339755f24057b,213,69,14484,31,BFF_DUST_55,BFF_DUST_55/CASE_DUST_SMOKE/SURFACE_SEQUENCE_4231/frame_06_WF4_LR_-30.0deg/dust_post.log
225,1c7f0d70723cfb3e13e9685e58fac6ad113149cc4963d0ad2cf339755f24057b,213,69,14484,32,BFF_DUST_55,BFF_DUST_55/CASE_DUST_SMOKE/SURFACE_SEQUENCE_4231/frame_07_WF4_LR_-15.0deg/dust_post.log
225,1c7f0d70723cfb3e13e9685e58fac6ad113149cc4963d0ad2cf339755f24057b,213,69,14484,33,BFF_DUST_55,BFF_DUST_55/CASE_DUST_SMOKE/SURFACE_SEQUENCE_4231/frame_08_WF4_LR_+00.0deg/dust_post.log
225,1c7f0d70723cfb3e13e9685e58fac6ad113149cc4963d0ad2cf339755f24057b,213,69,14484,34,BFF_DUST_55,BFF_DUST_55/CASE_DUST_SMOKE/SURFACE_SEQUENCE_4231/frame_09_WF2_LR_+00.0deg/dust_post.log
225,1c7f0d70723cfb3e13e9685e58fac6ad113149cc4963d0ad2cf339755f24057b,213,69,14484,35,BFF_DUST_55,BFF_DUST_55/CASE_DUST_SMOKE/SURFACE_SEQUENCE_4231/frame_10_WF2_LR_+15.0deg/dust_post.log
225,1c7f0d70723cfb3e13e9685e58fac6ad113149cc4963d0ad2cf339755f24057b,213,69,14484,36,BFF_DUST_55,BFF_DUST_55/CASE_DUST_SMOKE/SURFACE_SEQUENCE_4231/frame_11_WF2_LR_+30.0deg/dust_post.log
225,1c7f0d70723cfb3e13e9685e58fac6ad113149cc4963d0ad2cf339755f24057b,213,69,14484,37,BFF_DUST_55,BFF_DUST_55/CASE_DUST_SMOKE/SURFACE_SEQUENCE_4231/frame_12_WF2_LR_+15.0deg/dust_post.log
225,1c7f0d70723cfb3e13e9685e58fac6ad113149cc4963d0ad2cf339755f24057b,213,69,14484,38,BFF_DUST_55,BFF_DUST_55/CASE_DUST_SMOKE/SURFACE_SEQUENCE_4231/frame_13_WF2_LR_+00.0deg/dust_post.log
225,1c7f0d70723cfb3e13e9685e58fac6ad113149cc4963d0ad2cf339755f24057b,213,69,14484,39,BFF_DUST_55,BFF_DUST_55/CASE_DUST_SMOKE/SURFACE_SEQUENCE_4231/frame_14_WF2_LR_-15.0deg/dust_post.log
225,1c7f0d70723cfb3e13e9685e58fac6ad113149cc4963d0ad2cf339755f24057b,213,69,14484,40,BFF_DUST_55,BFF_DUST_55/CASE_DUST_SMOKE/SURFACE_SEQUENCE_4231/frame_15_WF2_LR_-30.0deg/dust_post.log
225,1c7f0d70723cfb3e13e9685e58fac6ad113149cc4963d0ad2cf339755f24057b,213,69,14484,41,BFF_DUST_55,BFF_DUST_55/CASE_DUST_SMOKE/SURFACE_SEQUENCE_4231/frame_16_WF2_LR_-15.0deg/dust_post.log
225,1c7f0d70723cfb3e13e9685e58fac6ad113149cc4963d0ad2cf339755f24057b,213,69,14484,42,BFF_DUST_55,BFF_DUST_55/CASE_DUST_SMOKE/SURFACE_SEQUENCE_4231/frame_17_WF2_LR_+00.0deg/dust_post.log
225,1c7f0d70723cfb3e13e9685e58fac6ad113149cc4963d0ad2cf339755f24057b,213,69,14484,43,BFF_DUST_55,BFF_DUST_55/CASE_DUST_SMOKE/SURFACE_SEQUENCE_4231/frame_18_WF3_LR_+00.0deg/dust_post.log
225,1c7f0d70723cfb3e13e9685e58fac6ad113149cc4963d0ad2cf339755f24057b,213,69,14484,44,BFF_DUST_55,BFF_DUST_55/CASE_DUST_SMOKE/SURFACE_SEQUENCE_4231/frame_19_WF3_LR_+15.0deg/dust_post.log
225,1c7f0d70723cfb3e13e9685e58fac6ad113149cc4963d0ad2cf339755f24057b,213,69,14484,45,BFF_DUST_55,BFF_DUST_55/CASE_DUST_SMOKE/SURFACE_SEQUENCE_4231/frame_20_WF3_LR_+30.0deg/dust_post.log
225,1c7f0d70723cfb3e13e9685e58fac6ad113149cc4963d0ad2cf339755f24057b,213,69,14484,46,BFF_DUST_55,BFF_DUST_55/CASE_DUST_SMOKE/SURFACE_SEQUENCE_4231/frame_21_WF3_LR_+15.0deg/dust_post.log
225,1c7f0d70723cfb3e13e9685e58fac6ad113149cc4963d0ad2cf339755f24057b,213,69,14484,47,BFF_DUST_55,BFF_DUST_55/CASE_DUST_SMOKE/SURFACE_SEQUENCE_4231/frame_22_WF3_LR_+00.0deg/dust_post.log
225,1c7f0d70723cfb3e13e9685e58fac6ad113149cc4963d0ad2cf339755f24057b,213,69,14484,48,BFF_DUST_55,BFF_DUST_55/CASE_DUST_SMOKE/SURFACE_SEQUENCE_4231/frame_23_WF3_LR_-15.0deg/dust_post.log
225,1c7f0d70723cfb3e13e9685e58fac6ad113149cc4963d0ad2cf339755f24057b,213,69,14484,49,BFF_DUST_55,BFF_DUST_55/CASE_DUST_SMOKE/SURFACE_SEQUENCE_4231/frame_24_WF3_LR_-30.0deg/dust_post.log
225,1c7f0d70723cfb3e13e9685e58fac6ad113149cc4963d0ad2cf339755f24057b,213,69,14484,50,BFF_DUST_55,BFF_DUST_55/CASE_DUST_SMOKE/SURFACE_SEQUENCE_4231/frame_25_WF3_LR_-15.0deg/dust_post.log
225,1c7f0d70723cfb3e13e9685e58fac6ad113149cc4963d0ad2cf339755f24057b,213,69,14484,51,BFF_DUST_55,BFF_DUST_55/CASE_DUST_SMOKE/SURFACE_SEQUENCE_4231/frame_26_WF3_LR_+00.0deg/dust_post.log
225,1c7f0d70723cfb3e13e9685e58fac6ad113149cc4963d0ad2cf339755f24057b,213,69,14484,52,BFF_DUST_55,BFF_DUST_55/CASE_DUST_SMOKE/SURFACE_SEQUENCE_4231/frame_27_WF1_LR_+00.0deg/dust_post.log
225,1c7f0d70723cfb3e13e9685e58fac6ad113149cc4963d0ad2cf339755f24057b,213,69,14484,53,BFF_DUST_55,BFF_DUST_55/CASE_DUST_SMOKE/SURFACE_SEQUENCE_4231/frame_28_WF1_LR_+15.0deg/dust_post.log
225,1c7f0d70723cfb3e13e9685e58fac6ad113149cc4963d0ad2cf339755f24057b,213,69,14484,54,BFF_DUST_55,BFF_DUST_55/CASE_DUST_SMOKE/SURFACE_SEQUENCE_4231/frame_29_WF1_LR_+30.0deg/dust_post.log
225,1c7f0d70723cfb3e13e9685e58fac6ad113149cc4963d0ad2cf339755f24057b,213,69,14484,55,BFF_DUST_55,BFF_DUST_55/CASE_DUST_SMOKE/SURFACE_SEQUENCE_4231/frame_30_WF1_LR_+15.0deg/dust_post.log
225,1c7f0d70723cfb3e13e9685e58fac6ad113149cc4963d0ad2cf339755f24057b,213,69,14484,56,BFF_DUST_55,BFF_DUST_55/CASE_DUST_SMOKE/SURFACE_SEQUENCE_4231/frame_31_WF1_LR_+00.0deg/dust_post.log
225,1c7f0d70723cfb3e13e9685e58fac6ad113149cc4963d0ad2cf339755f24057b,213,69,14484,57,BFF_DUST_55,BFF_DUST_55/CASE_DUST_SMOKE/SURFACE_SEQUENCE_4231/frame_32_WF1_LR_-15.0deg/dust_post.log
225,1c7f0d70723cfb3e13e9685e58fac6ad113149cc4963d0ad2cf339755f24057b,213,69,14484,58,BFF_DUST_55,BFF_DUST_55/CASE_DUST_SMOKE/SURFACE_SEQUENCE_4231/frame_33_WF1_LR_-30.0deg/dust_post.log
225,1c7f0d70723cfb3e13e9685e58fac6ad113149cc4963d0ad2cf339755f24057b,213,69,14484,59,BFF_DUST_55,BFF_DUST_55/CASE_DUST_SMOKE/SURFACE_SEQUENCE_4231/frame_34_WF1_LR_-15.0deg/dust_post.log
225,1c7f0d70723cfb3e13e9685e58fac6ad113149cc4963d0ad2cf339755f24057b,213,69,14484,60,BFF_DUST_55,BFF_DUST_55/CASE_DUST_SMOKE/SURFACE_SEQUENCE_4231/frame_35_WF1_LR_+00.0deg/dust_post.log
225,1c7f0d70723cfb3e13e9685e58fac6ad113149cc4963d0ad2cf339755f24057b,213,69,14484,61,BFF_DUST_55,BFF_DUST_55/CASE_DUST_SMOKE/SURFACE_SEQUENCE_4231/frame_36_BF_LR_+00.0deg/dust_post.log
225,1c7f0d70723cfb3e13e9685e58fac6ad113149cc4963d0ad2cf339755f24057b,213,69,14484,62,BFF_DUST_55,BFF_DUST_55/CASE_DUST_SMOKE/SURFACE_SEQUENCE_4231/frame_37_BF_LR_+15.0deg/dust_post.log
225,1c7f0d70723cfb3e13e9685e58fac6ad113149cc4963d0ad2cf339755f24057b,213,69,14484,63,BFF_DUST_55,BFF_DUST_55/CASE_DUST_SMOKE/SURFACE_SEQUENCE_4231/frame_38_BF_LR_+30.0deg/dust_post.log
225,1c7f0d70723cfb3e13e9685e58fac6ad113149cc4963d0ad2cf339755f24057b,213,69,14484,64,BFF_DUST_55,BFF_DUST_55/CASE_DUST_SMOKE/SURFACE_SEQUENCE_4231/frame_39_BF_LR_+15.0deg/dust_post.log
225,1c7f0d70723cfb3e13e9685e58fac6ad113149cc4963d0ad2cf339755f24057b,213,69,14484,65,BFF_DUST_55,BFF_DUST_55/CASE_DUST_SMOKE/SURFACE_SEQUENCE_4231/frame_40_BF_LR_+00.0deg/dust_post.log
225,1c7f0d70723cfb3e13e9685e58fac6ad113149cc4963d0ad2cf339755f24057b,213,69,14484,66,BFF_DUST_55,BFF_DUST_55/CASE_DUST_SMOKE/SURFACE_SEQUENCE_4231/frame_41_BF_LR_-15.0deg/dust_post.log
225,1c7f0d70723cfb3e13e9685e58fac6ad113149cc4963d0ad2cf339755f24057b,213,69,14484,67,BFF_DUST_55,BFF_DUST_55/CASE_DUST_SMOKE/SURFACE_SEQUENCE_4231/frame_42_BF_LR_-30.0deg/dust_post.log
225,1c7f0d70723cfb3e13e9685e58fac6ad113149cc4963d0ad2cf339755f24057b,213,69,14484,68,BFF_DUST_55,BFF_DUST_55/CASE_DUST_SMOKE/SURFACE_SEQUENCE_4231/frame_43_BF_LR_-15.0deg/dust_post.log
225,1c7f0d70723cfb3e13e9685e58fac6ad113149cc4963d0ad2cf339755f24057b,213,69,14484,69,BFF_DUST_55,BFF_DUST_55/CASE_DUST_SMOKE/SURFACE_SEQUENCE_4231/frame_44_BF_LR_+00.0deg/dust_post.log
226,47d92df2eeaa0b9b99d7a550c13fcc4f7abd5f4e100f8d75ac7a76e0332f1ea0,14313,2,14313,1,TEST,TEST/BBF_DUST_COUPLED/build_dust/CMakeFiles/dustlibF90.dir/mod_pointwise_io.mod.stamp
226,47d92df2eeaa0b9b99d7a550c13fcc4f7abd5f4e100f8d75ac7a76e0332f1ea0,14313,2,14313,2,TEST,TEST/BBF_DUST_COUPLED/build_dust/include/mod_pointwise_io.mod
227,81e682b8dd1c61716560cdcb60720f8fa640e193f5d97ad3ce3cb894e1ed9650,2042,8,14294,1,GRAFICI,GRAFICI/MODAL_COMPARISON_10LB/nastran/BULK/MAD_L108_FUSE_E_R11_003T.dat
227,81e682b8dd1c61716560cdcb60720f8fa640e193f5d97ad3ce3cb894e1ed9650,2042,8,14294,2,NASTRAN,NASTRAN/NASTRAN40/BULK/MAD_L108_FUSE_E_R11_003T.dat
227,81e682b8dd1c61716560cdcb60720f8fa640e193f5d97ad3ce3cb894e1ed9650,2042,8,14294,3,NASTRAN,NASTRAN/NASTRAN_ALTER_OK/BULK/MAD_L108_FUSE_E_R11_003T.dat
227,81e682b8dd1c61716560cdcb60720f8fa640e193f5d97ad3ce3cb894e1ed9650,2042,8,14294,4,NASTRAN,NASTRAN/REALASED_MODEL/BULK/MAD_L108_FUSE_E_R11_003T.dat
227,81e682b8dd1c61716560cdcb60720f8fa640e193f5d97ad3ce3cb894e1ed9650,2042,8,14294,5,NASTRAN_SIMULATIONS,NASTRAN_SIMULATIONS/01_SOL103_60_MODES/BULK/MAD_L108_FUSE_E_R11_003T.dat
227,81e682b8dd1c61716560cdcb60720f8fa640e193f5d97ad3ce3cb894e1ed9650,2042,8,14294,6,NASTRAN_SIMULATIONS,NASTRAN_SIMULATIONS/02_COUPMASS_STUDY/BULK/MAD_L108_FUSE_E_R11_003T.dat
227,81e682b8dd1c61716560cdcb60720f8fa640e193f5d97ad3ce3cb894e1ed9650,2042,8,14294,7,NASTRAN_SIMULATIONS,NASTRAN_SIMULATIONS/03_GRAVITY_5G/nastran/BULK/MAD_L108_FUSE_E_R11_003T.dat
227,81e682b8dd1c61716560cdcb60720f8fa640e193f5d97ad3ce3cb894e1ed9650,2042,8,14294,8,X56_AERO_POLAR,X56_AERO_POLAR/nastran/BULK/MAD_L108_FUSE_E_R11_003T.dat
228,c1f5c1af899445bb8ae4c6ee5f92aac171685c390489d2b2d0b29a8dc8e134bd,14208,2,14208,1,TEST,TEST/BBF_DUST_COUPLED/build_dust/CMakeFiles/dustlibF90.dir/mod_sim_param.mod.stamp
228,c1f5c1af899445bb8ae4c6ee5f92aac171685c390489d2b2d0b29a8dc8e134bd,14208,2,14208,2,TEST,TEST/BBF_DUST_COUPLED/build_dust/include/mod_sim_param.mod
229,fa3c1d53be50d26d46e525f7a21e752931d2b52839d88fe9d2070cfb1da65a70,2024,8,14168,1,GRAFICI,GRAFICI/MODAL_COMPARISON_10LB/nastran/BULK/MAD_L108_BOOM_R11_001.dat
229,fa3c1d53be50d26d46e525f7a21e752931d2b52839d88fe9d2070cfb1da65a70,2024,8,14168,2,NASTRAN,NASTRAN/NASTRAN40/BULK/MAD_L108_BOOM_R11_001.dat
229,fa3c1d53be50d26d46e525f7a21e752931d2b52839d88fe9d2070cfb1da65a70,2024,8,14168,3,NASTRAN,NASTRAN/NASTRAN_ALTER_OK/BULK/MAD_L108_BOOM_R11_001.dat
229,fa3c1d53be50d26d46e525f7a21e752931d2b52839d88fe9d2070cfb1da65a70,2024,8,14168,4,NASTRAN,NASTRAN/REALASED_MODEL/BULK/MAD_L108_BOOM_R11_001.dat
229,fa3c1d53be50d26d46e525f7a21e752931d2b52839d88fe9d2070cfb1da65a70,2024,8,14168,5,NASTRAN_SIMULATIONS,NASTRAN_SIMULATIONS/01_SOL103_60_MODES/BULK/MAD_L108_BOOM_R11_001.dat
229,fa3c1d53be50d26d46e525f7a21e752931d2b52839d88fe9d2070cfb1da65a70,2024,8,14168,6,NASTRAN_SIMULATIONS,NASTRAN_SIMULATIONS/02_COUPMASS_STUDY/BULK/MAD_L108_BOOM_R11_001.dat
229,fa3c1d53be50d26d46e525f7a21e752931d2b52839d88fe9d2070cfb1da65a70,2024,8,14168,7,NASTRAN_SIMULATIONS,NASTRAN_SIMULATIONS/03_GRAVITY_5G/nastran/BULK/MAD_L108_BOOM_R11_001.dat
229,fa3c1d53be50d26d46e525f7a21e752931d2b52839d88fe9d2070cfb1da65a70,2024,8,14168,8,X56_AERO_POLAR,X56_AERO_POLAR/nastran/BULK/MAD_L108_BOOM_R11_001.dat
230,231df14fefed863a5a1163a3705dceac19653d2f3eceab1c681efffaf4a5c5de,13911,2,13911,1,TEST,TEST/BBF_DUST_COUPLED/build_dust/CMakeFiles/dustlibF90.dir/mod_wind.mod.stamp
230,231df14fefed863a5a1163a3705dceac19653d2f3eceab1c681efffaf4a5c5de,13911,2,13911,2,TEST,TEST/BBF_DUST_COUPLED/build_dust/include/mod_wind.mod
231,4898c1f3e20c11df14c27a33cc3d4e9d007ac7467f2cce2f2f650381b29c8da6,13460,2,13460,1,TEST,TEST/BBF_DUST_COUPLED/build_dust/CMakeFiles/dustlibF90.dir/mod_parametric_io.mod.stamp
231,4898c1f3e20c11df14c27a33cc3d4e9d007ac7467f2cce2f2f650381b29c8da6,13460,2,13460,2,TEST,TEST/BBF_DUST_COUPLED/build_dust/include/mod_parametric_io.mod
232,06185dfab62ff121e4e7338d0b19fe7df7d2195a9785a707fa5cc702930d8e55,1913,8,13391,1,GRAFICI,GRAFICI/MODAL_COMPARISON_10LB/nastran/BULK/MAD_L108_WING_WLA_R11_003T.dat
232,06185dfab62ff121e4e7338d0b19fe7df7d2195a9785a707fa5cc702930d8e55,1913,8,13391,2,NASTRAN,NASTRAN/NASTRAN40/BULK/MAD_L108_WING_WLA_R11_003T.dat
232,06185dfab62ff121e4e7338d0b19fe7df7d2195a9785a707fa5cc702930d8e55,1913,8,13391,3,NASTRAN,NASTRAN/NASTRAN_ALTER_OK/BULK/MAD_L108_WING_WLA_R11_003T.dat
232,06185dfab62ff121e4e7338d0b19fe7df7d2195a9785a707fa5cc702930d8e55,1913,8,13391,4,NASTRAN,NASTRAN/REALASED_MODEL/BULK/MAD_L108_WING_WLA_R11_003T.dat
232,06185dfab62ff121e4e7338d0b19fe7df7d2195a9785a707fa5cc702930d8e55,1913,8,13391,5,NASTRAN_SIMULATIONS,NASTRAN_SIMULATIONS/01_SOL103_60_MODES/BULK/MAD_L108_WING_WLA_R11_003T.dat
232,06185dfab62ff121e4e7338d0b19fe7df7d2195a9785a707fa5cc702930d8e55,1913,8,13391,6,NASTRAN_SIMULATIONS,NASTRAN_SIMULATIONS/02_COUPMASS_STUDY/BULK/MAD_L108_WING_WLA_R11_003T.dat
232,06185dfab62ff121e4e7338d0b19fe7df7d2195a9785a707fa5cc702930d8e55,1913,8,13391,7,NASTRAN_SIMULATIONS,NASTRAN_SIMULATIONS/03_GRAVITY_5G/nastran/BULK/MAD_L108_WING_WLA_R11_003T.dat
232,06185dfab62ff121e4e7338d0b19fe7df7d2195a9785a707fa5cc702930d8e55,1913,8,13391,8,X56_AERO_POLAR,X56_AERO_POLAR/nastran/BULK/MAD_L108_WING_WLA_R11_003T.dat
233,f363e95e5b11a07275bd6a5dd53c7d79df1ba3a8930fd9577d7b0ffde6611a35,13327,2,13327,1,TEST,TEST/BBF_DUST_COUPLED/build_dust/CMakeFiles/dustlibF90.dir/mod_hinges.mod.stamp
233,f363e95e5b11a07275bd6a5dd53c7d79df1ba3a8930fd9577d7b0ffde6611a35,13327,2,13327,2,TEST,TEST/BBF_DUST_COUPLED/build_dust/include/mod_hinges.mod
234,25172e60dd92917c921c162fbff393f7497d84d12ba15d56c31e31bf0bb24d79,195,69,13260,1,BFF_DUST_55,BFF_DUST_55/CASE_DUST_SMOKE/AILERON_ANIMATION/frame_00_wf4_+00.0deg/dust_pre.log
234,25172e60dd92917c921c162fbff393f7497d84d12ba15d56c31e31bf0bb24d79,195,69,13260,2,BFF_DUST_55,BFF_DUST_55/CASE_DUST_SMOKE/AILERON_ANIMATION/frame_01_wf4_+02.5deg/dust_pre.log
234,25172e60dd92917c921c162fbff393f7497d84d12ba15d56c31e31bf0bb24d79,195,69,13260,3,BFF_DUST_55,BFF_DUST_55/CASE_DUST_SMOKE/AILERON_ANIMATION/frame_02_wf4_+05.0deg/dust_pre.log
234,25172e60dd92917c921c162fbff393f7497d84d12ba15d56c31e31bf0bb24d79,195,69,13260,4,BFF_DUST_55,BFF_DUST_55/CASE_DUST_SMOKE/AILERON_ANIMATION/frame_03_wf4_+07.5deg/dust_pre.log
234,25172e60dd92917c921c162fbff393f7497d84d12ba15d56c31e31bf0bb24d79,195,69,13260,5,BFF_DUST_55,BFF_DUST_55/CASE_DUST_SMOKE/AILERON_ANIMATION/frame_04_wf4_+10.0deg/dust_pre.log
234,25172e60dd92917c921c162fbff393f7497d84d12ba15d56c31e31bf0bb24d79,195,69,13260,6,BFF_DUST_55,BFF_DUST_55/CASE_DUST_SMOKE/AILERON_ANIMATION/frame_05_wf4_+07.5deg/dust_pre.log
234,25172e60dd92917c921c162fbff393f7497d84d12ba15d56c31e31bf0bb24d79,195,69,13260,7,BFF_DUST_55,BFF_DUST_55/CASE_DUST_SMOKE/AILERON_ANIMATION/frame_06_wf4_+05.0deg/dust_pre.log
234,25172e60dd92917c921c162fbff393f7497d84d12ba15d56c31e31bf0bb24d79,195,69,13260,8,BFF_DUST_55,BFF_DUST_55/CASE_DUST_SMOKE/AILERON_ANIMATION/frame_07_wf4_+02.5deg/dust_pre.log
234,25172e60dd92917c921c162fbff393f7497d84d12ba15d56c31e31bf0bb24d79,195,69,13260,9,BFF_DUST_55,BFF_DUST_55/CASE_DUST_SMOKE/AILERON_ANIMATION/frame_08_wf4_+00.0deg/dust_pre.log
234,25172e60dd92917c921c162fbff393f7497d84d12ba15d56c31e31bf0bb24d79,195,69,13260,10,BFF_DUST_55,BFF_DUST_55/CASE_DUST_SMOKE/AILERON_ANIMATION/frame_09_wf4_-02.5deg/dust_pre.log
234,25172e60dd92917c921c162fbff393f7497d84d12ba15d56c31e31bf0bb24d79,195,69,13260,11,BFF_DUST_55,BFF_DUST_55/CASE_DUST_SMOKE/AILERON_ANIMATION/frame_10_wf4_-05.0deg/dust_pre.log
234,25172e60dd92917c921c162fbff393f7497d84d12ba15d56c31e31bf0bb24d79,195,69,13260,12,BFF_DUST_55,BFF_DUST_55/CASE_DUST_SMOKE/AILERON_ANIMATION/frame_11_wf4_-07.5deg/dust_pre.log
234,25172e60dd92917c921c162fbff393f7497d84d12ba15d56c31e31bf0bb24d79,195,69,13260,13,BFF_DUST_55,BFF_DUST_55/CASE_DUST_SMOKE/AILERON_ANIMATION/frame_12_wf4_-10.0deg/dust_pre.log
234,25172e60dd92917c921c162fbff393f7497d84d12ba15d56c31e31bf0bb24d79,195,69,13260,14,BFF_DUST_55,BFF_DUST_55/CASE_DUST_SMOKE/AILERON_ANIMATION/frame_13_wf4_-07.5deg/dust_pre.log
234,25172e60dd92917c921c162fbff393f7497d84d12ba15d56c31e31bf0bb24d79,195,69,13260,15,BFF_DUST_55,BFF_DUST_55/CASE_DUST_SMOKE/AILERON_ANIMATION/frame_14_wf4_-05.0deg/dust_pre.log
234,25172e60dd92917c921c162fbff393f7497d84d12ba15d56c31e31bf0bb24d79,195,69,13260,16,BFF_DUST_55,BFF_DUST_55/CASE_DUST_SMOKE/AILERON_ANIMATION/frame_15_wf4_-02.5deg/dust_pre.log
234,25172e60dd92917c921c162fbff393f7497d84d12ba15d56c31e31bf0bb24d79,195,69,13260,17,BFF_DUST_55,BFF_DUST_55/CASE_DUST_SMOKE/AILERON_ANIMATION/frame_16_wf4_+00.0deg/dust_pre.log
234,25172e60dd92917c921c162fbff393f7497d84d12ba15d56c31e31bf0bb24d79,195,69,13260,18,BFF_DUST_55,BFF_DUST_55/CASE_DUST_SMOKE/DEFLECTION_CASES/00_neutral/dust_pre.log
234,25172e60dd92917c921c162fbff393f7497d84d12ba15d56c31e31bf0bb24d79,195,69,13260,19,BFF_DUST_55,BFF_DUST_55/CASE_DUST_SMOKE/DEFLECTION_CASES/01_body_flaps_plus10/dust_pre.log
234,25172e60dd92917c921c162fbff393f7497d84d12ba15d56c31e31bf0bb24d79,195,69,13260,20,BFF_DUST_55,BFF_DUST_55/CASE_DUST_SMOKE/DEFLECTION_CASES/02_wf1_minus10/dust_pre.log
234,25172e60dd92917c921c162fbff393f7497d84d12ba15d56c31e31bf0bb24d79,195,69,13260,21,BFF_DUST_55,BFF_DUST_55/CASE_DUST_SMOKE/DEFLECTION_CASES/03_wf2_plus10/dust_pre.log
234,25172e60dd92917c921c162fbff393f7497d84d12ba15d56c31e31bf0bb24d79,195,69,13260,22,BFF_DUST_55,BFF_DUST_55/CASE_DUST_SMOKE/DEFLECTION_CASES/04_wf3_minus10/dust_pre.log
234,25172e60dd92917c921c162fbff393f7497d84d12ba15d56c31e31bf0bb24d79,195,69,13260,23,BFF_DUST_55,BFF_DUST_55/CASE_DUST_SMOKE/DEFLECTION_CASES/05_wf4_plus10/dust_pre.log
234,25172e60dd92917c921c162fbff393f7497d84d12ba15d56c31e31bf0bb24d79,195,69,13260,24,BFF_DUST_55,BFF_DUST_55/CASE_DUST_SMOKE/DEFLECTION_CASES/06_all_original_hinges/dust_pre.log
234,25172e60dd92917c921c162fbff393f7497d84d12ba15d56c31e31bf0bb24d79,195,69,13260,25,BFF_DUST_55,BFF_DUST_55/CASE_DUST_SMOKE/SURFACE_SEQUENCE_4231/frame_00_WF4_LR_+00.0deg/dust_pre.log
234,25172e60dd92917c921c162fbff393f7497d84d12ba15d56c31e31bf0bb24d79,195,69,13260,26,BFF_DUST_55,BFF_DUST_55/CASE_DUST_SMOKE/SURFACE_SEQUENCE_4231/frame_01_WF4_LR_+15.0deg/dust_pre.log
234,25172e60dd92917c921c162fbff393f7497d84d12ba15d56c31e31bf0bb24d79,195,69,13260,27,BFF_DUST_55,BFF_DUST_55/CASE_DUST_SMOKE/SURFACE_SEQUENCE_4231/frame_02_WF4_LR_+30.0deg/dust_pre.log
234,25172e60dd92917c921c162fbff393f7497d84d12ba15d56c31e31bf0bb24d79,195,69,13260,28,BFF_DUST_55,BFF_DUST_55/CASE_DUST_SMOKE/SURFACE_SEQUENCE_4231/frame_03_WF4_LR_+15.0deg/dust_pre.log
234,25172e60dd92917c921c162fbff393f7497d84d12ba15d56c31e31bf0bb24d79,195,69,13260,29,BFF_DUST_55,BFF_DUST_55/CASE_DUST_SMOKE/SURFACE_SEQUENCE_4231/frame_04_WF4_LR_+00.0deg/dust_pre.log
234,25172e60dd92917c921c162fbff393f7497d84d12ba15d56c31e31bf0bb24d79,195,69,13260,30,BFF_DUST_55,BFF_DUST_55/CASE_DUST_SMOKE/SURFACE_SEQUENCE_4231/frame_05_WF4_LR_-15.0deg/dust_pre.log
234,25172e60dd92917c921c162fbff393f7497d84d12ba15d56c31e31bf0bb24d79,195,69,13260,31,BFF_DUST_55,BFF_DUST_55/CASE_DUST_SMOKE/SURFACE_SEQUENCE_4231/frame_06_WF4_LR_-30.0deg/dust_pre.log
234,25172e60dd92917c921c162fbff393f7497d84d12ba15d56c31e31bf0bb24d79,195,69,13260,32,BFF_DUST_55,BFF_DUST_55/CASE_DUST_SMOKE/SURFACE_SEQUENCE_4231/frame_07_WF4_LR_-15.0deg/dust_pre.log
234,25172e60dd92917c921c162fbff393f7497d84d12ba15d56c31e31bf0bb24d79,195,69,13260,33,BFF_DUST_55,BFF_DUST_55/CASE_DUST_SMOKE/SURFACE_SEQUENCE_4231/frame_08_WF4_LR_+00.0deg/dust_pre.log
234,25172e60dd92917c921c162fbff393f7497d84d12ba15d56c31e31bf0bb24d79,195,69,13260,34,BFF_DUST_55,BFF_DUST_55/CASE_DUST_SMOKE/SURFACE_SEQUENCE_4231/frame_09_WF2_LR_+00.0deg/dust_pre.log
234,25172e60dd92917c921c162fbff393f7497d84d12ba15d56c31e31bf0bb24d79,195,69,13260,35,BFF_DUST_55,BFF_DUST_55/CASE_DUST_SMOKE/SURFACE_SEQUENCE_4231/frame_10_WF2_LR_+15.0deg/dust_pre.log
234,25172e60dd92917c921c162fbff393f7497d84d12ba15d56c31e31bf0bb24d79,195,69,13260,36,BFF_DUST_55,BFF_DUST_55/CASE_DUST_SMOKE/SURFACE_SEQUENCE_4231/frame_11_WF2_LR_+30.0deg/dust_pre.log
234,25172e60dd92917c921c162fbff393f7497d84d12ba15d56c31e31bf0bb24d79,195,69,13260,37,BFF_DUST_55,BFF_DUST_55/CASE_DUST_SMOKE/SURFACE_SEQUENCE_4231/frame_12_WF2_LR_+15.0deg/dust_pre.log
234,25172e60dd92917c921c162fbff393f7497d84d12ba15d56c31e31bf0bb24d79,195,69,13260,38,BFF_DUST_55,BFF_DUST_55/CASE_DUST_SMOKE/SURFACE_SEQUENCE_4231/frame_13_WF2_LR_+00.0deg/dust_pre.log
234,25172e60dd92917c921c162fbff393f7497d84d12ba15d56c31e31bf0bb24d79,195,69,13260,39,BFF_DUST_55,BFF_DUST_55/CASE_DUST_SMOKE/SURFACE_SEQUENCE_4231/frame_14_WF2_LR_-15.0deg/dust_pre.log
234,25172e60dd92917c921c162fbff393f7497d84d12ba15d56c31e31bf0bb24d79,195,69,13260,40,BFF_DUST_55,BFF_DUST_55/CASE_DUST_SMOKE/SURFACE_SEQUENCE_4231/frame_15_WF2_LR_-30.0deg/dust_pre.log
234,25172e60dd92917c921c162fbff393f7497d84d12ba15d56c31e31bf0bb24d79,195,69,13260,41,BFF_DUST_55,BFF_DUST_55/CASE_DUST_SMOKE/SURFACE_SEQUENCE_4231/frame_16_WF2_LR_-15.0deg/dust_pre.log
234,25172e60dd92917c921c162fbff393f7497d84d12ba15d56c31e31bf0bb24d79,195,69,13260,42,BFF_DUST_55,BFF_DUST_55/CASE_DUST_SMOKE/SURFACE_SEQUENCE_4231/frame_17_WF2_LR_+00.0deg/dust_pre.log
234,25172e60dd92917c921c162fbff393f7497d84d12ba15d56c31e31bf0bb24d79,195,69,13260,43,BFF_DUST_55,BFF_DUST_55/CASE_DUST_SMOKE/SURFACE_SEQUENCE_4231/frame_18_WF3_LR_+00.0deg/dust_pre.log
234,25172e60dd92917c921c162fbff393f7497d84d12ba15d56c31e31bf0bb24d79,195,69,13260,44,BFF_DUST_55,BFF_DUST_55/CASE_DUST_SMOKE/SURFACE_SEQUENCE_4231/frame_19_WF3_LR_+15.0deg/dust_pre.log
234,25172e60dd92917c921c162fbff393f7497d84d12ba15d56c31e31bf0bb24d79,195,69,13260,45,BFF_DUST_55,BFF_DUST_55/CASE_DUST_SMOKE/SURFACE_SEQUENCE_4231/frame_20_WF3_LR_+30.0deg/dust_pre.log
234,25172e60dd92917c921c162fbff393f7497d84d12ba15d56c31e31bf0bb24d79,195,69,13260,46,BFF_DUST_55,BFF_DUST_55/CASE_DUST_SMOKE/SURFACE_SEQUENCE_4231/frame_21_WF3_LR_+15.0deg/dust_pre.log
234,25172e60dd92917c921c162fbff393f7497d84d12ba15d56c31e31bf0bb24d79,195,69,13260,47,BFF_DUST_55,BFF_DUST_55/CASE_DUST_SMOKE/SURFACE_SEQUENCE_4231/frame_22_WF3_LR_+00.0deg/dust_pre.log
234,25172e60dd92917c921c162fbff393f7497d84d12ba15d56c31e31bf0bb24d79,195,69,13260,48,BFF_DUST_55,BFF_DUST_55/CASE_DUST_SMOKE/SURFACE_SEQUENCE_4231/frame_23_WF3_LR_-15.0deg/dust_pre.log
234,25172e60dd92917c921c162fbff393f7497d84d12ba15d56c31e31bf0bb24d79,195,69,13260,49,BFF_DUST_55,BFF_DUST_55/CASE_DUST_SMOKE/SURFACE_SEQUENCE_4231/frame_24_WF3_LR_-30.0deg/dust_pre.log
234,25172e60dd92917c921c162fbff393f7497d84d12ba15d56c31e31bf0bb24d79,195,69,13260,50,BFF_DUST_55,BFF_DUST_55/CASE_DUST_SMOKE/SURFACE_SEQUENCE_4231/frame_25_WF3_LR_-15.0deg/dust_pre.log
234,25172e60dd92917c921c162fbff393f7497d84d12ba15d56c31e31bf0bb24d79,195,69,13260,51,BFF_DUST_55,BFF_DUST_55/CASE_DUST_SMOKE/SURFACE_SEQUENCE_4231/frame_26_WF3_LR_+00.0deg/dust_pre.log
234,25172e60dd92917c921c162fbff393f7497d84d12ba15d56c31e31bf0bb24d79,195,69,13260,52,BFF_DUST_55,BFF_DUST_55/CASE_DUST_SMOKE/SURFACE_SEQUENCE_4231/frame_27_WF1_LR_+00.0deg/dust_pre.log
234,25172e60dd92917c921c162fbff393f7497d84d12ba15d56c31e31bf0bb24d79,195,69,13260,53,BFF_DUST_55,BFF_DUST_55/CASE_DUST_SMOKE/SURFACE_SEQUENCE_4231/frame_28_WF1_LR_+15.0deg/dust_pre.log
234,25172e60dd92917c921c162fbff393f7497d84d12ba15d56c31e31bf0bb24d79,195,69,13260,54,BFF_DUST_55,BFF_DUST_55/CASE_DUST_SMOKE/SURFACE_SEQUENCE_4231/frame_29_WF1_LR_+30.0deg/dust_pre.log
234,25172e60dd92917c921c162fbff393f7497d84d12ba15d56c31e31bf0bb24d79,195,69,13260,55,BFF_DUST_55,BFF_DUST_55/CASE_DUST_SMOKE/SURFACE_SEQUENCE_4231/frame_30_WF1_LR_+15.0deg/dust_pre.log
234,25172e60dd92917c921c162fbff393f7497d84d12ba15d56c31e31bf0bb24d79,195,69,13260,56,BFF_DUST_55,BFF_DUST_55/CASE_DUST_SMOKE/SURFACE_SEQUENCE_4231/frame_31_WF1_LR_+00.0deg/dust_pre.log
234,25172e60dd92917c921c162fbff393f7497d84d12ba15d56c31e31bf0bb24d79,195,69,13260,57,BFF_DUST_55,BFF_DUST_55/CASE_DUST_SMOKE/SURFACE_SEQUENCE_4231/frame_32_WF1_LR_-15.0deg/dust_pre.log
234,25172e60dd92917c921c162fbff393f7497d84d12ba15d56c31e31bf0bb24d79,195,69,13260,58,BFF_DUST_55,BFF_DUST_55/CASE_DUST_SMOKE/SURFACE_SEQUENCE_4231/frame_33_WF1_LR_-30.0deg/dust_pre.log
234,25172e60dd92917c921c162fbff393f7497d84d12ba15d56c31e31bf0bb24d79,195,69,13260,59,BFF_DUST_55,BFF_DUST_55/CASE_DUST_SMOKE/SURFACE_SEQUENCE_4231/frame_34_WF1_LR_-15.0deg/dust_pre.log
234,25172e60dd92917c921c162fbff393f7497d84d12ba15d56c31e31bf0bb24d79,195,69,13260,60,BFF_DUST_55,BFF_DUST_55/CASE_DUST_SMOKE/SURFACE_SEQUENCE_4231/frame_35_WF1_LR_+00.0deg/dust_pre.log
234,25172e60dd92917c921c162fbff393f7497d84d12ba15d56c31e31bf0bb24d79,195,69,13260,61,BFF_DUST_55,BFF_DUST_55/CASE_DUST_SMOKE/SURFACE_SEQUENCE_4231/frame_36_BF_LR_+00.0deg/dust_pre.log
234,25172e60dd92917c921c162fbff393f7497d84d12ba15d56c31e31bf0bb24d79,195,69,13260,62,BFF_DUST_55,BFF_DUST_55/CASE_DUST_SMOKE/SURFACE_SEQUENCE_4231/frame_37_BF_LR_+15.0deg/dust_pre.log
234,25172e60dd92917c921c162fbff393f7497d84d12ba15d56c31e31bf0bb24d79,195,69,13260,63,BFF_DUST_55,BFF_DUST_55/CASE_DUST_SMOKE/SURFACE_SEQUENCE_4231/frame_38_BF_LR_+30.0deg/dust_pre.log
234,25172e60dd92917c921c162fbff393f7497d84d12ba15d56c31e31bf0bb24d79,195,69,13260,64,BFF_DUST_55,BFF_DUST_55/CASE_DUST_SMOKE/SURFACE_SEQUENCE_4231/frame_39_BF_LR_+15.0deg/dust_pre.log
234,25172e60dd92917c921c162fbff393f7497d84d12ba15d56c31e31bf0bb24d79,195,69,13260,65,BFF_DUST_55,BFF_DUST_55/CASE_DUST_SMOKE/SURFACE_SEQUENCE_4231/frame_40_BF_LR_+00.0deg/dust_pre.log
234,25172e60dd92917c921c162fbff393f7497d84d12ba15d56c31e31bf0bb24d79,195,69,13260,66,BFF_DUST_55,BFF_DUST_55/CASE_DUST_SMOKE/SURFACE_SEQUENCE_4231/frame_41_BF_LR_-15.0deg/dust_pre.log
234,25172e60dd92917c921c162fbff393f7497d84d12ba15d56c31e31bf0bb24d79,195,69,13260,67,BFF_DUST_55,BFF_DUST_55/CASE_DUST_SMOKE/SURFACE_SEQUENCE_4231/frame_42_BF_LR_-30.0deg/dust_pre.log
234,25172e60dd92917c921c162fbff393f7497d84d12ba15d56c31e31bf0bb24d79,195,69,13260,68,BFF_DUST_55,BFF_DUST_55/CASE_DUST_SMOKE/SURFACE_SEQUENCE_4231/frame_43_BF_LR_-15.0deg/dust_pre.log
234,25172e60dd92917c921c162fbff393f7497d84d12ba15d56c31e31bf0bb24d79,195,69,13260,69,BFF_DUST_55,BFF_DUST_55/CASE_DUST_SMOKE/SURFACE_SEQUENCE_4231/frame_44_BF_LR_+00.0deg/dust_pre.log
235,4f31682ac25aecaeea525053ebf97cae17632fc8a645b8437da28ea14fe734bb,2103,7,12618,1,BFF_DUST_55,BFF_DUST_55/CASE_DUST_FLUTTER_EMULATION/INCLUDE/reference.mbd
235,4f31682ac25aecaeea525053ebf97cae17632fc8a645b8437da28ea14fe734bb,2103,7,12618,2,BFF_DUST_55,BFF_DUST_55/CASE_DUST_SMOKE/INCLUDE/reference.mbd
235,4f31682ac25aecaeea525053ebf97cae17632fc8a645b8437da28ea14fe734bb,2103,7,12618,3,BFF_DUST_55,BFF_DUST_55/model/mbdyn/INCLUDE/reference.mbd
235,4f31682ac25aecaeea525053ebf97cae17632fc8a645b8437da28ea14fe734bb,2103,7,12618,4,BFF_open_loop,BFF_open_loop/INCLUDE/reference.mbd
235,4f31682ac25aecaeea525053ebf97cae17632fc8a645b8437da28ea14fe734bb,2103,7,12618,5,bbf_manouver,bbf_manouver/INCLUDE/reference.mbd
235,4f31682ac25aecaeea525053ebf97cae17632fc8a645b8437da28ea14fe734bb,2103,7,12618,6,bff_eigenalaisy,bff_eigenalaisy/INCLUDE/reference.mbd
235,4f31682ac25aecaeea525053ebf97cae17632fc8a645b8437da28ea14fe734bb,2103,7,12618,7,bff_longitudinal,bff_longitudinal/INCLUDE/reference.mbd
236,28f32582273cff63728718208d5f233cfb01fac651974c038873c529bc5d51d0,11827,2,11827,1,GRAFICI,GRAFICI/SOL101/nastran/BULK/MAD_L108_PROP_CS_R11_001.dat
236,28f32582273cff63728718208d5f233cfb01fac651974c038873c529bc5d51d0,11827,2,11827,2,NASTRAN,NASTRAN/SOL101/BULK/MAD_L108_PROP_CS_R11_001.dat
237,bcf3586b73996f18dbb85c9a568d139a19b2d4567594a3160a74fba1d5e922d9,11128,2,11128,1,NASTRAN,NASTRAN/REALASED_MODEL/MAIN/.venv_x56/lib/python3.12/site-packages/colorama/ansitowin32.py
237,bcf3586b73996f18dbb85c9a568d139a19b2d4567594a3160a74fba1d5e922d9,11128,2,11128,2,NASTRAN,NASTRAN/REALASED_MODEL/MAIN/.venv_x56/lib/python3.12/site-packages/pip/_vendor/colorama/ansitowin32.py
238,a8a424aa68a3d5dcdd1886ec69696ec6f6bed846d0faad307a5a920763131324,1560,8,10920,1,GRAFICI,GRAFICI/MODAL_COMPARISON_10LB/nastran/BULK/MAD_L108_WING_FLEX_SPL_R11_001.dat
238,a8a424aa68a3d5dcdd1886ec69696ec6f6bed846d0faad307a5a920763131324,1560,8,10920,2,NASTRAN,NASTRAN/NASTRAN40/BULK/MAD_L108_WING_FLEX_SPL_R11_001.dat
238,a8a424aa68a3d5dcdd1886ec69696ec6f6bed846d0faad307a5a920763131324,1560,8,10920,3,NASTRAN,NASTRAN/NASTRAN_ALTER_OK/BULK/MAD_L108_WING_FLEX_SPL_R11_001.dat
238,a8a424aa68a3d5dcdd1886ec69696ec6f6bed846d0faad307a5a920763131324,1560,8,10920,4,NASTRAN,NASTRAN/REALASED_MODEL/BULK/MAD_L108_WING_FLEX_SPL_R11_001.dat
238,a8a424aa68a3d5dcdd1886ec69696ec6f6bed846d0faad307a5a920763131324,1560,8,10920,5,NASTRAN_SIMULATIONS,NASTRAN_SIMULATIONS/01_SOL103_60_MODES/BULK/MAD_L108_WING_FLEX_SPL_R11_001.dat
238,a8a424aa68a3d5dcdd1886ec69696ec6f6bed846d0faad307a5a920763131324,1560,8,10920,6,NASTRAN_SIMULATIONS,NASTRAN_SIMULATIONS/02_COUPMASS_STUDY/BULK/MAD_L108_WING_FLEX_SPL_R11_001.dat
238,a8a424aa68a3d5dcdd1886ec69696ec6f6bed846d0faad307a5a920763131324,1560,8,10920,7,NASTRAN_SIMULATIONS,NASTRAN_SIMULATIONS/03_GRAVITY_5G/nastran/BULK/MAD_L108_WING_FLEX_SPL_R11_001.dat
238,a8a424aa68a3d5dcdd1886ec69696ec6f6bed846d0faad307a5a920763131324,1560,8,10920,8,X56_AERO_POLAR,X56_AERO_POLAR/nastran/BULK/MAD_L108_WING_FLEX_SPL_R11_001.dat
239,44dec0221309e44a83b186828d5a3ea38bbc2730c3e2e9096e67af58a4bbd2b6,10678,2,10678,1,NASTRAN,NASTRAN/REALASED_MODEL/MAIN/.venv_x56/lib/python3.12/site-packages/colorama/tests/ansitowin32_test.py
239,44dec0221309e44a83b186828d5a3ea38bbc2730c3e2e9096e67af58a4bbd2b6,10678,2,10678,2,NASTRAN,NASTRAN/REALASED_MODEL/MAIN/.venv_x56/lib/python3.12/site-packages/pip/_vendor/colorama/tests/ansitowin32_test.py
240,e4db54f2ef959c8824efa2aa4f9505b67e806d77a9018966a49890f2b44ddd3e,1524,8,10668,1,GRAFICI,GRAFICI/MODAL_COMPARISON_10LB/nastran/BULK/MAD_L108_FUSE_BRSIN_R11_001.dat
240,e4db54f2ef959c8824efa2aa4f9505b67e806d77a9018966a49890f2b44ddd3e,1524,8,10668,2,NASTRAN,NASTRAN/NASTRAN40/BULK/MAD_L108_FUSE_BRSIN_R11_001.dat
240,e4db54f2ef959c8824efa2aa4f9505b67e806d77a9018966a49890f2b44ddd3e,1524,8,10668,3,NASTRAN,NASTRAN/NASTRAN_ALTER_OK/BULK/MAD_L108_FUSE_BRSIN_R11_001.dat
240,e4db54f2ef959c8824efa2aa4f9505b67e806d77a9018966a49890f2b44ddd3e,1524,8,10668,4,NASTRAN,NASTRAN/REALASED_MODEL/BULK/MAD_L108_FUSE_BRSIN_R11_001.dat
240,e4db54f2ef959c8824efa2aa4f9505b67e806d77a9018966a49890f2b44ddd3e,1524,8,10668,5,NASTRAN_SIMULATIONS,NASTRAN_SIMULATIONS/01_SOL103_60_MODES/BULK/MAD_L108_FUSE_BRSIN_R11_001.dat
240,e4db54f2ef959c8824efa2aa4f9505b67e806d77a9018966a49890f2b44ddd3e,1524,8,10668,6,NASTRAN_SIMULATIONS,NASTRAN_SIMULATIONS/02_COUPMASS_STUDY/BULK/MAD_L108_FUSE_BRSIN_R11_001.dat
240,e4db54f2ef959c8824efa2aa4f9505b67e806d77a9018966a49890f2b44ddd3e,1524,8,10668,7,NASTRAN_SIMULATIONS,NASTRAN_SIMULATIONS/03_GRAVITY_5G/nastran/BULK/MAD_L108_FUSE_BRSIN_R11_001.dat
240,e4db54f2ef959c8824efa2aa4f9505b67e806d77a9018966a49890f2b44ddd3e,1524,8,10668,8,X56_AERO_POLAR,X56_AERO_POLAR/nastran/BULK/MAD_L108_FUSE_BRSIN_R11_001.dat
241,57996ac13fabb08a0b92d784c91e0469726708196a444ecf791da77f45cc9c1b,10636,2,10636,1,GRAFICI,GRAFICI/SOL101/nastran/BULK/MAD_L108_MAT_ADD_R11_001.dat
241,57996ac13fabb08a0b92d784c91e0469726708196a444ecf791da77f45cc9c1b,10636,2,10636,2,NASTRAN,NASTRAN/SOL101/BULK/MAD_L108_MAT_ADD_R11_001.dat
242,cffa0543d321684face9262432c06d831d4e21f77ff3731f9e56f09306eaee6b,1513,8,10591,1,GRAFICI,GRAFICI/MODAL_COMPARISON_10LB/nastran/BULK/MAD_L108_FUSE_MOD_L_R11_001.dat
242,cffa0543d321684face9262432c06d831d4e21f77ff3731f9e56f09306eaee6b,1513,8,10591,2,NASTRAN,NASTRAN/NASTRAN40/BULK/MAD_L108_FUSE_MOD_L_R11_001.dat
242,cffa0543d321684face9262432c06d831d4e21f77ff3731f9e56f09306eaee6b,1513,8,10591,3,NASTRAN,NASTRAN/NASTRAN_ALTER_OK/BULK/MAD_L108_FUSE_MOD_L_R11_001.dat
242,cffa0543d321684face9262432c06d831d4e21f77ff3731f9e56f09306eaee6b,1513,8,10591,4,NASTRAN,NASTRAN/REALASED_MODEL/BULK/MAD_L108_FUSE_MOD_L_R11_001.dat
242,cffa0543d321684face9262432c06d831d4e21f77ff3731f9e56f09306eaee6b,1513,8,10591,5,NASTRAN_SIMULATIONS,NASTRAN_SIMULATIONS/01_SOL103_60_MODES/BULK/MAD_L108_FUSE_MOD_L_R11_001.dat
242,cffa0543d321684face9262432c06d831d4e21f77ff3731f9e56f09306eaee6b,1513,8,10591,6,NASTRAN_SIMULATIONS,NASTRAN_SIMULATIONS/02_COUPMASS_STUDY/BULK/MAD_L108_FUSE_MOD_L_R11_001.dat
242,cffa0543d321684face9262432c06d831d4e21f77ff3731f9e56f09306eaee6b,1513,8,10591,7,NASTRAN_SIMULATIONS,NASTRAN_SIMULATIONS/03_GRAVITY_5G/nastran/BULK/MAD_L108_FUSE_MOD_L_R11_001.dat
242,cffa0543d321684face9262432c06d831d4e21f77ff3731f9e56f09306eaee6b,1513,8,10591,8,X56_AERO_POLAR,X56_AERO_POLAR/nastran/BULK/MAD_L108_FUSE_MOD_L_R11_001.dat
243,844a99d04dc8137a6f972e5a2852508f753341a31ef189c7c4ac9fba57b61dd3,4994,3,9988,1,BFF_DUST_55,BFF_DUST_55/CASE_DUST_SMOKE/SURFACE_SEQUENCE_4231/frame_00_WF4_LR_+00.0deg/parametric_mesh.in
243,844a99d04dc8137a6f972e5a2852508f753341a31ef189c7c4ac9fba57b61dd3,4994,3,9988,2,BFF_DUST_55,BFF_DUST_55/CASE_DUST_SMOKE/SURFACE_SEQUENCE_4231/frame_04_WF4_LR_+00.0deg/parametric_mesh.in
243,844a99d04dc8137a6f972e5a2852508f753341a31ef189c7c4ac9fba57b61dd3,4994,3,9988,3,BFF_DUST_55,BFF_DUST_55/CASE_DUST_SMOKE/SURFACE_SEQUENCE_4231/frame_08_WF4_LR_+00.0deg/parametric_mesh.in
244,62c8773954e51deaec569b8b1327f7bbdc9c32560435a61c3a8ebb7cc44f6104,4994,3,9988,1,BFF_DUST_55,BFF_DUST_55/CASE_DUST_SMOKE/SURFACE_SEQUENCE_4231/frame_09_WF2_LR_+00.0deg/parametric_mesh.in
244,62c8773954e51deaec569b8b1327f7bbdc9c32560435a61c3a8ebb7cc44f6104,4994,3,9988,2,BFF_DUST_55,BFF_DUST_55/CASE_DUST_SMOKE/SURFACE_SEQUENCE_4231/frame_13_WF2_LR_+00.0deg/parametric_mesh.in
244,62c8773954e51deaec569b8b1327f7bbdc9c32560435a61c3a8ebb7cc44f6104,4994,3,9988,3,BFF_DUST_55,BFF_DUST_55/CASE_DUST_SMOKE/SURFACE_SEQUENCE_4231/frame_17_WF2_LR_+00.0deg/parametric_mesh.in
245,fe34b8425668cf1998e0a6f5ad414b63a179e8d04215db1d0cfa0cc83dbda6a0,4994,3,9988,1,BFF_DUST_55,BFF_DUST_55/CASE_DUST_SMOKE/SURFACE_SEQUENCE_4231/frame_18_WF3_LR_+00.0deg/parametric_mesh.in
245,fe34b8425668cf1998e0a6f5ad414b63a179e8d04215db1d0cfa0cc83dbda6a0,4994,3,9988,2,BFF_DUST_55,BFF_DUST_55/CASE_DUST_SMOKE/SURFACE_SEQUENCE_4231/frame_22_WF3_LR_+00.0deg/parametric_mesh.in
245,fe34b8425668cf1998e0a6f5ad414b63a179e8d04215db1d0cfa0cc83dbda6a0,4994,3,9988,3,BFF_DUST_55,BFF_DUST_55/CASE_DUST_SMOKE/SURFACE_SEQUENCE_4231/frame_26_WF3_LR_+00.0deg/parametric_mesh.in
246,b923c6cbc74670df48ff7bf5bd0e80073c2c60dcca163763f08de8107093a008,4994,3,9988,1,BFF_DUST_55,BFF_DUST_55/CASE_DUST_SMOKE/SURFACE_SEQUENCE_4231/frame_27_WF1_LR_+00.0deg/parametric_mesh.in
246,b923c6cbc74670df48ff7bf5bd0e80073c2c60dcca163763f08de8107093a008,4994,3,9988,2,BFF_DUST_55,BFF_DUST_55/CASE_DUST_SMOKE/SURFACE_SEQUENCE_4231/frame_31_WF1_LR_+00.0deg/parametric_mesh.in
246,b923c6cbc74670df48ff7bf5bd0e80073c2c60dcca163763f08de8107093a008,4994,3,9988,3,BFF_DUST_55,BFF_DUST_55/CASE_DUST_SMOKE/SURFACE_SEQUENCE_4231/frame_35_WF1_LR_+00.0deg/parametric_mesh.in
247,7091aa3cd991fe789319e05ae6b70705aed2ac1feeae6951b1bd045dd2e15bed,4994,3,9988,1,BFF_DUST_55,BFF_DUST_55/CASE_DUST_SMOKE/SURFACE_SEQUENCE_4231/frame_36_BF_LR_+00.0deg/parametric_mesh.in
247,7091aa3cd991fe789319e05ae6b70705aed2ac1feeae6951b1bd045dd2e15bed,4994,3,9988,2,BFF_DUST_55,BFF_DUST_55/CASE_DUST_SMOKE/SURFACE_SEQUENCE_4231/frame_40_BF_LR_+00.0deg/parametric_mesh.in
247,7091aa3cd991fe789319e05ae6b70705aed2ac1feeae6951b1bd045dd2e15bed,4994,3,9988,3,BFF_DUST_55,BFF_DUST_55/CASE_DUST_SMOKE/SURFACE_SEQUENCE_4231/frame_44_BF_LR_+00.0deg/parametric_mesh.in
248,2e26a8ecf276e70506e3998d9e6e9284d47aa0fc0d3efc41c67c311d37b35f7b,4974,3,9948,1,BFF_DUST_55,BFF_DUST_55/CASE_DUST_SMOKE/AILERON_ANIMATION/frame_00_wf4_+00.0deg/parametric_mesh.in
248,2e26a8ecf276e70506e3998d9e6e9284d47aa0fc0d3efc41c67c311d37b35f7b,4974,3,9948,2,BFF_DUST_55,BFF_DUST_55/CASE_DUST_SMOKE/AILERON_ANIMATION/frame_08_wf4_+00.0deg/parametric_mesh.in
248,2e26a8ecf276e70506e3998d9e6e9284d47aa0fc0d3efc41c67c311d37b35f7b,4974,3,9948,3,BFF_DUST_55,BFF_DUST_55/CASE_DUST_SMOKE/AILERON_ANIMATION/frame_16_wf4_+00.0deg/parametric_mesh.in
249,29c1bda608cc242acb313bd441064ee7794a37a6d8b950fa71d9cc9d49adb5db,9896,2,9896,1,TEST,TEST/BBF_DUST_COUPLED/build_dust/CMakeFiles/dustlibF90.dir/mod_parse.mod.stamp
249,29c1bda608cc242acb313bd441064ee7794a37a6d8b950fa71d9cc9d49adb5db,9896,2,9896,2,TEST,TEST/BBF_DUST_COUPLED/build_dust/include/mod_parse.mod
250,e92d6f0eef859cea808689f2f9ca077a71ec6ef64dab15cff332e1a72d2dd98f,9584,2,9584,1,MBDYN,MBDYN/PID_5deg_35ms/plot_pid_results.py
250,e92d6f0eef859cea808689f2f9ca077a71ec6ef64dab15cff332e1a72d2dd98f,9584,2,9584,2,MBDYN,MBDYN/PID_pitch/plot_pid_results.py
251,606ac983447db9a981002a479f6b25b156e8bf6981dc30cf4b4e2bfba83465b7,2371,5,9484,1,MBDYN,MBDYN/PID/INCLUDE/modaljoint.mbd
251,606ac983447db9a981002a479f6b25b156e8bf6981dc30cf4b4e2bfba83465b7,2371,5,9484,2,MBDYN,MBDYN/PID_5deg_35ms/INCLUDE/modaljoint.mbd
251,606ac983447db9a981002a479f6b25b156e8bf6981dc30cf4b4e2bfba83465b7,2371,5,9484,3,MBDYN,MBDYN/PID_pitch/INCLUDE/modaljoint.mbd
251,606ac983447db9a981002a479f6b25b156e8bf6981dc30cf4b4e2bfba83465b7,2371,5,9484,4,MBDYN,MBDYN/V-g_clamp/INCLUDE/modaljoint.mbd
251,606ac983447db9a981002a479f6b25b156e8bf6981dc30cf4b4e2bfba83465b7,2371,5,9484,5,X56_AERO_POLAR,X56_AERO_POLAR/mbdyn/INCLUDE/modaljoint.mbd
252,91a4efd04b333614311f7314b4a25e748d46d24c4bc69ca2346ca6c02bf5e449,1039,10,9351,1,GRAFICI,GRAFICI/MODAL_COMPARISON_10LB/nastran/BULK/MAD_L108_ASET_A_R11_003.dat
252,91a4efd04b333614311f7314b4a25e748d46d24c4bc69ca2346ca6c02bf5e449,1039,10,9351,2,GRAFICI,GRAFICI/SOL101/nastran/BULK/MAD_L108_ASET_A_R11_003.dat
252,91a4efd04b333614311f7314b4a25e748d46d24c4bc69ca2346ca6c02bf5e449,1039,10,9351,3,NASTRAN,NASTRAN/NASTRAN40/BULK/MAD_L108_ASET_A_R11_003.dat
252,91a4efd04b333614311f7314b4a25e748d46d24c4bc69ca2346ca6c02bf5e449,1039,10,9351,4,NASTRAN,NASTRAN/NASTRAN_ALTER_OK/BULK/MAD_L108_ASET_A_R11_003.dat
252,91a4efd04b333614311f7314b4a25e748d46d24c4bc69ca2346ca6c02bf5e449,1039,10,9351,5,NASTRAN,NASTRAN/REALASED_MODEL/BULK/MAD_L108_ASET_A_R11_003.dat
252,91a4efd04b333614311f7314b4a25e748d46d24c4bc69ca2346ca6c02bf5e449,1039,10,9351,6,NASTRAN,NASTRAN/SOL101/BULK/MAD_L108_ASET_A_R11_003.dat
252,91a4efd04b333614311f7314b4a25e748d46d24c4bc69ca2346ca6c02bf5e449,1039,10,9351,7,NASTRAN_SIMULATIONS,NASTRAN_SIMULATIONS/01_SOL103_60_MODES/BULK/MAD_L108_ASET_A_R11_003.dat
252,91a4efd04b333614311f7314b4a25e748d46d24c4bc69ca2346ca6c02bf5e449,1039,10,9351,8,NASTRAN_SIMULATIONS,NASTRAN_SIMULATIONS/02_COUPMASS_STUDY/BULK/MAD_L108_ASET_A_R11_003.dat
252,91a4efd04b333614311f7314b4a25e748d46d24c4bc69ca2346ca6c02bf5e449,1039,10,9351,9,NASTRAN_SIMULATIONS,NASTRAN_SIMULATIONS/03_GRAVITY_5G/nastran/BULK/MAD_L108_ASET_A_R11_003.dat
252,91a4efd04b333614311f7314b4a25e748d46d24c4bc69ca2346ca6c02bf5e449,1039,10,9351,10,X56_AERO_POLAR,X56_AERO_POLAR/nastran/BULK/MAD_L108_ASET_A_R11_003.dat
253,96f5ec985164e6bfc0fc90b600243c7506e66474606c8c55ffee8d33c2fdb63c,1330,8,9310,1,GRAFICI,GRAFICI/MODAL_COMPARISON_10LB/nastran/BULK/MAD_L108_WINGLET_PROP_R11_002T.dat
253,96f5ec985164e6bfc0fc90b600243c7506e66474606c8c55ffee8d33c2fdb63c,1330,8,9310,2,NASTRAN,NASTRAN/NASTRAN40/BULK/MAD_L108_WINGLET_PROP_R11_002T.dat
253,96f5ec985164e6bfc0fc90b600243c7506e66474606c8c55ffee8d33c2fdb63c,1330,8,9310,3,NASTRAN,NASTRAN/NASTRAN_ALTER_OK/BULK/MAD_L108_WINGLET_PROP_R11_002T.dat
253,96f5ec985164e6bfc0fc90b600243c7506e66474606c8c55ffee8d33c2fdb63c,1330,8,9310,4,NASTRAN,NASTRAN/REALASED_MODEL/BULK/MAD_L108_WINGLET_PROP_R11_002T.dat
253,96f5ec985164e6bfc0fc90b600243c7506e66474606c8c55ffee8d33c2fdb63c,1330,8,9310,5,NASTRAN_SIMULATIONS,NASTRAN_SIMULATIONS/01_SOL103_60_MODES/BULK/MAD_L108_WINGLET_PROP_R11_002T.dat
253,96f5ec985164e6bfc0fc90b600243c7506e66474606c8c55ffee8d33c2fdb63c,1330,8,9310,6,NASTRAN_SIMULATIONS,NASTRAN_SIMULATIONS/02_COUPMASS_STUDY/BULK/MAD_L108_WINGLET_PROP_R11_002T.dat
253,96f5ec985164e6bfc0fc90b600243c7506e66474606c8c55ffee8d33c2fdb63c,1330,8,9310,7,NASTRAN_SIMULATIONS,NASTRAN_SIMULATIONS/03_GRAVITY_5G/nastran/BULK/MAD_L108_WINGLET_PROP_R11_002T.dat
253,96f5ec985164e6bfc0fc90b600243c7506e66474606c8c55ffee8d33c2fdb63c,1330,8,9310,8,X56_AERO_POLAR,X56_AERO_POLAR/nastran/BULK/MAD_L108_WINGLET_PROP_R11_002T.dat
254,ed89dfcc490720a42176d2f5f673f0b622b758da936213444c397eddee6cfb40,9173,2,9173,1,TEST,TEST/BBF_DUST_COUPLED/build_dust/CMakeFiles/dustlibF90.dir/mod_iso_varying_string.mod.stamp
254,ed89dfcc490720a42176d2f5f673f0b622b758da936213444c397eddee6cfb40,9173,2,9173,2,TEST,TEST/BBF_DUST_COUPLED/build_dust/include/mod_iso_varying_string.mod
255,2ce7399cfb98c512210cf83a63a661081644e9cd254dd87d24de7e3ae1d1a4c2,9158,2,9158,1,GRAFICI,GRAFICI/SOL101/nastran/BULK/MAD_L108_GRIDS_LCS1_R11_001.dat
255,2ce7399cfb98c512210cf83a63a661081644e9cd254dd87d24de7e3ae1d1a4c2,9158,2,9158,2,NASTRAN,NASTRAN/SOL101/BULK/MAD_L108_GRIDS_LCS1_R11_001.dat
256,4386a9cc3e8345bfaa2e38031d20e6e8be0ddadc36bb211ee4bc7ba9740eda3b,9158,2,9158,1,GRAFICI,GRAFICI/SOL101/nastran/BULK/MAD_L108_GRIDS_LCS2_R11_001.dat
256,4386a9cc3e8345bfaa2e38031d20e6e8be0ddadc36bb211ee4bc7ba9740eda3b,9158,2,9158,2,NASTRAN,NASTRAN/SOL101/BULK/MAD_L108_GRIDS_LCS2_R11_001.dat
257,0101b64e0873d4d80337528428f7f37ae8c178af347be1365ddc12f965cb6a8c,9158,2,9158,1,GRAFICI,GRAFICI/SOL101/nastran/BULK/MAD_L108_GRIDS_LCS3_R11_001.dat
257,0101b64e0873d4d80337528428f7f37ae8c178af347be1365ddc12f965cb6a8c,9158,2,9158,2,NASTRAN,NASTRAN/SOL101/BULK/MAD_L108_GRIDS_LCS3_R11_001.dat
258,7dea61bea52070a737084b06efa784de47ed6d08d25cb90d6673e2aa4fd004dd,9158,2,9158,1,GRAFICI,GRAFICI/SOL101/nastran/BULK/MAD_L108_GRIDS_LCS4_R11_001.dat
258,7dea61bea52070a737084b06efa784de47ed6d08d25cb90d6673e2aa4fd004dd,9158,2,9158,2,NASTRAN,NASTRAN/SOL101/BULK/MAD_L108_GRIDS_LCS4_R11_001.dat
259,cbd9b9d1584e318dd12a82d1292fd4258a000e35ba65b4a96d0c5160778032c0,9158,2,9158,1,GRAFICI,GRAFICI/SOL101/nastran/BULK/MAD_L108_GRIDS_RCS1_R11_001.dat
259,cbd9b9d1584e318dd12a82d1292fd4258a000e35ba65b4a96d0c5160778032c0,9158,2,9158,2,NASTRAN,NASTRAN/SOL101/BULK/MAD_L108_GRIDS_RCS1_R11_001.dat
260,72565283340b7874415e35155f6abef8bba18f25addaa642803bae46dabd0228,9158,2,9158,1,GRAFICI,GRAFICI/SOL101/nastran/BULK/MAD_L108_GRIDS_RCS2_R11_001.dat
260,72565283340b7874415e35155f6abef8bba18f25addaa642803bae46dabd0228,9158,2,9158,2,NASTRAN,NASTRAN/SOL101/BULK/MAD_L108_GRIDS_RCS2_R11_001.dat
261,7195c6d0350cd4f88a9ce6659fe39b74f454fb121ea9497204e98a8e6127d68c,9158,2,9158,1,GRAFICI,GRAFICI/SOL101/nastran/BULK/MAD_L108_GRIDS_RCS3_R11_001.dat
261,7195c6d0350cd4f88a9ce6659fe39b74f454fb121ea9497204e98a8e6127d68c,9158,2,9158,2,NASTRAN,NASTRAN/SOL101/BULK/MAD_L108_GRIDS_RCS3_R11_001.dat
262,32b2f8c7d631ff5d3db47c36f86424cbe0bd4589a991b9ac44134b8c1d8e05ae,9158,2,9158,1,GRAFICI,GRAFICI/SOL101/nastran/BULK/MAD_L108_GRIDS_RCS4_R11_001.dat
262,32b2f8c7d631ff5d3db47c36f86424cbe0bd4589a991b9ac44134b8c1d8e05ae,9158,2,9158,2,NASTRAN,NASTRAN/SOL101/BULK/MAD_L108_GRIDS_RCS4_R11_001.dat
263,7e82a7e19dd89e295683f2c72a1637be7753772fb70afe6ecb45e7590d4a27fb,4555,3,9110,1,BFF_DUST_55,BFF_DUST_55/CASE_DUST_FLUTTER_EMULATION/INCLUDE/setconst.mbd
263,7e82a7e19dd89e295683f2c72a1637be7753772fb70afe6ecb45e7590d4a27fb,4555,3,9110,2,BFF_DUST_55,BFF_DUST_55/CASE_DUST_SMOKE/INCLUDE/setconst.mbd
263,7e82a7e19dd89e295683f2c72a1637be7753772fb70afe6ecb45e7590d4a27fb,4555,3,9110,3,BFF_DUST_55,BFF_DUST_55/model/mbdyn/INCLUDE/setconst.mbd
264,e276bc83940e8ad2c8825b628d5450a0fa0b9903c98fec2fe6ffbc76bfb00c44,8843,2,8843,1,TEST,TEST/BBF_DUST_COUPLED/build_dust/CMakeFiles/dustlibF90.dir/mod_ll_io.mod.stamp
264,e276bc83940e8ad2c8825b628d5450a0fa0b9903c98fec2fe6ffbc76bfb00c44,8843,2,8843,2,TEST,TEST/BBF_DUST_COUPLED/build_dust/include/mod_ll_io.mod
265,7831597355b4e802c005b93a47dfc745f1bc2be7b2b499910303904dd2850a70,974,10,8766,1,GRAFICI,GRAFICI/MODAL_COMPARISON_10LB/nastran/BULK/MAD_L108_FUEL_R11_LT30_NASA.dat
265,7831597355b4e802c005b93a47dfc745f1bc2be7b2b499910303904dd2850a70,974,10,8766,2,GRAFICI,GRAFICI/SOL101/nastran/BULK/MAD_L108_FUEL_R11_LT30_NASA.dat
265,7831597355b4e802c005b93a47dfc745f1bc2be7b2b499910303904dd2850a70,974,10,8766,3,NASTRAN,NASTRAN/NASTRAN40/BULK/MAD_L108_FUEL_R11_LT30_NASA.dat
265,7831597355b4e802c005b93a47dfc745f1bc2be7b2b499910303904dd2850a70,974,10,8766,4,NASTRAN,NASTRAN/NASTRAN_ALTER_OK/BULK/MAD_L108_FUEL_R11_LT30_NASA.dat
265,7831597355b4e802c005b93a47dfc745f1bc2be7b2b499910303904dd2850a70,974,10,8766,5,NASTRAN,NASTRAN/REALASED_MODEL/BULK/MAD_L108_FUEL_R11_LT30_NASA.dat
265,7831597355b4e802c005b93a47dfc745f1bc2be7b2b499910303904dd2850a70,974,10,8766,6,NASTRAN,NASTRAN/SOL101/BULK/MAD_L108_FUEL_R11_LT30_NASA.dat
265,7831597355b4e802c005b93a47dfc745f1bc2be7b2b499910303904dd2850a70,974,10,8766,7,NASTRAN_SIMULATIONS,NASTRAN_SIMULATIONS/01_SOL103_60_MODES/BULK/MAD_L108_FUEL_R11_LT30_NASA.dat
265,7831597355b4e802c005b93a47dfc745f1bc2be7b2b499910303904dd2850a70,974,10,8766,8,NASTRAN_SIMULATIONS,NASTRAN_SIMULATIONS/02_COUPMASS_STUDY/BULK/MAD_L108_FUEL_R11_LT30_NASA.dat
265,7831597355b4e802c005b93a47dfc745f1bc2be7b2b499910303904dd2850a70,974,10,8766,9,NASTRAN_SIMULATIONS,NASTRAN_SIMULATIONS/03_GRAVITY_5G/nastran/BULK/MAD_L108_FUEL_R11_LT30_NASA.dat
265,7831597355b4e802c005b93a47dfc745f1bc2be7b2b499910303904dd2850a70,974,10,8766,10,X56_AERO_POLAR,X56_AERO_POLAR/nastran/BULK/MAD_L108_FUEL_R11_LT30_NASA.dat
266,0d41c01c82e53b4787a354e0da6d4fbe70975a7a61d7c445e5066ab93110666b,974,10,8766,1,GRAFICI,GRAFICI/MODAL_COMPARISON_10LB/nastran/BULK/MAD_L108_FUEL_R11_LT60_NASA.dat
266,0d41c01c82e53b4787a354e0da6d4fbe70975a7a61d7c445e5066ab93110666b,974,10,8766,2,GRAFICI,GRAFICI/SOL101/nastran/BULK/MAD_L108_FUEL_R11_LT60_NASA.dat
266,0d41c01c82e53b4787a354e0da6d4fbe70975a7a61d7c445e5066ab93110666b,974,10,8766,3,NASTRAN,NASTRAN/NASTRAN40/BULK/MAD_L108_FUEL_R11_LT60_NASA.dat
266,0d41c01c82e53b4787a354e0da6d4fbe70975a7a61d7c445e5066ab93110666b,974,10,8766,4,NASTRAN,NASTRAN/NASTRAN_ALTER_OK/BULK/MAD_L108_FUEL_R11_LT60_NASA.dat
266,0d41c01c82e53b4787a354e0da6d4fbe70975a7a61d7c445e5066ab93110666b,974,10,8766,5,NASTRAN,NASTRAN/REALASED_MODEL/BULK/MAD_L108_FUEL_R11_LT60_NASA.dat
266,0d41c01c82e53b4787a354e0da6d4fbe70975a7a61d7c445e5066ab93110666b,974,10,8766,6,NASTRAN,NASTRAN/SOL101/BULK/MAD_L108_FUEL_R11_LT60_NASA.dat
266,0d41c01c82e53b4787a354e0da6d4fbe70975a7a61d7c445e5066ab93110666b,974,10,8766,7,NASTRAN_SIMULATIONS,NASTRAN_SIMULATIONS/01_SOL103_60_MODES/BULK/MAD_L108_FUEL_R11_LT60_NASA.dat
266,0d41c01c82e53b4787a354e0da6d4fbe70975a7a61d7c445e5066ab93110666b,974,10,8766,8,NASTRAN_SIMULATIONS,NASTRAN_SIMULATIONS/02_COUPMASS_STUDY/BULK/MAD_L108_FUEL_R11_LT60_NASA.dat
266,0d41c01c82e53b4787a354e0da6d4fbe70975a7a61d7c445e5066ab93110666b,974,10,8766,9,NASTRAN_SIMULATIONS,NASTRAN_SIMULATIONS/03_GRAVITY_5G/nastran/BULK/MAD_L108_FUEL_R11_LT60_NASA.dat
266,0d41c01c82e53b4787a354e0da6d4fbe70975a7a61d7c445e5066ab93110666b,974,10,8766,10,X56_AERO_POLAR,X56_AERO_POLAR/nastran/BULK/MAD_L108_FUEL_R11_LT60_NASA.dat
267,f90c87ac44806bff7e2c86b1686cef1b4b62afb70da12a256fea52786975798f,974,10,8766,1,GRAFICI,GRAFICI/MODAL_COMPARISON_10LB/nastran/BULK/MAD_L108_FUEL_R11_RT30_NASA.dat
267,f90c87ac44806bff7e2c86b1686cef1b4b62afb70da12a256fea52786975798f,974,10,8766,2,GRAFICI,GRAFICI/SOL101/nastran/BULK/MAD_L108_FUEL_R11_RT30_NASA.dat
267,f90c87ac44806bff7e2c86b1686cef1b4b62afb70da12a256fea52786975798f,974,10,8766,3,NASTRAN,NASTRAN/NASTRAN40/BULK/MAD_L108_FUEL_R11_RT30_NASA.dat
267,f90c87ac44806bff7e2c86b1686cef1b4b62afb70da12a256fea52786975798f,974,10,8766,4,NASTRAN,NASTRAN/NASTRAN_ALTER_OK/BULK/MAD_L108_FUEL_R11_RT30_NASA.dat
267,f90c87ac44806bff7e2c86b1686cef1b4b62afb70da12a256fea52786975798f,974,10,8766,5,NASTRAN,NASTRAN/REALASED_MODEL/BULK/MAD_L108_FUEL_R11_RT30_NASA.dat
267,f90c87ac44806bff7e2c86b1686cef1b4b62afb70da12a256fea52786975798f,974,10,8766,6,NASTRAN,NASTRAN/SOL101/BULK/MAD_L108_FUEL_R11_RT30_NASA.dat
267,f90c87ac44806bff7e2c86b1686cef1b4b62afb70da12a256fea52786975798f,974,10,8766,7,NASTRAN_SIMULATIONS,NASTRAN_SIMULATIONS/01_SOL103_60_MODES/BULK/MAD_L108_FUEL_R11_RT30_NASA.dat
267,f90c87ac44806bff7e2c86b1686cef1b4b62afb70da12a256fea52786975798f,974,10,8766,8,NASTRAN_SIMULATIONS,NASTRAN_SIMULATIONS/02_COUPMASS_STUDY/BULK/MAD_L108_FUEL_R11_RT30_NASA.dat
267,f90c87ac44806bff7e2c86b1686cef1b4b62afb70da12a256fea52786975798f,974,10,8766,9,NASTRAN_SIMULATIONS,NASTRAN_SIMULATIONS/03_GRAVITY_5G/nastran/BULK/MAD_L108_FUEL_R11_RT30_NASA.dat
267,f90c87ac44806bff7e2c86b1686cef1b4b62afb70da12a256fea52786975798f,974,10,8766,10,X56_AERO_POLAR,X56_AERO_POLAR/nastran/BULK/MAD_L108_FUEL_R11_RT30_NASA.dat
268,e01bd33ca6a115f9b60b28353ef4092ae8134ced3a0acfa111bfc355e52460a0,974,10,8766,1,GRAFICI,GRAFICI/MODAL_COMPARISON_10LB/nastran/BULK/MAD_L108_FUEL_R11_RT60_NASA.dat
268,e01bd33ca6a115f9b60b28353ef4092ae8134ced3a0acfa111bfc355e52460a0,974,10,8766,2,GRAFICI,GRAFICI/SOL101/nastran/BULK/MAD_L108_FUEL_R11_RT60_NASA.dat
268,e01bd33ca6a115f9b60b28353ef4092ae8134ced3a0acfa111bfc355e52460a0,974,10,8766,3,NASTRAN,NASTRAN/NASTRAN40/BULK/MAD_L108_FUEL_R11_RT60_NASA.dat
268,e01bd33ca6a115f9b60b28353ef4092ae8134ced3a0acfa111bfc355e52460a0,974,10,8766,4,NASTRAN,NASTRAN/NASTRAN_ALTER_OK/BULK/MAD_L108_FUEL_R11_RT60_NASA.dat
268,e01bd33ca6a115f9b60b28353ef4092ae8134ced3a0acfa111bfc355e52460a0,974,10,8766,5,NASTRAN,NASTRAN/REALASED_MODEL/BULK/MAD_L108_FUEL_R11_RT60_NASA.dat
268,e01bd33ca6a115f9b60b28353ef4092ae8134ced3a0acfa111bfc355e52460a0,974,10,8766,6,NASTRAN,NASTRAN/SOL101/BULK/MAD_L108_FUEL_R11_RT60_NASA.dat
268,e01bd33ca6a115f9b60b28353ef4092ae8134ced3a0acfa111bfc355e52460a0,974,10,8766,7,NASTRAN_SIMULATIONS,NASTRAN_SIMULATIONS/01_SOL103_60_MODES/BULK/MAD_L108_FUEL_R11_RT60_NASA.dat
268,e01bd33ca6a115f9b60b28353ef4092ae8134ced3a0acfa111bfc355e52460a0,974,10,8766,8,NASTRAN_SIMULATIONS,NASTRAN_SIMULATIONS/02_COUPMASS_STUDY/BULK/MAD_L108_FUEL_R11_RT60_NASA.dat
268,e01bd33ca6a115f9b60b28353ef4092ae8134ced3a0acfa111bfc355e52460a0,974,10,8766,9,NASTRAN_SIMULATIONS,NASTRAN_SIMULATIONS/03_GRAVITY_5G/nastran/BULK/MAD_L108_FUEL_R11_RT60_NASA.dat
268,e01bd33ca6a115f9b60b28353ef4092ae8134ced3a0acfa111bfc355e52460a0,974,10,8766,10,X56_AERO_POLAR,X56_AERO_POLAR/nastran/BULK/MAD_L108_FUEL_R11_RT60_NASA.dat
269,76c1efef63b73f061ce89b9bd52ed7164bde14b9a839afd841990ec91863b298,8619,2,8619,1,GRAFICI,GRAFICI/SOL101/nastran/BULK/MAD_L108_GRIDS_LBF_R11_001.dat
269,76c1efef63b73f061ce89b9bd52ed7164bde14b9a839afd841990ec91863b298,8619,2,8619,2,NASTRAN,NASTRAN/SOL101/BULK/MAD_L108_GRIDS_LBF_R11_001.dat
270,7cf46fe7f9eacb6db150dd440521af76244286ea6fd9b3ba5c66b3679514effe,8619,2,8619,1,GRAFICI,GRAFICI/SOL101/nastran/BULK/MAD_L108_GRIDS_RBF_R11_001.dat
270,7cf46fe7f9eacb6db150dd440521af76244286ea6fd9b3ba5c66b3679514effe,8619,2,8619,2,NASTRAN,NASTRAN/SOL101/BULK/MAD_L108_GRIDS_RBF_R11_001.dat
271,9b3842f6f2021e566330264cc041c65ec579ef0ef6cc2d7d68f051f72ca7b2f6,1204,8,8428,1,GRAFICI,GRAFICI/MODAL_COMPARISON_10LB/nastran/BULK/MAD_L108_WING_CONM2S_R11_004.dat
271,9b3842f6f2021e566330264cc041c65ec579ef0ef6cc2d7d68f051f72ca7b2f6,1204,8,8428,2,NASTRAN,NASTRAN/NASTRAN40/BULK/MAD_L108_WING_CONM2S_R11_004.dat
271,9b3842f6f2021e566330264cc041c65ec579ef0ef6cc2d7d68f051f72ca7b2f6,1204,8,8428,3,NASTRAN,NASTRAN/NASTRAN_ALTER_OK/BULK/MAD_L108_WING_CONM2S_R11_004.dat
271,9b3842f6f2021e566330264cc041c65ec579ef0ef6cc2d7d68f051f72ca7b2f6,1204,8,8428,4,NASTRAN,NASTRAN/REALASED_MODEL/BULK/MAD_L108_WING_CONM2S_R11_004.dat
271,9b3842f6f2021e566330264cc041c65ec579ef0ef6cc2d7d68f051f72ca7b2f6,1204,8,8428,5,NASTRAN_SIMULATIONS,NASTRAN_SIMULATIONS/01_SOL103_60_MODES/BULK/MAD_L108_WING_CONM2S_R11_004.dat
271,9b3842f6f2021e566330264cc041c65ec579ef0ef6cc2d7d68f051f72ca7b2f6,1204,8,8428,6,NASTRAN_SIMULATIONS,NASTRAN_SIMULATIONS/02_COUPMASS_STUDY/BULK/MAD_L108_WING_CONM2S_R11_004.dat
271,9b3842f6f2021e566330264cc041c65ec579ef0ef6cc2d7d68f051f72ca7b2f6,1204,8,8428,7,NASTRAN_SIMULATIONS,NASTRAN_SIMULATIONS/03_GRAVITY_5G/nastran/BULK/MAD_L108_WING_CONM2S_R11_004.dat
271,9b3842f6f2021e566330264cc041c65ec579ef0ef6cc2d7d68f051f72ca7b2f6,1204,8,8428,8,X56_AERO_POLAR,X56_AERO_POLAR/nastran/BULK/MAD_L108_WING_CONM2S_R11_004.dat
272,4dd47252fc4568e5396dbfa9b2016b5bf90d0e52d17df3caf7a796df55fcfebf,1173,8,8211,1,GRAFICI,GRAFICI/MODAL_COMPARISON_10LB/nastran/BULK/MAD_L108_WING_FAIR_R11_002.dat
272,4dd47252fc4568e5396dbfa9b2016b5bf90d0e52d17df3caf7a796df55fcfebf,1173,8,8211,2,NASTRAN,NASTRAN/NASTRAN40/BULK/MAD_L108_WING_FAIR_R11_002.dat
272,4dd47252fc4568e5396dbfa9b2016b5bf90d0e52d17df3caf7a796df55fcfebf,1173,8,8211,3,NASTRAN,NASTRAN/NASTRAN_ALTER_OK/BULK/MAD_L108_WING_FAIR_R11_002.dat
272,4dd47252fc4568e5396dbfa9b2016b5bf90d0e52d17df3caf7a796df55fcfebf,1173,8,8211,4,NASTRAN,NASTRAN/REALASED_MODEL/BULK/MAD_L108_WING_FAIR_R11_002.dat
272,4dd47252fc4568e5396dbfa9b2016b5bf90d0e52d17df3caf7a796df55fcfebf,1173,8,8211,5,NASTRAN_SIMULATIONS,NASTRAN_SIMULATIONS/01_SOL103_60_MODES/BULK/MAD_L108_WING_FAIR_R11_002.dat
272,4dd47252fc4568e5396dbfa9b2016b5bf90d0e52d17df3caf7a796df55fcfebf,1173,8,8211,6,NASTRAN_SIMULATIONS,NASTRAN_SIMULATIONS/02_COUPMASS_STUDY/BULK/MAD_L108_WING_FAIR_R11_002.dat
272,4dd47252fc4568e5396dbfa9b2016b5bf90d0e52d17df3caf7a796df55fcfebf,1173,8,8211,7,NASTRAN_SIMULATIONS,NASTRAN_SIMULATIONS/03_GRAVITY_5G/nastran/BULK/MAD_L108_WING_FAIR_R11_002.dat
272,4dd47252fc4568e5396dbfa9b2016b5bf90d0e52d17df3caf7a796df55fcfebf,1173,8,8211,8,X56_AERO_POLAR,X56_AERO_POLAR/nastran/BULK/MAD_L108_WING_FAIR_R11_002.dat
273,6bb220194c5e213e6957b72a22e3293cd7cde10392f80fa9a581ac666d407126,7544,2,7544,1,bbf_manouver,bbf_manouver/INCLUDE/control_surfaces.mbd
273,6bb220194c5e213e6957b72a22e3293cd7cde10392f80fa9a581ac666d407126,7544,2,7544,2,bff_longitudinal,bff_longitudinal/INCLUDE/control_surfaces.mbd
274,fdc3c74cdfbdbae7b9abdba2c8a262c05a9f26092834ccd779c6d574b4a889a5,7423,2,7423,1,TEST,TEST/BBF_DUST_COUPLED/build_dust/CMakeFiles/dustlibF90.dir/mod_hdf5_io.mod.stamp
274,fdc3c74cdfbdbae7b9abdba2c8a262c05a9f26092834ccd779c6d574b4a889a5,7423,2,7423,2,TEST,TEST/BBF_DUST_COUPLED/build_dust/include/mod_hdf5_io.mod
275,92959a7f6ba38d85a3497ccc040672ff30cbd7ce8f213e5b1064379e508a6043,1045,8,7315,1,GRAFICI,GRAFICI/MODAL_COMPARISON_10LB/nastran/BULK/MAD_L108_NASA_MA_R11_24611.dat
275,92959a7f6ba38d85a3497ccc040672ff30cbd7ce8f213e5b1064379e508a6043,1045,8,7315,2,NASTRAN,NASTRAN/NASTRAN40/BULK/MAD_L108_NASA_MA_R11_24611.dat
275,92959a7f6ba38d85a3497ccc040672ff30cbd7ce8f213e5b1064379e508a6043,1045,8,7315,3,NASTRAN,NASTRAN/NASTRAN_ALTER_OK/BULK/MAD_L108_NASA_MA_R11_24611.dat
275,92959a7f6ba38d85a3497ccc040672ff30cbd7ce8f213e5b1064379e508a6043,1045,8,7315,4,NASTRAN,NASTRAN/REALASED_MODEL/BULK/MAD_L108_NASA_MA_R11_24611.dat
275,92959a7f6ba38d85a3497ccc040672ff30cbd7ce8f213e5b1064379e508a6043,1045,8,7315,5,NASTRAN_SIMULATIONS,NASTRAN_SIMULATIONS/01_SOL103_60_MODES/BULK/MAD_L108_NASA_MA_R11_24611.dat
275,92959a7f6ba38d85a3497ccc040672ff30cbd7ce8f213e5b1064379e508a6043,1045,8,7315,6,NASTRAN_SIMULATIONS,NASTRAN_SIMULATIONS/02_COUPMASS_STUDY/BULK/MAD_L108_NASA_MA_R11_24611.dat
275,92959a7f6ba38d85a3497ccc040672ff30cbd7ce8f213e5b1064379e508a6043,1045,8,7315,7,NASTRAN_SIMULATIONS,NASTRAN_SIMULATIONS/03_GRAVITY_5G/nastran/BULK/MAD_L108_NASA_MA_R11_24611.dat
275,92959a7f6ba38d85a3497ccc040672ff30cbd7ce8f213e5b1064379e508a6043,1045,8,7315,8,X56_AERO_POLAR,X56_AERO_POLAR/nastran/BULK/MAD_L108_NASA_MA_R11_24611.dat
276,5c24050c78cf8ba00760d759c32d2d034d87f89878f09a7e1ef0a378b78ba775,7134,2,7134,1,NASTRAN,NASTRAN/REALASED_MODEL/MAIN/.venv_x56/lib/python3.12/site-packages/colorama/winterm.py
276,5c24050c78cf8ba00760d759c32d2d034d87f89878f09a7e1ef0a378b78ba775,7134,2,7134,2,NASTRAN,NASTRAN/REALASED_MODEL/MAIN/.venv_x56/lib/python3.12/site-packages/pip/_vendor/colorama/winterm.py
277,fc7e269742e50d7343ee787c12b87112dc7234bedae9e0598ed7e46158bc5ed1,6929,2,6929,1,GRAFICI,GRAFICI/SOL101/nastran/BULK/MAD_L108_FUSE_PAN_GRID_R11_001.dat
277,fc7e269742e50d7343ee787c12b87112dc7234bedae9e0598ed7e46158bc5ed1,6929,2,6929,2,NASTRAN,NASTRAN/SOL101/BULK/MAD_L108_FUSE_PAN_GRID_R11_001.dat
278,1355b2435bf9b586522458392503ff2a528dcbed40caed77d8cc178ffe5cb9fc,6846,2,6846,1,TRIM,TRIM/INCLUDE/control_surfaces.mbd
278,1355b2435bf9b586522458392503ff2a528dcbed40caed77d8cc178ffe5cb9fc,6846,2,6846,2,_trim_coupled_stage,_trim_coupled_stage/case/include/control_surfaces.mbd
279,a3816a75bd7789c381c49cc1a2cc04d1a8e3cdf6ee69156d4f26b5966b3414b6,974,8,6818,1,GRAFICI,GRAFICI/MODAL_COMPARISON_10LB/nastran/BULK/MAD_L108_FUEL_R11_LT10_NASA.dat
279,a3816a75bd7789c381c49cc1a2cc04d1a8e3cdf6ee69156d4f26b5966b3414b6,974,8,6818,2,NASTRAN,NASTRAN/NASTRAN40/BULK/MAD_L108_FUEL_R11_LT10_NASA.dat
279,a3816a75bd7789c381c49cc1a2cc04d1a8e3cdf6ee69156d4f26b5966b3414b6,974,8,6818,3,NASTRAN,NASTRAN/NASTRAN_ALTER_OK/BULK/MAD_L108_FUEL_R11_LT10_NASA.dat
279,a3816a75bd7789c381c49cc1a2cc04d1a8e3cdf6ee69156d4f26b5966b3414b6,974,8,6818,4,NASTRAN,NASTRAN/REALASED_MODEL/BULK/MAD_L108_FUEL_R11_LT10_NASA.dat
279,a3816a75bd7789c381c49cc1a2cc04d1a8e3cdf6ee69156d4f26b5966b3414b6,974,8,6818,5,NASTRAN_SIMULATIONS,NASTRAN_SIMULATIONS/01_SOL103_60_MODES/BULK/MAD_L108_FUEL_R11_LT10_NASA.dat
279,a3816a75bd7789c381c49cc1a2cc04d1a8e3cdf6ee69156d4f26b5966b3414b6,974,8,6818,6,NASTRAN_SIMULATIONS,NASTRAN_SIMULATIONS/02_COUPMASS_STUDY/BULK/MAD_L108_FUEL_R11_LT10_NASA.dat
279,a3816a75bd7789c381c49cc1a2cc04d1a8e3cdf6ee69156d4f26b5966b3414b6,974,8,6818,7,NASTRAN_SIMULATIONS,NASTRAN_SIMULATIONS/03_GRAVITY_5G/nastran/BULK/MAD_L108_FUEL_R11_LT10_NASA.dat
279,a3816a75bd7789c381c49cc1a2cc04d1a8e3cdf6ee69156d4f26b5966b3414b6,974,8,6818,8,X56_AERO_POLAR,X56_AERO_POLAR/nastran/BULK/MAD_L108_FUEL_R11_LT10_NASA.dat
280,06549bfa850a06e7a4926b0366833335297b6c30c938120addd9fb24eb4e34ed,974,8,6818,1,GRAFICI,GRAFICI/MODAL_COMPARISON_10LB/nastran/BULK/MAD_L108_FUEL_R11_RT10_NASA.dat
280,06549bfa850a06e7a4926b0366833335297b6c30c938120addd9fb24eb4e34ed,974,8,6818,2,NASTRAN,NASTRAN/NASTRAN40/BULK/MAD_L108_FUEL_R11_RT10_NASA.dat
280,06549bfa850a06e7a4926b0366833335297b6c30c938120addd9fb24eb4e34ed,974,8,6818,3,NASTRAN,NASTRAN/NASTRAN_ALTER_OK/BULK/MAD_L108_FUEL_R11_RT10_NASA.dat
280,06549bfa850a06e7a4926b0366833335297b6c30c938120addd9fb24eb4e34ed,974,8,6818,4,NASTRAN,NASTRAN/REALASED_MODEL/BULK/MAD_L108_FUEL_R11_RT10_NASA.dat
280,06549bfa850a06e7a4926b0366833335297b6c30c938120addd9fb24eb4e34ed,974,8,6818,5,NASTRAN_SIMULATIONS,NASTRAN_SIMULATIONS/01_SOL103_60_MODES/BULK/MAD_L108_FUEL_R11_RT10_NASA.dat
280,06549bfa850a06e7a4926b0366833335297b6c30c938120addd9fb24eb4e34ed,974,8,6818,6,NASTRAN_SIMULATIONS,NASTRAN_SIMULATIONS/02_COUPMASS_STUDY/BULK/MAD_L108_FUEL_R11_RT10_NASA.dat
280,06549bfa850a06e7a4926b0366833335297b6c30c938120addd9fb24eb4e34ed,974,8,6818,7,NASTRAN_SIMULATIONS,NASTRAN_SIMULATIONS/03_GRAVITY_5G/nastran/BULK/MAD_L108_FUEL_R11_RT10_NASA.dat
280,06549bfa850a06e7a4926b0366833335297b6c30c938120addd9fb24eb4e34ed,974,8,6818,8,X56_AERO_POLAR,X56_AERO_POLAR/nastran/BULK/MAD_L108_FUEL_R11_RT10_NASA.dat
281,aa1e658cfe8b6998a5e81fa8f69fec8c819976414227c895414556d514227b6f,2270,4,6810,1,BFF_DUST_55,BFF_DUST_55/CASE_DUST_FLUTTER_EMULATION/mbdyn_interface.py
281,aa1e658cfe8b6998a5e81fa8f69fec8c819976414227c895414556d514227b6f,2270,4,6810,2,BFF_DUST_55,BFF_DUST_55/CASE_DUST_SMOKE/mbdyn_interface.py
281,aa1e658cfe8b6998a5e81fa8f69fec8c819976414227c895414556d514227b6f,2270,4,6810,3,BFF_DUST_55,BFF_DUST_55/adapters/mbdyn_interface.py
281,aa1e658cfe8b6998a5e81fa8f69fec8c819976414227c895414556d514227b6f,2270,4,6810,4,TEST,TEST/BBF_DUST_COUPLED/mbdyn_interface.py
282,05b3f2f977f21f027accaa33b903af36f419cecc7dbdd6ffd1b6179fb86c0537,6741,2,6741,1,NASTRAN,NASTRAN/REALASED_MODEL/MAIN/.venv_x56/lib/python3.12/site-packages/colorama/tests/initialise_test.py
282,05b3f2f977f21f027accaa33b903af36f419cecc7dbdd6ffd1b6179fb86c0537,6741,2,6741,2,NASTRAN,NASTRAN/REALASED_MODEL/MAIN/.venv_x56/lib/python3.12/site-packages/pip/_vendor/colorama/tests/initialise_test.py
283,3e3c9aca365938a4aa53dee2e9cadefc3077bc365f5da3c2898f1ae10aa91fa8,6436,2,6436,1,BFF_DUST_55,BFF_DUST_55/CASE_DUST_FLUTTER_EMULATION/INCLUDE/control_surfaces.mbd
283,3e3c9aca365938a4aa53dee2e9cadefc3077bc365f5da3c2898f1ae10aa91fa8,6436,2,6436,2,BFF_DUST_55,BFF_DUST_55/model/mbdyn/INCLUDE/control_surfaces_smoke.mbd
284,dfb2e7ab6abfaaacae98daa316b640f8adb2ec55bd55082d71bc01d09f0a0a54,3202,3,6404,1,BFF_DUST_55,BFF_DUST_55/CASE_DUST_FLUTTER_EMULATION/INCLUDE/modaljoint.mbd
284,dfb2e7ab6abfaaacae98daa316b640f8adb2ec55bd55082d71bc01d09f0a0a54,3202,3,6404,2,BFF_DUST_55,BFF_DUST_55/CASE_DUST_SMOKE/INCLUDE/modaljoint.mbd
284,dfb2e7ab6abfaaacae98daa316b640f8adb2ec55bd55082d71bc01d09f0a0a54,3202,3,6404,3,BFF_open_loop,BFF_open_loop/INCLUDE/modaljoint.mbd
285,1e2603d3068c8040a5b0efde05433507858069160a327a03fdbfd549954e09d3,6377,2,6377,1,TEST,TEST/BBF_DUST_COUPLED/build_dust/CMakeFiles/dustlibF90.dir/mod_aeroel.mod.stamp
285,1e2603d3068c8040a5b0efde05433507858069160a327a03fdbfd549954e09d3,6377,2,6377,2,TEST,TEST/BBF_DUST_COUPLED/build_dust/include/mod_aeroel.mod
286,8ee0b1ac8ad72270715e8e6ce8c11950383ab7bd88dfc74c871106d1fd0f653e,93,69,6324,1,BFF_DUST_55,BFF_DUST_55/CASE_DUST_SMOKE/AILERON_ANIMATION/frame_00_wf4_+00.0deg/dust_pre.in
286,8ee0b1ac8ad72270715e8e6ce8c11950383ab7bd88dfc74c871106d1fd0f653e,93,69,6324,2,BFF_DUST_55,BFF_DUST_55/CASE_DUST_SMOKE/AILERON_ANIMATION/frame_01_wf4_+02.5deg/dust_pre.in
286,8ee0b1ac8ad72270715e8e6ce8c11950383ab7bd88dfc74c871106d1fd0f653e,93,69,6324,3,BFF_DUST_55,BFF_DUST_55/CASE_DUST_SMOKE/AILERON_ANIMATION/frame_02_wf4_+05.0deg/dust_pre.in
286,8ee0b1ac8ad72270715e8e6ce8c11950383ab7bd88dfc74c871106d1fd0f653e,93,69,6324,4,BFF_DUST_55,BFF_DUST_55/CASE_DUST_SMOKE/AILERON_ANIMATION/frame_03_wf4_+07.5deg/dust_pre.in
286,8ee0b1ac8ad72270715e8e6ce8c11950383ab7bd88dfc74c871106d1fd0f653e,93,69,6324,5,BFF_DUST_55,BFF_DUST_55/CASE_DUST_SMOKE/AILERON_ANIMATION/frame_04_wf4_+10.0deg/dust_pre.in
286,8ee0b1ac8ad72270715e8e6ce8c11950383ab7bd88dfc74c871106d1fd0f653e,93,69,6324,6,BFF_DUST_55,BFF_DUST_55/CASE_DUST_SMOKE/AILERON_ANIMATION/frame_05_wf4_+07.5deg/dust_pre.in
286,8ee0b1ac8ad72270715e8e6ce8c11950383ab7bd88dfc74c871106d1fd0f653e,93,69,6324,7,BFF_DUST_55,BFF_DUST_55/CASE_DUST_SMOKE/AILERON_ANIMATION/frame_06_wf4_+05.0deg/dust_pre.in
286,8ee0b1ac8ad72270715e8e6ce8c11950383ab7bd88dfc74c871106d1fd0f653e,93,69,6324,8,BFF_DUST_55,BFF_DUST_55/CASE_DUST_SMOKE/AILERON_ANIMATION/frame_07_wf4_+02.5deg/dust_pre.in
286,8ee0b1ac8ad72270715e8e6ce8c11950383ab7bd88dfc74c871106d1fd0f653e,93,69,6324,9,BFF_DUST_55,BFF_DUST_55/CASE_DUST_SMOKE/AILERON_ANIMATION/frame_08_wf4_+00.0deg/dust_pre.in
286,8ee0b1ac8ad72270715e8e6ce8c11950383ab7bd88dfc74c871106d1fd0f653e,93,69,6324,10,BFF_DUST_55,BFF_DUST_55/CASE_DUST_SMOKE/AILERON_ANIMATION/frame_09_wf4_-02.5deg/dust_pre.in
286,8ee0b1ac8ad72270715e8e6ce8c11950383ab7bd88dfc74c871106d1fd0f653e,93,69,6324,11,BFF_DUST_55,BFF_DUST_55/CASE_DUST_SMOKE/AILERON_ANIMATION/frame_10_wf4_-05.0deg/dust_pre.in
286,8ee0b1ac8ad72270715e8e6ce8c11950383ab7bd88dfc74c871106d1fd0f653e,93,69,6324,12,BFF_DUST_55,BFF_DUST_55/CASE_DUST_SMOKE/AILERON_ANIMATION/frame_11_wf4_-07.5deg/dust_pre.in
286,8ee0b1ac8ad72270715e8e6ce8c11950383ab7bd88dfc74c871106d1fd0f653e,93,69,6324,13,BFF_DUST_55,BFF_DUST_55/CASE_DUST_SMOKE/AILERON_ANIMATION/frame_12_wf4_-10.0deg/dust_pre.in
286,8ee0b1ac8ad72270715e8e6ce8c11950383ab7bd88dfc74c871106d1fd0f653e,93,69,6324,14,BFF_DUST_55,BFF_DUST_55/CASE_DUST_SMOKE/AILERON_ANIMATION/frame_13_wf4_-07.5deg/dust_pre.in
286,8ee0b1ac8ad72270715e8e6ce8c11950383ab7bd88dfc74c871106d1fd0f653e,93,69,6324,15,BFF_DUST_55,BFF_DUST_55/CASE_DUST_SMOKE/AILERON_ANIMATION/frame_14_wf4_-05.0deg/dust_pre.in
286,8ee0b1ac8ad72270715e8e6ce8c11950383ab7bd88dfc74c871106d1fd0f653e,93,69,6324,16,BFF_DUST_55,BFF_DUST_55/CASE_DUST_SMOKE/AILERON_ANIMATION/frame_15_wf4_-02.5deg/dust_pre.in
286,8ee0b1ac8ad72270715e8e6ce8c11950383ab7bd88dfc74c871106d1fd0f653e,93,69,6324,17,BFF_DUST_55,BFF_DUST_55/CASE_DUST_SMOKE/AILERON_ANIMATION/frame_16_wf4_+00.0deg/dust_pre.in
286,8ee0b1ac8ad72270715e8e6ce8c11950383ab7bd88dfc74c871106d1fd0f653e,93,69,6324,18,BFF_DUST_55,BFF_DUST_55/CASE_DUST_SMOKE/DEFLECTION_CASES/00_neutral/dust_pre.in
286,8ee0b1ac8ad72270715e8e6ce8c11950383ab7bd88dfc74c871106d1fd0f653e,93,69,6324,19,BFF_DUST_55,BFF_DUST_55/CASE_DUST_SMOKE/DEFLECTION_CASES/01_body_flaps_plus10/dust_pre.in
286,8ee0b1ac8ad72270715e8e6ce8c11950383ab7bd88dfc74c871106d1fd0f653e,93,69,6324,20,BFF_DUST_55,BFF_DUST_55/CASE_DUST_SMOKE/DEFLECTION_CASES/02_wf1_minus10/dust_pre.in
286,8ee0b1ac8ad72270715e8e6ce8c11950383ab7bd88dfc74c871106d1fd0f653e,93,69,6324,21,BFF_DUST_55,BFF_DUST_55/CASE_DUST_SMOKE/DEFLECTION_CASES/03_wf2_plus10/dust_pre.in
286,8ee0b1ac8ad72270715e8e6ce8c11950383ab7bd88dfc74c871106d1fd0f653e,93,69,6324,22,BFF_DUST_55,BFF_DUST_55/CASE_DUST_SMOKE/DEFLECTION_CASES/04_wf3_minus10/dust_pre.in
286,8ee0b1ac8ad72270715e8e6ce8c11950383ab7bd88dfc74c871106d1fd0f653e,93,69,6324,23,BFF_DUST_55,BFF_DUST_55/CASE_DUST_SMOKE/DEFLECTION_CASES/05_wf4_plus10/dust_pre.in
286,8ee0b1ac8ad72270715e8e6ce8c11950383ab7bd88dfc74c871106d1fd0f653e,93,69,6324,24,BFF_DUST_55,BFF_DUST_55/CASE_DUST_SMOKE/DEFLECTION_CASES/06_all_original_hinges/dust_pre.in
286,8ee0b1ac8ad72270715e8e6ce8c11950383ab7bd88dfc74c871106d1fd0f653e,93,69,6324,25,BFF_DUST_55,BFF_DUST_55/CASE_DUST_SMOKE/SURFACE_SEQUENCE_4231/frame_00_WF4_LR_+00.0deg/dust_pre.in
286,8ee0b1ac8ad72270715e8e6ce8c11950383ab7bd88dfc74c871106d1fd0f653e,93,69,6324,26,BFF_DUST_55,BFF_DUST_55/CASE_DUST_SMOKE/SURFACE_SEQUENCE_4231/frame_01_WF4_LR_+15.0deg/dust_pre.in
286,8ee0b1ac8ad72270715e8e6ce8c11950383ab7bd88dfc74c871106d1fd0f653e,93,69,6324,27,BFF_DUST_55,BFF_DUST_55/CASE_DUST_SMOKE/SURFACE_SEQUENCE_4231/frame_02_WF4_LR_+30.0deg/dust_pre.in
286,8ee0b1ac8ad72270715e8e6ce8c11950383ab7bd88dfc74c871106d1fd0f653e,93,69,6324,28,BFF_DUST_55,BFF_DUST_55/CASE_DUST_SMOKE/SURFACE_SEQUENCE_4231/frame_03_WF4_LR_+15.0deg/dust_pre.in
286,8ee0b1ac8ad72270715e8e6ce8c11950383ab7bd88dfc74c871106d1fd0f653e,93,69,6324,29,BFF_DUST_55,BFF_DUST_55/CASE_DUST_SMOKE/SURFACE_SEQUENCE_4231/frame_04_WF4_LR_+00.0deg/dust_pre.in
286,8ee0b1ac8ad72270715e8e6ce8c11950383ab7bd88dfc74c871106d1fd0f653e,93,69,6324,30,BFF_DUST_55,BFF_DUST_55/CASE_DUST_SMOKE/SURFACE_SEQUENCE_4231/frame_05_WF4_LR_-15.0deg/dust_pre.in
286,8ee0b1ac8ad72270715e8e6ce8c11950383ab7bd88dfc74c871106d1fd0f653e,93,69,6324,31,BFF_DUST_55,BFF_DUST_55/CASE_DUST_SMOKE/SURFACE_SEQUENCE_4231/frame_06_WF4_LR_-30.0deg/dust_pre.in
286,8ee0b1ac8ad72270715e8e6ce8c11950383ab7bd88dfc74c871106d1fd0f653e,93,69,6324,32,BFF_DUST_55,BFF_DUST_55/CASE_DUST_SMOKE/SURFACE_SEQUENCE_4231/frame_07_WF4_LR_-15.0deg/dust_pre.in
286,8ee0b1ac8ad72270715e8e6ce8c11950383ab7bd88dfc74c871106d1fd0f653e,93,69,6324,33,BFF_DUST_55,BFF_DUST_55/CASE_DUST_SMOKE/SURFACE_SEQUENCE_4231/frame_08_WF4_LR_+00.0deg/dust_pre.in
286,8ee0b1ac8ad72270715e8e6ce8c11950383ab7bd88dfc74c871106d1fd0f653e,93,69,6324,34,BFF_DUST_55,BFF_DUST_55/CASE_DUST_SMOKE/SURFACE_SEQUENCE_4231/frame_09_WF2_LR_+00.0deg/dust_pre.in
286,8ee0b1ac8ad72270715e8e6ce8c11950383ab7bd88dfc74c871106d1fd0f653e,93,69,6324,35,BFF_DUST_55,BFF_DUST_55/CASE_DUST_SMOKE/SURFACE_SEQUENCE_4231/frame_10_WF2_LR_+15.0deg/dust_pre.in
286,8ee0b1ac8ad72270715e8e6ce8c11950383ab7bd88dfc74c871106d1fd0f653e,93,69,6324,36,BFF_DUST_55,BFF_DUST_55/CASE_DUST_SMOKE/SURFACE_SEQUENCE_4231/frame_11_WF2_LR_+30.0deg/dust_pre.in
286,8ee0b1ac8ad72270715e8e6ce8c11950383ab7bd88dfc74c871106d1fd0f653e,93,69,6324,37,BFF_DUST_55,BFF_DUST_55/CASE_DUST_SMOKE/SURFACE_SEQUENCE_4231/frame_12_WF2_LR_+15.0deg/dust_pre.in
286,8ee0b1ac8ad72270715e8e6ce8c11950383ab7bd88dfc74c871106d1fd0f653e,93,69,6324,38,BFF_DUST_55,BFF_DUST_55/CASE_DUST_SMOKE/SURFACE_SEQUENCE_4231/frame_13_WF2_LR_+00.0deg/dust_pre.in
286,8ee0b1ac8ad72270715e8e6ce8c11950383ab7bd88dfc74c871106d1fd0f653e,93,69,6324,39,BFF_DUST_55,BFF_DUST_55/CASE_DUST_SMOKE/SURFACE_SEQUENCE_4231/frame_14_WF2_LR_-15.0deg/dust_pre.in
286,8ee0b1ac8ad72270715e8e6ce8c11950383ab7bd88dfc74c871106d1fd0f653e,93,69,6324,40,BFF_DUST_55,BFF_DUST_55/CASE_DUST_SMOKE/SURFACE_SEQUENCE_4231/frame_15_WF2_LR_-30.0deg/dust_pre.in
286,8ee0b1ac8ad72270715e8e6ce8c11950383ab7bd88dfc74c871106d1fd0f653e,93,69,6324,41,BFF_DUST_55,BFF_DUST_55/CASE_DUST_SMOKE/SURFACE_SEQUENCE_4231/frame_16_WF2_LR_-15.0deg/dust_pre.in
286,8ee0b1ac8ad72270715e8e6ce8c11950383ab7bd88dfc74c871106d1fd0f653e,93,69,6324,42,BFF_DUST_55,BFF_DUST_55/CASE_DUST_SMOKE/SURFACE_SEQUENCE_4231/frame_17_WF2_LR_+00.0deg/dust_pre.in
286,8ee0b1ac8ad72270715e8e6ce8c11950383ab7bd88dfc74c871106d1fd0f653e,93,69,6324,43,BFF_DUST_55,BFF_DUST_55/CASE_DUST_SMOKE/SURFACE_SEQUENCE_4231/frame_18_WF3_LR_+00.0deg/dust_pre.in
286,8ee0b1ac8ad72270715e8e6ce8c11950383ab7bd88dfc74c871106d1fd0f653e,93,69,6324,44,BFF_DUST_55,BFF_DUST_55/CASE_DUST_SMOKE/SURFACE_SEQUENCE_4231/frame_19_WF3_LR_+15.0deg/dust_pre.in
286,8ee0b1ac8ad72270715e8e6ce8c11950383ab7bd88dfc74c871106d1fd0f653e,93,69,6324,45,BFF_DUST_55,BFF_DUST_55/CASE_DUST_SMOKE/SURFACE_SEQUENCE_4231/frame_20_WF3_LR_+30.0deg/dust_pre.in
286,8ee0b1ac8ad72270715e8e6ce8c11950383ab7bd88dfc74c871106d1fd0f653e,93,69,6324,46,BFF_DUST_55,BFF_DUST_55/CASE_DUST_SMOKE/SURFACE_SEQUENCE_4231/frame_21_WF3_LR_+15.0deg/dust_pre.in
286,8ee0b1ac8ad72270715e8e6ce8c11950383ab7bd88dfc74c871106d1fd0f653e,93,69,6324,47,BFF_DUST_55,BFF_DUST_55/CASE_DUST_SMOKE/SURFACE_SEQUENCE_4231/frame_22_WF3_LR_+00.0deg/dust_pre.in
286,8ee0b1ac8ad72270715e8e6ce8c11950383ab7bd88dfc74c871106d1fd0f653e,93,69,6324,48,BFF_DUST_55,BFF_DUST_55/CASE_DUST_SMOKE/SURFACE_SEQUENCE_4231/frame_23_WF3_LR_-15.0deg/dust_pre.in
286,8ee0b1ac8ad72270715e8e6ce8c11950383ab7bd88dfc74c871106d1fd0f653e,93,69,6324,49,BFF_DUST_55,BFF_DUST_55/CASE_DUST_SMOKE/SURFACE_SEQUENCE_4231/frame_24_WF3_LR_-30.0deg/dust_pre.in
286,8ee0b1ac8ad72270715e8e6ce8c11950383ab7bd88dfc74c871106d1fd0f653e,93,69,6324,50,BFF_DUST_55,BFF_DUST_55/CASE_DUST_SMOKE/SURFACE_SEQUENCE_4231/frame_25_WF3_LR_-15.0deg/dust_pre.in
286,8ee0b1ac8ad72270715e8e6ce8c11950383ab7bd88dfc74c871106d1fd0f653e,93,69,6324,51,BFF_DUST_55,BFF_DUST_55/CASE_DUST_SMOKE/SURFACE_SEQUENCE_4231/frame_26_WF3_LR_+00.0deg/dust_pre.in
286,8ee0b1ac8ad72270715e8e6ce8c11950383ab7bd88dfc74c871106d1fd0f653e,93,69,6324,52,BFF_DUST_55,BFF_DUST_55/CASE_DUST_SMOKE/SURFACE_SEQUENCE_4231/frame_27_WF1_LR_+00.0deg/dust_pre.in
286,8ee0b1ac8ad72270715e8e6ce8c11950383ab7bd88dfc74c871106d1fd0f653e,93,69,6324,53,BFF_DUST_55,BFF_DUST_55/CASE_DUST_SMOKE/SURFACE_SEQUENCE_4231/frame_28_WF1_LR_+15.0deg/dust_pre.in
286,8ee0b1ac8ad72270715e8e6ce8c11950383ab7bd88dfc74c871106d1fd0f653e,93,69,6324,54,BFF_DUST_55,BFF_DUST_55/CASE_DUST_SMOKE/SURFACE_SEQUENCE_4231/frame_29_WF1_LR_+30.0deg/dust_pre.in
286,8ee0b1ac8ad72270715e8e6ce8c11950383ab7bd88dfc74c871106d1fd0f653e,93,69,6324,55,BFF_DUST_55,BFF_DUST_55/CASE_DUST_SMOKE/SURFACE_SEQUENCE_4231/frame_30_WF1_LR_+15.0deg/dust_pre.in
286,8ee0b1ac8ad72270715e8e6ce8c11950383ab7bd88dfc74c871106d1fd0f653e,93,69,6324,56,BFF_DUST_55,BFF_DUST_55/CASE_DUST_SMOKE/SURFACE_SEQUENCE_4231/frame_31_WF1_LR_+00.0deg/dust_pre.in
286,8ee0b1ac8ad72270715e8e6ce8c11950383ab7bd88dfc74c871106d1fd0f653e,93,69,6324,57,BFF_DUST_55,BFF_DUST_55/CASE_DUST_SMOKE/SURFACE_SEQUENCE_4231/frame_32_WF1_LR_-15.0deg/dust_pre.in
286,8ee0b1ac8ad72270715e8e6ce8c11950383ab7bd88dfc74c871106d1fd0f653e,93,69,6324,58,BFF_DUST_55,BFF_DUST_55/CASE_DUST_SMOKE/SURFACE_SEQUENCE_4231/frame_33_WF1_LR_-30.0deg/dust_pre.in
286,8ee0b1ac8ad72270715e8e6ce8c11950383ab7bd88dfc74c871106d1fd0f653e,93,69,6324,59,BFF_DUST_55,BFF_DUST_55/CASE_DUST_SMOKE/SURFACE_SEQUENCE_4231/frame_34_WF1_LR_-15.0deg/dust_pre.in
286,8ee0b1ac8ad72270715e8e6ce8c11950383ab7bd88dfc74c871106d1fd0f653e,93,69,6324,60,BFF_DUST_55,BFF_DUST_55/CASE_DUST_SMOKE/SURFACE_SEQUENCE_4231/frame_35_WF1_LR_+00.0deg/dust_pre.in
286,8ee0b1ac8ad72270715e8e6ce8c11950383ab7bd88dfc74c871106d1fd0f653e,93,69,6324,61,BFF_DUST_55,BFF_DUST_55/CASE_DUST_SMOKE/SURFACE_SEQUENCE_4231/frame_36_BF_LR_+00.0deg/dust_pre.in
286,8ee0b1ac8ad72270715e8e6ce8c11950383ab7bd88dfc74c871106d1fd0f653e,93,69,6324,62,BFF_DUST_55,BFF_DUST_55/CASE_DUST_SMOKE/SURFACE_SEQUENCE_4231/frame_37_BF_LR_+15.0deg/dust_pre.in
286,8ee0b1ac8ad72270715e8e6ce8c11950383ab7bd88dfc74c871106d1fd0f653e,93,69,6324,63,BFF_DUST_55,BFF_DUST_55/CASE_DUST_SMOKE/SURFACE_SEQUENCE_4231/frame_38_BF_LR_+30.0deg/dust_pre.in
286,8ee0b1ac8ad72270715e8e6ce8c11950383ab7bd88dfc74c871106d1fd0f653e,93,69,6324,64,BFF_DUST_55,BFF_DUST_55/CASE_DUST_SMOKE/SURFACE_SEQUENCE_4231/frame_39_BF_LR_+15.0deg/dust_pre.in
286,8ee0b1ac8ad72270715e8e6ce8c11950383ab7bd88dfc74c871106d1fd0f653e,93,69,6324,65,BFF_DUST_55,BFF_DUST_55/CASE_DUST_SMOKE/SURFACE_SEQUENCE_4231/frame_40_BF_LR_+00.0deg/dust_pre.in
286,8ee0b1ac8ad72270715e8e6ce8c11950383ab7bd88dfc74c871106d1fd0f653e,93,69,6324,66,BFF_DUST_55,BFF_DUST_55/CASE_DUST_SMOKE/SURFACE_SEQUENCE_4231/frame_41_BF_LR_-15.0deg/dust_pre.in
286,8ee0b1ac8ad72270715e8e6ce8c11950383ab7bd88dfc74c871106d1fd0f653e,93,69,6324,67,BFF_DUST_55,BFF_DUST_55/CASE_DUST_SMOKE/SURFACE_SEQUENCE_4231/frame_42_BF_LR_-30.0deg/dust_pre.in
286,8ee0b1ac8ad72270715e8e6ce8c11950383ab7bd88dfc74c871106d1fd0f653e,93,69,6324,68,BFF_DUST_55,BFF_DUST_55/CASE_DUST_SMOKE/SURFACE_SEQUENCE_4231/frame_43_BF_LR_-15.0deg/dust_pre.in
286,8ee0b1ac8ad72270715e8e6ce8c11950383ab7bd88dfc74c871106d1fd0f653e,93,69,6324,69,BFF_DUST_55,BFF_DUST_55/CASE_DUST_SMOKE/SURFACE_SEQUENCE_4231/frame_44_BF_LR_+00.0deg/dust_pre.in
287,61038ac0c4f0b4605bb18e1d2f91d84efc1378ff70210adae4cbcf35d769c59b,6181,2,6181,1,NASTRAN,NASTRAN/REALASED_MODEL/MAIN/.venv_x56/lib/python3.12/site-packages/colorama/win32.py
287,61038ac0c4f0b4605bb18e1d2f91d84efc1378ff70210adae4cbcf35d769c59b,6181,2,6181,2,NASTRAN,NASTRAN/REALASED_MODEL/MAIN/.venv_x56/lib/python3.12/site-packages/pip/_vendor/colorama/win32.py
288,6fce5b6c287ec0b29c8ff3bcf4019b666b3fcb11110ffe9001b5f25691f52870,6031,2,6031,1,BFF_DUST_55,BFF_DUST_55/CASE_DUST_FLUTTER_EMULATION/dust/parametric_mesh.in
288,6fce5b6c287ec0b29c8ff3bcf4019b666b3fcb11110ffe9001b5f25691f52870,6031,2,6031,2,BFF_DUST_55,BFF_DUST_55/CASE_DUST_SMOKE/dust/parametric_mesh.in
289,a20fba772bd1d623d45f4d6e147fbf536c792a8a0e3302fd12e34d448efaf34c,5987,2,5987,1,NASTRAN,NASTRAN/REALASED_MODEL/MAIN/.venv_x56/lib/python3.12/site-packages/pyNastran/gui/icons/logo.png
289,a20fba772bd1d623d45f4d6e147fbf536c792a8a0e3302fd12e34d448efaf34c,5987,2,5987,2,NASTRAN,NASTRAN/REALASED_MODEL/MAIN/.venv_x56/lib/python3.12/site-packages/pyNastran/utils/test/logo.png
290,d8f4d3a58f74d55c57442e528b7063601c9be3292e7e61e149030f966c31367c,1972,4,5916,1,TEST,TEST/BBF_AUTO_TRIM/INCLUDE/reference.mbd
290,d8f4d3a58f74d55c57442e528b7063601c9be3292e7e61e149030f966c31367c,1972,4,5916,2,TEST,TEST/bbf/INCLUDE/reference.mbd
290,d8f4d3a58f74d55c57442e528b7063601c9be3292e7e61e149030f966c31367c,1972,4,5916,3,TRIM,TRIM/INCLUDE/reference.mbd
290,d8f4d3a58f74d55c57442e528b7063601c9be3292e7e61e149030f966c31367c,1972,4,5916,4,_trim_coupled_stage,_trim_coupled_stage/case/include/reference.mbd
291,dcf2950923de3d8efd55df12b39cfc802a9879118935758108589f9f5c9a59e8,5781,2,5781,1,GRAFICI,GRAFICI/SOL101/nastran/BULK/MAD_L108_MAT_R11_004T.dat
291,dcf2950923de3d8efd55df12b39cfc802a9879118935758108589f9f5c9a59e8,5781,2,5781,2,NASTRAN,NASTRAN/SOL101/BULK/MAD_L108_MAT_R11_004T.dat
292,c3c68c02937891f96e99774c97e6c66d028ef4656936de35730363798b0d98cb,824,8,5768,1,GRAFICI,GRAFICI/MODAL_COMPARISON_10LB/nastran/BULK/MAD_L108_WAB_R11_001.dat
292,c3c68c02937891f96e99774c97e6c66d028ef4656936de35730363798b0d98cb,824,8,5768,2,NASTRAN,NASTRAN/NASTRAN40/BULK/MAD_L108_WAB_R11_001.dat
292,c3c68c02937891f96e99774c97e6c66d028ef4656936de35730363798b0d98cb,824,8,5768,3,NASTRAN,NASTRAN/NASTRAN_ALTER_OK/BULK/MAD_L108_WAB_R11_001.dat
292,c3c68c02937891f96e99774c97e6c66d028ef4656936de35730363798b0d98cb,824,8,5768,4,NASTRAN,NASTRAN/REALASED_MODEL/BULK/MAD_L108_WAB_R11_001.dat
292,c3c68c02937891f96e99774c97e6c66d028ef4656936de35730363798b0d98cb,824,8,5768,5,NASTRAN_SIMULATIONS,NASTRAN_SIMULATIONS/01_SOL103_60_MODES/BULK/MAD_L108_WAB_R11_001.dat
292,c3c68c02937891f96e99774c97e6c66d028ef4656936de35730363798b0d98cb,824,8,5768,6,NASTRAN_SIMULATIONS,NASTRAN_SIMULATIONS/02_COUPMASS_STUDY/BULK/MAD_L108_WAB_R11_001.dat
292,c3c68c02937891f96e99774c97e6c66d028ef4656936de35730363798b0d98cb,824,8,5768,7,NASTRAN_SIMULATIONS,NASTRAN_SIMULATIONS/03_GRAVITY_5G/nastran/BULK/MAD_L108_WAB_R11_001.dat
292,c3c68c02937891f96e99774c97e6c66d028ef4656936de35730363798b0d98cb,824,8,5768,8,X56_AERO_POLAR,X56_AERO_POLAR/nastran/BULK/MAD_L108_WAB_R11_001.dat
293,6c774c762eb5f0eb76d706755cb83f12353baa7851a49b621a06f90175aa9dbc,822,8,5754,1,GRAFICI,GRAFICI/MODAL_COMPARISON_10LB/nastran/BULK/MAD_L108_FUEL_F_R11_LT_001.dat
293,6c774c762eb5f0eb76d706755cb83f12353baa7851a49b621a06f90175aa9dbc,822,8,5754,2,NASTRAN,NASTRAN/NASTRAN40/BULK/MAD_L108_FUEL_F_R11_LT_001.dat
293,6c774c762eb5f0eb76d706755cb83f12353baa7851a49b621a06f90175aa9dbc,822,8,5754,3,NASTRAN,NASTRAN/NASTRAN_ALTER_OK/BULK/MAD_L108_FUEL_F_R11_LT_001.dat
293,6c774c762eb5f0eb76d706755cb83f12353baa7851a49b621a06f90175aa9dbc,822,8,5754,4,NASTRAN,NASTRAN/REALASED_MODEL/BULK/MAD_L108_FUEL_F_R11_LT_001.dat
293,6c774c762eb5f0eb76d706755cb83f12353baa7851a49b621a06f90175aa9dbc,822,8,5754,5,NASTRAN_SIMULATIONS,NASTRAN_SIMULATIONS/01_SOL103_60_MODES/BULK/MAD_L108_FUEL_F_R11_LT_001.dat
293,6c774c762eb5f0eb76d706755cb83f12353baa7851a49b621a06f90175aa9dbc,822,8,5754,6,NASTRAN_SIMULATIONS,NASTRAN_SIMULATIONS/02_COUPMASS_STUDY/BULK/MAD_L108_FUEL_F_R11_LT_001.dat
293,6c774c762eb5f0eb76d706755cb83f12353baa7851a49b621a06f90175aa9dbc,822,8,5754,7,NASTRAN_SIMULATIONS,NASTRAN_SIMULATIONS/03_GRAVITY_5G/nastran/BULK/MAD_L108_FUEL_F_R11_LT_001.dat
293,6c774c762eb5f0eb76d706755cb83f12353baa7851a49b621a06f90175aa9dbc,822,8,5754,8,X56_AERO_POLAR,X56_AERO_POLAR/nastran/BULK/MAD_L108_FUEL_F_R11_LT_001.dat
294,09d16c0f84970ddcc47ac2c10d2b848ab9b3d3fc28b3c4566b748cea8c7488aa,822,8,5754,1,GRAFICI,GRAFICI/MODAL_COMPARISON_10LB/nastran/BULK/MAD_L108_FUEL_F_R11_RT_001.dat
294,09d16c0f84970ddcc47ac2c10d2b848ab9b3d3fc28b3c4566b748cea8c7488aa,822,8,5754,2,NASTRAN,NASTRAN/NASTRAN40/BULK/MAD_L108_FUEL_F_R11_RT_001.dat
294,09d16c0f84970ddcc47ac2c10d2b848ab9b3d3fc28b3c4566b748cea8c7488aa,822,8,5754,3,NASTRAN,NASTRAN/NASTRAN_ALTER_OK/BULK/MAD_L108_FUEL_F_R11_RT_001.dat
294,09d16c0f84970ddcc47ac2c10d2b848ab9b3d3fc28b3c4566b748cea8c7488aa,822,8,5754,4,NASTRAN,NASTRAN/REALASED_MODEL/BULK/MAD_L108_FUEL_F_R11_RT_001.dat
294,09d16c0f84970ddcc47ac2c10d2b848ab9b3d3fc28b3c4566b748cea8c7488aa,822,8,5754,5,NASTRAN_SIMULATIONS,NASTRAN_SIMULATIONS/01_SOL103_60_MODES/BULK/MAD_L108_FUEL_F_R11_RT_001.dat
294,09d16c0f84970ddcc47ac2c10d2b848ab9b3d3fc28b3c4566b748cea8c7488aa,822,8,5754,6,NASTRAN_SIMULATIONS,NASTRAN_SIMULATIONS/02_COUPMASS_STUDY/BULK/MAD_L108_FUEL_F_R11_RT_001.dat
294,09d16c0f84970ddcc47ac2c10d2b848ab9b3d3fc28b3c4566b748cea8c7488aa,822,8,5754,7,NASTRAN_SIMULATIONS,NASTRAN_SIMULATIONS/03_GRAVITY_5G/nastran/BULK/MAD_L108_FUEL_F_R11_RT_001.dat
294,09d16c0f84970ddcc47ac2c10d2b848ab9b3d3fc28b3c4566b748cea8c7488aa,822,8,5754,8,X56_AERO_POLAR,X56_AERO_POLAR/nastran/BULK/MAD_L108_FUEL_F_R11_RT_001.dat
295,03b9cec0a7635d770e6964135e2c2c6179c240e257fcbeb1c5aca08ace37047d,821,8,5747,1,GRAFICI,GRAFICI/MODAL_COMPARISON_10LB/nastran/BULK/MAD_L108_SG_FLEX_R11_001.dat
295,03b9cec0a7635d770e6964135e2c2c6179c240e257fcbeb1c5aca08ace37047d,821,8,5747,2,NASTRAN,NASTRAN/NASTRAN40/BULK/MAD_L108_SG_FLEX_R11_001.dat
295,03b9cec0a7635d770e6964135e2c2c6179c240e257fcbeb1c5aca08ace37047d,821,8,5747,3,NASTRAN,NASTRAN/NASTRAN_ALTER_OK/BULK/MAD_L108_SG_FLEX_R11_001.dat
295,03b9cec0a7635d770e6964135e2c2c6179c240e257fcbeb1c5aca08ace37047d,821,8,5747,4,NASTRAN,NASTRAN/REALASED_MODEL/BULK/MAD_L108_SG_FLEX_R11_001.dat
295,03b9cec0a7635d770e6964135e2c2c6179c240e257fcbeb1c5aca08ace37047d,821,8,5747,5,NASTRAN_SIMULATIONS,NASTRAN_SIMULATIONS/01_SOL103_60_MODES/BULK/MAD_L108_SG_FLEX_R11_001.dat
295,03b9cec0a7635d770e6964135e2c2c6179c240e257fcbeb1c5aca08ace37047d,821,8,5747,6,NASTRAN_SIMULATIONS,NASTRAN_SIMULATIONS/02_COUPMASS_STUDY/BULK/MAD_L108_SG_FLEX_R11_001.dat
295,03b9cec0a7635d770e6964135e2c2c6179c240e257fcbeb1c5aca08ace37047d,821,8,5747,7,NASTRAN_SIMULATIONS,NASTRAN_SIMULATIONS/03_GRAVITY_5G/nastran/BULK/MAD_L108_SG_FLEX_R11_001.dat
295,03b9cec0a7635d770e6964135e2c2c6179c240e257fcbeb1c5aca08ace37047d,821,8,5747,8,X56_AERO_POLAR,X56_AERO_POLAR/nastran/BULK/MAD_L108_SG_FLEX_R11_001.dat
296,6a3fb19513c3f3af06f094bdf3b6deae4d2ba0df3d252337164b032c85170e80,5719,2,5719,1,TEST,TEST/BBF_DUST_COUPLED/build_dust/CMakeFiles/dustlibF90.dir/mod_options.mod.stamp
296,6a3fb19513c3f3af06f094bdf3b6deae4d2ba0df3d252337164b032c85170e80,5719,2,5719,2,TEST,TEST/BBF_DUST_COUPLED/build_dust/include/mod_options.mod
297,69d7426d0e5ea23bf59768e534a41aa85b375e6f3186a737e80b9173646dfcce,5457,2,5457,1,MANOUVER_STIFNESS,MANOUVER_STIFNESS/runs/primary/manifest.csv
297,69d7426d0e5ea23bf59768e534a41aa85b375e6f3186a737e80b9173646dfcce,5457,2,5457,2,MANOUVER_STIFNESS,MANOUVER_STIFNESS/runs_superseded_full_matrix/primary/manifest.csv
298,35b56777b33de0b285f471c77b0cb320a7bf1951456794dc562f1ec462a63578,779,8,5453,1,GRAFICI,GRAFICI/MODAL_COMPARISON_10LB/nastran/BULK/MAD_L108_WL_WIRES_R11_002T.dat
298,35b56777b33de0b285f471c77b0cb320a7bf1951456794dc562f1ec462a63578,779,8,5453,2,NASTRAN,NASTRAN/NASTRAN40/BULK/MAD_L108_WL_WIRES_R11_002T.dat
298,35b56777b33de0b285f471c77b0cb320a7bf1951456794dc562f1ec462a63578,779,8,5453,3,NASTRAN,NASTRAN/NASTRAN_ALTER_OK/BULK/MAD_L108_WL_WIRES_R11_002T.dat
298,35b56777b33de0b285f471c77b0cb320a7bf1951456794dc562f1ec462a63578,779,8,5453,4,NASTRAN,NASTRAN/REALASED_MODEL/BULK/MAD_L108_WL_WIRES_R11_002T.dat
298,35b56777b33de0b285f471c77b0cb320a7bf1951456794dc562f1ec462a63578,779,8,5453,5,NASTRAN_SIMULATIONS,NASTRAN_SIMULATIONS/01_SOL103_60_MODES/BULK/MAD_L108_WL_WIRES_R11_002T.dat
298,35b56777b33de0b285f471c77b0cb320a7bf1951456794dc562f1ec462a63578,779,8,5453,6,NASTRAN_SIMULATIONS,NASTRAN_SIMULATIONS/02_COUPMASS_STUDY/BULK/MAD_L108_WL_WIRES_R11_002T.dat
298,35b56777b33de0b285f471c77b0cb320a7bf1951456794dc562f1ec462a63578,779,8,5453,7,NASTRAN_SIMULATIONS,NASTRAN_SIMULATIONS/03_GRAVITY_5G/nastran/BULK/MAD_L108_WL_WIRES_R11_002T.dat
298,35b56777b33de0b285f471c77b0cb320a7bf1951456794dc562f1ec462a63578,779,8,5453,8,X56_AERO_POLAR,X56_AERO_POLAR/nastran/BULK/MAD_L108_WL_WIRES_R11_002T.dat
299,8cd3221f7b688163bd35a1992bed603322581e9aa1fbfaa4c874c2c4fc63acc5,4998,2,4998,1,BFF_DUST_55,BFF_DUST_55/CASE_DUST_SMOKE/SURFACE_SEQUENCE_4231/frame_05_WF4_LR_-15.0deg/parametric_mesh.in
299,8cd3221f7b688163bd35a1992bed603322581e9aa1fbfaa4c874c2c4fc63acc5,4998,2,4998,2,BFF_DUST_55,BFF_DUST_55/CASE_DUST_SMOKE/SURFACE_SEQUENCE_4231/frame_07_WF4_LR_-15.0deg/parametric_mesh.in
300,45854e0566998fcf20a99aa45a997bb562c292f8f81762deb9636cce43dae98d,4998,2,4998,1,BFF_DUST_55,BFF_DUST_55/CASE_DUST_SMOKE/SURFACE_SEQUENCE_4231/frame_14_WF2_LR_-15.0deg/parametric_mesh.in
300,45854e0566998fcf20a99aa45a997bb562c292f8f81762deb9636cce43dae98d,4998,2,4998,2,BFF_DUST_55,BFF_DUST_55/CASE_DUST_SMOKE/SURFACE_SEQUENCE_4231/frame_16_WF2_LR_-15.0deg/parametric_mesh.in
301,ac2b768bdb4222739333cd04a419c5509ef95d864eaa5fd04606f7b07334cdb6,4998,2,4998,1,BFF_DUST_55,BFF_DUST_55/CASE_DUST_SMOKE/SURFACE_SEQUENCE_4231/frame_23_WF3_LR_-15.0deg/parametric_mesh.in
301,ac2b768bdb4222739333cd04a419c5509ef95d864eaa5fd04606f7b07334cdb6,4998,2,4998,2,BFF_DUST_55,BFF_DUST_55/CASE_DUST_SMOKE/SURFACE_SEQUENCE_4231/frame_25_WF3_LR_-15.0deg/parametric_mesh.in
302,813acfef93440c7d5ba00a4c1efd51e881553925576cdf7c11273740afec2b54,4998,2,4998,1,BFF_DUST_55,BFF_DUST_55/CASE_DUST_SMOKE/SURFACE_SEQUENCE_4231/frame_32_WF1_LR_-15.0deg/parametric_mesh.in
302,813acfef93440c7d5ba00a4c1efd51e881553925576cdf7c11273740afec2b54,4998,2,4998,2,BFF_DUST_55,BFF_DUST_55/CASE_DUST_SMOKE/SURFACE_SEQUENCE_4231/frame_34_WF1_LR_-15.0deg/parametric_mesh.in
303,464eab8bb2e5d0bbd99ac2e40ca0faa8c00fda1af0143aa808816926eb19f46b,4998,2,4998,1,BFF_DUST_55,BFF_DUST_55/CASE_DUST_SMOKE/SURFACE_SEQUENCE_4231/frame_41_BF_LR_-15.0deg/parametric_mesh.in
303,464eab8bb2e5d0bbd99ac2e40ca0faa8c00fda1af0143aa808816926eb19f46b,4998,2,4998,2,BFF_DUST_55,BFF_DUST_55/CASE_DUST_SMOKE/SURFACE_SEQUENCE_4231/frame_43_BF_LR_-15.0deg/parametric_mesh.in
304,2b0e9bd7350c27710dbdb8345f6ba6d0d77b1539aad00bba49808f2bce2524ce,714,8,4998,1,GRAFICI,GRAFICI/MODAL_COMPARISON_10LB/nastran/BULK/MAD_L108_FUSE_ACCELS_R11_001.dat
304,2b0e9bd7350c27710dbdb8345f6ba6d0d77b1539aad00bba49808f2bce2524ce,714,8,4998,2,NASTRAN,NASTRAN/NASTRAN40/BULK/MAD_L108_FUSE_ACCELS_R11_001.dat
304,2b0e9bd7350c27710dbdb8345f6ba6d0d77b1539aad00bba49808f2bce2524ce,714,8,4998,3,NASTRAN,NASTRAN/NASTRAN_ALTER_OK/BULK/MAD_L108_FUSE_ACCELS_R11_001.dat
304,2b0e9bd7350c27710dbdb8345f6ba6d0d77b1539aad00bba49808f2bce2524ce,714,8,4998,4,NASTRAN,NASTRAN/REALASED_MODEL/BULK/MAD_L108_FUSE_ACCELS_R11_001.dat
304,2b0e9bd7350c27710dbdb8345f6ba6d0d77b1539aad00bba49808f2bce2524ce,714,8,4998,5,NASTRAN_SIMULATIONS,NASTRAN_SIMULATIONS/01_SOL103_60_MODES/BULK/MAD_L108_FUSE_ACCELS_R11_001.dat
304,2b0e9bd7350c27710dbdb8345f6ba6d0d77b1539aad00bba49808f2bce2524ce,714,8,4998,6,NASTRAN_SIMULATIONS,NASTRAN_SIMULATIONS/02_COUPMASS_STUDY/BULK/MAD_L108_FUSE_ACCELS_R11_001.dat
304,2b0e9bd7350c27710dbdb8345f6ba6d0d77b1539aad00bba49808f2bce2524ce,714,8,4998,7,NASTRAN_SIMULATIONS,NASTRAN_SIMULATIONS/03_GRAVITY_5G/nastran/BULK/MAD_L108_FUSE_ACCELS_R11_001.dat
304,2b0e9bd7350c27710dbdb8345f6ba6d0d77b1539aad00bba49808f2bce2524ce,714,8,4998,8,X56_AERO_POLAR,X56_AERO_POLAR/nastran/BULK/MAD_L108_FUSE_ACCELS_R11_001.dat
305,1d8f7e5ce5f4daba005fca8fa2c07e113c4a856f230f910aa86332544000e78a,4996,2,4996,1,BFF_DUST_55,BFF_DUST_55/CASE_DUST_SMOKE/SURFACE_SEQUENCE_4231/frame_01_WF4_LR_+15.0deg/parametric_mesh.in
305,1d8f7e5ce5f4daba005fca8fa2c07e113c4a856f230f910aa86332544000e78a,4996,2,4996,2,BFF_DUST_55,BFF_DUST_55/CASE_DUST_SMOKE/SURFACE_SEQUENCE_4231/frame_03_WF4_LR_+15.0deg/parametric_mesh.in
306,dc29ba3c466de2b30ad922c3e654db03485503f1df39190aa6074932de8d858b,4996,2,4996,1,BFF_DUST_55,BFF_DUST_55/CASE_DUST_SMOKE/SURFACE_SEQUENCE_4231/frame_10_WF2_LR_+15.0deg/parametric_mesh.in
306,dc29ba3c466de2b30ad922c3e654db03485503f1df39190aa6074932de8d858b,4996,2,4996,2,BFF_DUST_55,BFF_DUST_55/CASE_DUST_SMOKE/SURFACE_SEQUENCE_4231/frame_12_WF2_LR_+15.0deg/parametric_mesh.in
307,f097304601a35ad4922c4424a6f48afd91334aaf0ddd337506ef3a545a4aaa82,4996,2,4996,1,BFF_DUST_55,BFF_DUST_55/CASE_DUST_SMOKE/SURFACE_SEQUENCE_4231/frame_19_WF3_LR_+15.0deg/parametric_mesh.in
307,f097304601a35ad4922c4424a6f48afd91334aaf0ddd337506ef3a545a4aaa82,4996,2,4996,2,BFF_DUST_55,BFF_DUST_55/CASE_DUST_SMOKE/SURFACE_SEQUENCE_4231/frame_21_WF3_LR_+15.0deg/parametric_mesh.in
308,e85f03e6c589cf89171ec29eb70535009e8244ea46a2f9c8fba811add32a922c,4996,2,4996,1,BFF_DUST_55,BFF_DUST_55/CASE_DUST_SMOKE/SURFACE_SEQUENCE_4231/frame_28_WF1_LR_+15.0deg/parametric_mesh.in
308,e85f03e6c589cf89171ec29eb70535009e8244ea46a2f9c8fba811add32a922c,4996,2,4996,2,BFF_DUST_55,BFF_DUST_55/CASE_DUST_SMOKE/SURFACE_SEQUENCE_4231/frame_30_WF1_LR_+15.0deg/parametric_mesh.in
309,28f846b6930e94c66e5822d5becde9f0c0eb767e8e38774df369e94de2000d63,4996,2,4996,1,BFF_DUST_55,BFF_DUST_55/CASE_DUST_SMOKE/SURFACE_SEQUENCE_4231/frame_37_BF_LR_+15.0deg/parametric_mesh.in
309,28f846b6930e94c66e5822d5becde9f0c0eb767e8e38774df369e94de2000d63,4996,2,4996,2,BFF_DUST_55,BFF_DUST_55/CASE_DUST_SMOKE/SURFACE_SEQUENCE_4231/frame_39_BF_LR_+15.0deg/parametric_mesh.in
310,33b396ef790e09a3854576ddce324365aceed3106130dfa3d8202cd08c9102d9,4976,2,4976,1,BFF_DUST_55,BFF_DUST_55/CASE_DUST_SMOKE/AILERON_ANIMATION/frame_09_wf4_-02.5deg/parametric_mesh.in
310,33b396ef790e09a3854576ddce324365aceed3106130dfa3d8202cd08c9102d9,4976,2,4976,2,BFF_DUST_55,BFF_DUST_55/CASE_DUST_SMOKE/AILERON_ANIMATION/frame_15_wf4_-02.5deg/parametric_mesh.in
311,49b943d295d09bc1d324079b3284f1f2a5a8d1057d9577c86d6640e6cdfb95ee,4976,2,4976,1,BFF_DUST_55,BFF_DUST_55/CASE_DUST_SMOKE/AILERON_ANIMATION/frame_10_wf4_-05.0deg/parametric_mesh.in
311,49b943d295d09bc1d324079b3284f1f2a5a8d1057d9577c86d6640e6cdfb95ee,4976,2,4976,2,BFF_DUST_55,BFF_DUST_55/CASE_DUST_SMOKE/AILERON_ANIMATION/frame_14_wf4_-05.0deg/parametric_mesh.in
312,72ce42dad8af6efcaed9c730adf449f7818d02ca7fc4a78039e05fd7f1ea4607,4976,2,4976,1,BFF_DUST_55,BFF_DUST_55/CASE_DUST_SMOKE/AILERON_ANIMATION/frame_11_wf4_-07.5deg/parametric_mesh.in
312,72ce42dad8af6efcaed9c730adf449f7818d02ca7fc4a78039e05fd7f1ea4607,4976,2,4976,2,BFF_DUST_55,BFF_DUST_55/CASE_DUST_SMOKE/AILERON_ANIMATION/frame_13_wf4_-07.5deg/parametric_mesh.in
313,09b818ecfeacc97e7075fac87ef46f9d46783061603725cc0e74dc99f8bd90dd,4974,2,4974,1,BFF_DUST_55,BFF_DUST_55/CASE_DUST_SMOKE/AILERON_ANIMATION/frame_01_wf4_+02.5deg/parametric_mesh.in
313,09b818ecfeacc97e7075fac87ef46f9d46783061603725cc0e74dc99f8bd90dd,4974,2,4974,2,BFF_DUST_55,BFF_DUST_55/CASE_DUST_SMOKE/AILERON_ANIMATION/frame_07_wf4_+02.5deg/parametric_mesh.in
314,f26b4a033c11ed1ac7c8e152a8e9aeba4a7af4d55e75d9f396a637756690ec48,4974,2,4974,1,BFF_DUST_55,BFF_DUST_55/CASE_DUST_SMOKE/AILERON_ANIMATION/frame_02_wf4_+05.0deg/parametric_mesh.in
314,f26b4a033c11ed1ac7c8e152a8e9aeba4a7af4d55e75d9f396a637756690ec48,4974,2,4974,2,BFF_DUST_55,BFF_DUST_55/CASE_DUST_SMOKE/AILERON_ANIMATION/frame_06_wf4_+05.0deg/parametric_mesh.in
315,3418cfa55cd544bb1e229010f16f3f1ca90592c4659e81833e1e9285b77150a4,4974,2,4974,1,BFF_DUST_55,BFF_DUST_55/CASE_DUST_SMOKE/AILERON_ANIMATION/frame_03_wf4_+07.5deg/parametric_mesh.in
315,3418cfa55cd544bb1e229010f16f3f1ca90592c4659e81833e1e9285b77150a4,4974,2,4974,2,BFF_DUST_55,BFF_DUST_55/CASE_DUST_SMOKE/AILERON_ANIMATION/frame_05_wf4_+07.5deg/parametric_mesh.in
316,5a3ba02631bca5d6f365382b3da07ef75ed9c9745ac14a82cc8028585f352294,974,6,4870,1,MBDYN,MBDYN/PID/INCLUDE/reference.mbd
316,5a3ba02631bca5d6f365382b3da07ef75ed9c9745ac14a82cc8028585f352294,974,6,4870,2,MBDYN,MBDYN/PID_5deg_35ms/INCLUDE/reference.mbd
316,5a3ba02631bca5d6f365382b3da07ef75ed9c9745ac14a82cc8028585f352294,974,6,4870,3,MBDYN,MBDYN/PID_pitch/INCLUDE/reference.mbd
316,5a3ba02631bca5d6f365382b3da07ef75ed9c9745ac14a82cc8028585f352294,974,6,4870,4,MBDYN,MBDYN/V-g_clamp/INCLUDE/reference.mbd
316,5a3ba02631bca5d6f365382b3da07ef75ed9c9745ac14a82cc8028585f352294,974,6,4870,5,TEST,TEST/TRIM_PID_VELOCITY/include/reference.mbd
316,5a3ba02631bca5d6f365382b3da07ef75ed9c9745ac14a82cc8028585f352294,974,6,4870,6,X56_AERO_POLAR,X56_AERO_POLAR/mbdyn/INCLUDE/reference.mbd
317,f5902ef68ada3a604d82d0fe8fd5b5ee01086e30f3c0e9a3137062c9e2cab4ca,511,10,4599,1,GRAFICI,GRAFICI/MODAL_COMPARISON_10LB/nastran/BULK/MAD_L108_ASET_WLA_R11_002.dat
317,f5902ef68ada3a604d82d0fe8fd5b5ee01086e30f3c0e9a3137062c9e2cab4ca,511,10,4599,2,GRAFICI,GRAFICI/SOL101/nastran/BULK/MAD_L108_ASET_WLA_R11_002.dat
317,f5902ef68ada3a604d82d0fe8fd5b5ee01086e30f3c0e9a3137062c9e2cab4ca,511,10,4599,3,NASTRAN,NASTRAN/NASTRAN40/BULK/MAD_L108_ASET_WLA_R11_002.dat
317,f5902ef68ada3a604d82d0fe8fd5b5ee01086e30f3c0e9a3137062c9e2cab4ca,511,10,4599,4,NASTRAN,NASTRAN/NASTRAN_ALTER_OK/BULK/MAD_L108_ASET_WLA_R11_002.dat
317,f5902ef68ada3a604d82d0fe8fd5b5ee01086e30f3c0e9a3137062c9e2cab4ca,511,10,4599,5,NASTRAN,NASTRAN/REALASED_MODEL/BULK/MAD_L108_ASET_WLA_R11_002.dat
317,f5902ef68ada3a604d82d0fe8fd5b5ee01086e30f3c0e9a3137062c9e2cab4ca,511,10,4599,6,NASTRAN,NASTRAN/SOL101/BULK/MAD_L108_ASET_WLA_R11_002.dat
317,f5902ef68ada3a604d82d0fe8fd5b5ee01086e30f3c0e9a3137062c9e2cab4ca,511,10,4599,7,NASTRAN_SIMULATIONS,NASTRAN_SIMULATIONS/01_SOL103_60_MODES/BULK/MAD_L108_ASET_WLA_R11_002.dat
317,f5902ef68ada3a604d82d0fe8fd5b5ee01086e30f3c0e9a3137062c9e2cab4ca,511,10,4599,8,NASTRAN_SIMULATIONS,NASTRAN_SIMULATIONS/02_COUPMASS_STUDY/BULK/MAD_L108_ASET_WLA_R11_002.dat
317,f5902ef68ada3a604d82d0fe8fd5b5ee01086e30f3c0e9a3137062c9e2cab4ca,511,10,4599,9,NASTRAN_SIMULATIONS,NASTRAN_SIMULATIONS/03_GRAVITY_5G/nastran/BULK/MAD_L108_ASET_WLA_R11_002.dat
317,f5902ef68ada3a604d82d0fe8fd5b5ee01086e30f3c0e9a3137062c9e2cab4ca,511,10,4599,10,X56_AERO_POLAR,X56_AERO_POLAR/nastran/BULK/MAD_L108_ASET_WLA_R11_002.dat
318,f0483c2c05a181459f387255460b8315d3d7dc7b48d7c2d6314372f01bbb316f,4378,2,4378,1,MBDYN,MBDYN/PID_5deg_35ms/main_roll.mbd
318,f0483c2c05a181459f387255460b8315d3d7dc7b48d7c2d6314372f01bbb316f,4378,2,4378,2,MBDYN,MBDYN/PID_5deg_35ms/main_x56.mbd
319,c2196cd5d90ed8f7537be72d258fc4b777c55ee907d44175ebe6578e68d1295a,4216,2,4216,1,GRAFICI,GRAFICI/MODAL_COMPARISON_10LB/mbdyn/span_nodes.mbd
319,c2196cd5d90ed8f7537be72d258fc4b777c55ee907d44175ebe6578e68d1295a,4216,2,4216,2,NASTRAN_SIMULATIONS,NASTRAN_SIMULATIONS/03_GRAVITY_5G/mbdyn/span_nodes.mbd
320,144f322621b7b53a2a43726cfaa29cb956b6aea2de2a8a8ea0d85e7cc4627773,3895,2,3895,1,BFF_DUST_55,BFF_DUST_55/CASE_DUST_SMOKE/coupling_adapter.py
320,144f322621b7b53a2a43726cfaa29cb956b6aea2de2a8a8ea0d85e7cc4627773,3895,2,3895,2,TEST,TEST/BBF_DUST_COUPLED/coupling_adapter.py
321,aa85853c48f29b9826d91b8cc297f7a4e8acddae6bfcf259142ccadb9e092fc0,3709,2,3709,1,NASTRAN,NASTRAN/REALASED_MODEL/MAIN/.venv_x56/lib/python3.12/site-packages/colorama/tests/winterm_test.py
321,aa85853c48f29b9826d91b8cc297f7a4e8acddae6bfcf259142ccadb9e092fc0,3709,2,3709,2,NASTRAN,NASTRAN/REALASED_MODEL/MAIN/.venv_x56/lib/python3.12/site-packages/pip/_vendor/colorama/tests/winterm_test.py
322,e4c252a15332dac9d49a82f647793ce6d94c586844cff4df8f815a60d626e08f,3659,2,3659,1,NASTRAN,NASTRAN/REALASED_MODEL/FLUTTER_TEST/X56A_Flex_bulk_include.dat
322,e4c252a15332dac9d49a82f647793ce6d94c586844cff4df8f815a60d626e08f,3659,2,3659,2,NASTRAN,NASTRAN/REALASED_MODEL/MAIN/X56A_Flex_bulk_include.dat
323,1c5f46d7ebac842341c698a3ebb5cbdaa1b855e4642d29ec86b000407b119cfa,3558,2,3558,1,BFF_DUST_55,BFF_DUST_55/output/check/smoke.mbd
323,1c5f46d7ebac842341c698a3ebb5cbdaa1b855e4642d29ec86b000407b119cfa,3558,2,3558,2,BFF_DUST_55,BFF_DUST_55/output/smoke/smoke.mbd
324,fa1227cbce82957a37f62c61e624827d421ad9ffe1fdb80a4435bb82ab3e28b5,3325,2,3325,1,NASTRAN,NASTRAN/REALASED_MODEL/MAIN/.venv_x56/lib/python3.12/site-packages/colorama/initialise.py
324,fa1227cbce82957a37f62c61e624827d421ad9ffe1fdb80a4435bb82ab3e28b5,3325,2,3325,2,NASTRAN,NASTRAN/REALASED_MODEL/MAIN/.venv_x56/lib/python3.12/site-packages/pip/_vendor/colorama/initialise.py
325,0cb81f82b3b74734f6e69edaef40a7fb136f5649e57c072b4f2bed96d349e80b,3280,2,3280,1,BFF_DUST_55,BFF_DUST_55/model/precice-config.xml
325,0cb81f82b3b74734f6e69edaef40a7fb136f5649e57c072b4f2bed96d349e80b,3280,2,3280,2,BFF_DUST_55,BFF_DUST_55/output/check_production/precice-config.xml
326,b97f5b8d9b0449abefa2199f2047520afd0436f44a45db597aedae12db31ad86,3280,2,3280,1,BFF_DUST_55,BFF_DUST_55/output/check/precice-config.xml
326,b97f5b8d9b0449abefa2199f2047520afd0436f44a45db597aedae12db31ad86,3280,2,3280,2,BFF_DUST_55,BFF_DUST_55/output/smoke/precice-config.xml
327,bf5d68ab51eabbb0aee2ecb025577ccb91f18be29a8ea98789ef04829d524ca7,1637,3,3274,1,NASTRAN,NASTRAN/NASTRAN40/MAIN/MBDyn_ALTER_103.nas
327,bf5d68ab51eabbb0aee2ecb025577ccb91f18be29a8ea98789ef04829d524ca7,1637,3,3274,2,NASTRAN,NASTRAN/NASTRAN_ALTER_OK/MAIN/MBDyn_ALTER_103.nas
327,bf5d68ab51eabbb0aee2ecb025577ccb91f18be29a8ea98789ef04829d524ca7,1637,3,3274,3,NASTRAN_SIMULATIONS,NASTRAN_SIMULATIONS/01_SOL103_60_MODES/MAIN/MBDyn_ALTER_103.nas
328,dffdba548d95229c9cc16e40d763aafa45b3c2573ae898a44d2ba2aecf190c1d,3177,2,3177,1,bbf_manouver,bbf_manouver/INCLUDE/modaljoint.mbd
328,dffdba548d95229c9cc16e40d763aafa45b3c2573ae898a44d2ba2aecf190c1d,3177,2,3177,2,bff_eigenalaisy,bff_eigenalaisy/INCLUDE/modaljoint.mbd
329,79af0896f5dce62b6e41a3fba8c5602ef9c196fbcd87689de04e5649126c7abd,1447,3,2894,1,TEST,TEST/bbf/MODEL_AUDIT.md
329,79af0896f5dce62b6e41a3fba8c5602ef9c196fbcd87689de04e5649126c7abd,1447,3,2894,2,bbf_manouver,bbf_manouver/MODEL_AUDIT.md
329,79af0896f5dce62b6e41a3fba8c5602ef9c196fbcd87689de04e5649126c7abd,1447,3,2894,3,bff_eigenalaisy,bff_eigenalaisy/MODEL_AUDIT.md
330,15e5620eb50834865caf9d393c0c6f5380235f3d5ab048802ecf465cc87045a1,2839,2,2839,1,NASTRAN,NASTRAN/REALASED_MODEL/MAIN/.venv_x56/lib/python3.12/site-packages/colorama/tests/ansi_test.py
330,15e5620eb50834865caf9d393c0c6f5380235f3d5ab048802ecf465cc87045a1,2839,2,2839,2,NASTRAN,NASTRAN/REALASED_MODEL/MAIN/.venv_x56/lib/python3.12/site-packages/pip/_vendor/colorama/tests/ansi_test.py
331,dcda84e8aff79daca4c19c9d2fa5751c1c4dfeb6a71ca7948b4306f79daf36b8,2756,2,2756,1,MANOUVER_STIFNESS,MANOUVER_STIFNESS/runs/stiffness_screen/manifest.csv
331,dcda84e8aff79daca4c19c9d2fa5751c1c4dfeb6a71ca7948b4306f79daf36b8,2756,2,2756,2,MANOUVER_STIFNESS,MANOUVER_STIFNESS/runs_superseded_full_matrix/stiffness_screen/manifest.csv
332,fee6a62e78d0db48b04ae29b77c26f4d7505691ab8db4e8cae9156bed12bafc2,2529,2,2529,1,NASTRAN,NASTRAN/REALASED_MODEL/MAIN/.venv_x56/lib/python3.12/site-packages/matplotlib/mpl-data/images/move-symbolic.svg
332,fee6a62e78d0db48b04ae29b77c26f4d7505691ab8db4e8cae9156bed12bafc2,2529,2,2529,2,NASTRAN,NASTRAN/REALASED_MODEL/MAIN/.venv_x56/lib/python3.12/site-packages/matplotlib/mpl-data/images/move.svg
333,4e8a7811e12e69074159db5e28c11c18e4de29e175f50f96a3febf0a3e643b34,2522,2,2522,1,NASTRAN,NASTRAN/REALASED_MODEL/MAIN/.venv_x56/lib/python3.12/site-packages/colorama/ansi.py
333,4e8a7811e12e69074159db5e28c11c18e4de29e175f50f96a3febf0a3e643b34,2522,2,2522,2,NASTRAN,NASTRAN/REALASED_MODEL/MAIN/.venv_x56/lib/python3.12/site-packages/pip/_vendor/colorama/ansi.py
334,cb8aee9a9fc13ea6489fb81fc845f9ec225f64bc68a8992baad3c941a32305d3,2433,2,2433,1,TEST,TEST/BBF_DUST_COUPLED/build_dust/CMakeFiles/dustlibF90.dir/mod_stringtools.mod.stamp
334,cb8aee9a9fc13ea6489fb81fc845f9ec225f64bc68a8992baad3c941a32305d3,2433,2,2433,2,TEST,TEST/BBF_DUST_COUPLED/build_dust/include/mod_stringtools.mod
335,7de0c8ff2081ae2fb91980d1f82346cf67e43f3c9ba388ebc75056e23d03037d,800,4,2400,1,BFF_DUST_55,BFF_DUST_55/CASE_DUST_FLUTTER_EMULATION/INCLUDE/external_dust_force.mbd
335,7de0c8ff2081ae2fb91980d1f82346cf67e43f3c9ba388ebc75056e23d03037d,800,4,2400,2,BFF_DUST_55,BFF_DUST_55/CASE_DUST_SMOKE/INCLUDE/external_dust_force.mbd
335,7de0c8ff2081ae2fb91980d1f82346cf67e43f3c9ba388ebc75056e23d03037d,800,4,2400,3,BFF_DUST_55,BFF_DUST_55/model/mbdyn/INCLUDE/external_dust_force.mbd
335,7de0c8ff2081ae2fb91980d1f82346cf67e43f3c9ba388ebc75056e23d03037d,800,4,2400,4,_trim_coupled_stage,_trim_coupled_stage/case/include/external_dust_force.mbd
336,1aae1f0d24bdf51bf9adb47cfe77a757a8dc63956c28f01159e1fe059064f425,2150,2,2150,1,NASTRAN,NASTRAN/REALASED_MODEL/MAIN/.venv_x56/lib/python3.12/site-packages/matplotlib/mpl-data/images/subplots-symbolic.svg
336,1aae1f0d24bdf51bf9adb47cfe77a757a8dc63956c28f01159e1fe059064f425,2150,2,2150,2,NASTRAN,NASTRAN/REALASED_MODEL/MAIN/.venv_x56/lib/python3.12/site-packages/matplotlib/mpl-data/images/subplots.svg
337,40aab982196291f675b993ee5c326e1095d0daf621682b8c5d1cadd30efe17d7,2138,2,2138,1,TEST,TEST/BBF_DUST_COUPLED/build_dust/CMakeFiles/dustlibF90.dir/mod_tecplot_out.mod.stamp
337,40aab982196291f675b993ee5c326e1095d0daf621682b8c5d1cadd30efe17d7,2138,2,2138,2,TEST,TEST/BBF_DUST_COUPLED/build_dust/include/mod_tecplot_out.mod
338,456bc6e259022562d4a19044451b8514b3ce22d8c99ebd25b057efe24279fc28,297,8,2079,1,GRAFICI,GRAFICI/MODAL_COMPARISON_10LB/nastran/BULK/MAD_L108_WL_ACCELS_R11_002T.dat
338,456bc6e259022562d4a19044451b8514b3ce22d8c99ebd25b057efe24279fc28,297,8,2079,2,NASTRAN,NASTRAN/NASTRAN40/BULK/MAD_L108_WL_ACCELS_R11_002T.dat
338,456bc6e259022562d4a19044451b8514b3ce22d8c99ebd25b057efe24279fc28,297,8,2079,3,NASTRAN,NASTRAN/NASTRAN_ALTER_OK/BULK/MAD_L108_WL_ACCELS_R11_002T.dat
338,456bc6e259022562d4a19044451b8514b3ce22d8c99ebd25b057efe24279fc28,297,8,2079,4,NASTRAN,NASTRAN/REALASED_MODEL/BULK/MAD_L108_WL_ACCELS_R11_002T.dat
338,456bc6e259022562d4a19044451b8514b3ce22d8c99ebd25b057efe24279fc28,297,8,2079,5,NASTRAN_SIMULATIONS,NASTRAN_SIMULATIONS/01_SOL103_60_MODES/BULK/MAD_L108_WL_ACCELS_R11_002T.dat
338,456bc6e259022562d4a19044451b8514b3ce22d8c99ebd25b057efe24279fc28,297,8,2079,6,NASTRAN_SIMULATIONS,NASTRAN_SIMULATIONS/02_COUPMASS_STUDY/BULK/MAD_L108_WL_ACCELS_R11_002T.dat
338,456bc6e259022562d4a19044451b8514b3ce22d8c99ebd25b057efe24279fc28,297,8,2079,7,NASTRAN_SIMULATIONS,NASTRAN_SIMULATIONS/03_GRAVITY_5G/nastran/BULK/MAD_L108_WL_ACCELS_R11_002T.dat
338,456bc6e259022562d4a19044451b8514b3ce22d8c99ebd25b057efe24279fc28,297,8,2079,8,X56_AERO_POLAR,X56_AERO_POLAR/nastran/BULK/MAD_L108_WL_ACCELS_R11_002T.dat
339,74c197bcb48e1cfbb8e24896819c7e07f332fed2d668fe89e8683125f2f8156d,2049,2,2049,1,NASTRAN,NASTRAN/REALASED_MODEL/MAIN/.venv_x56/lib/python3.12/site-packages/matplotlib/mpl-data/images/filesave-symbolic.svg
339,74c197bcb48e1cfbb8e24896819c7e07f332fed2d668fe89e8683125f2f8156d,2049,2,2049,2,NASTRAN,NASTRAN/REALASED_MODEL/MAIN/.venv_x56/lib/python3.12/site-packages/matplotlib/mpl-data/images/filesave.svg
340,951d3d4aabf1a2b90fc17dedabb20bef14f3f1fff28d0104251a73223f6fd0fd,2005,2,2005,1,TEST,TEST/BBF_DUST_COUPLED/build_dust/CMakeFiles/dustlibF90.dir/mod_precice_rbf.mod.stamp
340,951d3d4aabf1a2b90fc17dedabb20bef14f3f1fff28d0104251a73223f6fd0fd,2005,2,2005,2,TEST,TEST/BBF_DUST_COUPLED/build_dust/include/mod_precice_rbf.mod
341,fa0eaa28ebfd8110cde2f58d2d7f4604fbddaded5a06c168b81cd71d990c4a51,1983,2,1983,1,TEST,TEST/BBF_DUST_COUPLED/build_dust/CMakeFiles/dustlibF90.dir/mod_vtk_utils.mod.stamp
341,fa0eaa28ebfd8110cde2f58d2d7f4604fbddaded5a06c168b81cd71d990c4a51,1983,2,1983,2,TEST,TEST/BBF_DUST_COUPLED/build_dust/include/mod_vtk_utils.mod
342,a2aa6aca1fd4ce0fe06c113c9078d7375361a18281daa4a88fd1ba062cca1b6a,1935,2,1935,1,TEST,TEST/BBF_DUST_COUPLED/build_dust/CMakeFiles/dustlibF90.dir/mod_math.mod.stamp
342,a2aa6aca1fd4ce0fe06c113c9078d7375361a18281daa4a88fd1ba062cca1b6a,1935,2,1935,2,TEST,TEST/BBF_DUST_COUPLED/build_dust/include/mod_math.mod
343,5480febbee3d1c077aee3731f4a9282900b90fe4b34af652de299d6214de3f7a,1929,2,1929,1,TEST,TEST/BBF_DUST_COUPLED/build_dust/CMakeFiles/dustlibF90.dir/mod_dat_out.mod.stamp
343,5480febbee3d1c077aee3731f4a9282900b90fe4b34af652de299d6214de3f7a,1929,2,1929,2,TEST,TEST/BBF_DUST_COUPLED/build_dust/include/mod_dat_out.mod
344,a6daeeb3c8793d94e2f5a8587e76b3fae67c3001c2afbd9a3de316e3c4c147d4,1911,2,1911,1,NASTRAN,NASTRAN/REALASED_MODEL/MAIN/.venv_x56/lib/python3.12/site-packages/matplotlib/mpl-data/images/home-symbolic.svg
344,a6daeeb3c8793d94e2f5a8587e76b3fae67c3001c2afbd9a3de316e3c4c147d4,1911,2,1911,2,NASTRAN,NASTRAN/REALASED_MODEL/MAIN/.venv_x56/lib/python3.12/site-packages/matplotlib/mpl-data/images/home.svg
345,5d570572ecdc2f7490dcb8df49bb5d2d80e3a01e585248f68e4d8693cbda645f,1890,2,1890,1,NASTRAN,NASTRAN/REALASED_MODEL/MAIN/.venv_x56/lib/python3.12/site-packages/matplotlib/mpl-data/images/help-symbolic.svg
345,5d570572ecdc2f7490dcb8df49bb5d2d80e3a01e585248f68e4d8693cbda645f,1890,2,1890,2,NASTRAN,NASTRAN/REALASED_MODEL/MAIN/.venv_x56/lib/python3.12/site-packages/matplotlib/mpl-data/images/help.svg
346,3e0dba2d1a6fd3240307901cfacc605571bb86c035358bdaa45800a597d8cd98,1866,2,1866,1,NASTRAN,NASTRAN/REALASED_MODEL/MAIN/.venv_x56/lib/python3.12/site-packages/colorama/tests/isatty_test.py
346,3e0dba2d1a6fd3240307901cfacc605571bb86c035358bdaa45800a597d8cd98,1866,2,1866,2,NASTRAN,NASTRAN/REALASED_MODEL/MAIN/.venv_x56/lib/python3.12/site-packages/pip/_vendor/colorama/tests/isatty_test.py
347,6fb88f39f935ee8f6010d4436f6fd70c62c8dcff6cdaaae6121a5b6167213bb1,1851,2,1851,1,GRAFICI,GRAFICI/SOL101/nastran/BULK/MAD_L108_WINGLET_PROP_R11_002T.dat
347,6fb88f39f935ee8f6010d4436f6fd70c62c8dcff6cdaaae6121a5b6167213bb1,1851,2,1851,2,NASTRAN,NASTRAN/SOL101/BULK/MAD_L108_WINGLET_PROP_R11_002T.dat
348,ad3dca80df7ced8d7f14edbc0104477e82faf4f88d05dedc79d3084d1112d35b,1831,2,1831,1,TEST,TEST/BBF_DUST_COUPLED/build_dust/CMakeFiles/dustlibF90.dir/mod_cgns_io.mod.stamp
348,ad3dca80df7ced8d7f14edbc0104477e82faf4f88d05dedc79d3084d1112d35b,1831,2,1831,2,TEST,TEST/BBF_DUST_COUPLED/build_dust/include/mod_cgns_io.mod
349,7c9cd3b5cdc4392913492debc5f29d668155f41290859044c9e9eef6bb7157c9,442,5,1768,1,TEST,TEST/BBF_DUST_COUPLED/build_dust/CMakeFiles/dust.dir/flags.make
349,7c9cd3b5cdc4392913492debc5f29d668155f41290859044c9e9eef6bb7157c9,442,5,1768,2,TEST,TEST/BBF_DUST_COUPLED/build_dust/CMakeFiles/dust_post.dir/flags.make
349,7c9cd3b5cdc4392913492debc5f29d668155f41290859044c9e9eef6bb7157c9,442,5,1768,3,TEST,TEST/BBF_DUST_COUPLED/build_dust/CMakeFiles/dust_pre.dir/flags.make
349,7c9cd3b5cdc4392913492debc5f29d668155f41290859044c9e9eef6bb7157c9,442,5,1768,4,TEST,TEST/BBF_DUST_COUPLED/build_dust/CMakeFiles/dustlib.dir/flags.make
349,7c9cd3b5cdc4392913492debc5f29d668155f41290859044c9e9eef6bb7157c9,442,5,1768,5,TEST,TEST/BBF_DUST_COUPLED/build_dust/CMakeFiles/dustlibF90.dir/flags.make
350,e99e44e3d68486559414c54876a389349286175847cfe60f3a4514ca510feeda,1734,2,1734,1,TEST,TEST/BBF_DUST_COUPLED/build_dust/CMakeFiles/dustlibF90.dir/mod_handling.mod.stamp
350,e99e44e3d68486559414c54876a389349286175847cfe60f3a4514ca510feeda,1734,2,1734,2,TEST,TEST/BBF_DUST_COUPLED/build_dust/include/mod_handling.mod
351,113ce3c4a8da285d11ba08d770e569e7c3ddad56b960ed67db97105e84a7eca3,1705,2,1705,1,TEST,TEST/BBF_DUST_COUPLED/build_dust/CMakeFiles/dustlibF90.dir/mod_vtk_out.mod.stamp
351,113ce3c4a8da285d11ba08d770e569e7c3ddad56b960ed67db97105e84a7eca3,1705,2,1705,2,TEST,TEST/BBF_DUST_COUPLED/build_dust/include/mod_vtk_out.mod
352,dc1fd956da0e32669a2406445f4774f92ee25ee0666839573d817629a243657f,1669,2,1669,1,TEST,TEST/BBF_DUST_COUPLED/build_dust/CMakeFiles/dustlibF90.dir/mod_spline.mod.stamp
352,dc1fd956da0e32669a2406445f4774f92ee25ee0666839573d817629a243657f,1669,2,1669,2,TEST,TEST/BBF_DUST_COUPLED/build_dust/include/mod_spline.mod
353,0616ac970bdb10d3cc84c5efdff123030d4015d093a375d22137d51fdcbbd923,1629,2,1629,1,MBDYN,MBDYN/PID_5deg_35ms/README.md
353,0616ac970bdb10d3cc84c5efdff123030d4015d093a375d22137d51fdcbbd923,1629,2,1629,2,MBDYN,MBDYN/PID_pitch/README.md
354,90e88aab76b89a278c44b542c1005d38c4d1ad61b634e5ffe7eadb0051e97664,1551,2,1551,1,NASTRAN,NASTRAN/REALASED_MODEL/MAIN/.venv_x56/lib/python3.12/site-packages/matplotlib/mpl-data/images/forward-symbolic.svg
354,90e88aab76b89a278c44b542c1005d38c4d1ad61b634e5ffe7eadb0051e97664,1551,2,1551,2,NASTRAN,NASTRAN/REALASED_MODEL/MAIN/.venv_x56/lib/python3.12/site-packages/matplotlib/mpl-data/images/forward.svg
355,3a48ffadeb2c6647dee84c2ffe8ec6179b68739a9609e164436707436e417551,1532,2,1532,1,NASTRAN,NASTRAN/REALASED_MODEL/MAIN/.venv_x56/lib/python3.12/site-packages/matplotlib/mpl-data/images/back-symbolic.svg
355,3a48ffadeb2c6647dee84c2ffe8ec6179b68739a9609e164436707436e417551,1532,2,1532,2,NASTRAN,NASTRAN/REALASED_MODEL/MAIN/.venv_x56/lib/python3.12/site-packages/matplotlib/mpl-data/images/back.svg
356,b8c99d1a43b8dd91e57b392989e477fcc8aa944739bd139f7d10ce858e2cc66e,1499,2,1499,1,NASTRAN,NASTRAN/REALASED_MODEL/MAIN/.venv_x56/lib/python3.12/site-packages/matplotlib/mpl-data/images/zoom_to_rect-symbolic.svg
356,b8c99d1a43b8dd91e57b392989e477fcc8aa944739bd139f7d10ce858e2cc66e,1499,2,1499,2,NASTRAN,NASTRAN/REALASED_MODEL/MAIN/.venv_x56/lib/python3.12/site-packages/matplotlib/mpl-data/images/zoom_to_rect.svg
357,bc9b8054cff97fbd124ed52e6f71ca974f6f995db21c4d42ce9b2154bed60273,1472,2,1472,1,GRAFICI,GRAFICI/SOL101/nastran/BULK/MAD_L108_COORD_R11_001.dat
357,bc9b8054cff97fbd124ed52e6f71ca974f6f995db21c4d42ce9b2154bed60273,1472,2,1472,2,NASTRAN,NASTRAN/SOL101/BULK/MAD_L108_COORD_R11_001.dat
358,cb78397767d50d032fe6fa29db4be52b9a8a550797ce65e55d195eb64f2550d7,1340,2,1340,1,TEST,TEST/BBF_DUST_COUPLED/build_dust/CMakeFiles/dustlibF90.dir/mod_linsys_vars.mod.stamp
358,cb78397767d50d032fe6fa29db4be52b9a8a550797ce65e55d195eb64f2550d7,1340,2,1340,2,TEST,TEST/BBF_DUST_COUPLED/build_dust/include/mod_linsys_vars.mod
359,1aa0f4ee7d6c1e47ed6775ef09c51ca2b95f192b3e0f7b87414c9976ec2136ac,1100,2,1100,1,TEST,TEST/BBF_DUST_COUPLED/build_dust/CMakeFiles/dustlibF90.dir/mod_basic_io.mod.stamp
359,1aa0f4ee7d6c1e47ed6775ef09c51ca2b95f192b3e0f7b87414c9976ec2136ac,1100,2,1100,2,TEST,TEST/BBF_DUST_COUPLED/build_dust/include/mod_basic_io.mod
360,d48211ca51b7f73e7e773ab4f51fe782e7f1c8f67182574d6ebc4ac541b018a1,1079,2,1079,1,NASTRAN,NASTRAN/REALASED_MODEL/MAIN/.venv_x56/lib/python3.12/site-packages/colorama/tests/utils.py
360,d48211ca51b7f73e7e773ab4f51fe782e7f1c8f67182574d6ebc4ac541b018a1,1079,2,1079,2,NASTRAN,NASTRAN/REALASED_MODEL/MAIN/.venv_x56/lib/python3.12/site-packages/pip/_vendor/colorama/tests/utils.py
361,7eac22b9518953f9acc7b1bece547d4ef216795caa76e6a48404df7980bc0534,159,7,954,1,BFF_maneuver_envelope,BFF_maneuver_envelope/output_n1_verification/dive_pullup_V_066p750_n_1p000_bank_p00p00_pitch_p00p00_qcmd_p00p00_nnom_01p00_excited.stdout
361,7eac22b9518953f9acc7b1bece547d4ef216795caa76e6a48404df7980bc0534,159,7,954,2,BFF_maneuver_envelope,BFF_maneuver_envelope/output_n1_verification/dive_pullup_V_066p750_n_1p000_bank_p00p00_pitch_p00p00_qcmd_p00p00_nnom_01p00_shadow.stdout
361,7eac22b9518953f9acc7b1bece547d4ef216795caa76e6a48404df7980bc0534,159,7,954,3,bbf_manouver,bbf_manouver/output/level_no_bff_V_060p8421.stdout
361,7eac22b9518953f9acc7b1bece547d4ef216795caa76e6a48404df7980bc0534,159,7,954,4,bbf_manouver,bbf_manouver/output/pullup_bff_V_060p8421.stdout
361,7eac22b9518953f9acc7b1bece547d4ef216795caa76e6a48404df7980bc0534,159,7,954,5,bbf_manouver,bbf_manouver/output/pullup_no_bff_V_060p8421.stdout
361,7eac22b9518953f9acc7b1bece547d4ef216795caa76e6a48404df7980bc0534,159,7,954,6,bbf_manouver,bbf_manouver/output/roll_no_bff_V_060p8421.stdout
361,7eac22b9518953f9acc7b1bece547d4ef216795caa76e6a48404df7980bc0534,159,7,954,7,bff_eigenalaisy,bff_eigenalaisy/output/V_060p8421.stdout
362,afdb21bd9837a08f71b997ef11a02aa80cd32640b5779eb8464ce24c6fe86ec0,186,6,930,1,TEST,TEST/BBF_DUST_COUPLED/output/V_030.00_mps/incomplete_attempt_1784822181/case.out
362,afdb21bd9837a08f71b997ef11a02aa80cd32640b5779eb8464ce24c6fe86ec0,186,6,930,2,TEST,TEST/BBF_DUST_COUPLED/output/V_030.00_mps/incomplete_attempt_1784822762/case.out
362,afdb21bd9837a08f71b997ef11a02aa80cd32640b5779eb8464ce24c6fe86ec0,186,6,930,3,TEST,TEST/BBF_DUST_COUPLED/output/V_030.00_mps/incomplete_attempt_1784822912/case.out
362,afdb21bd9837a08f71b997ef11a02aa80cd32640b5779eb8464ce24c6fe86ec0,186,6,930,4,TEST,TEST/BBF_DUST_COUPLED/output/V_030.00_mps/incomplete_attempt_1784823240/case.out
362,afdb21bd9837a08f71b997ef11a02aa80cd32640b5779eb8464ce24c6fe86ec0,186,6,930,5,TEST,TEST/BBF_DUST_COUPLED/output/V_030.00_mps/incomplete_attempt_1784824671/case.out
362,afdb21bd9837a08f71b997ef11a02aa80cd32640b5779eb8464ce24c6fe86ec0,186,6,930,6,TEST,TEST/BBF_DUST_COUPLED/output/V_030.00_mps/incomplete_attempt_1784824769/case.out
363,61d5c74a1bed9a5e6b99b6c91182e179d029d2621fe669207b2f3f857f9116d3,800,2,800,1,MANOUVER_STIFNESS,MANOUVER_STIFNESS/runs/timestep/manifest.csv
363,61d5c74a1bed9a5e6b99b6c91182e179d029d2621fe669207b2f3f857f9116d3,800,2,800,2,MANOUVER_STIFNESS,MANOUVER_STIFNESS/runs_superseded_full_matrix/timestep/manifest.csv
364,2a8ad7d99e34ca7434cd4a9601acf78b70883a12c3a3db5ea8be64e9a74d5bfa,777,2,777,1,MBDYN,MBDYN/PID_5deg_35ms/run_pid_tests.py
364,2a8ad7d99e34ca7434cd4a9601acf78b70883a12c3a3db5ea8be64e9a74d5bfa,777,2,777,2,MBDYN,MBDYN/PID_pitch/run_pid_tests.py
365,b0a2f12fd8c42415fb7a1e4eba6b5748e9d3ae23eb25492e8d31c5b6725516b3,365,3,730,1,NASTRAN,NASTRAN/REALASED_MODEL/MAIN/.venv_x56/lib/python3.12/site-packages/mpl_toolkits/axes_grid1/tests/__init__.py
365,b0a2f12fd8c42415fb7a1e4eba6b5748e9d3ae23eb25492e8d31c5b6725516b3,365,3,730,2,NASTRAN,NASTRAN/REALASED_MODEL/MAIN/.venv_x56/lib/python3.12/site-packages/mpl_toolkits/axisartist/tests/__init__.py
365,b0a2f12fd8c42415fb7a1e4eba6b5748e9d3ae23eb25492e8d31c5b6725516b3,365,3,730,3,NASTRAN,NASTRAN/REALASED_MODEL/MAIN/.venv_x56/lib/python3.12/site-packages/mpl_toolkits/mplot3d/tests/__init__.py
366,a7458bb15a91c759917162b26be7ce996c4d66ead0f1c5307810d61f6d22a0c0,635,2,635,1,TEST,TEST/BBF_DUST_COUPLED/build_dust/CMakeFiles/dustlibF90.dir/mod_param.mod.stamp
366,a7458bb15a91c759917162b26be7ce996c4d66ead0f1c5307810d61f6d22a0c0,635,2,635,2,TEST,TEST/BBF_DUST_COUPLED/build_dust/include/mod_param.mod
367,45c8e40760bbcc6d7578973a3a586935a7f65375362866d8d7c99be9bcf3f52e,190,4,570,1,TEST,TEST/BBF_DUST_COUPLED/build_dust/CMakeFiles/dust.dir/depend.make
367,45c8e40760bbcc6d7578973a3a586935a7f65375362866d8d7c99be9bcf3f52e,190,4,570,2,TEST,TEST/BBF_DUST_COUPLED/build_dust/CMakeFiles/dust_post.dir/depend.make
367,45c8e40760bbcc6d7578973a3a586935a7f65375362866d8d7c99be9bcf3f52e,190,4,570,3,TEST,TEST/BBF_DUST_COUPLED/build_dust/CMakeFiles/dust_pre.dir/depend.make
367,45c8e40760bbcc6d7578973a3a586935a7f65375362866d8d7c99be9bcf3f52e,190,4,570,4,TEST,TEST/BBF_DUST_COUPLED/build_dust/CMakeFiles/dustlib.dir/depend.make
368,9ecf570f7659b1c3ab82b98e5ea4246b80b693f2404341e9a5918d098e29f4cb,275,3,550,1,NASTRAN,NASTRAN/REALASED_MODEL/MAIN/.venv_x56/bin/pip
368,9ecf570f7659b1c3ab82b98e5ea4246b80b693f2404341e9a5918d098e29f4cb,275,3,550,2,NASTRAN,NASTRAN/REALASED_MODEL/MAIN/.venv_x56/bin/pip3
368,9ecf570f7659b1c3ab82b98e5ea4246b80b693f2404341e9a5918d098e29f4cb,275,3,550,3,NASTRAN,NASTRAN/REALASED_MODEL/MAIN/.venv_x56/bin/pip3.12
369,c1e3d0038536d2d2a060047248b102d38eee70d5fe83ca512e9601ba21e52dbf,266,2,266,1,NASTRAN,NASTRAN/REALASED_MODEL/MAIN/.venv_x56/lib/python3.12/site-packages/colorama/__init__.py
369,c1e3d0038536d2d2a060047248b102d38eee70d5fe83ca512e9601ba21e52dbf,266,2,266,2,NASTRAN,NASTRAN/REALASED_MODEL/MAIN/.venv_x56/lib/python3.12/site-packages/pip/_vendor/colorama/__init__.py
370,b3d717e4cbb0bcf25133909e7915a0724d764d9c881e851e62616c491adaab97,257,2,257,1,TEST,TEST/BBF_DUST_COUPLED/build_dust/CMakeFiles/dustlibF90.dir/mod_version.mod.stamp
370,b3d717e4cbb0bcf25133909e7915a0724d764d9c881e851e62616c491adaab97,257,2,257,2,TEST,TEST/BBF_DUST_COUPLED/build_dust/include/mod_version.mod
371,8884603656d807173d274e381da165957d9e17fbacaff2b9e8d47094b9747f1e,128,3,256,1,NASTRAN,NASTRAN/REALASED_MODEL/MAIN/.venv_x56/lib/python3.12/site-packages/mpl_toolkits/axes_grid1/tests/conftest.py
371,8884603656d807173d274e381da165957d9e17fbacaff2b9e8d47094b9747f1e,128,3,256,2,NASTRAN,NASTRAN/REALASED_MODEL/MAIN/.venv_x56/lib/python3.12/site-packages/mpl_toolkits/axisartist/tests/conftest.py
371,8884603656d807173d274e381da165957d9e17fbacaff2b9e8d47094b9747f1e,128,3,256,3,NASTRAN,NASTRAN/REALASED_MODEL/MAIN/.venv_x56/lib/python3.12/site-packages/mpl_toolkits/mplot3d/tests/conftest.py
372,ddf071712a6926be84384714a23bdf946dc47a083b96fd90a7474d41020bacfe,63,5,252,1,NASTRAN,NASTRAN/REALASED_MODEL/MAIN/.venv_x56/lib/python3.12/site-packages/PIL/_avif.pyi
372,ddf071712a6926be84384714a23bdf946dc47a083b96fd90a7474d41020bacfe,63,5,252,2,NASTRAN,NASTRAN/REALASED_MODEL/MAIN/.venv_x56/lib/python3.12/site-packages/PIL/_imagingmath.pyi
372,ddf071712a6926be84384714a23bdf946dc47a083b96fd90a7474d41020bacfe,63,5,252,3,NASTRAN,NASTRAN/REALASED_MODEL/MAIN/.venv_x56/lib/python3.12/site-packages/PIL/_imagingmorph.pyi
372,ddf071712a6926be84384714a23bdf946dc47a083b96fd90a7474d41020bacfe,63,5,252,4,NASTRAN,NASTRAN/REALASED_MODEL/MAIN/.venv_x56/lib/python3.12/site-packages/PIL/_imagingtk.pyi
372,ddf071712a6926be84384714a23bdf946dc47a083b96fd90a7474d41020bacfe,63,5,252,5,NASTRAN,NASTRAN/REALASED_MODEL/MAIN/.venv_x56/lib/python3.12/site-packages/PIL/_webp.pyi
373,f8326d00d036ca1e84934159a9ef38c42a1d2f8aa5f7cd2f7fcca392ec08f121,56,4,168,1,TEST,TEST/BBF_DUST_COUPLED/build_dust/CMakeFiles/dust.dir/fortran.internal
373,f8326d00d036ca1e84934159a9ef38c42a1d2f8aa5f7cd2f7fcca392ec08f121,56,4,168,2,TEST,TEST/BBF_DUST_COUPLED/build_dust/CMakeFiles/dust_post.dir/fortran.internal
373,f8326d00d036ca1e84934159a9ef38c42a1d2f8aa5f7cd2f7fcca392ec08f121,56,4,168,3,TEST,TEST/BBF_DUST_COUPLED/build_dust/CMakeFiles/dust_pre.dir/fortran.internal
373,f8326d00d036ca1e84934159a9ef38c42a1d2f8aa5f7cd2f7fcca392ec08f121,56,4,168,4,TEST,TEST/BBF_DUST_COUPLED/build_dust/CMakeFiles/dustlib.dir/fortran.internal
374,0034df22ead52acc5f47060e1ce3ae81fe44c323ee469f5445f8178197fa19c2,162,2,162,1,BFF_DUST_55,BFF_DUST_55/CASE_DUST_FLUTTER_EMULATION/dust/dust_pre.in
374,0034df22ead52acc5f47060e1ce3ae81fe44c323ee469f5445f8178197fa19c2,162,2,162,2,BFF_DUST_55,BFF_DUST_55/CASE_DUST_SMOKE/dust/dust_pre.in
375,f1c985ace96fb5e7455a9f4c13531b5aa290fe128e73340d10761c3c518263c0,155,2,155,1,MBDYN,MBDYN/PID_5deg_35ms/roll.py
375,f1c985ace96fb5e7455a9f4c13531b5aa290fe128e73340d10761c3c518263c0,155,2,155,2,MBDYN,MBDYN/PID_pitch/roll.py
376,0c90569a85ff1da6aeeea9609af5b27db852ceb5f6a8beb7e919ecec21b4d699,75,3,150,1,NASTRAN,NASTRAN/REALASED_MODEL/MAIN/.venv_x56/lib/python3.12/site-packages/fontTools/encodings/__init__.py
376,0c90569a85ff1da6aeeea9609af5b27db852ceb5f6a8beb7e919ecec21b4d699,75,3,150,2,NASTRAN,NASTRAN/REALASED_MODEL/MAIN/.venv_x56/lib/python3.12/site-packages/fontTools/misc/__init__.py
376,0c90569a85ff1da6aeeea9609af5b27db852ceb5f6a8beb7e919ecec21b4d699,75,3,150,3,NASTRAN,NASTRAN/REALASED_MODEL/MAIN/.venv_x56/lib/python3.12/site-packages/fontTools/pens/__init__.py
377,ac90a994678616346852fc495a154e351832198199a0e921c9e8f4b372b28e82,138,2,138,1,NASTRAN,NASTRAN/REALASED_MODEL/MAIN/.venv_x56/lib/python3.12/site-packages/contourpy-1.3.3.dist-info/WHEEL
377,ac90a994678616346852fc495a154e351832198199a0e921c9e8f4b372b28e82,138,2,138,2,NASTRAN,NASTRAN/REALASED_MODEL/MAIN/.venv_x56/lib/python3.12/site-packages/scipy-1.17.1.dist-info/WHEEL
378,dea2037170a4e7bec05e22b7a4389f3be804f54fcc61660682d0fbf202dadbf5,137,2,137,1,NASTRAN,NASTRAN/REALASED_MODEL/MAIN/.venv_x56/lib/python3.12/site-packages/matplotlib-3.11.1.dist-info/WHEEL
378,dea2037170a4e7bec05e22b7a4389f3be804f54fcc61660682d0fbf202dadbf5,137,2,137,2,NASTRAN,NASTRAN/REALASED_MODEL/MAIN/.venv_x56/lib/python3.12/site-packages/numpy-1.26.4.dist-info/WHEEL
379,1b68144734c4b66791f27add5d425f3620775585718a03d0f9b110ba3a4d88db,82,2,82,1,NASTRAN,NASTRAN/REALASED_MODEL/MAIN/.venv_x56/lib/python3.12/site-packages/packaging-26.2.dist-info/WHEEL
379,1b68144734c4b66791f27add5d425f3620775585718a03d0f9b110ba3a4d88db,82,2,82,2,NASTRAN,NASTRAN/REALASED_MODEL/MAIN/.venv_x56/lib/python3.12/site-packages/pyparsing-3.3.2.dist-info/WHEEL
380,32480f004cc641df91ab4c343d95d25f62da7515a150409c8ac258f254ab9b84,75,2,75,1,NASTRAN,NASTRAN/REALASED_MODEL/MAIN/.venv_x56/lib/python3.12/site-packages/colorama/tests/__init__.py
380,32480f004cc641df91ab4c343d95d25f62da7515a150409c8ac258f254ab9b84,75,2,75,2,NASTRAN,NASTRAN/REALASED_MODEL/MAIN/.venv_x56/lib/python3.12/site-packages/pip/_vendor/colorama/tests/__init__.py
381,ceebae7b8927a3227e5303cf5e0f1f7b34bb542ad7250ac03fbcde36ec2f1508,4,18,68,1,NASTRAN,NASTRAN/REALASED_MODEL/MAIN/.venv_x56/lib/python3.12/site-packages/colorama-0.4.6.dist-info/INSTALLER
381,ceebae7b8927a3227e5303cf5e0f1f7b34bb542ad7250ac03fbcde36ec2f1508,4,18,68,2,NASTRAN,NASTRAN/REALASED_MODEL/MAIN/.venv_x56/lib/python3.12/site-packages/contourpy-1.3.3.dist-info/INSTALLER
381,ceebae7b8927a3227e5303cf5e0f1f7b34bb542ad7250ac03fbcde36ec2f1508,4,18,68,3,NASTRAN,NASTRAN/REALASED_MODEL/MAIN/.venv_x56/lib/python3.12/site-packages/cpylog-1.6.0.dist-info/INSTALLER
381,ceebae7b8927a3227e5303cf5e0f1f7b34bb542ad7250ac03fbcde36ec2f1508,4,18,68,4,NASTRAN,NASTRAN/REALASED_MODEL/MAIN/.venv_x56/lib/python3.12/site-packages/cycler-0.12.1.dist-info/INSTALLER
381,ceebae7b8927a3227e5303cf5e0f1f7b34bb542ad7250ac03fbcde36ec2f1508,4,18,68,5,NASTRAN,NASTRAN/REALASED_MODEL/MAIN/.venv_x56/lib/python3.12/site-packages/docopt_ng-0.9.0.dist-info/INSTALLER
381,ceebae7b8927a3227e5303cf5e0f1f7b34bb542ad7250ac03fbcde36ec2f1508,4,18,68,6,NASTRAN,NASTRAN/REALASED_MODEL/MAIN/.venv_x56/lib/python3.12/site-packages/fonttools-4.63.0.dist-info/INSTALLER
381,ceebae7b8927a3227e5303cf5e0f1f7b34bb542ad7250ac03fbcde36ec2f1508,4,18,68,7,NASTRAN,NASTRAN/REALASED_MODEL/MAIN/.venv_x56/lib/python3.12/site-packages/kiwisolver-1.5.0.dist-info/INSTALLER
381,ceebae7b8927a3227e5303cf5e0f1f7b34bb542ad7250ac03fbcde36ec2f1508,4,18,68,8,NASTRAN,NASTRAN/REALASED_MODEL/MAIN/.venv_x56/lib/python3.12/site-packages/matplotlib-3.11.1.dist-info/INSTALLER
381,ceebae7b8927a3227e5303cf5e0f1f7b34bb542ad7250ac03fbcde36ec2f1508,4,18,68,9,NASTRAN,NASTRAN/REALASED_MODEL/MAIN/.venv_x56/lib/python3.12/site-packages/numpy-1.26.4.dist-info/INSTALLER
381,ceebae7b8927a3227e5303cf5e0f1f7b34bb542ad7250ac03fbcde36ec2f1508,4,18,68,10,NASTRAN,NASTRAN/REALASED_MODEL/MAIN/.venv_x56/lib/python3.12/site-packages/packaging-26.2.dist-info/INSTALLER
381,ceebae7b8927a3227e5303cf5e0f1f7b34bb542ad7250ac03fbcde36ec2f1508,4,18,68,11,NASTRAN,NASTRAN/REALASED_MODEL/MAIN/.venv_x56/lib/python3.12/site-packages/pillow-12.3.0.dist-info/INSTALLER
381,ceebae7b8927a3227e5303cf5e0f1f7b34bb542ad7250ac03fbcde36ec2f1508,4,18,68,12,NASTRAN,NASTRAN/REALASED_MODEL/MAIN/.venv_x56/lib/python3.12/site-packages/pip-24.0.dist-info/INSTALLER
381,ceebae7b8927a3227e5303cf5e0f1f7b34bb542ad7250ac03fbcde36ec2f1508,4,18,68,13,NASTRAN,NASTRAN/REALASED_MODEL/MAIN/.venv_x56/lib/python3.12/site-packages/pip-24.0.dist-info/top_level.txt
381,ceebae7b8927a3227e5303cf5e0f1f7b34bb542ad7250ac03fbcde36ec2f1508,4,18,68,14,NASTRAN,NASTRAN/REALASED_MODEL/MAIN/.venv_x56/lib/python3.12/site-packages/pyNastran-1.4.1.dist-info/INSTALLER
381,ceebae7b8927a3227e5303cf5e0f1f7b34bb542ad7250ac03fbcde36ec2f1508,4,18,68,15,NASTRAN,NASTRAN/REALASED_MODEL/MAIN/.venv_x56/lib/python3.12/site-packages/pyparsing-3.3.2.dist-info/INSTALLER
381,ceebae7b8927a3227e5303cf5e0f1f7b34bb542ad7250ac03fbcde36ec2f1508,4,18,68,16,NASTRAN,NASTRAN/REALASED_MODEL/MAIN/.venv_x56/lib/python3.12/site-packages/python_dateutil-2.9.0.post0.dist-info/INSTALLER
381,ceebae7b8927a3227e5303cf5e0f1f7b34bb542ad7250ac03fbcde36ec2f1508,4,18,68,17,NASTRAN,NASTRAN/REALASED_MODEL/MAIN/.venv_x56/lib/python3.12/site-packages/scipy-1.17.1.dist-info/INSTALLER
381,ceebae7b8927a3227e5303cf5e0f1f7b34bb542ad7250ac03fbcde36ec2f1508,4,18,68,18,NASTRAN,NASTRAN/REALASED_MODEL/MAIN/.venv_x56/lib/python3.12/site-packages/six-1.17.0.dist-info/INSTALLER
382,fca9d5b1e75ad99b82268a4188fe0f82aeca095788a3ed4e8242903fdefdba55,26,2,26,1,NASTRAN,NASTRAN/REALASED_MODEL/FLUTTER_TEST/X56A_Flex_exec_include.dat
382,fca9d5b1e75ad99b82268a4188fe0f82aeca095788a3ed4e8242903fdefdba55,26,2,26,2,NASTRAN,NASTRAN/REALASED_MODEL/MAIN/X56A_Flex_exec_include.dat
383,01ba4719c80b6fe911b091a7c05124b64eeece964e09c058ef8f9805daca546b,1,3,2,1,BFF_DUST_55,BFF_DUST_55/CASE_DUST_FLUTTER_EMULATION/output/.gitkeep
383,01ba4719c80b6fe911b091a7c05124b64eeece964e09c058ef8f9805daca546b,1,3,2,2,NASTRAN,NASTRAN/REALASED_MODEL/MAIN/.venv_x56/lib/python3.12/site-packages/pillow-12.3.0.dist-info/zip-safe
383,01ba4719c80b6fe911b091a7c05124b64eeece964e09c058ef8f9805daca546b,1,3,2,3,NASTRAN,NASTRAN/REALASED_MODEL/MAIN/.venv_x56/lib/python3.12/site-packages/python_dateutil-2.9.0.post0.dist-info/zip-safe
