sottocartella,profondita,file_diretti,file_ricorsivi,byte_ricorsivi,ultimo_mtime_utc,estensioni_principali_ricorsive
.agents,1,0,0,0,,
.codex,1,0,0,0,,
BFF_DUST_55,1,10,1750,239486236,2026-08-13T00:26:07+00:00,.dat:626; .in:380; .h5:292; .log:228; .vtu:84; .mbd:35; .py:22; .pyc:16; .md:7; .xml:7; .pvd:6; .csv:6
BFF_DUST_55/CASE_DUST_FLUTTER_EMULATION,2,9,35,57747387,2026-08-11T15:59:51+00:00,.mbd:10; .in:8; .pyc:5; .py:5; [senza_estensione]:2; .fem:1; .c81:1; .md:1; .h5:1; .xml:1
BFF_DUST_55/CASE_DUST_FLUTTER_EMULATION/INCLUDE,3,10,10,57506609,2026-08-11T15:55:44+00:00,.mbd:8; .fem:1; .c81:1
BFF_DUST_55/CASE_DUST_FLUTTER_EMULATION/__pycache__,3,5,5,37799,2026-08-11T15:59:50+00:00,.pyc:5
BFF_DUST_55/CASE_DUST_FLUTTER_EMULATION/dust,3,6,6,164271,2026-08-11T15:59:51+00:00,.in:5; .h5:1
BFF_DUST_55/CASE_DUST_FLUTTER_EMULATION/output,3,1,4,5154,2026-08-11T15:59:51+00:00,.in:2; [senza_estensione]:1; .mbd:1
BFF_DUST_55/CASE_DUST_FLUTTER_EMULATION/output/flutter_v60p8421,4,3,3,5153,2026-08-11T15:59:51+00:00,.in:2; .mbd:1
BFF_DUST_55/CASE_DUST_FLUTTER_EMULATION/output/flutter_v60p8421/dust,5,0,0,0,,
BFF_DUST_55/CASE_DUST_FLUTTER_EMULATION/paraview_results,3,0,0,0,,
BFF_DUST_55/CASE_DUST_FLUTTER_EMULATION/structure,3,1,1,2218,2026-08-11T15:54:44+00:00,.in:1
BFF_DUST_55/CASE_DUST_SMOKE,2,14,1575,114131742,2026-08-11T15:29:54+00:00,.dat:621; .in:353; .h5:278; .log:213; .vtu:70; .mbd:10; .py:8; .md:4; .pvd:3; .pyc:3; .fem:1; .c81:1
BFF_DUST_55/CASE_DUST_SMOKE/AILERON_ANIMATION,3,2,376,13636537,2026-08-11T15:17:10+00:00,.dat:153; .in:85; .h5:68; .log:51; .vtu:17; .md:1; .pvd:1
BFF_DUST_55/CASE_DUST_SMOKE/AILERON_ANIMATION/frame_00_wf4_+00.0deg,4,10,22,802016,2026-08-11T15:16:54+00:00,.dat:9; .in:5; .h5:4; .log:3; .vtu:1
BFF_DUST_55/CASE_DUST_SMOKE/AILERON_ANIMATION/frame_00_wf4_+00.0deg/airfoilsection,5,9,9,11981,2026-05-07T15:37:31+00:00,.dat:9
BFF_DUST_55/CASE_DUST_SMOKE/AILERON_ANIMATION/frame_00_wf4_+00.0deg/output,5,3,3,548544,2026-08-11T15:16:54+00:00,.h5:3
BFF_DUST_55/CASE_DUST_SMOKE/AILERON_ANIMATION/frame_01_wf4_+02.5deg,4,10,22,802016,2026-08-11T15:16:54+00:00,.dat:9; .in:5; .h5:4; .log:3; .vtu:1
BFF_DUST_55/CASE_DUST_SMOKE/AILERON_ANIMATION/frame_01_wf4_+02.5deg/airfoilsection,5,9,9,11981,2026-05-07T15:37:31+00:00,.dat:9
BFF_DUST_55/CASE_DUST_SMOKE/AILERON_ANIMATION/frame_01_wf4_+02.5deg/output,5,3,3,548544,2026-08-11T15:16:52+00:00,.h5:3
BFF_DUST_55/CASE_DUST_SMOKE/AILERON_ANIMATION/frame_02_wf4_+05.0deg,4,10,22,802016,2026-08-11T15:16:54+00:00,.dat:9; .in:5; .h5:4; .log:3; .vtu:1
BFF_DUST_55/CASE_DUST_SMOKE/AILERON_ANIMATION/frame_02_wf4_+05.0deg/airfoilsection,5,9,9,11981,2026-05-07T15:37:31+00:00,.dat:9
BFF_DUST_55/CASE_DUST_SMOKE/AILERON_ANIMATION/frame_02_wf4_+05.0deg/output,5,3,3,548544,2026-08-11T15:16:54+00:00,.h5:3
BFF_DUST_55/CASE_DUST_SMOKE/AILERON_ANIMATION/frame_03_wf4_+07.5deg,4,10,22,802016,2026-08-11T15:16:55+00:00,.dat:9; .in:5; .h5:4; .log:3; .vtu:1
BFF_DUST_55/CASE_DUST_SMOKE/AILERON_ANIMATION/frame_03_wf4_+07.5deg/airfoilsection,5,9,9,11981,2026-05-07T15:37:31+00:00,.dat:9
BFF_DUST_55/CASE_DUST_SMOKE/AILERON_ANIMATION/frame_03_wf4_+07.5deg/output,5,3,3,548544,2026-08-11T15:16:55+00:00,.h5:3
BFF_DUST_55/CASE_DUST_SMOKE/AILERON_ANIMATION/frame_04_wf4_+10.0deg,4,10,22,802018,2026-08-11T15:16:56+00:00,.dat:9; .in:5; .h5:4; .log:3; .vtu:1
BFF_DUST_55/CASE_DUST_SMOKE/AILERON_ANIMATION/frame_04_wf4_+10.0deg/airfoilsection,5,9,9,11981,2026-05-07T15:37:31+00:00,.dat:9
BFF_DUST_55/CASE_DUST_SMOKE/AILERON_ANIMATION/frame_04_wf4_+10.0deg/output,5,3,3,548544,2026-08-11T15:16:56+00:00,.h5:3
BFF_DUST_55/CASE_DUST_SMOKE/AILERON_ANIMATION/frame_05_wf4_+07.5deg,4,10,22,802016,2026-08-11T15:16:57+00:00,.dat:9; .in:5; .h5:4; .log:3; .vtu:1
BFF_DUST_55/CASE_DUST_SMOKE/AILERON_ANIMATION/frame_05_wf4_+07.5deg/airfoilsection,5,9,9,11981,2026-05-07T15:37:31+00:00,.dat:9
BFF_DUST_55/CASE_DUST_SMOKE/AILERON_ANIMATION/frame_05_wf4_+07.5deg/output,5,3,3,548544,2026-08-11T15:16:57+00:00,.h5:3
BFF_DUST_55/CASE_DUST_SMOKE/AILERON_ANIMATION/frame_06_wf4_+05.0deg,4,10,22,802016,2026-08-11T15:16:58+00:00,.dat:9; .in:5; .h5:4; .log:3; .vtu:1
BFF_DUST_55/CASE_DUST_SMOKE/AILERON_ANIMATION/frame_06_wf4_+05.0deg/airfoilsection,5,9,9,11981,2026-05-07T15:37:31+00:00,.dat:9
BFF_DUST_55/CASE_DUST_SMOKE/AILERON_ANIMATION/frame_06_wf4_+05.0deg/output,5,3,3,548544,2026-08-11T15:16:58+00:00,.h5:3
BFF_DUST_55/CASE_DUST_SMOKE/AILERON_ANIMATION/frame_07_wf4_+02.5deg,4,10,22,802016,2026-08-11T15:16:59+00:00,.dat:9; .in:5; .h5:4; .log:3; .vtu:1
BFF_DUST_55/CASE_DUST_SMOKE/AILERON_ANIMATION/frame_07_wf4_+02.5deg/airfoilsection,5,9,9,11981,2026-05-07T15:37:31+00:00,.dat:9
BFF_DUST_55/CASE_DUST_SMOKE/AILERON_ANIMATION/frame_07_wf4_+02.5deg/output,5,3,3,548544,2026-08-11T15:16:59+00:00,.h5:3
BFF_DUST_55/CASE_DUST_SMOKE/AILERON_ANIMATION/frame_08_wf4_+00.0deg,4,10,22,802016,2026-08-11T15:17:01+00:00,.dat:9; .in:5; .h5:4; .log:3; .vtu:1
BFF_DUST_55/CASE_DUST_SMOKE/AILERON_ANIMATION/frame_08_wf4_+00.0deg/airfoilsection,5,9,9,11981,2026-05-07T15:37:31+00:00,.dat:9
BFF_DUST_55/CASE_DUST_SMOKE/AILERON_ANIMATION/frame_08_wf4_+00.0deg/output,5,3,3,548544,2026-08-11T15:17:01+00:00,.h5:3
BFF_DUST_55/CASE_DUST_SMOKE/AILERON_ANIMATION/frame_09_wf4_-02.5deg,4,10,22,802018,2026-08-11T15:17:02+00:00,.dat:9; .in:5; .h5:4; .log:3; .vtu:1
BFF_DUST_55/CASE_DUST_SMOKE/AILERON_ANIMATION/frame_09_wf4_-02.5deg/airfoilsection,5,9,9,11981,2026-05-07T15:37:31+00:00,.dat:9
BFF_DUST_55/CASE_DUST_SMOKE/AILERON_ANIMATION/frame_09_wf4_-02.5deg/output,5,3,3,548544,2026-08-11T15:17:02+00:00,.h5:3
BFF_DUST_55/CASE_DUST_SMOKE/AILERON_ANIMATION/frame_10_wf4_-05.0deg,4,10,22,802018,2026-08-11T15:17:03+00:00,.dat:9; .in:5; .h5:4; .log:3; .vtu:1
BFF_DUST_55/CASE_DUST_SMOKE/AILERON_ANIMATION/frame_10_wf4_-05.0deg/airfoilsection,5,9,9,11981,2026-05-07T15:37:31+00:00,.dat:9
BFF_DUST_55/CASE_DUST_SMOKE/AILERON_ANIMATION/frame_10_wf4_-05.0deg/output,5,3,3,548544,2026-08-11T15:17:03+00:00,.h5:3
BFF_DUST_55/CASE_DUST_SMOKE/AILERON_ANIMATION/frame_11_wf4_-07.5deg,4,10,22,802018,2026-08-11T15:17:04+00:00,.dat:9; .in:5; .h5:4; .log:3; .vtu:1
BFF_DUST_55/CASE_DUST_SMOKE/AILERON_ANIMATION/frame_11_wf4_-07.5deg/airfoilsection,5,9,9,11981,2026-05-07T15:37:31+00:00,.dat:9
BFF_DUST_55/CASE_DUST_SMOKE/AILERON_ANIMATION/frame_11_wf4_-07.5deg/output,5,3,3,548544,2026-08-11T15:17:04+00:00,.h5:3
BFF_DUST_55/CASE_DUST_SMOKE/AILERON_ANIMATION/frame_12_wf4_-10.0deg,4,10,22,802020,2026-08-11T15:17:05+00:00,.dat:9; .in:5; .h5:4; .log:3; .vtu:1
BFF_DUST_55/CASE_DUST_SMOKE/AILERON_ANIMATION/frame_12_wf4_-10.0deg/airfoilsection,5,9,9,11981,2026-05-07T15:37:31+00:00,.dat:9
BFF_DUST_55/CASE_DUST_SMOKE/AILERON_ANIMATION/frame_12_wf4_-10.0deg/output,5,3,3,548544,2026-08-11T15:17:05+00:00,.h5:3
BFF_DUST_55/CASE_DUST_SMOKE/AILERON_ANIMATION/frame_13_wf4_-07.5deg,4,10,22,802018,2026-08-11T15:17:06+00:00,.dat:9; .in:5; .h5:4; .log:3; .vtu:1
BFF_DUST_55/CASE_DUST_SMOKE/AILERON_ANIMATION/frame_13_wf4_-07.5deg/airfoilsection,5,9,9,11981,2026-05-07T15:37:31+00:00,.dat:9
BFF_DUST_55/CASE_DUST_SMOKE/AILERON_ANIMATION/frame_13_wf4_-07.5deg/output,5,3,3,548544,2026-08-11T15:17:06+00:00,.h5:3
BFF_DUST_55/CASE_DUST_SMOKE/AILERON_ANIMATION/frame_14_wf4_-05.0deg,4,10,22,802018,2026-08-11T15:17:08+00:00,.dat:9; .in:5; .h5:4; .log:3; .vtu:1
BFF_DUST_55/CASE_DUST_SMOKE/AILERON_ANIMATION/frame_14_wf4_-05.0deg/airfoilsection,5,9,9,11981,2026-05-07T15:37:31+00:00,.dat:9
BFF_DUST_55/CASE_DUST_SMOKE/AILERON_ANIMATION/frame_14_wf4_-05.0deg/output,5,3,3,548544,2026-08-11T15:17:08+00:00,.h5:3
BFF_DUST_55/CASE_DUST_SMOKE/AILERON_ANIMATION/frame_15_wf4_-02.5deg,4,10,22,802018,2026-08-11T15:17:09+00:00,.dat:9; .in:5; .h5:4; .log:3; .vtu:1
BFF_DUST_55/CASE_DUST_SMOKE/AILERON_ANIMATION/frame_15_wf4_-02.5deg/airfoilsection,5,9,9,11981,2026-05-07T15:37:31+00:00,.dat:9
BFF_DUST_55/CASE_DUST_SMOKE/AILERON_ANIMATION/frame_15_wf4_-02.5deg/output,5,3,3,548544,2026-08-11T15:17:09+00:00,.h5:3
BFF_DUST_55/CASE_DUST_SMOKE/AILERON_ANIMATION/frame_16_wf4_+00.0deg,4,10,22,802016,2026-08-11T15:17:10+00:00,.dat:9; .in:5; .h5:4; .log:3; .vtu:1
BFF_DUST_55/CASE_DUST_SMOKE/AILERON_ANIMATION/frame_16_wf4_+00.0deg/airfoilsection,5,9,9,11981,2026-05-07T15:37:31+00:00,.dat:9
BFF_DUST_55/CASE_DUST_SMOKE/AILERON_ANIMATION/frame_16_wf4_+00.0deg/output,5,3,3,548544,2026-08-11T15:17:10+00:00,.h5:3
BFF_DUST_55/CASE_DUST_SMOKE/DEFLECTION_CASES,3,2,156,5615353,2026-08-11T15:29:03+00:00,.dat:63; .in:35; .h5:28; .log:21; .vtu:7; .md:1; .pvd:1
BFF_DUST_55/CASE_DUST_SMOKE/DEFLECTION_CASES/00_neutral,4,10,22,801942,2026-08-11T15:28:56+00:00,.dat:9; .in:5; .h5:4; .log:3; .vtu:1
BFF_DUST_55/CASE_DUST_SMOKE/DEFLECTION_CASES/00_neutral/airfoilsection,5,9,9,11981,2026-05-07T15:37:31+00:00,.dat:9
BFF_DUST_55/CASE_DUST_SMOKE/DEFLECTION_CASES/00_neutral/output,5,3,3,548544,2026-08-11T15:28:56+00:00,.h5:3
BFF_DUST_55/CASE_DUST_SMOKE/DEFLECTION_CASES/01_body_flaps_plus10,4,10,22,802014,2026-08-11T15:28:57+00:00,.dat:9; .in:5; .h5:4; .log:3; .vtu:1
BFF_DUST_55/CASE_DUST_SMOKE/DEFLECTION_CASES/01_body_flaps_plus10/airfoilsection,5,9,9,11981,2026-05-07T15:37:31+00:00,.dat:9
BFF_DUST_55/CASE_DUST_SMOKE/DEFLECTION_CASES/01_body_flaps_plus10/output,5,3,3,548544,2026-08-11T15:28:57+00:00,.h5:3
BFF_DUST_55/CASE_DUST_SMOKE/DEFLECTION_CASES/02_wf1_minus10,4,10,22,801974,2026-08-11T15:28:58+00:00,.dat:9; .in:5; .h5:4; .log:3; .vtu:1
BFF_DUST_55/CASE_DUST_SMOKE/DEFLECTION_CASES/02_wf1_minus10/airfoilsection,5,9,9,11981,2026-05-07T15:37:31+00:00,.dat:9
BFF_DUST_55/CASE_DUST_SMOKE/DEFLECTION_CASES/02_wf1_minus10/output,5,3,3,548544,2026-08-11T15:28:58+00:00,.h5:3
BFF_DUST_55/CASE_DUST_SMOKE/DEFLECTION_CASES/03_wf2_plus10,4,10,22,801965,2026-08-11T15:28:59+00:00,.dat:9; .in:5; .h5:4; .log:3; .vtu:1
BFF_DUST_55/CASE_DUST_SMOKE/DEFLECTION_CASES/03_wf2_plus10/airfoilsection,5,9,9,11981,2026-05-07T15:37:31+00:00,.dat:9
BFF_DUST_55/CASE_DUST_SMOKE/DEFLECTION_CASES/03_wf2_plus10/output,5,3,3,548544,2026-08-11T15:28:59+00:00,.h5:3
BFF_DUST_55/CASE_DUST_SMOKE/DEFLECTION_CASES/04_wf3_minus10,4,10,22,801974,2026-08-11T15:29:00+00:00,.dat:9; .in:5; .h5:4; .log:3; .vtu:1
BFF_DUST_55/CASE_DUST_SMOKE/DEFLECTION_CASES/04_wf3_minus10/airfoilsection,5,9,9,11981,2026-05-07T15:37:31+00:00,.dat:9
BFF_DUST_55/CASE_DUST_SMOKE/DEFLECTION_CASES/04_wf3_minus10/output,5,3,3,548544,2026-08-11T15:29:00+00:00,.h5:3
BFF_DUST_55/CASE_DUST_SMOKE/DEFLECTION_CASES/05_wf4_plus10,4,10,22,801965,2026-08-11T15:29:01+00:00,.dat:9; .in:5; .h5:4; .log:3; .vtu:1
BFF_DUST_55/CASE_DUST_SMOKE/DEFLECTION_CASES/05_wf4_plus10/airfoilsection,5,9,9,11981,2026-05-07T15:37:31+00:00,.dat:9
BFF_DUST_55/CASE_DUST_SMOKE/DEFLECTION_CASES/05_wf4_plus10/output,5,3,3,548544,2026-08-11T15:29:01+00:00,.h5:3
BFF_DUST_55/CASE_DUST_SMOKE/DEFLECTION_CASES/06_all_original_hinges,4,10,22,802040,2026-08-11T15:29:03+00:00,.dat:9; .in:5; .h5:4; .log:3; .vtu:1
BFF_DUST_55/CASE_DUST_SMOKE/DEFLECTION_CASES/06_all_original_hinges/airfoilsection,5,9,9,11981,2026-05-07T15:37:31+00:00,.dat:9
BFF_DUST_55/CASE_DUST_SMOKE/DEFLECTION_CASES/06_all_original_hinges/output,5,3,3,548544,2026-08-11T15:29:03+00:00,.h5:3
BFF_DUST_55/CASE_DUST_SMOKE/INCLUDE,3,10,10,57506606,2026-08-10T23:09:51+00:00,.mbd:8; .fem:1; .c81:1
BFF_DUST_55/CASE_DUST_SMOKE/SURFACE_SEQUENCE_4231,3,3,993,36099876,2026-08-11T15:29:54+00:00,.dat:405; .in:225; .h5:180; .log:135; .vtu:45; .md:1; .pvd:1; .csv:1
BFF_DUST_55/CASE_DUST_SMOKE/SURFACE_SEQUENCE_4231/frame_00_WF4_LR_+00.0deg,4,10,22,802085,2026-08-11T15:29:04+00:00,.dat:9; .in:5; .h5:4; .log:3; .vtu:1
BFF_DUST_55/CASE_DUST_SMOKE/SURFACE_SEQUENCE_4231/frame_00_WF4_LR_+00.0deg/airfoilsection,5,9,9,11981,2026-05-07T15:37:31+00:00,.dat:9
BFF_DUST_55/CASE_DUST_SMOKE/SURFACE_SEQUENCE_4231/frame_00_WF4_LR_+00.0deg/output,5,3,3,548544,2026-08-11T15:29:04+00:00,.h5:3
BFF_DUST_55/CASE_DUST_SMOKE/SURFACE_SEQUENCE_4231/frame_01_WF4_LR_+15.0deg,4,10,22,802087,2026-08-11T15:29:05+00:00,.dat:9; .in:5; .h5:4; .log:3; .vtu:1
BFF_DUST_55/CASE_DUST_SMOKE/SURFACE_SEQUENCE_4231/frame_01_WF4_LR_+15.0deg/airfoilsection,5,9,9,11981,2026-05-07T15:37:31+00:00,.dat:9
BFF_DUST_55/CASE_DUST_SMOKE/SURFACE_SEQUENCE_4231/frame_01_WF4_LR_+15.0deg/output,5,3,3,548544,2026-08-11T15:29:05+00:00,.h5:3
BFF_DUST_55/CASE_DUST_SMOKE/SURFACE_SEQUENCE_4231/frame_02_WF4_LR_+30.0deg,4,10,22,802087,2026-08-11T15:29:06+00:00,.dat:9; .in:5; .h5:4; .log:3; .vtu:1
BFF_DUST_55/CASE_DUST_SMOKE/SURFACE_SEQUENCE_4231/frame_02_WF4_LR_+30.0deg/airfoilsection,5,9,9,11981,2026-05-07T15:37:31+00:00,.dat:9
BFF_DUST_55/CASE_DUST_SMOKE/SURFACE_SEQUENCE_4231/frame_02_WF4_LR_+30.0deg/output,5,3,3,548544,2026-08-11T15:29:06+00:00,.h5:3
BFF_DUST_55/CASE_DUST_SMOKE/SURFACE_SEQUENCE_4231/frame_03_WF4_LR_+15.0deg,4,10,22,802087,2026-08-11T15:29:07+00:00,.dat:9; .in:5; .h5:4; .log:3; .vtu:1
BFF_DUST_55/CASE_DUST_SMOKE/SURFACE_SEQUENCE_4231/frame_03_WF4_LR_+15.0deg/airfoilsection,5,9,9,11981,2026-05-07T15:37:31+00:00,.dat:9
BFF_DUST_55/CASE_DUST_SMOKE/SURFACE_SEQUENCE_4231/frame_03_WF4_LR_+15.0deg/output,5,3,3,548544,2026-08-11T15:29:07+00:00,.h5:3
BFF_DUST_55/CASE_DUST_SMOKE/SURFACE_SEQUENCE_4231/frame_04_WF4_LR_+00.0deg,4,10,22,802085,2026-08-11T15:29:09+00:00,.dat:9; .in:5; .h5:4; .log:3; .vtu:1
BFF_DUST_55/CASE_DUST_SMOKE/SURFACE_SEQUENCE_4231/frame_04_WF4_LR_+00.0deg/airfoilsection,5,9,9,11981,2026-05-07T15:37:31+00:00,.dat:9
BFF_DUST_55/CASE_DUST_SMOKE/SURFACE_SEQUENCE_4231/frame_04_WF4_LR_+00.0deg/output,5,3,3,548544,2026-08-11T15:29:09+00:00,.h5:3
BFF_DUST_55/CASE_DUST_SMOKE/SURFACE_SEQUENCE_4231/frame_05_WF4_LR_-15.0deg,4,10,22,802089,2026-08-11T15:29:10+00:00,.dat:9; .in:5; .h5:4; .log:3; .vtu:1
BFF_DUST_55/CASE_DUST_SMOKE/SURFACE_SEQUENCE_4231/frame_05_WF4_LR_-15.0deg/airfoilsection,5,9,9,11981,2026-05-07T15:37:31+00:00,.dat:9
BFF_DUST_55/CASE_DUST_SMOKE/SURFACE_SEQUENCE_4231/frame_05_WF4_LR_-15.0deg/output,5,3,3,548544,2026-08-11T15:29:10+00:00,.h5:3
BFF_DUST_55/CASE_DUST_SMOKE/SURFACE_SEQUENCE_4231/frame_06_WF4_LR_-30.0deg,4,10,22,802089,2026-08-11T15:29:11+00:00,.dat:9; .in:5; .h5:4; .log:3; .vtu:1
BFF_DUST_55/CASE_DUST_SMOKE/SURFACE_SEQUENCE_4231/frame_06_WF4_LR_-30.0deg/airfoilsection,5,9,9,11981,2026-05-07T15:37:31+00:00,.dat:9
BFF_DUST_55/CASE_DUST_SMOKE/SURFACE_SEQUENCE_4231/frame_06_WF4_LR_-30.0deg/output,5,3,3,548544,2026-08-11T15:29:11+00:00,.h5:3
BFF_DUST_55/CASE_DUST_SMOKE/SURFACE_SEQUENCE_4231/frame_07_WF4_LR_-15.0deg,4,10,22,802089,2026-08-11T15:29:12+00:00,.dat:9; .in:5; .h5:4; .log:3; .vtu:1
BFF_DUST_55/CASE_DUST_SMOKE/SURFACE_SEQUENCE_4231/frame_07_WF4_LR_-15.0deg/airfoilsection,5,9,9,11981,2026-05-07T15:37:31+00:00,.dat:9
BFF_DUST_55/CASE_DUST_SMOKE/SURFACE_SEQUENCE_4231/frame_07_WF4_LR_-15.0deg/output,5,3,3,548544,2026-08-11T15:29:12+00:00,.h5:3
BFF_DUST_55/CASE_DUST_SMOKE/SURFACE_SEQUENCE_4231/frame_08_WF4_LR_+00.0deg,4,10,22,802085,2026-08-11T15:29:13+00:00,.dat:9; .in:5; .h5:4; .log:3; .vtu:1
BFF_DUST_55/CASE_DUST_SMOKE/SURFACE_SEQUENCE_4231/frame_08_WF4_LR_+00.0deg/airfoilsection,5,9,9,11981,2026-05-07T15:37:31+00:00,.dat:9
BFF_DUST_55/CASE_DUST_SMOKE/SURFACE_SEQUENCE_4231/frame_08_WF4_LR_+00.0deg/output,5,3,3,548544,2026-08-11T15:29:13+00:00,.h5:3
BFF_DUST_55/CASE_DUST_SMOKE/SURFACE_SEQUENCE_4231/frame_09_WF2_LR_+00.0deg,4,10,22,802085,2026-08-11T15:29:15+00:00,.dat:9; .in:5; .h5:4; .log:3; .vtu:1
BFF_DUST_55/CASE_DUST_SMOKE/SURFACE_SEQUENCE_4231/frame_09_WF2_LR_+00.0deg/airfoilsection,5,9,9,11981,2026-05-07T15:37:31+00:00,.dat:9
BFF_DUST_55/CASE_DUST_SMOKE/SURFACE_SEQUENCE_4231/frame_09_WF2_LR_+00.0deg/output,5,3,3,548544,2026-08-11T15:29:15+00:00,.h5:3
BFF_DUST_55/CASE_DUST_SMOKE/SURFACE_SEQUENCE_4231/frame_10_WF2_LR_+15.0deg,4,10,22,802087,2026-08-11T15:29:16+00:00,.dat:9; .in:5; .h5:4; .log:3; .vtu:1
BFF_DUST_55/CASE_DUST_SMOKE/SURFACE_SEQUENCE_4231/frame_10_WF2_LR_+15.0deg/airfoilsection,5,9,9,11981,2026-05-07T15:37:31+00:00,.dat:9
BFF_DUST_55/CASE_DUST_SMOKE/SURFACE_SEQUENCE_4231/frame_10_WF2_LR_+15.0deg/output,5,3,3,548544,2026-08-11T15:29:16+00:00,.h5:3
BFF_DUST_55/CASE_DUST_SMOKE/SURFACE_SEQUENCE_4231/frame_11_WF2_LR_+30.0deg,4,10,22,802087,2026-08-11T15:29:17+00:00,.dat:9; .in:5; .h5:4; .log:3; .vtu:1
BFF_DUST_55/CASE_DUST_SMOKE/SURFACE_SEQUENCE_4231/frame_11_WF2_LR_+30.0deg/airfoilsection,5,9,9,11981,2026-05-07T15:37:31+00:00,.dat:9
BFF_DUST_55/CASE_DUST_SMOKE/SURFACE_SEQUENCE_4231/frame_11_WF2_LR_+30.0deg/output,5,3,3,548544,2026-08-11T15:29:17+00:00,.h5:3
BFF_DUST_55/CASE_DUST_SMOKE/SURFACE_SEQUENCE_4231/frame_12_WF2_LR_+15.0deg,4,10,22,802087,2026-08-11T15:29:18+00:00,.dat:9; .in:5; .h5:4; .log:3; .vtu:1
BFF_DUST_55/CASE_DUST_SMOKE/SURFACE_SEQUENCE_4231/frame_12_WF2_LR_+15.0deg/airfoilsection,5,9,9,11981,2026-05-07T15:37:31+00:00,.dat:9
BFF_DUST_55/CASE_DUST_SMOKE/SURFACE_SEQUENCE_4231/frame_12_WF2_LR_+15.0deg/output,5,3,3,548544,2026-08-11T15:29:18+00:00,.h5:3
BFF_DUST_55/CASE_DUST_SMOKE/SURFACE_SEQUENCE_4231/frame_13_WF2_LR_+00.0deg,4,10,22,802085,2026-08-11T15:29:19+00:00,.dat:9; .in:5; .h5:4; .log:3; .vtu:1
BFF_DUST_55/CASE_DUST_SMOKE/SURFACE_SEQUENCE_4231/frame_13_WF2_LR_+00.0deg/airfoilsection,5,9,9,11981,2026-05-07T15:37:31+00:00,.dat:9
BFF_DUST_55/CASE_DUST_SMOKE/SURFACE_SEQUENCE_4231/frame_13_WF2_LR_+00.0deg/output,5,3,3,548544,2026-08-11T15:29:19+00:00,.h5:3
BFF_DUST_55/CASE_DUST_SMOKE/SURFACE_SEQUENCE_4231/frame_14_WF2_LR_-15.0deg,4,10,22,802089,2026-08-11T15:29:21+00:00,.dat:9; .in:5; .h5:4; .log:3; .vtu:1
BFF_DUST_55/CASE_DUST_SMOKE/SURFACE_SEQUENCE_4231/frame_14_WF2_LR_-15.0deg/airfoilsection,5,9,9,11981,2026-05-07T15:37:31+00:00,.dat:9
BFF_DUST_55/CASE_DUST_SMOKE/SURFACE_SEQUENCE_4231/frame_14_WF2_LR_-15.0deg/output,5,3,3,548544,2026-08-11T15:29:21+00:00,.h5:3
BFF_DUST_55/CASE_DUST_SMOKE/SURFACE_SEQUENCE_4231/frame_15_WF2_LR_-30.0deg,4,10,22,802089,2026-08-11T15:29:22+00:00,.dat:9; .in:5; .h5:4; .log:3; .vtu:1
BFF_DUST_55/CASE_DUST_SMOKE/SURFACE_SEQUENCE_4231/frame_15_WF2_LR_-30.0deg/airfoilsection,5,9,9,11981,2026-05-07T15:37:31+00:00,.dat:9
BFF_DUST_55/CASE_DUST_SMOKE/SURFACE_SEQUENCE_4231/frame_15_WF2_LR_-30.0deg/output,5,3,3,548544,2026-08-11T15:29:22+00:00,.h5:3
BFF_DUST_55/CASE_DUST_SMOKE/SURFACE_SEQUENCE_4231/frame_16_WF2_LR_-15.0deg,4,10,22,802089,2026-08-11T15:29:23+00:00,.dat:9; .in:5; .h5:4; .log:3; .vtu:1
BFF_DUST_55/CASE_DUST_SMOKE/SURFACE_SEQUENCE_4231/frame_16_WF2_LR_-15.0deg/airfoilsection,5,9,9,11981,2026-05-07T15:37:31+00:00,.dat:9
BFF_DUST_55/CASE_DUST_SMOKE/SURFACE_SEQUENCE_4231/frame_16_WF2_LR_-15.0deg/output,5,3,3,548544,2026-08-11T15:29:23+00:00,.h5:3
BFF_DUST_55/CASE_DUST_SMOKE/SURFACE_SEQUENCE_4231/frame_17_WF2_LR_+00.0deg,4,10,22,802085,2026-08-11T15:29:24+00:00,.dat:9; .in:5; .h5:4; .log:3; .vtu:1
BFF_DUST_55/CASE_DUST_SMOKE/SURFACE_SEQUENCE_4231/frame_17_WF2_LR_+00.0deg/airfoilsection,5,9,9,11981,2026-05-07T15:37:31+00:00,.dat:9
BFF_DUST_55/CASE_DUST_SMOKE/SURFACE_SEQUENCE_4231/frame_17_WF2_LR_+00.0deg/output,5,3,3,548544,2026-08-11T15:29:24+00:00,.h5:3
BFF_DUST_55/CASE_DUST_SMOKE/SURFACE_SEQUENCE_4231/frame_18_WF3_LR_+00.0deg,4,10,22,802085,2026-08-11T15:29:25+00:00,.dat:9; .in:5; .h5:4; .log:3; .vtu:1
BFF_DUST_55/CASE_DUST_SMOKE/SURFACE_SEQUENCE_4231/frame_18_WF3_LR_+00.0deg/airfoilsection,5,9,9,11981,2026-05-07T15:37:31+00:00,.dat:9
BFF_DUST_55/CASE_DUST_SMOKE/SURFACE_SEQUENCE_4231/frame_18_WF3_LR_+00.0deg/output,5,3,3,548544,2026-08-11T15:29:25+00:00,.h5:3
BFF_DUST_55/CASE_DUST_SMOKE/SURFACE_SEQUENCE_4231/frame_19_WF3_LR_+15.0deg,4,10,22,802087,2026-08-11T15:29:25+00:00,.dat:9; .in:5; .h5:4; .log:3; .vtu:1
BFF_DUST_55/CASE_DUST_SMOKE/SURFACE_SEQUENCE_4231/frame_19_WF3_LR_+15.0deg/airfoilsection,5,9,9,11981,2026-05-07T15:37:31+00:00,.dat:9
BFF_DUST_55/CASE_DUST_SMOKE/SURFACE_SEQUENCE_4231/frame_19_WF3_LR_+15.0deg/output,5,3,3,548544,2026-08-11T15:29:24+00:00,.h5:3
BFF_DUST_55/CASE_DUST_SMOKE/SURFACE_SEQUENCE_4231/frame_20_WF3_LR_+30.0deg,4,10,22,802087,2026-08-11T15:29:25+00:00,.dat:9; .in:5; .h5:4; .log:3; .vtu:1
BFF_DUST_55/CASE_DUST_SMOKE/SURFACE_SEQUENCE_4231/frame_20_WF3_LR_+30.0deg/airfoilsection,5,9,9,11981,2026-05-07T15:37:31+00:00,.dat:9
BFF_DUST_55/CASE_DUST_SMOKE/SURFACE_SEQUENCE_4231/frame_20_WF3_LR_+30.0deg/output,5,3,3,548544,2026-08-11T15:29:25+00:00,.h5:3
BFF_DUST_55/CASE_DUST_SMOKE/SURFACE_SEQUENCE_4231/frame_21_WF3_LR_+15.0deg,4,10,22,802087,2026-08-11T15:29:26+00:00,.dat:9; .in:5; .h5:4; .log:3; .vtu:1
BFF_DUST_55/CASE_DUST_SMOKE/SURFACE_SEQUENCE_4231/frame_21_WF3_LR_+15.0deg/airfoilsection,5,9,9,11981,2026-05-07T15:37:31+00:00,.dat:9
BFF_DUST_55/CASE_DUST_SMOKE/SURFACE_SEQUENCE_4231/frame_21_WF3_LR_+15.0deg/output,5,3,3,548544,2026-08-11T15:29:26+00:00,.h5:3
BFF_DUST_55/CASE_DUST_SMOKE/SURFACE_SEQUENCE_4231/frame_22_WF3_LR_+00.0deg,4,10,22,802085,2026-08-11T15:29:27+00:00,.dat:9; .in:5; .h5:4; .log:3; .vtu:1
BFF_DUST_55/CASE_DUST_SMOKE/SURFACE_SEQUENCE_4231/frame_22_WF3_LR_+00.0deg/airfoilsection,5,9,9,11981,2026-05-07T15:37:31+00:00,.dat:9
BFF_DUST_55/CASE_DUST_SMOKE/SURFACE_SEQUENCE_4231/frame_22_WF3_LR_+00.0deg/output,5,3,3,548544,2026-08-11T15:29:27+00:00,.h5:3
BFF_DUST_55/CASE_DUST_SMOKE/SURFACE_SEQUENCE_4231/frame_23_WF3_LR_-15.0deg,4,10,22,802089,2026-08-11T15:29:29+00:00,.dat:9; .in:5; .h5:4; .log:3; .vtu:1
BFF_DUST_55/CASE_DUST_SMOKE/SURFACE_SEQUENCE_4231/frame_23_WF3_LR_-15.0deg/airfoilsection,5,9,9,11981,2026-05-07T15:37:31+00:00,.dat:9
BFF_DUST_55/CASE_DUST_SMOKE/SURFACE_SEQUENCE_4231/frame_23_WF3_LR_-15.0deg/output,5,3,3,548544,2026-08-11T15:29:29+00:00,.h5:3
BFF_DUST_55/CASE_DUST_SMOKE/SURFACE_SEQUENCE_4231/frame_24_WF3_LR_-30.0deg,4,10,22,802089,2026-08-11T15:29:30+00:00,.dat:9; .in:5; .h5:4; .log:3; .vtu:1
BFF_DUST_55/CASE_DUST_SMOKE/SURFACE_SEQUENCE_4231/frame_24_WF3_LR_-30.0deg/airfoilsection,5,9,9,11981,2026-05-07T15:37:31+00:00,.dat:9
BFF_DUST_55/CASE_DUST_SMOKE/SURFACE_SEQUENCE_4231/frame_24_WF3_LR_-30.0deg/output,5,3,3,548544,2026-08-11T15:29:30+00:00,.h5:3
BFF_DUST_55/CASE_DUST_SMOKE/SURFACE_SEQUENCE_4231/frame_25_WF3_LR_-15.0deg,4,10,22,802089,2026-08-11T15:29:31+00:00,.dat:9; .in:5; .h5:4; .log:3; .vtu:1
BFF_DUST_55/CASE_DUST_SMOKE/SURFACE_SEQUENCE_4231/frame_25_WF3_LR_-15.0deg/airfoilsection,5,9,9,11981,2026-05-07T15:37:31+00:00,.dat:9
BFF_DUST_55/CASE_DUST_SMOKE/SURFACE_SEQUENCE_4231/frame_25_WF3_LR_-15.0deg/output,5,3,3,548544,2026-08-11T15:29:31+00:00,.h5:3
BFF_DUST_55/CASE_DUST_SMOKE/SURFACE_SEQUENCE_4231/frame_26_WF3_LR_+00.0deg,4,10,22,802085,2026-08-11T15:29:32+00:00,.dat:9; .in:5; .h5:4; .log:3; .vtu:1
BFF_DUST_55/CASE_DUST_SMOKE/SURFACE_SEQUENCE_4231/frame_26_WF3_LR_+00.0deg/airfoilsection,5,9,9,11981,2026-05-07T15:37:31+00:00,.dat:9
BFF_DUST_55/CASE_DUST_SMOKE/SURFACE_SEQUENCE_4231/frame_26_WF3_LR_+00.0deg/output,5,3,3,548544,2026-08-11T15:29:32+00:00,.h5:3
BFF_DUST_55/CASE_DUST_SMOKE/SURFACE_SEQUENCE_4231/frame_27_WF1_LR_+00.0deg,4,10,22,802085,2026-08-11T15:29:33+00:00,.dat:9; .in:5; .h5:4; .log:3; .vtu:1
BFF_DUST_55/CASE_DUST_SMOKE/SURFACE_SEQUENCE_4231/frame_27_WF1_LR_+00.0deg/airfoilsection,5,9,9,11981,2026-05-07T15:37:31+00:00,.dat:9
BFF_DUST_55/CASE_DUST_SMOKE/SURFACE_SEQUENCE_4231/frame_27_WF1_LR_+00.0deg/output,5,3,3,548544,2026-08-11T15:29:33+00:00,.h5:3
BFF_DUST_55/CASE_DUST_SMOKE/SURFACE_SEQUENCE_4231/frame_28_WF1_LR_+15.0deg,4,10,22,802087,2026-08-11T15:29:35+00:00,.dat:9; .in:5; .h5:4; .log:3; .vtu:1
BFF_DUST_55/CASE_DUST_SMOKE/SURFACE_SEQUENCE_4231/frame_28_WF1_LR_+15.0deg/airfoilsection,5,9,9,11981,2026-05-07T15:37:31+00:00,.dat:9
BFF_DUST_55/CASE_DUST_SMOKE/SURFACE_SEQUENCE_4231/frame_28_WF1_LR_+15.0deg/output,5,3,3,548544,2026-08-11T15:29:35+00:00,.h5:3
BFF_DUST_55/CASE_DUST_SMOKE/SURFACE_SEQUENCE_4231/frame_29_WF1_LR_+30.0deg,4,10,22,802087,2026-08-11T15:29:36+00:00,.dat:9; .in:5; .h5:4; .log:3; .vtu:1
BFF_DUST_55/CASE_DUST_SMOKE/SURFACE_SEQUENCE_4231/frame_29_WF1_LR_+30.0deg/airfoilsection,5,9,9,11981,2026-05-07T15:37:31+00:00,.dat:9
BFF_DUST_55/CASE_DUST_SMOKE/SURFACE_SEQUENCE_4231/frame_29_WF1_LR_+30.0deg/output,5,3,3,548544,2026-08-11T15:29:36+00:00,.h5:3
BFF_DUST_55/CASE_DUST_SMOKE/SURFACE_SEQUENCE_4231/frame_30_WF1_LR_+15.0deg,4,10,22,802087,2026-08-11T15:29:37+00:00,.dat:9; .in:5; .h5:4; .log:3; .vtu:1
BFF_DUST_55/CASE_DUST_SMOKE/SURFACE_SEQUENCE_4231/frame_30_WF1_LR_+15.0deg/airfoilsection,5,9,9,11981,2026-05-07T15:37:31+00:00,.dat:9
BFF_DUST_55/CASE_DUST_SMOKE/SURFACE_SEQUENCE_4231/frame_30_WF1_LR_+15.0deg/output,5,3,3,548544,2026-08-11T15:29:37+00:00,.h5:3
BFF_DUST_55/CASE_DUST_SMOKE/SURFACE_SEQUENCE_4231/frame_31_WF1_LR_+00.0deg,4,10,22,802085,2026-08-11T15:29:38+00:00,.dat:9; .in:5; .h5:4; .log:3; .vtu:1
BFF_DUST_55/CASE_DUST_SMOKE/SURFACE_SEQUENCE_4231/frame_31_WF1_LR_+00.0deg/airfoilsection,5,9,9,11981,2026-05-07T15:37:31+00:00,.dat:9
BFF_DUST_55/CASE_DUST_SMOKE/SURFACE_SEQUENCE_4231/frame_31_WF1_LR_+00.0deg/output,5,3,3,548544,2026-08-11T15:29:38+00:00,.h5:3
BFF_DUST_55/CASE_DUST_SMOKE/SURFACE_SEQUENCE_4231/frame_32_WF1_LR_-15.0deg,4,10,22,802089,2026-08-11T15:29:39+00:00,.dat:9; .in:5; .h5:4; .log:3; .vtu:1
BFF_DUST_55/CASE_DUST_SMOKE/SURFACE_SEQUENCE_4231/frame_32_WF1_LR_-15.0deg/airfoilsection,5,9,9,11981,2026-05-07T15:37:31+00:00,.dat:9
BFF_DUST_55/CASE_DUST_SMOKE/SURFACE_SEQUENCE_4231/frame_32_WF1_LR_-15.0deg/output,5,3,3,548544,2026-08-11T15:29:39+00:00,.h5:3
BFF_DUST_55/CASE_DUST_SMOKE/SURFACE_SEQUENCE_4231/frame_33_WF1_LR_-30.0deg,4,10,22,802089,2026-08-11T15:29:40+00:00,.dat:9; .in:5; .h5:4; .log:3; .vtu:1
BFF_DUST_55/CASE_DUST_SMOKE/SURFACE_SEQUENCE_4231/frame_33_WF1_LR_-30.0deg/airfoilsection,5,9,9,11981,2026-05-07T15:37:31+00:00,.dat:9
BFF_DUST_55/CASE_DUST_SMOKE/SURFACE_SEQUENCE_4231/frame_33_WF1_LR_-30.0deg/output,5,3,3,548544,2026-08-11T15:29:40+00:00,.h5:3
BFF_DUST_55/CASE_DUST_SMOKE/SURFACE_SEQUENCE_4231/frame_34_WF1_LR_-15.0deg,4,10,22,802089,2026-08-11T15:29:42+00:00,.dat:9; .in:5; .h5:4; .log:3; .vtu:1
BFF_DUST_55/CASE_DUST_SMOKE/SURFACE_SEQUENCE_4231/frame_34_WF1_LR_-15.0deg/airfoilsection,5,9,9,11981,2026-05-07T15:37:31+00:00,.dat:9
BFF_DUST_55/CASE_DUST_SMOKE/SURFACE_SEQUENCE_4231/frame_34_WF1_LR_-15.0deg/output,5,3,3,548544,2026-08-11T15:29:42+00:00,.h5:3
BFF_DUST_55/CASE_DUST_SMOKE/SURFACE_SEQUENCE_4231/frame_35_WF1_LR_+00.0deg,4,10,22,802085,2026-08-11T15:29:43+00:00,.dat:9; .in:5; .h5:4; .log:3; .vtu:1
BFF_DUST_55/CASE_DUST_SMOKE/SURFACE_SEQUENCE_4231/frame_35_WF1_LR_+00.0deg/airfoilsection,5,9,9,11981,2026-05-07T15:37:31+00:00,.dat:9
BFF_DUST_55/CASE_DUST_SMOKE/SURFACE_SEQUENCE_4231/frame_35_WF1_LR_+00.0deg/output,5,3,3,548544,2026-08-11T15:29:43+00:00,.h5:3
BFF_DUST_55/CASE_DUST_SMOKE/SURFACE_SEQUENCE_4231/frame_36_BF_LR_+00.0deg,4,10,22,802078,2026-08-11T15:29:44+00:00,.dat:9; .in:5; .h5:4; .log:3; .vtu:1
BFF_DUST_55/CASE_DUST_SMOKE/SURFACE_SEQUENCE_4231/frame_36_BF_LR_+00.0deg/airfoilsection,5,9,9,11981,2026-05-07T15:37:31+00:00,.dat:9
BFF_DUST_55/CASE_DUST_SMOKE/SURFACE_SEQUENCE_4231/frame_36_BF_LR_+00.0deg/output,5,3,3,548544,2026-08-11T15:29:44+00:00,.h5:3
BFF_DUST_55/CASE_DUST_SMOKE/SURFACE_SEQUENCE_4231/frame_37_BF_LR_+15.0deg,4,10,22,802080,2026-08-11T15:29:45+00:00,.dat:9; .in:5; .h5:4; .log:3; .vtu:1
BFF_DUST_55/CASE_DUST_SMOKE/SURFACE_SEQUENCE_4231/frame_37_BF_LR_+15.0deg/airfoilsection,5,9,9,11981,2026-05-07T15:37:31+00:00,.dat:9
BFF_DUST_55/CASE_DUST_SMOKE/SURFACE_SEQUENCE_4231/frame_37_BF_LR_+15.0deg/output,5,3,3,548544,2026-08-11T15:29:45+00:00,.h5:3
BFF_DUST_55/CASE_DUST_SMOKE/SURFACE_SEQUENCE_4231/frame_38_BF_LR_+30.0deg,4,10,22,802080,2026-08-11T15:29:47+00:00,.dat:9; .in:5; .h5:4; .log:3; .vtu:1
BFF_DUST_55/CASE_DUST_SMOKE/SURFACE_SEQUENCE_4231/frame_38_BF_LR_+30.0deg/airfoilsection,5,9,9,11981,2026-05-07T15:37:31+00:00,.dat:9
BFF_DUST_55/CASE_DUST_SMOKE/SURFACE_SEQUENCE_4231/frame_38_BF_LR_+30.0deg/output,5,3,3,548544,2026-08-11T15:29:47+00:00,.h5:3
BFF_DUST_55/CASE_DUST_SMOKE/SURFACE_SEQUENCE_4231/frame_39_BF_LR_+15.0deg,4,10,22,802080,2026-08-11T15:29:48+00:00,.dat:9; .in:5; .h5:4; .log:3; .vtu:1
BFF_DUST_55/CASE_DUST_SMOKE/SURFACE_SEQUENCE_4231/frame_39_BF_LR_+15.0deg/airfoilsection,5,9,9,11981,2026-05-07T15:37:31+00:00,.dat:9
BFF_DUST_55/CASE_DUST_SMOKE/SURFACE_SEQUENCE_4231/frame_39_BF_LR_+15.0deg/output,5,3,3,548544,2026-08-11T15:29:48+00:00,.h5:3
BFF_DUST_55/CASE_DUST_SMOKE/SURFACE_SEQUENCE_4231/frame_40_BF_LR_+00.0deg,4,10,22,802078,2026-08-11T15:29:49+00:00,.dat:9; .in:5; .h5:4; .log:3; .vtu:1
BFF_DUST_55/CASE_DUST_SMOKE/SURFACE_SEQUENCE_4231/frame_40_BF_LR_+00.0deg/airfoilsection,5,9,9,11981,2026-05-07T15:37:31+00:00,.dat:9
BFF_DUST_55/CASE_DUST_SMOKE/SURFACE_SEQUENCE_4231/frame_40_BF_LR_+00.0deg/output,5,3,3,548544,2026-08-11T15:29:49+00:00,.h5:3
BFF_DUST_55/CASE_DUST_SMOKE/SURFACE_SEQUENCE_4231/frame_41_BF_LR_-15.0deg,4,10,22,802082,2026-08-11T15:29:50+00:00,.dat:9; .in:5; .h5:4; .log:3; .vtu:1
BFF_DUST_55/CASE_DUST_SMOKE/SURFACE_SEQUENCE_4231/frame_41_BF_LR_-15.0deg/airfoilsection,5,9,9,11981,2026-05-07T15:37:31+00:00,.dat:9
BFF_DUST_55/CASE_DUST_SMOKE/SURFACE_SEQUENCE_4231/frame_41_BF_LR_-15.0deg/output,5,3,3,548544,2026-08-11T15:29:50+00:00,.h5:3
BFF_DUST_55/CASE_DUST_SMOKE/SURFACE_SEQUENCE_4231/frame_42_BF_LR_-30.0deg,4,10,22,802082,2026-08-11T15:29:52+00:00,.dat:9; .in:5; .h5:4; .log:3; .vtu:1
BFF_DUST_55/CASE_DUST_SMOKE/SURFACE_SEQUENCE_4231/frame_42_BF_LR_-30.0deg/airfoilsection,5,9,9,11981,2026-05-07T15:37:31+00:00,.dat:9
BFF_DUST_55/CASE_DUST_SMOKE/SURFACE_SEQUENCE_4231/frame_42_BF_LR_-30.0deg/output,5,3,3,548544,2026-08-11T15:29:52+00:00,.h5:3
BFF_DUST_55/CASE_DUST_SMOKE/SURFACE_SEQUENCE_4231/frame_43_BF_LR_-15.0deg,4,10,22,802082,2026-08-11T15:29:53+00:00,.dat:9; .in:5; .h5:4; .log:3; .vtu:1
BFF_DUST_55/CASE_DUST_SMOKE/SURFACE_SEQUENCE_4231/frame_43_BF_LR_-15.0deg/airfoilsection,5,9,9,11981,2026-05-07T15:37:31+00:00,.dat:9
BFF_DUST_55/CASE_DUST_SMOKE/SURFACE_SEQUENCE_4231/frame_43_BF_LR_-15.0deg/output,5,3,3,548544,2026-08-11T15:29:53+00:00,.h5:3
BFF_DUST_55/CASE_DUST_SMOKE/SURFACE_SEQUENCE_4231/frame_44_BF_LR_+00.0deg,4,10,22,802078,2026-08-11T15:29:54+00:00,.dat:9; .in:5; .h5:4; .log:3; .vtu:1
BFF_DUST_55/CASE_DUST_SMOKE/SURFACE_SEQUENCE_4231/frame_44_BF_LR_+00.0deg/airfoilsection,5,9,9,11981,2026-05-07T15:37:31+00:00,.dat:9
BFF_DUST_55/CASE_DUST_SMOKE/SURFACE_SEQUENCE_4231/frame_44_BF_LR_+00.0deg/output,5,3,3,548544,2026-08-11T15:29:54+00:00,.h5:3
BFF_DUST_55/CASE_DUST_SMOKE/__pycache__,3,3,3,20819,2026-08-11T15:29:03+00:00,.pyc:3
BFF_DUST_55/CASE_DUST_SMOKE/dust,3,6,6,164191,2026-08-11T15:16:34+00:00,.in:5; .h5:1
BFF_DUST_55/CASE_DUST_SMOKE/output,3,0,15,960215,2026-08-11T15:16:34+00:00,.log:3; .in:2; .txt:1; .h5:1; .frc:1; .ine:1; .jnt:1; .mod:1; .mov:1; .nc:1; .out:1; .mbd:1
BFF_DUST_55/CASE_DUST_SMOKE/output/smoke_020s,4,14,15,960215,2026-08-11T15:16:34+00:00,.log:3; .in:2; .txt:1; .h5:1; .frc:1; .ine:1; .jnt:1; .mod:1; .mov:1; .nc:1; .out:1; .mbd:1
BFF_DUST_55/CASE_DUST_SMOKE/output/smoke_020s/dust,5,1,1,95840,2026-08-10T23:13:34+00:00,.h5:1
BFF_DUST_55/CASE_DUST_SMOKE/paraview_results,3,1,1,85650,2026-08-11T15:16:44+00:00,.vtu:1
BFF_DUST_55/CASE_DUST_SMOKE/precice-run,3,0,0,0,,
BFF_DUST_55/CASE_DUST_SMOKE/structure,3,1,1,2218,2026-08-10T23:08:00+00:00,.in:1
BFF_DUST_55/__pycache__,2,1,1,28535,2026-08-11T17:55:04+00:00,.pyc:1
BFF_DUST_55/adapters,2,2,4,25950,2026-08-11T17:55:04+00:00,.pyc:2; .py:2
BFF_DUST_55/adapters/__pycache__,3,2,2,15751,2026-08-11T17:55:04+00:00,.pyc:2
BFF_DUST_55/config,2,2,2,794,2026-08-11T16:52:56+00:00,.env:1; .example:1
BFF_DUST_55/meshes,2,0,3,17813,2026-08-11T16:46:34+00:00,.in:3
BFF_DUST_55/meshes/COARSE,3,1,1,5937,2026-08-11T16:46:34+00:00,.in:1
BFF_DUST_55/meshes/FINE,3,1,1,5938,2026-08-11T16:46:34+00:00,.in:1
BFF_DUST_55/meshes/MEDIUM,3,1,1,5938,2026-08-11T16:46:34+00:00,.in:1
BFF_DUST_55/model,2,2,26,57547681,2026-08-11T16:56:17+00:00,.mbd:12; .in:5; .dat:5; .xml:2; .fem:1; .c81:1
BFF_DUST_55/model/dust,3,4,9,10581,2026-08-11T16:47:44+00:00,.dat:5; .in:4
BFF_DUST_55/model/dust/airfoilsection,4,5,5,6657,2026-08-11T16:44:14+00:00,.dat:5
BFF_DUST_55/model/mbdyn,3,2,14,57528465,2026-08-11T16:56:17+00:00,.mbd:12; .fem:1; .c81:1
BFF_DUST_55/model/mbdyn/INCLUDE,4,12,12,57516467,2026-08-11T16:56:14+00:00,.mbd:10; .fem:1; .c81:1
BFF_DUST_55/model/structure,3,1,1,2218,2026-08-11T16:44:14+00:00,.in:1
BFF_DUST_55/output,2,0,70,8067871,2026-08-11T18:41:36+00:00,.vtu:12; .h5:10; .log:10; .in:8; .mod:3; .out:3; .xml:3; .mbd:3; .pvd:3; .frc:2; .ine:2; .jnt:2
BFF_DUST_55/output/check,3,14,16,298196,2026-08-11T18:41:33+00:00,.log:3; .h5:2; .in:2; .frc:1; .ine:1; .jnt:1; .mod:1; .mov:1; .out:1; .xml:1; [senza_estensione]:1; .mbd:1
BFF_DUST_55/output/check/dust,4,1,1,127968,2026-08-11T18:41:28+00:00,.h5:1
BFF_DUST_55/output/check/precice-run,4,0,1,75,2026-08-11T18:41:29+00:00,[senza_estensione]:1
BFF_DUST_55/output/check/precice-run/dust-MBDyn,5,0,1,75,2026-08-11T18:41:29+00:00,[senza_estensione]:1
BFF_DUST_55/output/check/precice-run/dust-MBDyn/52,6,1,1,75,2026-08-11T18:41:29+00:00,[senza_estensione]:1
BFF_DUST_55/output/check_production,3,10,12,691212,2026-08-11T18:41:36+00:00,.log:3; .h5:2; .in:2; .mod:1; .out:1; .xml:1; [senza_estensione]:1; .mbd:1
BFF_DUST_55/output/check_production/dust,4,1,1,320352,2026-08-11T18:41:34+00:00,.h5:1
BFF_DUST_55/output/check_production/precice-run,4,0,1,75,2026-08-11T18:41:34+00:00,[senza_estensione]:1
BFF_DUST_55/output/check_production/precice-run/dust-MBDyn,5,0,1,75,2026-08-11T18:41:34+00:00,[senza_estensione]:1
BFF_DUST_55/output/check_production/precice-run/dust-MBDyn/52,6,1,1,75,2026-08-11T18:41:34+00:00,[senza_estensione]:1
BFF_DUST_55/output/smoke,3,22,42,7078463,2026-08-11T17:54:54+00:00,.vtu:12; .h5:6; .log:4; .in:4; .pvd:3; .csv:2; .json:2; .xml:1; .frc:1; .ine:1; .jnt:1; .mbd:1
BFF_DUST_55/output/smoke/dust,4,5,5,1712000,2026-08-11T17:54:54+00:00,.h5:5
BFF_DUST_55/output/smoke/paraview,4,15,15,727702,2026-08-11T17:54:54+00:00,.vtu:12; .pvd:3
BFF_DUST_55/precice-run,2,0,0,0,,
BFF_DUST_55/reference,2,3,3,1339,2026-08-11T16:54:32+00:00,.csv:3
BFF_DUST_55/reports,2,4,10,982294,2026-08-11T16:55:46+00:00,.h5:3; .in:3; .vtu:2; .md:1; .json:1
BFF_DUST_55/reports/generated_meshes,3,6,6,678344,2026-08-11T16:55:46+00:00,.h5:3; .in:3
BFF_DUST_55/tools,2,6,11,52782,2026-08-13T00:26:07+00:00,.py:6; .pyc:5
BFF_DUST_55/tools/__pycache__,3,5,5,31858,2026-08-11T17:55:04+00:00,.pyc:5
BFF_maneuver_envelope,1,8,21,154969026,2026-08-30T20:39:58+00:00,.py:5; .pyc:3; .log:2; .mbd:2; .nc:2; .out:2; .stdout:2; [senza_estensione]:1; .md:1; .json:1
BFF_maneuver_envelope/__pycache__,2,3,3,58155,2026-08-30T20:39:58+00:00,.pyc:3
BFF_maneuver_envelope/output_n1_verification,2,10,10,154844780,2026-08-30T20:39:42+00:00,.log:2; .mbd:2; .nc:2; .out:2; .stdout:2
BFF_open_loop,1,16,35,57898931,2026-08-21T17:04:35+00:00,.pyc:9; .py:9; .mbd:8; .md:4; .c81:2; .fem:1; .sh:1; .bat:1
BFF_open_loop/INCLUDE,2,10,10,57539315,2026-08-21T15:43:57+00:00,.mbd:7; .c81:2; .fem:1
BFF_open_loop/__pycache__,2,9,9,194732,2026-08-21T17:04:35+00:00,.pyc:9
DUST,1,6,15,21470,2026-07-21T15:00:56+00:00,.dat:9; .in:5; .py:1
DUST/Output,2,0,0,0,,
DUST/Postpro,2,0,0,0,,
DUST/Postpro/Paraview,3,0,0,0,,
DUST/airfoilsection,2,9,9,11981,2026-05-07T15:37:31+00:00,.dat:9
GRAFICI,1,1,349,157059873,2026-08-07T23:39:05+00:00,.dat:170; .png:83; .vtu:31; .pdf:11; .log:6; .py:5; .mbd:5; .pyc:4; .out:4; .bdf:4; .svg:4; .nc:3
GRAFICI/MODAL_COMPARISON_10LB,2,4,147,8933998,2026-07-27T09:55:05+00:00,.dat:85; .png:36; .py:3; .pyc:2; .csv:2; .log:2; .mbd:2; .sh:2; .bdf:2; .md:1; .frc:1; .ine:1
GRAFICI/MODAL_COMPARISON_10LB/__pycache__,3,2,2,38947,2026-07-27T09:47:06+00:00,.pyc:2
GRAFICI/MODAL_COMPARISON_10LB/comparison_results,3,25,25,3069759,2026-07-27T09:44:31+00:00,.png:24; .csv:1
GRAFICI/MODAL_COMPARISON_10LB/mbdyn,3,10,10,304757,2026-07-27T08:43:31+00:00,.mbd:2; .frc:1; .ine:1; .jnt:1; .log:1; .mod:1; .mov:1; .out:1; .sh:1
GRAFICI/MODAL_COMPARISON_10LB/nastran,3,8,93,3262236,2026-07-27T08:41:43+00:00,.dat:85; .bdf:2; .nas:1; .mat:1; .sh:1; .f06:1; .log:1; .op2:1
GRAFICI/MODAL_COMPARISON_10LB/nastran/BULK,4,85,85,1336179,2026-05-20T16:13:51+00:00,.dat:85
GRAFICI/MODAL_COMPARISON_10LB/plots,3,13,13,2218045,2026-07-27T08:43:50+00:00,.png:12; .csv:1
GRAFICI/SOL101,2,1,117,77464544,2026-08-06T20:41:30+00:00,.dat:85; .pdf:6; .png:6; .log:4; .mbd:3; .nc:3; .out:3; .bdf:2; .pyc:1; .py:1; .fem:1; .f06:1
GRAFICI/SOL101/__pycache__,3,1,1,22179,2026-08-06T20:41:08+00:00,.pyc:1
GRAFICI/SOL101/mbdyn,3,4,13,62667224,2026-07-29T21:02:49+00:00,.mbd:3; .log:3; .nc:3; .out:3; .fem:1
GRAFICI/SOL101/mbdyn/results,4,9,9,23916187,2026-07-29T21:02:49+00:00,.log:3; .nc:3; .out:3
GRAFICI/SOL101/nastran,3,5,90,7608117,2026-07-29T21:02:49+00:00,.dat:85; .bdf:2; .f06:1; .log:1; .op2:1
GRAFICI/SOL101/nastran/BULK,4,85,85,5550328,2026-07-29T21:02:49+00:00,.dat:85
GRAFICI/SOL101/plots,3,12,12,7150209,2026-08-06T20:41:30+00:00,.pdf:6; .png:6
GRAFICI/X56_BEAM_GEOMETRY_PLOTS,2,15,16,8601366,2026-08-07T23:39:05+00:00,.pdf:5; .png:5; .svg:4; .pyc:1; .py:1
GRAFICI/X56_BEAM_GEOMETRY_PLOTS/__pycache__,3,1,1,16625,2026-08-06T20:51:59+00:00,.pyc:1
GRAFICI/X56_PARAVIEW,2,32,68,62059860,2026-07-28T13:21:33+00:00,.png:36; .vtu:31; .pvd:1
GRAFICI/X56_PARAVIEW/images,3,36,36,8826300,2026-07-28T13:21:33+00:00,.png:36
MANOUVER_STIFNESS,1,17,195,5692260,2026-09-05T07:51:14+00:00,.mbd:136; .json:20; .py:12; .pyc:11; .csv:10; .md:4; [senza_estensione]:1; .png:1
MANOUVER_STIFNESS/__pycache__,2,11,11,183215,2026-09-05T07:44:26+00:00,.pyc:11
MANOUVER_STIFNESS/audit,2,2,2,5098,2026-09-04T15:49:24+00:00,.json:2
MANOUVER_STIFNESS/nastran,2,1,1,9626,2026-09-05T07:10:56+00:00,.md:1
MANOUVER_STIFNESS/results,2,0,6,540476,2026-09-05T07:38:10+00:00,.json:3; .csv:2; .png:1
MANOUVER_STIFNESS/results/model_review,3,1,1,28124,2026-09-05T07:05:35+00:00,.json:1
MANOUVER_STIFNESS/results/prestress,3,2,2,10077,2026-09-04T19:33:11+00:00,.csv:1; .json:1
MANOUVER_STIFNESS/results/pullup_bff,3,3,3,502275,2026-09-05T07:38:10+00:00,.json:1; .png:1; .csv:1
MANOUVER_STIFNESS/runs,2,0,38,1063881,2026-09-04T13:24:26+00:00,.mbd:30; .csv:4; .json:4
MANOUVER_STIFNESS/runs/load_recovery,3,2,4,73194,2026-09-04T13:24:26+00:00,.mbd:2; .csv:1; .json:1
MANOUVER_STIFNESS/runs/load_recovery/cases,4,2,2,71018,2026-09-04T13:24:26+00:00,.mbd:2
MANOUVER_STIFNESS/runs/primary,3,2,20,631327,2026-09-01T21:57:14+00:00,.mbd:18; .csv:1; .json:1
MANOUVER_STIFNESS/runs/primary/cases,4,18,18,613566,2026-09-01T21:57:14+00:00,.mbd:18
MANOUVER_STIFNESS/runs/stiffness_screen,3,2,10,288363,2026-09-01T21:57:15+00:00,.mbd:8; .csv:1; .json:1
MANOUVER_STIFNESS/runs/stiffness_screen/cases,4,8,8,279544,2026-09-01T21:57:15+00:00,.mbd:8
MANOUVER_STIFNESS/runs/timestep,3,2,4,70997,2026-09-01T21:57:14+00:00,.mbd:2; .csv:1; .json:1
MANOUVER_STIFNESS/runs/timestep/cases,4,2,2,68214,2026-09-01T21:57:14+00:00,.mbd:2
MANOUVER_STIFNESS/runs_superseded_full_matrix,2,0,84,2679453,2026-09-01T21:53:13+00:00,.mbd:78; .csv:3; .json:3
MANOUVER_STIFNESS/runs_superseded_full_matrix/primary,3,2,42,1368367,2026-09-01T21:53:12+00:00,.mbd:40; .csv:1; .json:1
MANOUVER_STIFNESS/runs_superseded_full_matrix/primary/cases,4,40,40,1350606,2026-09-01T21:53:12+00:00,.mbd:40
MANOUVER_STIFNESS/runs_superseded_full_matrix/stiffness_screen,3,2,32,1039233,2026-09-01T21:53:13+00:00,.mbd:30; .csv:1; .json:1
MANOUVER_STIFNESS/runs_superseded_full_matrix/stiffness_screen/cases,4,30,30,1030414,2026-09-01T21:53:12+00:00,.mbd:30
MANOUVER_STIFNESS/runs_superseded_full_matrix/timestep,3,2,10,271853,2026-09-01T21:53:12+00:00,.mbd:8; .csv:1; .json:1
MANOUVER_STIFNESS/runs_superseded_full_matrix/timestep/cases,4,8,8,269070,2026-09-01T21:53:12+00:00,.mbd:8
MANOUVER_STIFNESS/sweep_pullup_v3,2,2,36,1015145,2026-09-05T07:51:14+00:00,.mbd:28; .json:7; .csv:1
MANOUVER_STIFNESS/sweep_pullup_v3/controls,3,0,6,20388,2026-09-05T07:51:13+00:00,.json:6
MANOUVER_STIFNESS/sweep_pullup_v3/controls/V_66p250_n_1p300,4,1,1,3398,2026-09-05T07:51:13+00:00,.json:1
MANOUVER_STIFNESS/sweep_pullup_v3/controls/V_66p250_n_1p600,4,1,1,3398,2026-09-05T07:51:13+00:00,.json:1
MANOUVER_STIFNESS/sweep_pullup_v3/controls/V_66p750_n_1p300,4,1,1,3398,2026-09-05T07:51:13+00:00,.json:1
MANOUVER_STIFNESS/sweep_pullup_v3/controls/V_66p750_n_1p600,4,1,1,3398,2026-09-05T07:51:13+00:00,.json:1
MANOUVER_STIFNESS/sweep_pullup_v3/controls/V_67p250_n_1p300,4,1,1,3398,2026-09-05T07:51:13+00:00,.json:1
MANOUVER_STIFNESS/sweep_pullup_v3/controls/V_67p250_n_1p600,4,1,1,3398,2026-09-05T07:51:13+00:00,.json:1
MANOUVER_STIFNESS/sweep_pullup_v3/inputs,3,0,28,957590,2026-09-05T07:51:14+00:00,.mbd:28
MANOUVER_STIFNESS/sweep_pullup_v3/inputs/causal,4,0,18,615345,2026-09-05T07:51:13+00:00,.mbd:18
MANOUVER_STIFNESS/sweep_pullup_v3/inputs/causal/V_66p250_n_1p300,5,3,3,102558,2026-09-05T07:51:13+00:00,.mbd:3
MANOUVER_STIFNESS/sweep_pullup_v3/inputs/causal/V_66p250_n_1p600,5,3,3,102557,2026-09-05T07:51:13+00:00,.mbd:3
MANOUVER_STIFNESS/sweep_pullup_v3/inputs/causal/V_66p750_n_1p300,5,3,3,102557,2026-09-05T07:51:13+00:00,.mbd:3
MANOUVER_STIFNESS/sweep_pullup_v3/inputs/causal/V_66p750_n_1p600,5,3,3,102557,2026-09-05T07:51:13+00:00,.mbd:3
MANOUVER_STIFNESS/sweep_pullup_v3/inputs/causal/V_67p250_n_1p300,5,3,3,102558,2026-09-05T07:51:13+00:00,.mbd:3
MANOUVER_STIFNESS/sweep_pullup_v3/inputs/causal/V_67p250_n_1p600,5,3,3,102558,2026-09-05T07:51:13+00:00,.mbd:3
MANOUVER_STIFNESS/sweep_pullup_v3/inputs/paired_extension,4,8,8,273832,2026-09-05T07:51:14+00:00,.mbd:8
MANOUVER_STIFNESS/sweep_pullup_v3/inputs/timestep_extension,4,2,2,68413,2026-09-05T07:51:14+00:00,.mbd:2
MBDYN,1,0,217,821974355,2026-08-31T23:01:49+00:00,.mbd:47; .py:20; .dat:20; .fem:19; .log:17; .nc:16; .out:16; .jpg:11; .c81:8; .bylog:4; .ine:4; .jnt:4
MBDYN/AUTOPILOT,2,8,8,50037273,2026-07-14T22:50:01+00:00,.mbd:3; .fem:2; .c81:1; .bylog:1; .py:1
MBDYN/AUTOPILOT/output,3,0,0,0,,
MBDYN/BBF,2,1,13,63297112,2026-08-07T22:43:07+00:00,.mbd:6; .fem:2; .c81:1; .bylog:1; .log:1; .nc:1; .out:1
MBDYN/BBF/INCLUDE,3,8,8,49550618,2026-08-07T22:38:04+00:00,.mbd:5; .fem:2; .c81:1
MBDYN/BBF/output,3,4,4,13743544,2026-08-07T22:43:07+00:00,.bylog:1; .log:1; .nc:1; .out:1
MBDYN/MBDYN_MASS_CHECK,2,10,10,10907092,2026-05-25T16:50:21+00:00,.frc:1; .ine:1; .jnt:1; .log:1; .mbd:1; .mod:1; .mov:1; .nc:1; .out:1; .fem:1
MBDYN/MBDYN_OK,2,9,57,65829735,2026-06-12T13:38:59+00:00,.dat:20; .jpg:11; .py:7; .qpr:4; .mbd:4; .fem:3; .c81:1; .ine:1; .jnt:1; .log:1; .mod:1; .mov:1
MBDYN/MBDYN_OK/test,3,0,48,26744105,2026-06-12T13:38:59+00:00,.dat:20; .jpg:11; .py:7; .qpr:4; .mbd:3; .fem:2; .c81:1
MBDYN/MBDYN_OK/test/airfoil_section_ok,4,4,39,15872509,2026-06-12T13:38:58+00:00,.dat:20; .jpg:11; .qpr:4; .py:2; .fem:1; .mbd:1
MBDYN/MBDYN_OK/test/airfoil_section_ok/POLAR,5,0,35,5064961,2026-06-12T13:38:58+00:00,.dat:20; .jpg:11; .qpr:4
MBDYN/MBDYN_OK/test/airfoil_section_ok/POLAR/LEcrank,6,5,5,975034,2026-06-12T13:38:58+00:00,.dat:4; .qpr:1
MBDYN/MBDYN_OK/test/airfoil_section_ok/POLAR/POLARIMAGE,6,0,11,2102458,2026-06-12T13:38:58+00:00,.jpg:11
MBDYN/MBDYN_OK/test/airfoil_section_ok/POLAR/POLARIMAGE/CENTERBODY,7,2,2,406341,2026-06-12T13:38:58+00:00,.jpg:2
MBDYN/MBDYN_OK/test/airfoil_section_ok/POLAR/POLARIMAGE/LECRANK,7,2,2,406154,2026-06-12T13:38:58+00:00,.jpg:2
MBDYN/MBDYN_OK/test/airfoil_section_ok/POLAR/POLARIMAGE/ROOT,7,3,3,444256,2026-06-12T13:38:58+00:00,.jpg:3
MBDYN/MBDYN_OK/test/airfoil_section_ok/POLAR/POLARIMAGE/WINGATTACHFITTING,7,2,2,417933,2026-06-12T13:38:58+00:00,.jpg:2
MBDYN/MBDYN_OK/test/airfoil_section_ok/POLAR/POLARIMAGE/YEHUDI,7,2,2,427774,2026-06-12T13:38:58+00:00,.jpg:2
MBDYN/MBDYN_OK/test/airfoil_section_ok/POLAR/centerbody,6,5,5,728852,2026-06-12T13:38:58+00:00,.dat:4; .qpr:1
MBDYN/MBDYN_OK/test/airfoil_section_ok/POLAR/root,6,4,4,65021,2026-06-12T13:38:58+00:00,.dat:4
MBDYN/MBDYN_OK/test/airfoil_section_ok/POLAR/wingattachfitting,6,5,5,928046,2026-06-12T13:38:58+00:00,.dat:4; .qpr:1
MBDYN/MBDYN_OK/test/airfoil_section_ok/POLAR/yehudi,6,5,5,265550,2026-06-12T13:38:58+00:00,.dat:4; .qpr:1
MBDYN/MBDYN_OK/test/test_mbdyn_aero,4,4,9,10871596,2026-06-12T13:38:59+00:00,.py:5; .mbd:2; .c81:1; .fem:1
MBDYN/MBDYN_OK/test/test_mbdyn_aero/output,5,0,0,0,,
MBDYN/MBDYN_OK/test/test_mbdyn_aero/py_script,5,5,5,27313,2026-06-12T13:38:58+00:00,.py:5
MBDYN/MBDYN_SOL101,2,19,30,228770482,2026-08-31T23:01:49+00:00,.nc:4; .log:4; .out:3; .py:2; .frc:2; .ine:2; .jnt:2; .mod:2; .mov:2; .m:2; .mbd:2; .fem:1
MBDYN/MBDYN_SOL101/output,3,11,11,137422707,2026-05-26T15:34:44+00:00,.nc:2; .txt:1; .frc:1; .ine:1; .jnt:1; .log:1; .mod:1; .mov:1; .out:1; .m:1
MBDYN/PID,2,2,14,63563994,2026-07-29T17:08:08+00:00,.mbd:7; .fem:2; .c81:1; .log:1; .nc:1; .out:1; .py:1
MBDYN/PID/INCLUDE,3,9,9,49557346,2026-07-13T12:24:06+00:00,.mbd:6; .fem:2; .c81:1
MBDYN/PID/output,3,3,3,13995287,2026-07-29T17:04:43+00:00,.log:1; .nc:1; .out:1
MBDYN/PID_5deg_35ms,2,14,44,148687938,2026-08-07T18:36:22+00:00,.mbd:9; .log:7; .nc:7; .out:7; .pyc:3; .py:3; .fem:2; .pdf:2; .png:2; .c81:1; .md:1
MBDYN/PID_5deg_35ms/INCLUDE,3,9,9,49557346,2026-07-13T12:24:06+00:00,.mbd:6; .fem:2; .c81:1
MBDYN/PID_5deg_35ms/__pycache__,3,3,3,12996,2026-08-05T15:39:41+00:00,.pyc:3
MBDYN/PID_5deg_35ms/output,3,18,18,84002683,2026-07-29T18:21:36+00:00,.log:6; .nc:6; .out:6
MBDYN/PID_pitch,2,10,19,64103778,2026-08-07T20:54:21+00:00,.mbd:7; .py:3; .fem:2; .c81:1; .md:1; .pdf:1; .png:1; .log:1; .nc:1; .out:1
MBDYN/PID_pitch/INCLUDE,3,9,9,49557346,2026-08-07T18:25:45+00:00,.mbd:6; .fem:2; .c81:1
MBDYN/PID_pitch/output,3,0,0,0,,
MBDYN/PID_test,2,6,6,49610769,2026-07-13T12:25:52+00:00,.mbd:2; .fem:2; .c81:1; .py:1
MBDYN/PID_test/output,3,0,0,0,,
MBDYN/V-g_clamp,2,7,16,77166182,2026-07-14T14:46:22+00:00,.mbd:6; .fem:2; .py:2; .c81:1; .pyc:1; .log:1; .nc:1; .out:1; .bylog:1
MBDYN/V-g_clamp/INCLUDE,3,8,8,49549587,2026-07-14T09:03:48+00:00,.mbd:5; .fem:2; .c81:1
MBDYN/V-g_clamp/__pycache__,3,1,1,19602,2026-07-14T14:46:22+00:00,.pyc:1
MBDYN/V-g_clamp/output,3,0,0,0,,
MBDYN/V-g_clamp/output1,3,0,0,0,,
NASTRAN,1,0,8882,585987481,2026-07-28T12:26:45+00:00,.py:3530; .pyc:3527; .dat:377; .pyi:287; .so:154; .png:125; .mat:114; [senza_estensione]:108; .txt:61; .afm:61; .f90:49; .sav:47
NASTRAN/FEMGEN40,2,3,3,51157201,2026-06-10T13:58:48+00:00,.fem:1; .mat:1; .op2:1
NASTRAN/FEMParser_OK,2,4,4,15014419,2026-05-07T15:37:31+00:00,.py:1; .mat:1; .fem:1; .op2:1
NASTRAN/NASTRAN40,2,0,96,65187603,2026-06-11T13:12:27+00:00,.dat:85; .mat:2; .op2:2; .bdf:2; .fem:1; .nas:1; .f04:1; .f06:1; .log:1
NASTRAN/NASTRAN40/BULK,3,85,85,1336179,2026-05-07T15:37:31+00:00,.dat:85
NASTRAN/NASTRAN40/FEMGEN40,3,3,3,51157201,2026-06-11T13:12:27+00:00,.fem:1; .mat:1; .op2:1
NASTRAN/NASTRAN40/MAIN,3,8,8,12694223,2026-05-13T18:09:06+00:00,.bdf:2; .nas:1; .mat:1; .f04:1; .f06:1; .log:1; .op2:1
NASTRAN/NASTRAN_ALTER_OK,2,0,89,1427391,2026-05-07T15:37:31+00:00,.dat:85; .bdf:2; .nas:1; .f06:1
NASTRAN/NASTRAN_ALTER_OK/BULK,3,85,85,1336179,2026-05-07T15:37:31+00:00,.dat:85
NASTRAN/NASTRAN_ALTER_OK/MAIN,3,4,4,91212,2026-05-07T15:37:31+00:00,.bdf:2; .nas:1; .f06:1
NASTRAN/REALASED_MODEL,2,0,8599,441873197,2026-07-28T12:26:45+00:00,.py:3529; .pyc:3527; .pyi:287; .so:154; .png:125; .dat:121; .mat:110; [senza_estensione]:108; .txt:61; .afm:61; .f90:49; .sav:47
NASTRAN/REALASED_MODEL/Airfoil,3,2,14,3068755,2026-07-28T11:31:11+00:00,.pdf:6; .png:6; .xlsx:1; .py:1
NASTRAN/REALASED_MODEL/Airfoil/plots,4,12,12,3019249,2026-07-28T11:31:11+00:00,.pdf:6; .png:6
NASTRAN/REALASED_MODEL/BULK,3,85,85,1336179,2026-05-20T16:13:51+00:00,.dat:85
NASTRAN/REALASED_MODEL/FLUTTER_TEST,3,8,8,10896099,2026-06-05T12:28:22+00:00,.dat:3; .bdf:1; .f04:1; .f06:1; .log:1; .op2:1
NASTRAN/REALASED_MODEL/MAIN,3,11,8485,422287721,2026-07-28T12:26:45+00:00,.py:3528; .pyc:3527; .pyi:287; .so:154; .png:119; .mat:110; [senza_estensione]:108; .txt:61; .afm:61; .f90:49; .sav:47; .ttf:40
NASTRAN/REALASED_MODEL/MAIN/.matplotlib,4,1,1,38827,2026-07-27T22:36:08+00:00,.json:1
NASTRAN/REALASED_MODEL/MAIN/.venv_x56,4,1,8461,364614466,2026-07-27T22:36:04+00:00,.py:3525; .pyc:3525; .pyi:287; .so:154; .mat:110; .png:109; [senza_estensione]:108; .txt:61; .afm:61; .f90:49; .sav:47; .ttf:40
NASTRAN/REALASED_MODEL/MAIN/.venv_x56/bin,5,21,21,19138,2026-07-27T22:36:03+00:00,[senza_estensione]:17; .ps1:1; .csh:1; .fish:1; .12:1
NASTRAN/REALASED_MODEL/MAIN/.venv_x56/include,5,0,0,0,,
NASTRAN/REALASED_MODEL/MAIN/.venv_x56/include/python3.12,6,0,0,0,,
NASTRAN/REALASED_MODEL/MAIN/.venv_x56/lib,5,0,8438,364589754,2026-07-27T22:36:04+00:00,.py:3525; .pyc:3525; .pyi:287; .so:154; .mat:110; .png:109; [senza_estensione]:91; .txt:61; .afm:61; .f90:49; .sav:47; .ttf:40
NASTRAN/REALASED_MODEL/MAIN/.venv_x56/lib/python3.12,6,0,8438,364589754,2026-07-27T22:36:04+00:00,.py:3525; .pyc:3525; .pyi:287; .so:154; .mat:110; .png:109; [senza_estensione]:91; .txt:61; .afm:61; .f90:49; .sav:47; .ttf:40
NASTRAN/REALASED_MODEL/MAIN/.venv_x56/lib/python3.12/site-packages,7,2,8438,364589754,2026-07-27T22:36:04+00:00,.py:3525; .pyc:3525; .pyi:287; .so:154; .mat:110; .png:109; [senza_estensione]:91; .txt:61; .afm:61; .f90:49; .sav:47; .ttf:40
NASTRAN/REALASED_MODEL/MAIN/.venv_x56/lib/python3.12/site-packages/PIL,8,114,211,6870483,2026-07-27T22:35:53+00:00,.py:97; .pyc:97; .so:8; .pyi:8; .typed:1
NASTRAN/REALASED_MODEL/MAIN/.venv_x56/lib/python3.12/site-packages/PIL/__pycache__,9,97,97,1385252,2026-07-27T22:35:53+00:00,.pyc:97
NASTRAN/REALASED_MODEL/MAIN/.venv_x56/lib/python3.12/site-packages/__pycache__,8,2,2,41758,2026-07-27T22:36:02+00:00,.pyc:2
NASTRAN/REALASED_MODEL/MAIN/.venv_x56/lib/python3.12/site-packages/colorama,8,6,26,148859,2026-07-27T22:35:56+00:00,.py:13; .pyc:13
NASTRAN/REALASED_MODEL/MAIN/.venv_x56/lib/python3.12/site-packages/colorama/__pycache__,9,6,6,41705,2026-07-27T22:35:56+00:00,.pyc:6
NASTRAN/REALASED_MODEL/MAIN/.venv_x56/lib/python3.12/site-packages/colorama/tests,9,7,14,76598,2026-07-27T22:35:56+00:00,.py:7; .pyc:7
NASTRAN/REALASED_MODEL/MAIN/.venv_x56/lib/python3.12/site-packages/colorama/tests/__pycache__,10,7,7,49611,2026-07-27T22:35:56+00:00,.pyc:7
NASTRAN/REALASED_MODEL/MAIN/.venv_x56/lib/python3.12/site-packages/colorama-0.4.6.dist-info,8,4,5,20932,2026-07-27T22:35:56+00:00,[senza_estensione]:4; .txt:1
NASTRAN/REALASED_MODEL/MAIN/.venv_x56/lib/python3.12/site-packages/colorama-0.4.6.dist-info/licenses,9,1,1,1491,2026-07-27T22:35:56+00:00,.txt:1
NASTRAN/REALASED_MODEL/MAIN/.venv_x56/lib/python3.12/site-packages/contourpy,8,12,37,1228356,2026-07-27T22:36:01+00:00,.py:17; .pyc:17; .so:1; .pyi:1; .typed:1
NASTRAN/REALASED_MODEL/MAIN/.venv_x56/lib/python3.12/site-packages/contourpy/__pycache__,9,9,9,78695,2026-07-27T22:36:01+00:00,.pyc:9
NASTRAN/REALASED_MODEL/MAIN/.venv_x56/lib/python3.12/site-packages/contourpy/util,9,8,16,117391,2026-07-27T22:36:01+00:00,.py:8; .pyc:8
NASTRAN/REALASED_MODEL/MAIN/.venv_x56/lib/python3.12/site-packages/contourpy/util/__pycache__,10,8,8,67538,2026-07-27T22:36:01+00:00,.pyc:8
NASTRAN/REALASED_MODEL/MAIN/.venv_x56/lib/python3.12/site-packages/contourpy-1.3.3.dist-info,8,5,5,10083,2026-07-27T22:36:01+00:00,[senza_estensione]:5
NASTRAN/REALASED_MODEL/MAIN/.venv_x56/lib/python3.12/site-packages/cpylog,8,8,16,86061,2026-07-27T22:35:56+00:00,.py:8; .pyc:8
NASTRAN/REALASED_MODEL/MAIN/.venv_x56/lib/python3.12/site-packages/cpylog/__pycache__,9,8,8,46909,2026-07-27T22:35:56+00:00,.pyc:8
NASTRAN/REALASED_MODEL/MAIN/.venv_x56/lib/python3.12/site-packages/cpylog-1.6.0.dist-info,8,5,6,4138,2026-07-27T22:35:56+00:00,[senza_estensione]:4; .txt:2
NASTRAN/REALASED_MODEL/MAIN/.venv_x56/lib/python3.12/site-packages/cpylog-1.6.0.dist-info/licenses,9,1,1,1509,2026-07-27T22:35:56+00:00,.txt:1
NASTRAN/REALASED_MODEL/MAIN/.venv_x56/lib/python3.12/site-packages/cycler,8,2,3,39688,2026-07-27T22:35:56+00:00,.py:1; .pyc:1; .typed:1
NASTRAN/REALASED_MODEL/MAIN/.venv_x56/lib/python3.12/site-packages/cycler/__pycache__,9,1,1,22979,2026-07-27T22:35:56+00:00,.pyc:1
NASTRAN/REALASED_MODEL/MAIN/.venv_x56/lib/python3.12/site-packages/cycler-0.12.1.dist-info,8,6,6,6051,2026-07-27T22:35:56+00:00,[senza_estensione]:5; .txt:1
NASTRAN/REALASED_MODEL/MAIN/.venv_x56/lib/python3.12/site-packages/dateutil,8,8,37,729301,2026-07-27T22:36:01+00:00,.py:18; .pyc:18; .gz:1
NASTRAN/REALASED_MODEL/MAIN/.venv_x56/lib/python3.12/site-packages/dateutil/__pycache__,9,8,8,106738,2026-07-27T22:36:01+00:00,.pyc:8
NASTRAN/REALASED_MODEL/MAIN/.venv_x56/lib/python3.12/site-packages/dateutil/parser,9,3,6,153945,2026-07-27T22:36:01+00:00,.py:3; .pyc:3
NASTRAN/REALASED_MODEL/MAIN/.venv_x56/lib/python3.12/site-packages/dateutil/parser/__pycache__,10,3,3,80150,2026-07-27T22:36:01+00:00,.pyc:3
NASTRAN/REALASED_MODEL/MAIN/.venv_x56/lib/python3.12/site-packages/dateutil/tz,9,5,10,194625,2026-07-27T22:36:01+00:00,.py:5; .pyc:5
NASTRAN/REALASED_MODEL/MAIN/.venv_x56/lib/python3.12/site-packages/dateutil/tz/__pycache__,10,5,5,102845,2026-07-27T22:36:01+00:00,.pyc:5
NASTRAN/REALASED_MODEL/MAIN/.venv_x56/lib/python3.12/site-packages/dateutil/zoneinfo,9,3,5,176113,2026-07-27T22:36:01+00:00,.py:2; .pyc:2; .gz:1
NASTRAN/REALASED_MODEL/MAIN/.venv_x56/lib/python3.12/site-packages/dateutil/zoneinfo/__pycache__,10,2,2,11432,2026-07-27T22:36:01+00:00,.pyc:2
NASTRAN/REALASED_MODEL/MAIN/.venv_x56/lib/python3.12/site-packages/docopt,8,3,5,80653,2026-07-27T22:35:56+00:00,.py:2; .pyc:2; .typed:1
NASTRAN/REALASED_MODEL/MAIN/.venv_x56/lib/python3.12/site-packages/docopt/__pycache__,9,2,2,46298,2026-07-27T22:35:56+00:00,.pyc:2
NASTRAN/REALASED_MODEL/MAIN/.venv_x56/lib/python3.12/site-packages/docopt_ng-0.9.0.dist-info,8,4,5,15776,2026-07-27T22:35:56+00:00,[senza_estensione]:5
NASTRAN/REALASED_MODEL/MAIN/.venv_x56/lib/python3.12/site-packages/docopt_ng-0.9.0.dist-info/licenses,9,1,1,1086,2026-07-27T22:35:56+00:00,[senza_estensione]:1
NASTRAN/REALASED_MODEL/MAIN/.venv_x56/lib/python3.12/site-packages/fontTools,8,10,688,26014639,2026-07-27T22:35:56+00:00,.py:337; .pyc:337; .c:6; .so:6; .typed:1; .txt:1
NASTRAN/REALASED_MODEL/MAIN/.venv_x56/lib/python3.12/site-packages/fontTools/__pycache__,9,10,10,212313,2026-07-27T22:35:56+00:00,.pyc:10
NASTRAN/REALASED_MODEL/MAIN/.venv_x56/lib/python3.12/site-packages/fontTools/cffLib,9,6,12,387383,2026-07-27T22:35:55+00:00,.py:6; .pyc:6
NASTRAN/REALASED_MODEL/MAIN/.venv_x56/lib/python3.12/site-packages/fontTools/cffLib/__pycache__,10,6,6,205035,2026-07-27T22:35:55+00:00,.pyc:6
NASTRAN/REALASED_MODEL/MAIN/.venv_x56/lib/python3.12/site-packages/fontTools/colorLib,9,6,12,89372,2026-07-27T22:35:55+00:00,.py:6; .pyc:6
NASTRAN/REALASED_MODEL/MAIN/.venv_x56/lib/python3.12/site-packages/fontTools/colorLib/__pycache__,10,6,6,50491,2026-07-27T22:35:55+00:00,.pyc:6
NASTRAN/REALASED_MODEL/MAIN/.venv_x56/lib/python3.12/site-packages/fontTools/config,9,1,2,6901,2026-07-27T22:35:55+00:00,.py:1; .pyc:1
NASTRAN/REALASED_MODEL/MAIN/.venv_x56/lib/python3.12/site-packages/fontTools/config/__pycache__,10,1,1,3747,2026-07-27T22:35:55+00:00,.pyc:1
NASTRAN/REALASED_MODEL/MAIN/.venv_x56/lib/python3.12/site-packages/fontTools/cu2qu,9,9,16,1827435,2026-07-27T22:35:55+00:00,.py:7; .pyc:7; .c:1; .so:1
NASTRAN/REALASED_MODEL/MAIN/.venv_x56/lib/python3.12/site-packages/fontTools/cu2qu/__pycache__,10,7,7,56256,2026-07-27T22:35:55+00:00,.pyc:7
NASTRAN/REALASED_MODEL/MAIN/.venv_x56/lib/python3.12/site-packages/fontTools/designspaceLib,9,5,10,330458,2026-07-27T22:35:55+00:00,.py:5; .pyc:5
NASTRAN/REALASED_MODEL/MAIN/.venv_x56/lib/python3.12/site-packages/fontTools/designspaceLib/__pycache__,10,5,5,166191,2026-07-27T22:35:55+00:00,.pyc:5
NASTRAN/REALASED_MODEL/MAIN/.venv_x56/lib/python3.12/site-packages/fontTools/diff,9,5,10,54276,2026-07-27T22:35:55+00:00,.py:5; .pyc:5
NASTRAN/REALASED_MODEL/MAIN/.venv_x56/lib/python3.12/site-packages/fontTools/diff/__pycache__,10,5,5,29186,2026-07-27T22:35:55+00:00,.pyc:5
NASTRAN/REALASED_MODEL/MAIN/.venv_x56/lib/python3.12/site-packages/fontTools/encodings,9,4,8,22149,2026-07-27T22:35:55+00:00,.py:4; .pyc:4
NASTRAN/REALASED_MODEL/MAIN/.venv_x56/lib/python3.12/site-packages/fontTools/encodings/__pycache__,10,4,4,10196,2026-07-27T22:35:55+00:00,.pyc:4
NASTRAN/REALASED_MODEL/MAIN/.venv_x56/lib/python3.12/site-packages/fontTools/feaLib,9,12,22,2766153,2026-07-27T22:35:55+00:00,.py:10; .pyc:10; .c:1; .so:1
NASTRAN/REALASED_MODEL/MAIN/.venv_x56/lib/python3.12/site-packages/fontTools/feaLib/__pycache__,10,10,10,355142,2026-07-27T22:35:55+00:00,.pyc:10
NASTRAN/REALASED_MODEL/MAIN/.venv_x56/lib/python3.12/site-packages/fontTools/merge,9,9,18,126552,2026-07-27T22:35:55+00:00,.py:9; .pyc:9
NASTRAN/REALASED_MODEL/MAIN/.venv_x56/lib/python3.12/site-packages/fontTools/merge/__pycache__,10,9,9,71900,2026-07-27T22:35:55+00:00,.pyc:9
NASTRAN/REALASED_MODEL/MAIN/.venv_x56/lib/python3.12/site-packages/fontTools/misc,9,39,103,7483119,2026-07-27T22:35:55+00:00,.py:50; .pyc:50; .c:1; .so:1; .typed:1
NASTRAN/REALASED_MODEL/MAIN/.venv_x56/lib/python3.12/site-packages/fontTools/misc/__pycache__,10,37,37,421834,2026-07-27T22:35:55+00:00,.pyc:37
NASTRAN/REALASED_MODEL/MAIN/.venv_x56/lib/python3.12/site-packages/fontTools/misc/filesystem,10,12,24,85951,2026-07-27T22:35:55+00:00,.py:12; .pyc:12
NASTRAN/REALASED_MODEL/MAIN/.venv_x56/lib/python3.12/site-packages/fontTools/misc/filesystem/__pycache__,11,12,12,55553,2026-07-27T22:35:55+00:00,.pyc:12
NASTRAN/REALASED_MODEL/MAIN/.venv_x56/lib/python3.12/site-packages/fontTools/misc/plistlib,10,2,3,47801,2026-07-27T22:35:55+00:00,.py:1; .pyc:1; .typed:1
NASTRAN/REALASED_MODEL/MAIN/.venv_x56/lib/python3.12/site-packages/fontTools/misc/plistlib/__pycache__,11,1,1,26688,2026-07-27T22:35:55+00:00,.pyc:1
NASTRAN/REALASED_MODEL/MAIN/.venv_x56/lib/python3.12/site-packages/fontTools/mtiLib,9,2,4,119693,2026-07-27T22:35:55+00:00,.py:2; .pyc:2
NASTRAN/REALASED_MODEL/MAIN/.venv_x56/lib/python3.12/site-packages/fontTools/mtiLib/__pycache__,10,2,2,72997,2026-07-27T22:35:55+00:00,.pyc:2
NASTRAN/REALASED_MODEL/MAIN/.venv_x56/lib/python3.12/site-packages/fontTools/otlLib,9,4,14,333896,2026-07-27T22:35:55+00:00,.py:7; .pyc:7
NASTRAN/REALASED_MODEL/MAIN/.venv_x56/lib/python3.12/site-packages/fontTools/otlLib/__pycache__,10,4,4,160198,2026-07-27T22:35:55+00:00,.pyc:4
NASTRAN/REALASED_MODEL/MAIN/.venv_x56/lib/python3.12/site-packages/fontTools/otlLib/optimize,10,3,6,40614,2026-07-27T22:35:55+00:00,.py:3; .pyc:3
NASTRAN/REALASED_MODEL/MAIN/.venv_x56/lib/python3.12/site-packages/fontTools/otlLib/optimize/__pycache__,11,3,3,21312,2026-07-27T22:35:55+00:00,.pyc:3
NASTRAN/REALASED_MODEL/MAIN/.venv_x56/lib/python3.12/site-packages/fontTools/pens,9,31,60,2029705,2026-07-27T22:35:55+00:00,.py:29; .pyc:29; .c:1; .so:1
NASTRAN/REALASED_MODEL/MAIN/.venv_x56/lib/python3.12/site-packages/fontTools/pens/__pycache__,10,29,29,269733,2026-07-27T22:35:55+00:00,.pyc:29
NASTRAN/REALASED_MODEL/MAIN/.venv_x56/lib/python3.12/site-packages/fontTools/qu2cu,9,7,12,2108621,2026-07-27T22:35:55+00:00,.py:5; .pyc:5; .c:1; .so:1
NASTRAN/REALASED_MODEL/MAIN/.venv_x56/lib/python3.12/site-packages/fontTools/qu2cu/__pycache__,10,5,5,24694,2026-07-27T22:35:55+00:00,.pyc:5
NASTRAN/REALASED_MODEL/MAIN/.venv_x56/lib/python3.12/site-packages/fontTools/subset,9,5,10,383553,2026-07-27T22:35:55+00:00,.py:5; .pyc:5
NASTRAN/REALASED_MODEL/MAIN/.venv_x56/lib/python3.12/site-packages/fontTools/subset/__pycache__,10,5,5,223999,2026-07-27T22:35:55+00:00,.pyc:5
NASTRAN/REALASED_MODEL/MAIN/.venv_x56/lib/python3.12/site-packages/fontTools/svgLib,9,1,10,54493,2026-07-27T22:35:55+00:00,.py:5; .pyc:5
NASTRAN/REALASED_MODEL/MAIN/.venv_x56/lib/python3.12/site-packages/fontTools/svgLib/__pycache__,10,1,1,310,2026-07-27T22:35:55+00:00,.pyc:1
NASTRAN/REALASED_MODEL/MAIN/.venv_x56/lib/python3.12/site-packages/fontTools/svgLib/path,10,4,8,54108,2026-07-27T22:35:55+00:00,.py:4; .pyc:4
NASTRAN/REALASED_MODEL/MAIN/.venv_x56/lib/python3.12/site-packages/fontTools/svgLib/path/__pycache__,11,4,4,30125,2026-07-27T22:35:55+00:00,.pyc:4
NASTRAN/REALASED_MODEL/MAIN/.venv_x56/lib/python3.12/site-packages/fontTools/t1Lib,9,1,2,47577,2026-07-27T22:35:55+00:00,.py:1; .pyc:1
NASTRAN/REALASED_MODEL/MAIN/.venv_x56/lib/python3.12/site-packages/fontTools/t1Lib/__pycache__,10,1,1,26712,2026-07-27T22:35:55+00:00,.pyc:1
NASTRAN/REALASED_MODEL/MAIN/.venv_x56/lib/python3.12/site-packages/fontTools/ttLib,9,13,225,2769630,2026-07-27T22:35:56+00:00,.py:112; .pyc:112; .txt:1
NASTRAN/REALASED_MODEL/MAIN/.venv_x56/lib/python3.12/site-packages/fontTools/ttLib/__pycache__,10,13,13,277630,2026-07-27T22:35:56+00:00,.pyc:13
NASTRAN/REALASED_MODEL/MAIN/.venv_x56/lib/python3.12/site-packages/fontTools/ttLib/tables,10,100,199,2271468,2026-07-27T22:35:56+00:00,.py:99; .pyc:99; .txt:1
NASTRAN/REALASED_MODEL/MAIN/.venv_x56/lib/python3.12/site-packages/fontTools/ttLib/tables/__pycache__,11,99,99,1189288,2026-07-27T22:35:56+00:00,.pyc:99
NASTRAN/REALASED_MODEL/MAIN/.venv_x56/lib/python3.12/site-packages/fontTools/ufoLib,9,11,22,492552,2026-07-27T22:35:56+00:00,.py:11; .pyc:11
NASTRAN/REALASED_MODEL/MAIN/.venv_x56/lib/python3.12/site-packages/fontTools/ufoLib/__pycache__,10,11,11,249128,2026-07-27T22:35:56+00:00,.pyc:11
NASTRAN/REALASED_MODEL/MAIN/.venv_x56/lib/python3.12/site-packages/fontTools/unicodedata,9,6,12,277371,2026-07-27T22:35:56+00:00,.py:6; .pyc:6
NASTRAN/REALASED_MODEL/MAIN/.venv_x56/lib/python3.12/site-packages/fontTools/unicodedata/__pycache__,10,6,6,64914,2026-07-27T22:35:56+00:00,.pyc:6
NASTRAN/REALASED_MODEL/MAIN/.venv_x56/lib/python3.12/site-packages/fontTools/varLib,9,25,70,3689078,2026-07-27T22:35:56+00:00,.py:34; .pyc:34; .c:1; .so:1
NASTRAN/REALASED_MODEL/MAIN/.venv_x56/lib/python3.12/site-packages/fontTools/varLib/__pycache__,10,23,23,481991,2026-07-27T22:35:56+00:00,.pyc:23
NASTRAN/REALASED_MODEL/MAIN/.venv_x56/lib/python3.12/site-packages/fontTools/varLib/avar,10,6,12,98333,2026-07-27T22:35:56+00:00,.py:6; .pyc:6
NASTRAN/REALASED_MODEL/MAIN/.venv_x56/lib/python3.12/site-packages/fontTools/varLib/avar/__pycache__,11,6,6,53121,2026-07-27T22:35:56+00:00,.pyc:6
NASTRAN/REALASED_MODEL/MAIN/.venv_x56/lib/python3.12/site-packages/fontTools/varLib/instancer,10,5,10,222859,2026-07-27T22:35:56+00:00,.py:5; .pyc:5
NASTRAN/REALASED_MODEL/MAIN/.venv_x56/lib/python3.12/site-packages/fontTools/varLib/instancer/__pycache__,11,5,5,114270,2026-07-27T22:35:56+00:00,.pyc:5
NASTRAN/REALASED_MODEL/MAIN/.venv_x56/lib/python3.12/site-packages/fontTools/voltLib,9,7,14,205698,2026-07-27T22:35:56+00:00,.py:7; .pyc:7
NASTRAN/REALASED_MODEL/MAIN/.venv_x56/lib/python3.12/site-packages/fontTools/voltLib/__pycache__,10,7,7,120611,2026-07-27T22:35:56+00:00,.pyc:7
NASTRAN/REALASED_MODEL/MAIN/.venv_x56/lib/python3.12/site-packages/fonttools-4.63.0.dist-info,8,6,8,192335,2026-07-27T22:35:56+00:00,[senza_estensione]:5; .txt:2; .external:1
NASTRAN/REALASED_MODEL/MAIN/.venv_x56/lib/python3.12/site-packages/fonttools-4.63.0.dist-info/licenses,9,2,2,21094,2026-07-27T22:35:55+00:00,[senza_estensione]:1; .external:1
NASTRAN/REALASED_MODEL/MAIN/.venv_x56/lib/python3.12/site-packages/kiwisolver,8,5,7,5753205,2026-07-27T22:35:55+00:00,.py:2; .pyc:2; .so:1; .pyi:1; .typed:1
NASTRAN/REALASED_MODEL/MAIN/.venv_x56/lib/python3.12/site-packages/kiwisolver/__pycache__,9,2,2,2741,2026-07-27T22:35:55+00:00,.pyc:2
NASTRAN/REALASED_MODEL/MAIN/.venv_x56/lib/python3.12/site-packages/kiwisolver-1.5.0.dist-info,8,5,6,9590,2026-07-27T22:35:55+00:00,[senza_estensione]:5; .txt:1
NASTRAN/REALASED_MODEL/MAIN/.venv_x56/lib/python3.12/site-packages/kiwisolver-1.5.0.dist-info/licenses,9,1,1,3289,2026-07-27T22:35:55+00:00,[senza_estensione]:1
NASTRAN/REALASED_MODEL/MAIN/.venv_x56/lib/python3.12/site-packages/matplotlib,8,142,804,34218307,2026-07-27T22:36:02+00:00,.py:248; .pyc:248; .pyi:85; .afm:61; .ttf:40; .mplstyle:31; .png:23; .svg:19; .pdf:11; .so:8; .css:5; .html:3
NASTRAN/REALASED_MODEL/MAIN/.venv_x56/lib/python3.12/site-packages/matplotlib/__pycache__,9,77,77,4260218,2026-07-27T22:36:02+00:00,.pyc:77
NASTRAN/REALASED_MODEL/MAIN/.venv_x56/lib/python3.12/site-packages/matplotlib/_api,9,4,6,88501,2026-07-27T22:36:01+00:00,.py:2; .pyi:2; .pyc:2
NASTRAN/REALASED_MODEL/MAIN/.venv_x56/lib/python3.12/site-packages/matplotlib/_api/__pycache__,10,2,2,45838,2026-07-27T22:36:01+00:00,.pyc:2
NASTRAN/REALASED_MODEL/MAIN/.venv_x56/lib/python3.12/site-packages/matplotlib/axes,9,8,12,1245176,2026-07-27T22:36:01+00:00,.py:4; .pyi:4; .pyc:4
NASTRAN/REALASED_MODEL/MAIN/.venv_x56/lib/python3.12/site-packages/matplotlib/axes/__pycache__,10,4,4,613738,2026-07-27T22:36:01+00:00,.pyc:4
NASTRAN/REALASED_MODEL/MAIN/.venv_x56/lib/python3.12/site-packages/matplotlib/backends,9,40,91,2674727,2026-07-27T22:36:01+00:00,.py:38; .pyc:38; .css:4; .pyi:3; .html:3; .js:3; .so:2
NASTRAN/REALASED_MODEL/MAIN/.venv_x56/lib/python3.12/site-packages/matplotlib/backends/__pycache__,10,35,35,822332,2026-07-27T22:36:01+00:00,.pyc:35
NASTRAN/REALASED_MODEL/MAIN/.venv_x56/lib/python3.12/site-packages/matplotlib/backends/qt_editor,10,3,6,75846,2026-07-27T22:36:01+00:00,.py:3; .pyc:3
NASTRAN/REALASED_MODEL/MAIN/.venv_x56/lib/python3.12/site-packages/matplotlib/backends/qt_editor/__pycache__,11,3,3,45038,2026-07-27T22:36:01+00:00,.pyc:3
NASTRAN/REALASED_MODEL/MAIN/.venv_x56/lib/python3.12/site-packages/matplotlib/backends/web_backend,10,3,10,46430,2026-07-27T22:36:01+00:00,.css:4; .html:3; .js:3
NASTRAN/REALASED_MODEL/MAIN/.venv_x56/lib/python3.12/site-packages/matplotlib/backends/web_backend/css,11,4,4,7000,2026-07-27T22:36:01+00:00,.css:4
NASTRAN/REALASED_MODEL/MAIN/.venv_x56/lib/python3.12/site-packages/matplotlib/backends/web_backend/js,11,3,3,35009,2026-07-27T22:36:01+00:00,.js:3
NASTRAN/REALASED_MODEL/MAIN/.venv_x56/lib/python3.12/site-packages/matplotlib/mpl-data,9,2,204,9647777,2026-07-27T22:36:01+00:00,.afm:61; .ttf:40; .mplstyle:31; .png:23; .svg:19; .pdf:11; [senza_estensione]:3; .csv:3; .npz:3; .txt:2; .dat:2; .lua:1
NASTRAN/REALASED_MODEL/MAIN/.venv_x56/lib/python3.12/site-packages/matplotlib/mpl-data/fonts,10,0,104,8884861,2026-07-27T22:36:01+00:00,.afm:61; .ttf:40; [senza_estensione]:2; .txt:1
NASTRAN/REALASED_MODEL/MAIN/.venv_x56/lib/python3.12/site-packages/matplotlib/mpl-data/fonts/afm,11,47,47,744655,2026-07-27T22:36:01+00:00,.afm:47
NASTRAN/REALASED_MODEL/MAIN/.venv_x56/lib/python3.12/site-packages/matplotlib/mpl-data/fonts/pdfcorefonts,11,15,15,619602,2026-07-27T22:36:01+00:00,.afm:14; .txt:1
NASTRAN/REALASED_MODEL/MAIN/.venv_x56/lib/python3.12/site-packages/matplotlib/mpl-data/fonts/ttf,11,42,42,7520604,2026-07-27T22:36:01+00:00,.ttf:40; [senza_estensione]:2
NASTRAN/REALASED_MODEL/MAIN/.venv_x56/lib/python3.12/site-packages/matplotlib/mpl-data/images,10,51,51,156653,2026-07-27T22:36:01+00:00,.png:21; .svg:19; .pdf:11
NASTRAN/REALASED_MODEL/MAIN/.venv_x56/lib/python3.12/site-packages/matplotlib/mpl-data/plot_directive,10,1,1,318,2026-07-27T22:36:01+00:00,.css:1
NASTRAN/REALASED_MODEL/MAIN/.venv_x56/lib/python3.12/site-packages/matplotlib/mpl-data/sample_data,10,14,15,521639,2026-07-27T22:36:01+00:00,.csv:3; .npz:3; .png:2; .dat:2; .txt:1; .npy:1; .xrc:1; .jpg:1; .gz:1
NASTRAN/REALASED_MODEL/MAIN/.venv_x56/lib/python3.12/site-packages/matplotlib/mpl-data/sample_data/axes_grid,11,1,1,1880,2026-07-27T22:36:01+00:00,.npy:1
NASTRAN/REALASED_MODEL/MAIN/.venv_x56/lib/python3.12/site-packages/matplotlib/mpl-data/stylelib,10,31,31,38799,2026-07-27T22:36:01+00:00,.mplstyle:31
NASTRAN/REALASED_MODEL/MAIN/.venv_x56/lib/python3.12/site-packages/matplotlib/projections,9,6,9,197484,2026-07-27T22:36:01+00:00,.py:3; .pyi:3; .pyc:3
NASTRAN/REALASED_MODEL/MAIN/.venv_x56/lib/python3.12/site-packages/matplotlib/projections/__pycache__,10,3,3,109193,2026-07-27T22:36:01+00:00,.pyc:3
NASTRAN/REALASED_MODEL/MAIN/.venv_x56/lib/python3.12/site-packages/matplotlib/sphinxext,9,5,10,128306,2026-07-27T22:36:02+00:00,.py:5; .pyc:5
NASTRAN/REALASED_MODEL/MAIN/.venv_x56/lib/python3.12/site-packages/matplotlib/sphinxext/__pycache__,10,5,5,69926,2026-07-27T22:36:02+00:00,.pyc:5
NASTRAN/REALASED_MODEL/MAIN/.venv_x56/lib/python3.12/site-packages/matplotlib/style,9,4,6,22783,2026-07-27T22:36:02+00:00,.py:2; .pyi:2; .pyc:2
NASTRAN/REALASED_MODEL/MAIN/.venv_x56/lib/python3.12/site-packages/matplotlib/style/__pycache__,10,2,2,11846,2026-07-27T22:36:02+00:00,.pyc:2
NASTRAN/REALASED_MODEL/MAIN/.venv_x56/lib/python3.12/site-packages/matplotlib/testing,9,12,35,211658,2026-07-27T22:36:02+00:00,.py:15; .pyc:15; .pyi:5
NASTRAN/REALASED_MODEL/MAIN/.venv_x56/lib/python3.12/site-packages/matplotlib/testing/__pycache__,10,7,7,78750,2026-07-27T22:36:02+00:00,.pyc:7
NASTRAN/REALASED_MODEL/MAIN/.venv_x56/lib/python3.12/site-packages/matplotlib/testing/jpl_units,10,8,16,65732,2026-07-27T22:36:02+00:00,.py:8; .pyc:8
NASTRAN/REALASED_MODEL/MAIN/.venv_x56/lib/python3.12/site-packages/matplotlib/testing/jpl_units/__pycache__,11,8,8,37801,2026-07-27T22:36:02+00:00,.pyc:8
NASTRAN/REALASED_MODEL/MAIN/.venv_x56/lib/python3.12/site-packages/matplotlib/tests,9,93,186,5355650,2026-07-27T22:36:02+00:00,.py:93; .pyc:93
NASTRAN/REALASED_MODEL/MAIN/.venv_x56/lib/python3.12/site-packages/matplotlib/tests/__pycache__,10,93,93,3289345,2026-07-27T22:36:02+00:00,.pyc:93
NASTRAN/REALASED_MODEL/MAIN/.venv_x56/lib/python3.12/site-packages/matplotlib/tri,9,17,26,263579,2026-07-27T22:36:02+00:00,.py:9; .pyc:9; .pyi:8
NASTRAN/REALASED_MODEL/MAIN/.venv_x56/lib/python3.12/site-packages/matplotlib/tri/__pycache__,10,9,9,135808,2026-07-27T22:36:02+00:00,.pyc:9
NASTRAN/REALASED_MODEL/MAIN/.venv_x56/lib/python3.12/site-packages/matplotlib-3.11.1.dist-info,8,5,5,218167,2026-07-27T22:36:02+00:00,[senza_estensione]:5
NASTRAN/REALASED_MODEL/MAIN/.venv_x56/lib/python3.12/site-packages/mpl_toolkits,8,0,80,1594068,2026-07-27T22:36:02+00:00,.py:40; .pyc:40
NASTRAN/REALASED_MODEL/MAIN/.venv_x56/lib/python3.12/site-packages/mpl_toolkits/axes_grid1,9,9,24,329961,2026-07-27T22:36:02+00:00,.py:12; .pyc:12
NASTRAN/REALASED_MODEL/MAIN/.venv_x56/lib/python3.12/site-packages/mpl_toolkits/axes_grid1/__pycache__,10,9,9,143275,2026-07-27T22:36:02+00:00,.pyc:9
NASTRAN/REALASED_MODEL/MAIN/.venv_x56/lib/python3.12/site-packages/mpl_toolkits/axes_grid1/tests,10,3,6,78039,2026-07-27T22:36:02+00:00,.py:3; .pyc:3
NASTRAN/REALASED_MODEL/MAIN/.venv_x56/lib/python3.12/site-packages/mpl_toolkits/axes_grid1/tests/__pycache__,11,3,3,48352,2026-07-27T22:36:02+00:00,.pyc:3
NASTRAN/REALASED_MODEL/MAIN/.venv_x56/lib/python3.12/site-packages/mpl_toolkits/axisartist,9,10,36,346912,2026-07-27T22:36:02+00:00,.py:18; .pyc:18
NASTRAN/REALASED_MODEL/MAIN/.venv_x56/lib/python3.12/site-packages/mpl_toolkits/axisartist/__pycache__,10,10,10,160360,2026-07-27T22:36:02+00:00,.pyc:10
NASTRAN/REALASED_MODEL/MAIN/.venv_x56/lib/python3.12/site-packages/mpl_toolkits/axisartist/tests,10,8,16,73678,2026-07-27T22:36:02+00:00,.py:8; .pyc:8
NASTRAN/REALASED_MODEL/MAIN/.venv_x56/lib/python3.12/site-packages/mpl_toolkits/axisartist/tests/__pycache__,11,8,8,46134,2026-07-27T22:36:02+00:00,.pyc:8
NASTRAN/REALASED_MODEL/MAIN/.venv_x56/lib/python3.12/site-packages/mpl_toolkits/mplot3d,9,5,20,917195,2026-07-27T22:36:02+00:00,.py:10; .pyc:10
NASTRAN/REALASED_MODEL/MAIN/.venv_x56/lib/python3.12/site-packages/mpl_toolkits/mplot3d/__pycache__,10,5,5,317595,2026-07-27T22:36:02+00:00,.pyc:5
NASTRAN/REALASED_MODEL/MAIN/.venv_x56/lib/python3.12/site-packages/mpl_toolkits/mplot3d/tests,10,5,10,327435,2026-07-27T22:36:02+00:00,.py:5; .pyc:5
NASTRAN/REALASED_MODEL/MAIN/.venv_x56/lib/python3.12/site-packages/mpl_toolkits/mplot3d/tests/__pycache__,11,5,5,205067,2026-07-27T22:36:02+00:00,.pyc:5
NASTRAN/REALASED_MODEL/MAIN/.venv_x56/lib/python3.12/site-packages/numpy,8,19,1190,36614151,2026-07-27T22:35:55+00:00,.py:409; .pyc:409; .pyi:176; .f90:49; .csv:30; .h:29; .f:20; .so:19; .pxd:7; .c:5; .pyf:5; .npy:4
NASTRAN/REALASED_MODEL/MAIN/.venv_x56/lib/python3.12/site-packages/numpy/__pycache__,9,11,11,80800,2026-07-27T22:35:55+00:00,.pyc:11
NASTRAN/REALASED_MODEL/MAIN/.venv_x56/lib/python3.12/site-packages/numpy/_core,9,8,15,3907,2026-07-27T22:35:53+00:00,.py:7; .pyc:7; .pyi:1
NASTRAN/REALASED_MODEL/MAIN/.venv_x56/lib/python3.12/site-packages/numpy/_core/__pycache__,10,7,7,2943,2026-07-27T22:35:53+00:00,.pyc:7
NASTRAN/REALASED_MODEL/MAIN/.venv_x56/lib/python3.12/site-packages/numpy/_pyinstaller,9,4,8,9523,2026-07-27T22:35:53+00:00,.py:4; .pyc:4
NASTRAN/REALASED_MODEL/MAIN/.venv_x56/lib/python3.12/site-packages/numpy/_pyinstaller/__pycache__,10,4,4,5836,2026-07-27T22:35:53+00:00,.pyc:4
NASTRAN/REALASED_MODEL/MAIN/.venv_x56/lib/python3.12/site-packages/numpy/_typing,9,13,24,91104,2026-07-27T22:35:53+00:00,.py:11; .pyc:11; .pyi:2
NASTRAN/REALASED_MODEL/MAIN/.venv_x56/lib/python3.12/site-packages/numpy/_typing/__pycache__,10,11,11,35329,2026-07-27T22:35:53+00:00,.pyc:11
NASTRAN/REALASED_MODEL/MAIN/.venv_x56/lib/python3.12/site-packages/numpy/_utils,9,4,8,53058,2026-07-27T22:35:53+00:00,.py:4; .pyc:4
NASTRAN/REALASED_MODEL/MAIN/.venv_x56/lib/python3.12/site-packages/numpy/_utils/__pycache__,10,4,4,30490,2026-07-27T22:35:53+00:00,.pyc:4
NASTRAN/REALASED_MODEL/MAIN/.venv_x56/lib/python3.12/site-packages/numpy/array_api,9,17,54,388278,2026-07-27T22:35:53+00:00,.py:27; .pyc:27
NASTRAN/REALASED_MODEL/MAIN/.venv_x56/lib/python3.12/site-packages/numpy/array_api/__pycache__,10,17,17,162835,2026-07-27T22:35:53+00:00,.pyc:17
NASTRAN/REALASED_MODEL/MAIN/.venv_x56/lib/python3.12/site-packages/numpy/array_api/tests,10,10,20,88801,2026-07-27T22:35:53+00:00,.py:10; .pyc:10
NASTRAN/REALASED_MODEL/MAIN/.venv_x56/lib/python3.12/site-packages/numpy/array_api/tests/__pycache__,11,10,10,58105,2026-07-27T22:35:53+00:00,.pyc:10
NASTRAN/REALASED_MODEL/MAIN/.venv_x56/lib/python3.12/site-packages/numpy/compat,9,3,10,14071,2026-07-27T22:35:53+00:00,.py:5; .pyc:5
NASTRAN/REALASED_MODEL/MAIN/.venv_x56/lib/python3.12/site-packages/numpy/compat/__pycache__,10,3,3,7228,2026-07-27T22:35:53+00:00,.pyc:3
NASTRAN/REALASED_MODEL/MAIN/.venv_x56/lib/python3.12/site-packages/numpy/compat/tests,10,2,4,2227,2026-07-27T22:35:53+00:00,.py:2; .pyc:2
NASTRAN/REALASED_MODEL/MAIN/.venv_x56/lib/python3.12/site-packages/numpy/compat/tests/__pycache__,11,2,2,1648,2026-07-27T22:35:53+00:00,.pyc:2
NASTRAN/REALASED_MODEL/MAIN/.venv_x56/lib/python3.12/site-packages/numpy/core,9,53,276,20375496,2026-07-27T22:35:54+00:00,.py:95; .pyc:95; .h:28; .csv:20; .pyi:17; .so:7; .c:3; .txt:2; .ini:2; .pkl:2; .a:1; .cpp:1
NASTRAN/REALASED_MODEL/MAIN/.venv_x56/lib/python3.12/site-packages/numpy/core/__pycache__,10,29,29,979424,2026-07-27T22:35:54+00:00,.pyc:29
NASTRAN/REALASED_MODEL/MAIN/.venv_x56/lib/python3.12/site-packages/numpy/core/include,10,0,31,418555,2026-07-27T22:35:53+00:00,.h:28; .c:2; .txt:1
NASTRAN/REALASED_MODEL/MAIN/.venv_x56/lib/python3.12/site-packages/numpy/core/include/numpy,11,27,31,418555,2026-07-27T22:35:53+00:00,.h:28; .c:2; .txt:1
NASTRAN/REALASED_MODEL/MAIN/.venv_x56/lib/python3.12/site-packages/numpy/core/include/numpy/random,12,4,4,91505,2026-07-27T22:35:53+00:00,.h:3; .txt:1
NASTRAN/REALASED_MODEL/MAIN/.venv_x56/lib/python3.12/site-packages/numpy/core/lib,10,1,3,94467,2026-07-27T22:35:53+00:00,.ini:2; .a:1
NASTRAN/REALASED_MODEL/MAIN/.venv_x56/lib/python3.12/site-packages/numpy/core/lib/npy-pkg-config,11,2,2,507,2026-07-27T22:35:53+00:00,.ini:2
NASTRAN/REALASED_MODEL/MAIN/.venv_x56/lib/python3.12/site-packages/numpy/core/tests,10,64,160,6543743,2026-07-27T22:35:54+00:00,.py:66; .pyc:66; .csv:20; .pkl:2; .cpp:1; .fits:1; .txt:1; .pyx:1; .build:1; .c:1
NASTRAN/REALASED_MODEL/MAIN/.venv_x56/lib/python3.12/site-packages/numpy/core/tests/__pycache__,11,64,64,3352072,2026-07-27T22:35:54+00:00,.pyc:64
NASTRAN/REALASED_MODEL/MAIN/.venv_x56/lib/python3.12/site-packages/numpy/core/tests/data,11,25,25,1149472,2026-07-27T22:35:53+00:00,.csv:20; .pkl:2; .cpp:1; .fits:1; .txt:1
NASTRAN/REALASED_MODEL/MAIN/.venv_x56/lib/python3.12/site-packages/numpy/core/tests/examples,11,0,7,4775,2026-07-27T22:35:53+00:00,.pyc:2; .py:2; .pyx:1; .build:1; .c:1
NASTRAN/REALASED_MODEL/MAIN/.venv_x56/lib/python3.12/site-packages/numpy/core/tests/examples/cython,12,3,4,3164,2026-07-27T22:35:53+00:00,.pyc:1; .pyx:1; .build:1; .py:1
NASTRAN/REALASED_MODEL/MAIN/.venv_x56/lib/python3.12/site-packages/numpy/core/tests/examples/cython/__pycache__,13,1,1,918,2026-07-27T22:35:53+00:00,.pyc:1
NASTRAN/REALASED_MODEL/MAIN/.venv_x56/lib/python3.12/site-packages/numpy/core/tests/examples/limited_api,12,2,3,1611,2026-07-27T22:35:53+00:00,.pyc:1; .c:1; .py:1
NASTRAN/REALASED_MODEL/MAIN/.venv_x56/lib/python3.12/site-packages/numpy/core/tests/examples/limited_api/__pycache__,13,1,1,832,2026-07-27T22:35:53+00:00,.pyc:1
NASTRAN/REALASED_MODEL/MAIN/.venv_x56/lib/python3.12/site-packages/numpy/doc,9,3,6,30938,2026-07-27T22:35:54+00:00,.py:3; .pyc:3
NASTRAN/REALASED_MODEL/MAIN/.venv_x56/lib/python3.12/site-packages/numpy/doc/__pycache__,10,3,3,15918,2026-07-27T22:35:54+00:00,.pyc:3
NASTRAN/REALASED_MODEL/MAIN/.venv_x56/lib/python3.12/site-packages/numpy/f2py,9,21,195,1571266,2026-07-27T22:35:54+00:00,.py:56; .pyc:56; .f90:49; .f:20; .pyf:5; .c:2; [senza_estensione]:2; .pyi:1; .template:1; .cfg:1; .h:1; .mod:1
NASTRAN/REALASED_MODEL/MAIN/.venv_x56/lib/python3.12/site-packages/numpy/f2py/__pycache__,10,19,19,519334,2026-07-27T22:35:54+00:00,.pyc:19
NASTRAN/REALASED_MODEL/MAIN/.venv_x56/lib/python3.12/site-packages/numpy/f2py/_backends,10,5,9,29309,2026-07-27T22:35:54+00:00,.py:4; .pyc:4; .template:1
NASTRAN/REALASED_MODEL/MAIN/.venv_x56/lib/python3.12/site-packages/numpy/f2py/_backends/__pycache__,11,4,4,16945,2026-07-27T22:35:54+00:00,.pyc:4
NASTRAN/REALASED_MODEL/MAIN/.venv_x56/lib/python3.12/site-packages/numpy/f2py/src,10,2,2,51852,2026-07-27T22:35:53+00:00,.c:1; .h:1
NASTRAN/REALASED_MODEL/MAIN/.venv_x56/lib/python3.12/site-packages/numpy/f2py/tests,10,33,144,491450,2026-07-27T22:35:54+00:00,.f90:49; .py:33; .pyc:33; .f:20; .pyf:5; [senza_estensione]:2; .c:1; .mod:1
NASTRAN/REALASED_MODEL/MAIN/.venv_x56/lib/python3.12/site-packages/numpy/f2py/tests/__pycache__,11,33,33,285318,2026-07-27T22:35:54+00:00,.pyc:33
NASTRAN/REALASED_MODEL/MAIN/.venv_x56/lib/python3.12/site-packages/numpy/f2py/tests/src,11,0,78,42642,2026-07-27T22:35:53+00:00,.f90:49; .f:20; .pyf:5; [senza_estensione]:2; .c:1; .mod:1
NASTRAN/REALASED_MODEL/MAIN/.venv_x56/lib/python3.12/site-packages/numpy/f2py/tests/src/abstract_interface,12,2,2,763,2026-07-27T22:35:53+00:00,.f90:2
NASTRAN/REALASED_MODEL/MAIN/.venv_x56/lib/python3.12/site-packages/numpy/f2py/tests/src/array_from_pyobj,12,1,1,7299,2026-07-27T22:35:53+00:00,.c:1
NASTRAN/REALASED_MODEL/MAIN/.venv_x56/lib/python3.12/site-packages/numpy/f2py/tests/src/assumed_shape,12,5,5,1387,2026-07-27T22:35:53+00:00,.f90:4; [senza_estensione]:1
NASTRAN/REALASED_MODEL/MAIN/.venv_x56/lib/python3.12/site-packages/numpy/f2py/tests/src/block_docstring,12,1,1,97,2026-07-27T22:35:53+00:00,.f:1
NASTRAN/REALASED_MODEL/MAIN/.venv_x56/lib/python3.12/site-packages/numpy/f2py/tests/src/callback,12,5,5,2534,2026-07-27T22:35:53+00:00,.f:2; .f90:2; .pyf:1
NASTRAN/REALASED_MODEL/MAIN/.venv_x56/lib/python3.12/site-packages/numpy/f2py/tests/src/cli,12,3,3,264,2026-07-27T22:35:53+00:00,.pyf:1; .f:1; .f90:1
NASTRAN/REALASED_MODEL/MAIN/.venv_x56/lib/python3.12/site-packages/numpy/f2py/tests/src/common,12,2,2,417,2026-07-27T22:35:53+00:00,.f:1; .f90:1
NASTRAN/REALASED_MODEL/MAIN/.venv_x56/lib/python3.12/site-packages/numpy/f2py/tests/src/crackfortran,12,19,19,5384,2026-07-27T22:35:53+00:00,.f90:12; .f:6; .pyf:1
NASTRAN/REALASED_MODEL/MAIN/.venv_x56/lib/python3.12/site-packages/numpy/f2py/tests/src/f2cmap,12,2,2,380,2026-07-27T22:35:53+00:00,[senza_estensione]:1; .f90:1
NASTRAN/REALASED_MODEL/MAIN/.venv_x56/lib/python3.12/site-packages/numpy/f2py/tests/src/isocintrin,12,1,1,998,2026-07-27T22:35:53+00:00,.f90:1
NASTRAN/REALASED_MODEL/MAIN/.venv_x56/lib/python3.12/site-packages/numpy/f2py/tests/src/kind,12,1,1,347,2026-07-27T22:35:53+00:00,.f90:1
NASTRAN/REALASED_MODEL/MAIN/.venv_x56/lib/python3.12/site-packages/numpy/f2py/tests/src/mixed,12,3,3,403,2026-07-27T22:35:53+00:00,.f90:2; .f:1
NASTRAN/REALASED_MODEL/MAIN/.venv_x56/lib/python3.12/site-packages/numpy/f2py/tests/src/module_data,12,2,2,636,2026-07-27T22:35:53+00:00,.mod:1; .f90:1
NASTRAN/REALASED_MODEL/MAIN/.venv_x56/lib/python3.12/site-packages/numpy/f2py/tests/src/negative_bounds,12,1,1,157,2026-07-27T22:35:53+00:00,.f90:1
NASTRAN/REALASED_MODEL/MAIN/.venv_x56/lib/python3.12/site-packages/numpy/f2py/tests/src/parameter,12,5,5,4239,2026-07-27T22:35:53+00:00,.f90:5
NASTRAN/REALASED_MODEL/MAIN/.venv_x56/lib/python3.12/site-packages/numpy/f2py/tests/src/quoted_character,12,1,1,482,2026-07-27T22:35:53+00:00,.f:1
NASTRAN/REALASED_MODEL/MAIN/.venv_x56/lib/python3.12/site-packages/numpy/f2py/tests/src/regression,12,1,3,636,2026-07-27T22:35:53+00:00,.f90:3
NASTRAN/REALASED_MODEL/MAIN/.venv_x56/lib/python3.12/site-packages/numpy/f2py/tests/src/regression/gh25337,13,2,2,359,2026-07-27T22:35:53+00:00,.f90:2
NASTRAN/REALASED_MODEL/MAIN/.venv_x56/lib/python3.12/site-packages/numpy/f2py/tests/src/return_character,12,2,2,2228,2026-07-27T22:35:53+00:00,.f:1; .f90:1
NASTRAN/REALASED_MODEL/MAIN/.venv_x56/lib/python3.12/site-packages/numpy/f2py/tests/src/return_complex,12,2,2,2211,2026-07-27T22:35:53+00:00,.f:1; .f90:1
NASTRAN/REALASED_MODEL/MAIN/.venv_x56/lib/python3.12/site-packages/numpy/f2py/tests/src/return_integer,12,2,2,2709,2026-07-27T22:35:53+00:00,.f:1; .f90:1
NASTRAN/REALASED_MODEL/MAIN/.venv_x56/lib/python3.12/site-packages/numpy/f2py/tests/src/return_logical,12,2,2,2719,2026-07-27T22:35:53+00:00,.f:1; .f90:1
NASTRAN/REALASED_MODEL/MAIN/.venv_x56/lib/python3.12/site-packages/numpy/f2py/tests/src/return_real,12,2,2,2127,2026-07-27T22:35:53+00:00,.f:1; .f90:1
NASTRAN/REALASED_MODEL/MAIN/.venv_x56/lib/python3.12/site-packages/numpy/f2py/tests/src/size,12,1,1,815,2026-07-27T22:35:53+00:00,.f90:1
NASTRAN/REALASED_MODEL/MAIN/.venv_x56/lib/python3.12/site-packages/numpy/f2py/tests/src/string,12,9,9,3220,2026-07-27T22:35:53+00:00,.f90:5; .f:2; .pyf:2
NASTRAN/REALASED_MODEL/MAIN/.venv_x56/lib/python3.12/site-packages/numpy/f2py/tests/src/value_attrspec,12,1,1,190,2026-07-27T22:35:53+00:00,.f90:1
NASTRAN/REALASED_MODEL/MAIN/.venv_x56/lib/python3.12/site-packages/numpy/fft,9,7,16,295257,2026-07-27T22:35:54+00:00,.py:6; .pyc:6; .pyi:3; .so:1
NASTRAN/REALASED_MODEL/MAIN/.venv_x56/lib/python3.12/site-packages/numpy/fft/__pycache__,10,3,3,71525,2026-07-27T22:35:54+00:00,.pyc:3
NASTRAN/REALASED_MODEL/MAIN/.venv_x56/lib/python3.12/site-packages/numpy/fft/tests,10,3,6,55401,2026-07-27T22:35:54+00:00,.py:3; .pyc:3
NASTRAN/REALASED_MODEL/MAIN/.venv_x56/lib/python3.12/site-packages/numpy/fft/tests/__pycache__,11,3,3,36358,2026-07-27T22:35:54+00:00,.pyc:3
NASTRAN/REALASED_MODEL/MAIN/.venv_x56/lib/python3.12/site-packages/numpy/lib,9,45,128,3873957,2026-07-27T22:35:54+00:00,.py:51; .pyc:51; .pyi:20; .npy:4; .npz:2
NASTRAN/REALASED_MODEL/MAIN/.venv_x56/lib/python3.12/site-packages/numpy/lib/__pycache__,10,25,25,954208,2026-07-27T22:35:54+00:00,.pyc:25
NASTRAN/REALASED_MODEL/MAIN/.venv_x56/lib/python3.12/site-packages/numpy/lib/tests,10,26,58,1956908,2026-07-27T22:35:54+00:00,.py:26; .pyc:26; .npy:4; .npz:2
NASTRAN/REALASED_MODEL/MAIN/.venv_x56/lib/python3.12/site-packages/numpy/lib/tests/__pycache__,11,26,26,1209670,2026-07-27T22:35:54+00:00,.pyc:26
NASTRAN/REALASED_MODEL/MAIN/.venv_x56/lib/python3.12/site-packages/numpy/lib/tests/data,11,6,6,1606,2026-07-27T22:35:53+00:00,.npy:4; .npz:2
NASTRAN/REALASED_MODEL/MAIN/.venv_x56/lib/python3.12/site-packages/numpy/linalg,9,6,16,676923,2026-07-27T22:35:54+00:00,.py:6; .pyc:6; .pyi:2; .so:2
NASTRAN/REALASED_MODEL/MAIN/.venv_x56/lib/python3.12/site-packages/numpy/linalg/__pycache__,10,2,2,102599,2026-07-27T22:35:54+00:00,.pyc:2
NASTRAN/REALASED_MODEL/MAIN/.venv_x56/lib/python3.12/site-packages/numpy/linalg/tests,10,4,8,226821,2026-07-27T22:35:54+00:00,.py:4; .pyc:4
NASTRAN/REALASED_MODEL/MAIN/.venv_x56/lib/python3.12/site-packages/numpy/linalg/tests/__pycache__,11,4,4,142662,2026-07-27T22:35:54+00:00,.pyc:4
NASTRAN/REALASED_MODEL/MAIN/.venv_x56/lib/python3.12/site-packages/numpy/ma,9,14,37,1856731,2026-07-27T22:35:54+00:00,.py:15; .pyc:15; .pyi:4; .txt:1; [senza_estensione]:1; .rst:1
NASTRAN/REALASED_MODEL/MAIN/.venv_x56/lib/python3.12/site-packages/numpy/ma/__pycache__,10,7,7,451739,2026-07-27T22:35:54+00:00,.pyc:7
NASTRAN/REALASED_MODEL/MAIN/.venv_x56/lib/python3.12/site-packages/numpy/ma/tests,10,8,16,967631,2026-07-27T22:35:54+00:00,.py:8; .pyc:8
NASTRAN/REALASED_MODEL/MAIN/.venv_x56/lib/python3.12/site-packages/numpy/ma/tests/__pycache__,11,8,8,602273,2026-07-27T22:35:54+00:00,.pyc:8
NASTRAN/REALASED_MODEL/MAIN/.venv_x56/lib/python3.12/site-packages/numpy/matrixlib,9,5,24,190660,2026-07-27T22:35:54+00:00,.py:11; .pyc:11; .pyi:2
NASTRAN/REALASED_MODEL/MAIN/.venv_x56/lib/python3.12/site-packages/numpy/matrixlib/__pycache__,10,3,3,37256,2026-07-27T22:35:54+00:00,.pyc:3
NASTRAN/REALASED_MODEL/MAIN/.venv_x56/lib/python3.12/site-packages/numpy/matrixlib/tests,10,8,16,121377,2026-07-27T22:35:54+00:00,.py:8; .pyc:8
NASTRAN/REALASED_MODEL/MAIN/.venv_x56/lib/python3.12/site-packages/numpy/matrixlib/tests/__pycache__,11,8,8,81607,2026-07-27T22:35:54+00:00,.pyc:8
NASTRAN/REALASED_MODEL/MAIN/.venv_x56/lib/python3.12/site-packages/numpy/polynomial,9,19,51,1310417,2026-07-27T22:35:55+00:00,.py:21; .pyc:21; .pyi:9
NASTRAN/REALASED_MODEL/MAIN/.venv_x56/lib/python3.12/site-packages/numpy/polynomial/__pycache__,10,10,10,452476,2026-07-27T22:35:55+00:00,.pyc:10
NASTRAN/REALASED_MODEL/MAIN/.venv_x56/lib/python3.12/site-packages/numpy/polynomial/tests,10,11,22,458191,2026-07-27T22:35:55+00:00,.py:11; .pyc:11
NASTRAN/REALASED_MODEL/MAIN/.venv_x56/lib/python3.12/site-packages/numpy/polynomial/tests/__pycache__,11,11,11,295662,2026-07-27T22:35:55+00:00,.pyc:11
NASTRAN/REALASED_MODEL/MAIN/.venv_x56/lib/python3.12/site-packages/numpy/random,9,25,73,4272340,2026-07-27T22:35:55+00:00,.py:18; .pyc:18; .csv:10; .so:9; .pyi:8; .pxd:5; .pyx:2; .md:1; .build:1; .a:1
NASTRAN/REALASED_MODEL/MAIN/.venv_x56/lib/python3.12/site-packages/numpy/random/__pycache__,10,2,2,10054,2026-07-27T22:35:55+00:00,.pyc:2
NASTRAN/REALASED_MODEL/MAIN/.venv_x56/lib/python3.12/site-packages/numpy/random/_examples,10,0,11,24903,2026-07-27T22:35:55+00:00,.pyc:4; .py:4; .pyx:2; .build:1
NASTRAN/REALASED_MODEL/MAIN/.venv_x56/lib/python3.12/site-packages/numpy/random/_examples/cffi,11,2,4,6658,2026-07-27T22:35:55+00:00,.pyc:2; .py:2
NASTRAN/REALASED_MODEL/MAIN/.venv_x56/lib/python3.12/site-packages/numpy/random/_examples/cffi/__pycache__,12,2,2,4007,2026-07-27T22:35:55+00:00,.pyc:2
NASTRAN/REALASED_MODEL/MAIN/.venv_x56/lib/python3.12/site-packages/numpy/random/_examples/cython,11,3,3,7603,2026-07-27T22:35:53+00:00,.pyx:2; .build:1
NASTRAN/REALASED_MODEL/MAIN/.venv_x56/lib/python3.12/site-packages/numpy/random/_examples/numba,11,2,4,10642,2026-07-27T22:35:55+00:00,.pyc:2; .py:2
NASTRAN/REALASED_MODEL/MAIN/.venv_x56/lib/python3.12/site-packages/numpy/random/_examples/numba/__pycache__,12,2,2,6651,2026-07-27T22:35:55+00:00,.pyc:2
NASTRAN/REALASED_MODEL/MAIN/.venv_x56/lib/python3.12/site-packages/numpy/random/lib,10,1,1,71926,2026-07-27T22:35:53+00:00,.a:1
NASTRAN/REALASED_MODEL/MAIN/.venv_x56/lib/python3.12/site-packages/numpy/random/tests,10,11,34,1121398,2026-07-27T22:35:55+00:00,.py:12; .pyc:12; .csv:10
NASTRAN/REALASED_MODEL/MAIN/.venv_x56/lib/python3.12/site-packages/numpy/random/tests/__pycache__,11,11,11,555141,2026-07-27T22:35:55+00:00,.pyc:11
NASTRAN/REALASED_MODEL/MAIN/.venv_x56/lib/python3.12/site-packages/numpy/random/tests/data,11,11,12,222608,2026-07-27T22:35:55+00:00,.csv:10; .py:1; .pyc:1
NASTRAN/REALASED_MODEL/MAIN/.venv_x56/lib/python3.12/site-packages/numpy/random/tests/data/__pycache__,12,1,1,220,2026-07-27T22:35:55+00:00,.pyc:1
NASTRAN/REALASED_MODEL/MAIN/.venv_x56/lib/python3.12/site-packages/numpy/testing,9,5,20,392454,2026-07-27T22:35:55+00:00,.py:9; .pyc:9; .pyi:2
NASTRAN/REALASED_MODEL/MAIN/.venv_x56/lib/python3.12/site-packages/numpy/testing/__pycache__,10,4,4,12877,2026-07-27T22:35:55+00:00,.pyc:4
NASTRAN/REALASED_MODEL/MAIN/.venv_x56/lib/python3.12/site-packages/numpy/testing/_private,10,4,7,209808,2026-07-27T22:35:55+00:00,.py:3; .pyc:3; .pyi:1
NASTRAN/REALASED_MODEL/MAIN/.venv_x56/lib/python3.12/site-packages/numpy/testing/_private/__pycache__,11,3,3,106426,2026-07-27T22:35:55+00:00,.pyc:3
NASTRAN/REALASED_MODEL/MAIN/.venv_x56/lib/python3.12/site-packages/numpy/testing/tests,10,2,4,158488,2026-07-27T22:35:55+00:00,.py:2; .pyc:2
NASTRAN/REALASED_MODEL/MAIN/.venv_x56/lib/python3.12/site-packages/numpy/testing/tests/__pycache__,11,2,2,102748,2026-07-27T22:35:55+00:00,.pyc:2
NASTRAN/REALASED_MODEL/MAIN/.venv_x56/lib/python3.12/site-packages/numpy/tests,9,11,22,105146,2026-07-27T22:35:55+00:00,.py:11; .pyc:11
NASTRAN/REALASED_MODEL/MAIN/.venv_x56/lib/python3.12/site-packages/numpy/tests/__pycache__,10,11,11,62481,2026-07-27T22:35:55+00:00,.pyc:11
NASTRAN/REALASED_MODEL/MAIN/.venv_x56/lib/python3.12/site-packages/numpy/typing,9,3,177,711355,2026-07-27T22:35:55+00:00,.pyi:100; .py:38; .pyc:38; .ini:1
NASTRAN/REALASED_MODEL/MAIN/.venv_x56/lib/python3.12/site-packages/numpy/typing/__pycache__,10,3,3,13966,2026-07-27T22:35:55+00:00,.pyc:3
NASTRAN/REALASED_MODEL/MAIN/.venv_x56/lib/python3.12/site-packages/numpy/typing/tests,10,4,171,685405,2026-07-27T22:35:55+00:00,.pyi:100; .py:35; .pyc:35; .ini:1
NASTRAN/REALASED_MODEL/MAIN/.venv_x56/lib/python3.12/site-packages/numpy/typing/tests/__pycache__,11,4,4,20188,2026-07-27T22:35:55+00:00,.pyc:4
NASTRAN/REALASED_MODEL/MAIN/.venv_x56/lib/python3.12/site-packages/numpy/typing/tests/data,11,1,163,652335,2026-07-27T22:35:55+00:00,.pyi:100; .pyc:31; .py:31; .ini:1
NASTRAN/REALASED_MODEL/MAIN/.venv_x56/lib/python3.12/site-packages/numpy/typing/tests/data/fail,12,45,45,45316,2026-07-27T22:35:53+00:00,.pyi:45
NASTRAN/REALASED_MODEL/MAIN/.venv_x56/lib/python3.12/site-packages/numpy/typing/tests/data/misc,12,1,1,884,2026-07-27T22:35:53+00:00,.pyi:1
NASTRAN/REALASED_MODEL/MAIN/.venv_x56/lib/python3.12/site-packages/numpy/typing/tests/data/pass,12,31,62,306482,2026-07-27T22:35:55+00:00,.pyc:31; .py:31
NASTRAN/REALASED_MODEL/MAIN/.venv_x56/lib/python3.12/site-packages/numpy/typing/tests/data/pass/__pycache__,13,31,31,198967,2026-07-27T22:35:55+00:00,.pyc:31
NASTRAN/REALASED_MODEL/MAIN/.venv_x56/lib/python3.12/site-packages/numpy/typing/tests/data/reveal,12,54,54,299545,2026-07-27T22:35:53+00:00,.pyi:54
NASTRAN/REALASED_MODEL/MAIN/.venv_x56/lib/python3.12/site-packages/numpy-1.26.4.dist-info,8,6,6,207594,2026-07-27T22:35:55+00:00,[senza_estensione]:4; .txt:2
NASTRAN/REALASED_MODEL/MAIN/.venv_x56/lib/python3.12/site-packages/numpy.libs,8,3,3,38057019,2026-07-27T22:35:53+00:00,.0:2; .so:1
NASTRAN/REALASED_MODEL/MAIN/.venv_x56/lib/python3.12/site-packages/packaging,8,19,41,754067,2026-07-27T22:35:53+00:00,.py:20; .pyc:20; .typed:1
NASTRAN/REALASED_MODEL/MAIN/.venv_x56/lib/python3.12/site-packages/packaging/__pycache__,9,18,18,334275,2026-07-27T22:35:53+00:00,.pyc:18
NASTRAN/REALASED_MODEL/MAIN/.venv_x56/lib/python3.12/site-packages/packaging/licenses,9,2,4,113755,2026-07-27T22:35:53+00:00,.py:2; .pyc:2
NASTRAN/REALASED_MODEL/MAIN/.venv_x56/lib/python3.12/site-packages/packaging/licenses/__pycache__,10,2,2,55340,2026-07-27T22:35:53+00:00,.pyc:2
NASTRAN/REALASED_MODEL/MAIN/.venv_x56/lib/python3.12/site-packages/packaging-26.2.dist-info,8,4,7,18669,2026-07-27T22:35:53+00:00,[senza_estensione]:5; .apache:1; .bsd:1
NASTRAN/REALASED_MODEL/MAIN/.venv_x56/lib/python3.12/site-packages/packaging-26.2.dist-info/licenses,9,3,3,11715,2026-07-27T22:35:53+00:00,[senza_estensione]:1; .apache:1; .bsd:1
NASTRAN/REALASED_MODEL/MAIN/.venv_x56/lib/python3.12/site-packages/pillow-12.3.0.dist-info,8,6,9,119434,2026-07-27T22:35:53+00:00,[senza_estensione]:6; .json:2; .txt:1
NASTRAN/REALASED_MODEL/MAIN/.venv_x56/lib/python3.12/site-packages/pillow-12.3.0.dist-info/licenses,9,1,1,70307,2026-07-27T22:35:52+00:00,[senza_estensione]:1
NASTRAN/REALASED_MODEL/MAIN/.venv_x56/lib/python3.12/site-packages/pillow-12.3.0.dist-info/sboms,9,2,2,23637,2026-07-27T22:35:52+00:00,.json:2
NASTRAN/REALASED_MODEL/MAIN/.venv_x56/lib/python3.12/site-packages/pillow.libs,8,18,18,14067594,2026-07-27T22:35:52+00:00,.0:9; .2:3; .6:1; .19:1; .3:1; .4:1; .17:1; .7:1
NASTRAN/REALASED_MODEL/MAIN/.venv_x56/lib/python3.12/site-packages/pip,8,4,993,13179494,2026-07-27T22:35:24+00:00,.py:495; .pyc:495; .pem:1; .txt:1; .typed:1
NASTRAN/REALASED_MODEL/MAIN/.venv_x56/lib/python3.12/site-packages/pip/__pycache__,9,3,3,3802,2026-07-27T22:35:23+00:00,.pyc:3
NASTRAN/REALASED_MODEL/MAIN/.venv_x56/lib/python3.12/site-packages/pip/_internal,9,9,294,2384649,2026-07-27T22:35:23+00:00,.py:147; .pyc:147
NASTRAN/REALASED_MODEL/MAIN/.venv_x56/lib/python3.12/site-packages/pip/_internal/__pycache__,10,9,9,108754,2026-07-27T22:35:23+00:00,.pyc:9
NASTRAN/REALASED_MODEL/MAIN/.venv_x56/lib/python3.12/site-packages/pip/_internal/cli,10,12,24,193451,2026-07-27T22:35:23+00:00,.py:12; .pyc:12
NASTRAN/REALASED_MODEL/MAIN/.venv_x56/lib/python3.12/site-packages/pip/_internal/cli/__pycache__,11,12,12,103553,2026-07-27T22:35:23+00:00,.pyc:12
NASTRAN/REALASED_MODEL/MAIN/.venv_x56/lib/python3.12/site-packages/pip/_internal/commands,10,18,36,265377,2026-07-27T22:35:23+00:00,.py:18; .pyc:18
NASTRAN/REALASED_MODEL/MAIN/.venv_x56/lib/python3.12/site-packages/pip/_internal/commands/__pycache__,11,18,18,147756,2026-07-27T22:35:23+00:00,.pyc:18
NASTRAN/REALASED_MODEL/MAIN/.venv_x56/lib/python3.12/site-packages/pip/_internal/distributions,10,5,10,27788,2026-07-27T22:35:23+00:00,.py:5; .pyc:5
NASTRAN/REALASED_MODEL/MAIN/.venv_x56/lib/python3.12/site-packages/pip/_internal/distributions/__pycache__,11,5,5,16359,2026-07-27T22:35:23+00:00,.pyc:5
NASTRAN/REALASED_MODEL/MAIN/.venv_x56/lib/python3.12/site-packages/pip/_internal/index,10,4,8,138704,2026-07-27T22:35:23+00:00,.py:4; .pyc:4
NASTRAN/REALASED_MODEL/MAIN/.venv_x56/lib/python3.12/site-packages/pip/_internal/index/__pycache__,11,4,4,75553,2026-07-27T22:35:23+00:00,.pyc:4
NASTRAN/REALASED_MODEL/MAIN/.venv_x56/lib/python3.12/site-packages/pip/_internal/locations,10,4,8,67130,2026-07-27T22:35:23+00:00,.py:4; .pyc:4
NASTRAN/REALASED_MODEL/MAIN/.venv_x56/lib/python3.12/site-packages/pip/_internal/locations/__pycache__,11,4,4,35520,2026-07-27T22:35:23+00:00,.pyc:4
NASTRAN/REALASED_MODEL/MAIN/.venv_x56/lib/python3.12/site-packages/pip/_internal/metadata,10,4,16,149425,2026-07-27T22:35:23+00:00,.py:8; .pyc:8
NASTRAN/REALASED_MODEL/MAIN/.venv_x56/lib/python3.12/site-packages/pip/_internal/metadata/__pycache__,11,4,4,60355,2026-07-27T22:35:23+00:00,.pyc:4
NASTRAN/REALASED_MODEL/MAIN/.venv_x56/lib/python3.12/site-packages/pip/_internal/metadata/importlib,11,4,8,46162,2026-07-27T22:35:23+00:00,.py:4; .pyc:4
NASTRAN/REALASED_MODEL/MAIN/.venv_x56/lib/python3.12/site-packages/pip/_internal/metadata/importlib/__pycache__,12,4,4,28392,2026-07-27T22:35:23+00:00,.pyc:4
NASTRAN/REALASED_MODEL/MAIN/.venv_x56/lib/python3.12/site-packages/pip/_internal/models,10,12,24,116849,2026-07-27T22:35:23+00:00,.py:12; .pyc:12
NASTRAN/REALASED_MODEL/MAIN/.venv_x56/lib/python3.12/site-packages/pip/_internal/models/__pycache__,11,12,12,66695,2026-07-27T22:35:23+00:00,.pyc:12
NASTRAN/REALASED_MODEL/MAIN/.venv_x56/lib/python3.12/site-packages/pip/_internal/network,10,8,16,136011,2026-07-27T22:35:23+00:00,.py:8; .pyc:8
NASTRAN/REALASED_MODEL/MAIN/.venv_x56/lib/python3.12/site-packages/pip/_internal/network/__pycache__,11,8,8,73152,2026-07-27T22:35:23+00:00,.pyc:8
NASTRAN/REALASED_MODEL/MAIN/.venv_x56/lib/python3.12/site-packages/pip/_internal/operations,10,4,30,191341,2026-07-27T22:35:23+00:00,.py:15; .pyc:15
NASTRAN/REALASED_MODEL/MAIN/.venv_x56/lib/python3.12/site-packages/pip/_internal/operations/__pycache__,11,4,4,43736,2026-07-27T22:35:23+00:00,.pyc:4
NASTRAN/REALASED_MODEL/MAIN/.venv_x56/lib/python3.12/site-packages/pip/_internal/operations/build,11,8,16,38197,2026-07-27T22:35:23+00:00,.py:8; .pyc:8
NASTRAN/REALASED_MODEL/MAIN/.venv_x56/lib/python3.12/site-packages/pip/_internal/operations/build/__pycache__,12,8,8,22715,2026-07-27T22:35:23+00:00,.pyc:8
NASTRAN/REALASED_MODEL/MAIN/.venv_x56/lib/python3.12/site-packages/pip/_internal/operations/install,11,3,6,64658,2026-07-27T22:35:23+00:00,.py:3; .pyc:3
NASTRAN/REALASED_MODEL/MAIN/.venv_x56/lib/python3.12/site-packages/pip/_internal/operations/install/__pycache__,12,3,3,36014,2026-07-27T22:35:23+00:00,.pyc:3
NASTRAN/REALASED_MODEL/MAIN/.venv_x56/lib/python3.12/site-packages/pip/_internal/req,10,6,12,229800,2026-07-27T22:35:23+00:00,.py:6; .pyc:6
NASTRAN/REALASED_MODEL/MAIN/.venv_x56/lib/python3.12/site-packages/pip/_internal/req/__pycache__,11,6,6,125539,2026-07-27T22:35:23+00:00,.pyc:6
NASTRAN/REALASED_MODEL/MAIN/.venv_x56/lib/python3.12/site-packages/pip/_internal/resolution,10,2,26,260737,2026-07-27T22:35:23+00:00,.py:13; .pyc:13
NASTRAN/REALASED_MODEL/MAIN/.venv_x56/lib/python3.12/site-packages/pip/_internal/resolution/__pycache__,11,2,2,1430,2026-07-27T22:35:23+00:00,.pyc:2
NASTRAN/REALASED_MODEL/MAIN/.venv_x56/lib/python3.12/site-packages/pip/_internal/resolution/legacy,11,2,4,46716,2026-07-27T22:35:23+00:00,.py:2; .pyc:2
NASTRAN/REALASED_MODEL/MAIN/.venv_x56/lib/python3.12/site-packages/pip/_internal/resolution/legacy/__pycache__,12,2,2,22691,2026-07-27T22:35:23+00:00,.pyc:2
NASTRAN/REALASED_MODEL/MAIN/.venv_x56/lib/python3.12/site-packages/pip/_internal/resolution/resolvelib,11,9,18,212008,2026-07-27T22:35:23+00:00,.py:9; .pyc:9
NASTRAN/REALASED_MODEL/MAIN/.venv_x56/lib/python3.12/site-packages/pip/_internal/resolution/resolvelib/__pycache__,12,9,9,116574,2026-07-27T22:35:23+00:00,.pyc:9
NASTRAN/REALASED_MODEL/MAIN/.venv_x56/lib/python3.12/site-packages/pip/_internal/utils,10,27,54,277046,2026-07-27T22:35:23+00:00,.py:27; .pyc:27
NASTRAN/REALASED_MODEL/MAIN/.venv_x56/lib/python3.12/site-packages/pip/_internal/utils/__pycache__,11,27,27,155898,2026-07-27T22:35:23+00:00,.pyc:27
NASTRAN/REALASED_MODEL/MAIN/.venv_x56/lib/python3.12/site-packages/pip/_internal/vcs,10,6,12,135797,2026-07-27T22:35:23+00:00,.py:6; .pyc:6
NASTRAN/REALASED_MODEL/MAIN/.venv_x56/lib/python3.12/site-packages/pip/_internal/vcs/__pycache__,11,6,6,73796,2026-07-27T22:35:23+00:00,.pyc:6
NASTRAN/REALASED_MODEL/MAIN/.venv_x56/lib/python3.12/site-packages/pip/_vendor,9,4,692,10788104,2026-07-27T22:35:24+00:00,.py:345; .pyc:345; .pem:1; .txt:1
NASTRAN/REALASED_MODEL/MAIN/.venv_x56/lib/python3.12/site-packages/pip/_vendor/__pycache__,10,3,3,168085,2026-07-27T22:35:24+00:00,.pyc:3
NASTRAN/REALASED_MODEL/MAIN/.venv_x56/lib/python3.12/site-packages/pip/_vendor/cachecontrol,10,9,24,114183,2026-07-27T22:35:23+00:00,.py:12; .pyc:12
NASTRAN/REALASED_MODEL/MAIN/.venv_x56/lib/python3.12/site-packages/pip/_vendor/cachecontrol/__pycache__,11,9,9,49333,2026-07-27T22:35:23+00:00,.pyc:9
NASTRAN/REALASED_MODEL/MAIN/.venv_x56/lib/python3.12/site-packages/pip/_vendor/cachecontrol/caches,11,3,6,17999,2026-07-27T22:35:23+00:00,.py:3; .pyc:3
NASTRAN/REALASED_MODEL/MAIN/.venv_x56/lib/python3.12/site-packages/pip/_vendor/cachecontrol/caches/__pycache__,12,3,3,10958,2026-07-27T22:35:23+00:00,.pyc:3
NASTRAN/REALASED_MODEL/MAIN/.venv_x56/lib/python3.12/site-packages/pip/_vendor/certifi,10,4,7,290862,2026-07-27T22:35:23+00:00,.py:3; .pyc:3; .pem:1
NASTRAN/REALASED_MODEL/MAIN/.venv_x56/lib/python3.12/site-packages/pip/_vendor/certifi/__pycache__,11,3,3,4365,2026-07-27T22:35:23+00:00,.pyc:3
NASTRAN/REALASED_MODEL/MAIN/.venv_x56/lib/python3.12/site-packages/pip/_vendor/chardet,10,44,96,2102249,2026-07-27T22:35:23+00:00,.py:48; .pyc:48
NASTRAN/REALASED_MODEL/MAIN/.venv_x56/lib/python3.12/site-packages/pip/_vendor/chardet/__pycache__,11,44,44,980099,2026-07-27T22:35:23+00:00,.pyc:44
NASTRAN/REALASED_MODEL/MAIN/.venv_x56/lib/python3.12/site-packages/pip/_vendor/chardet/cli,11,2,4,7499,2026-07-27T22:35:23+00:00,.py:2; .pyc:2
NASTRAN/REALASED_MODEL/MAIN/.venv_x56/lib/python3.12/site-packages/pip/_vendor/chardet/cli/__pycache__,12,2,2,4257,2026-07-27T22:35:23+00:00,.pyc:2
NASTRAN/REALASED_MODEL/MAIN/.venv_x56/lib/python3.12/site-packages/pip/_vendor/chardet/metadata,11,2,4,23565,2026-07-27T22:35:23+00:00,.py:2; .pyc:2
NASTRAN/REALASED_MODEL/MAIN/.venv_x56/lib/python3.12/site-packages/pip/_vendor/chardet/metadata/__pycache__,12,2,2,10005,2026-07-27T22:35:23+00:00,.pyc:2
NASTRAN/REALASED_MODEL/MAIN/.venv_x56/lib/python3.12/site-packages/pip/_vendor/colorama,10,6,26,149015,2026-07-27T22:35:23+00:00,.py:13; .pyc:13
NASTRAN/REALASED_MODEL/MAIN/.venv_x56/lib/python3.12/site-packages/pip/_vendor/colorama/__pycache__,11,6,6,41777,2026-07-27T22:35:23+00:00,.pyc:6
NASTRAN/REALASED_MODEL/MAIN/.venv_x56/lib/python3.12/site-packages/pip/_vendor/colorama/tests,11,7,14,76682,2026-07-27T22:35:23+00:00,.py:7; .pyc:7
NASTRAN/REALASED_MODEL/MAIN/.venv_x56/lib/python3.12/site-packages/pip/_vendor/colorama/tests/__pycache__,12,7,7,49695,2026-07-27T22:35:23+00:00,.pyc:7
NASTRAN/REALASED_MODEL/MAIN/.venv_x56/lib/python3.12/site-packages/pip/_vendor/distlib,10,13,26,859884,2026-07-27T22:35:23+00:00,.py:13; .pyc:13
NASTRAN/REALASED_MODEL/MAIN/.venv_x56/lib/python3.12/site-packages/pip/_vendor/distlib/__pycache__,11,13,13,469744,2026-07-27T22:35:23+00:00,.pyc:13
NASTRAN/REALASED_MODEL/MAIN/.venv_x56/lib/python3.12/site-packages/pip/_vendor/distro,10,3,6,105456,2026-07-27T22:35:23+00:00,.py:3; .pyc:3
NASTRAN/REALASED_MODEL/MAIN/.venv_x56/lib/python3.12/site-packages/pip/_vendor/distro/__pycache__,11,3,3,55081,2026-07-27T22:35:23+00:00,.pyc:3
NASTRAN/REALASED_MODEL/MAIN/.venv_x56/lib/python3.12/site-packages/pip/_vendor/idna,10,8,16,587987,2026-07-27T22:35:23+00:00,.py:8; .pyc:8
NASTRAN/REALASED_MODEL/MAIN/.venv_x56/lib/python3.12/site-packages/pip/_vendor/idna/__pycache__,11,8,8,283845,2026-07-27T22:35:23+00:00,.pyc:8
NASTRAN/REALASED_MODEL/MAIN/.venv_x56/lib/python3.12/site-packages/pip/_vendor/msgpack,10,4,8,99036,2026-07-27T22:35:23+00:00,.py:4; .pyc:4
NASTRAN/REALASED_MODEL/MAIN/.venv_x56/lib/python3.12/site-packages/pip/_vendor/msgpack/__pycache__,11,4,4,56200,2026-07-27T22:35:23+00:00,.pyc:4
NASTRAN/REALASED_MODEL/MAIN/.venv_x56/lib/python3.12/site-packages/pip/_vendor/packaging,10,11,22,216904,2026-07-27T22:35:23+00:00,.py:11; .pyc:11
NASTRAN/REALASED_MODEL/MAIN/.venv_x56/lib/python3.12/site-packages/pip/_vendor/packaging/__pycache__,11,11,11,120612,2026-07-27T22:35:23+00:00,.pyc:11
NASTRAN/REALASED_MODEL/MAIN/.venv_x56/lib/python3.12/site-packages/pip/_vendor/pkg_resources,10,1,2,255863,2026-07-27T22:35:23+00:00,.py:1; .pyc:1
NASTRAN/REALASED_MODEL/MAIN/.venv_x56/lib/python3.12/site-packages/pip/_vendor/pkg_resources/__pycache__,11,1,1,146499,2026-07-27T22:35:23+00:00,.pyc:1
NASTRAN/REALASED_MODEL/MAIN/.venv_x56/lib/python3.12/site-packages/pip/_vendor/platformdirs,10,8,16,128873,2026-07-27T22:35:23+00:00,.py:8; .pyc:8
NASTRAN/REALASED_MODEL/MAIN/.venv_x56/lib/python3.12/site-packages/pip/_vendor/platformdirs/__pycache__,11,8,8,70679,2026-07-27T22:35:23+00:00,.pyc:8
NASTRAN/REALASED_MODEL/MAIN/.venv_x56/lib/python3.12/site-packages/pip/_vendor/pygments,10,16,70,983268,2026-07-27T22:35:24+00:00,.py:35; .pyc:35
NASTRAN/REALASED_MODEL/MAIN/.venv_x56/lib/python3.12/site-packages/pip/_vendor/pygments/__pycache__,11,16,16,166631,2026-07-27T22:35:24+00:00,.pyc:16
NASTRAN/REALASED_MODEL/MAIN/.venv_x56/lib/python3.12/site-packages/pip/_vendor/pygments/filters,11,1,2,78348,2026-07-27T22:35:23+00:00,.py:1; .pyc:1
NASTRAN/REALASED_MODEL/MAIN/.venv_x56/lib/python3.12/site-packages/pip/_vendor/pygments/filters/__pycache__,12,1,1,37962,2026-07-27T22:35:23+00:00,.pyc:1
NASTRAN/REALASED_MODEL/MAIN/.venv_x56/lib/python3.12/site-packages/pip/_vendor/pygments/formatters,11,14,28,298538,2026-07-27T22:35:24+00:00,.py:14; .pyc:14
NASTRAN/REALASED_MODEL/MAIN/.venv_x56/lib/python3.12/site-packages/pip/_vendor/pygments/formatters/__pycache__,12,14,14,162589,2026-07-27T22:35:24+00:00,.pyc:14
NASTRAN/REALASED_MODEL/MAIN/.venv_x56/lib/python3.12/site-packages/pip/_vendor/pygments/lexers,11,3,6,259608,2026-07-27T22:35:24+00:00,.py:3; .pyc:3
NASTRAN/REALASED_MODEL/MAIN/.venv_x56/lib/python3.12/site-packages/pip/_vendor/pygments/lexers/__pycache__,12,3,3,121773,2026-07-27T22:35:24+00:00,.pyc:3
NASTRAN/REALASED_MODEL/MAIN/.venv_x56/lib/python3.12/site-packages/pip/_vendor/pygments/styles,11,1,2,8174,2026-07-27T22:35:24+00:00,.py:1; .pyc:1
NASTRAN/REALASED_MODEL/MAIN/.venv_x56/lib/python3.12/site-packages/pip/_vendor/pygments/styles/__pycache__,12,1,1,4474,2026-07-27T22:35:24+00:00,.pyc:1
NASTRAN/REALASED_MODEL/MAIN/.venv_x56/lib/python3.12/site-packages/pip/_vendor/pyparsing,10,10,22,850803,2026-07-27T22:35:24+00:00,.py:11; .pyc:11
NASTRAN/REALASED_MODEL/MAIN/.venv_x56/lib/python3.12/site-packages/pip/_vendor/pyparsing/__pycache__,11,10,10,438569,2026-07-27T22:35:24+00:00,.pyc:10
NASTRAN/REALASED_MODEL/MAIN/.venv_x56/lib/python3.12/site-packages/pip/_vendor/pyparsing/diagram,11,1,2,51054,2026-07-27T22:35:24+00:00,.py:1; .pyc:1
NASTRAN/REALASED_MODEL/MAIN/.venv_x56/lib/python3.12/site-packages/pip/_vendor/pyparsing/diagram/__pycache__,12,1,1,26839,2026-07-27T22:35:24+00:00,.pyc:1
NASTRAN/REALASED_MODEL/MAIN/.venv_x56/lib/python3.12/site-packages/pip/_vendor/pyproject_hooks,10,3,10,55341,2026-07-27T22:35:24+00:00,.py:5; .pyc:5
NASTRAN/REALASED_MODEL/MAIN/.venv_x56/lib/python3.12/site-packages/pip/_vendor/pyproject_hooks/__pycache__,11,3,3,15790,2026-07-27T22:35:24+00:00,.pyc:3
NASTRAN/REALASED_MODEL/MAIN/.venv_x56/lib/python3.12/site-packages/pip/_vendor/pyproject_hooks/_in_process,11,2,4,27002,2026-07-27T22:35:24+00:00,.py:2; .pyc:2
NASTRAN/REALASED_MODEL/MAIN/.venv_x56/lib/python3.12/site-packages/pip/_vendor/pyproject_hooks/_in_process/__pycache__,12,2,2,15529,2026-07-27T22:35:24+00:00,.pyc:2
NASTRAN/REALASED_MODEL/MAIN/.venv_x56/lib/python3.12/site-packages/pip/_vendor/requests,10,18,36,381630,2026-07-27T22:35:24+00:00,.py:18; .pyc:18
NASTRAN/REALASED_MODEL/MAIN/.venv_x56/lib/python3.12/site-packages/pip/_vendor/requests/__pycache__,11,18,18,202650,2026-07-27T22:35:24+00:00,.pyc:18
NASTRAN/REALASED_MODEL/MAIN/.venv_x56/lib/python3.12/site-packages/pip/_vendor/resolvelib,10,5,14,80983,2026-07-27T22:35:24+00:00,.py:7; .pyc:7
NASTRAN/REALASED_MODEL/MAIN/.venv_x56/lib/python3.12/site-packages/pip/_vendor/resolvelib/__pycache__,11,5,5,46672,2026-07-27T22:35:24+00:00,.pyc:5
NASTRAN/REALASED_MODEL/MAIN/.venv_x56/lib/python3.12/site-packages/pip/_vendor/resolvelib/compat,11,2,4,828,2026-07-27T22:35:24+00:00,.py:2; .pyc:2
NASTRAN/REALASED_MODEL/MAIN/.venv_x56/lib/python3.12/site-packages/pip/_vendor/resolvelib/compat/__pycache__,12,2,2,672,2026-07-27T22:35:24+00:00,.pyc:2
NASTRAN/REALASED_MODEL/MAIN/.venv_x56/lib/python3.12/site-packages/pip/_vendor/rich,10,77,154,2013518,2026-07-27T22:35:24+00:00,.py:77; .pyc:77
NASTRAN/REALASED_MODEL/MAIN/.venv_x56/lib/python3.12/site-packages/pip/_vendor/rich/__pycache__,11,77,77,1121840,2026-07-27T22:35:24+00:00,.pyc:77
NASTRAN/REALASED_MODEL/MAIN/.venv_x56/lib/python3.12/site-packages/pip/_vendor/tenacity,10,11,22,131363,2026-07-27T22:35:24+00:00,.py:11; .pyc:11
NASTRAN/REALASED_MODEL/MAIN/.venv_x56/lib/python3.12/site-packages/pip/_vendor/tenacity/__pycache__,11,11,11,76143,2026-07-27T22:35:24+00:00,.pyc:11
NASTRAN/REALASED_MODEL/MAIN/.venv_x56/lib/python3.12/site-packages/pip/_vendor/tomli,10,4,8,57915,2026-07-27T22:35:24+00:00,.py:4; .pyc:4
NASTRAN/REALASED_MODEL/MAIN/.venv_x56/lib/python3.12/site-packages/pip/_vendor/tomli/__pycache__,11,4,4,31689,2026-07-27T22:35:24+00:00,.pyc:4
NASTRAN/REALASED_MODEL/MAIN/.venv_x56/lib/python3.12/site-packages/pip/_vendor/truststore,10,6,12,100965,2026-07-27T22:35:24+00:00,.py:6; .pyc:6
NASTRAN/REALASED_MODEL/MAIN/.venv_x56/lib/python3.12/site-packages/pip/_vendor/truststore/__pycache__,11,6,6,52053,2026-07-27T22:35:24+00:00,.pyc:6
NASTRAN/REALASED_MODEL/MAIN/.venv_x56/lib/python3.12/site-packages/pip/_vendor/urllib3,10,11,78,836515,2026-07-27T22:35:24+00:00,.py:39; .pyc:39
NASTRAN/REALASED_MODEL/MAIN/.venv_x56/lib/python3.12/site-packages/pip/_vendor/urllib3/__pycache__,11,11,11,167232,2026-07-27T22:35:24+00:00,.pyc:11
NASTRAN/REALASED_MODEL/MAIN/.venv_x56/lib/python3.12/site-packages/pip/_vendor/urllib3/contrib,11,7,20,226250,2026-07-27T22:35:24+00:00,.py:10; .pyc:10
NASTRAN/REALASED_MODEL/MAIN/.venv_x56/lib/python3.12/site-packages/pip/_vendor/urllib3/contrib/__pycache__,12,7,7,87028,2026-07-27T22:35:24+00:00,.pyc:7
NASTRAN/REALASED_MODEL/MAIN/.venv_x56/lib/python3.12/site-packages/pip/_vendor/urllib3/contrib/_securetransport,12,3,6,64075,2026-07-27T22:35:24+00:00,.py:3; .pyc:3
NASTRAN/REALASED_MODEL/MAIN/.venv_x56/lib/python3.12/site-packages/pip/_vendor/urllib3/contrib/_securetransport/__pycache__,13,3,3,32521,2026-07-27T22:35:24+00:00,.pyc:3
NASTRAN/REALASED_MODEL/MAIN/.venv_x56/lib/python3.12/site-packages/pip/_vendor/urllib3/packages,11,2,10,92438,2026-07-27T22:35:24+00:00,.py:5; .pyc:5
NASTRAN/REALASED_MODEL/MAIN/.venv_x56/lib/python3.12/site-packages/pip/_vendor/urllib3/packages/__pycache__,12,2,2,41570,2026-07-27T22:35:24+00:00,.pyc:2
NASTRAN/REALASED_MODEL/MAIN/.venv_x56/lib/python3.12/site-packages/pip/_vendor/urllib3/packages/backports,12,3,6,16203,2026-07-27T22:35:24+00:00,.py:3; .pyc:3
NASTRAN/REALASED_MODEL/MAIN/.venv_x56/lib/python3.12/site-packages/pip/_vendor/urllib3/packages/backports/__pycache__,13,3,3,9443,2026-07-27T22:35:24+00:00,.pyc:3
NASTRAN/REALASED_MODEL/MAIN/.venv_x56/lib/python3.12/site-packages/pip/_vendor/urllib3/util,11,13,26,197730,2026-07-27T22:35:24+00:00,.py:13; .pyc:13
NASTRAN/REALASED_MODEL/MAIN/.venv_x56/lib/python3.12/site-packages/pip/_vendor/urllib3/util/__pycache__,12,13,13,100317,2026-07-27T22:35:24+00:00,.pyc:13
NASTRAN/REALASED_MODEL/MAIN/.venv_x56/lib/python3.12/site-packages/pip/_vendor/webencodings,10,5,10,66241,2026-07-27T22:35:24+00:00,.py:5; .pyc:5
NASTRAN/REALASED_MODEL/MAIN/.venv_x56/lib/python3.12/site-packages/pip/_vendor/webencodings/__pycache__,11,5,5,34508,2026-07-27T22:35:24+00:00,.pyc:5
NASTRAN/REALASED_MODEL/MAIN/.venv_x56/lib/python3.12/site-packages/pip-24.0.dist-info,8,9,9,92603,2026-07-27T22:35:24+00:00,[senza_estensione]:5; .txt:4
NASTRAN/REALASED_MODEL/MAIN/.venv_x56/lib/python3.12/site-packages/pyNastran,8,5,1737,42436642,2026-07-27T22:36:04+00:00,.py:826; .pyc:826; .png:85
NASTRAN/REALASED_MODEL/MAIN/.venv_x56/lib/python3.12/site-packages/pyNastran/__pycache__,9,5,5,9348,2026-07-27T22:36:03+00:00,.pyc:5
NASTRAN/REALASED_MODEL/MAIN/.venv_x56/lib/python3.12/site-packages/pyNastran/bdf,9,12,500,15390047,2026-07-27T22:36:04+00:00,.py:250; .pyc:250
NASTRAN/REALASED_MODEL/MAIN/.venv_x56/lib/python3.12/site-packages/pyNastran/bdf/__pycache__,10,12,12,364103,2026-07-27T22:36:03+00:00,.pyc:12
NASTRAN/REALASED_MODEL/MAIN/.venv_x56/lib/python3.12/site-packages/pyNastran/bdf/bdf_interface,10,28,90,2803317,2026-07-27T22:36:03+00:00,.py:45; .pyc:45
NASTRAN/REALASED_MODEL/MAIN/.venv_x56/lib/python3.12/site-packages/pyNastran/bdf/bdf_interface/__pycache__,11,28,28,1242335,2026-07-27T22:36:03+00:00,.pyc:28
NASTRAN/REALASED_MODEL/MAIN/.venv_x56/lib/python3.12/site-packages/pyNastran/bdf/bdf_interface/subcase,11,11,22,245819,2026-07-27T22:36:03+00:00,.py:11; .pyc:11
NASTRAN/REALASED_MODEL/MAIN/.venv_x56/lib/python3.12/site-packages/pyNastran/bdf/bdf_interface/subcase/__pycache__,12,11,11,128021,2026-07-27T22:36:03+00:00,.pyc:11
NASTRAN/REALASED_MODEL/MAIN/.venv_x56/lib/python3.12/site-packages/pyNastran/bdf/bdf_interface/test,11,6,12,190368,2026-07-27T22:36:03+00:00,.py:6; .pyc:6
NASTRAN/REALASED_MODEL/MAIN/.venv_x56/lib/python3.12/site-packages/pyNastran/bdf/bdf_interface/test/__pycache__,12,6,6,100449,2026-07-27T22:36:03+00:00,.pyc:6
NASTRAN/REALASED_MODEL/MAIN/.venv_x56/lib/python3.12/site-packages/pyNastran/bdf/cards,10,25,226,9239138,2026-07-27T22:36:04+00:00,.py:113; .pyc:113
NASTRAN/REALASED_MODEL/MAIN/.venv_x56/lib/python3.12/site-packages/pyNastran/bdf/cards/__pycache__,11,25,25,1518446,2026-07-27T22:36:03+00:00,.pyc:25
NASTRAN/REALASED_MODEL/MAIN/.venv_x56/lib/python3.12/site-packages/pyNastran/bdf/cards/aero,11,6,12,1033504,2026-07-27T22:36:03+00:00,.py:6; .pyc:6
NASTRAN/REALASED_MODEL/MAIN/.venv_x56/lib/python3.12/site-packages/pyNastran/bdf/cards/aero/__pycache__,12,6,6,558593,2026-07-27T22:36:03+00:00,.pyc:6
NASTRAN/REALASED_MODEL/MAIN/.venv_x56/lib/python3.12/site-packages/pyNastran/bdf/cards/axisymmetric,11,3,6,89991,2026-07-27T22:36:03+00:00,.py:3; .pyc:3
NASTRAN/REALASED_MODEL/MAIN/.venv_x56/lib/python3.12/site-packages/pyNastran/bdf/cards/axisymmetric/__pycache__,12,3,3,51772,2026-07-27T22:36:03+00:00,.pyc:3
NASTRAN/REALASED_MODEL/MAIN/.venv_x56/lib/python3.12/site-packages/pyNastran/bdf/cards/elements,11,19,38,1821837,2026-07-27T22:36:03+00:00,.py:19; .pyc:19
NASTRAN/REALASED_MODEL/MAIN/.venv_x56/lib/python3.12/site-packages/pyNastran/bdf/cards/elements/__pycache__,12,19,19,982487,2026-07-27T22:36:03+00:00,.pyc:19
NASTRAN/REALASED_MODEL/MAIN/.venv_x56/lib/python3.12/site-packages/pyNastran/bdf/cards/loads,11,5,10,489130,2026-07-27T22:36:03+00:00,.py:5; .pyc:5
NASTRAN/REALASED_MODEL/MAIN/.venv_x56/lib/python3.12/site-packages/pyNastran/bdf/cards/loads/__pycache__,12,5,5,268114,2026-07-27T22:36:03+00:00,.pyc:5
NASTRAN/REALASED_MODEL/MAIN/.venv_x56/lib/python3.12/site-packages/pyNastran/bdf/cards/parametric,11,2,4,25505,2026-07-27T22:36:03+00:00,.py:2; .pyc:2
NASTRAN/REALASED_MODEL/MAIN/.venv_x56/lib/python3.12/site-packages/pyNastran/bdf/cards/parametric/__pycache__,12,2,2,14646,2026-07-27T22:36:03+00:00,.pyc:2
NASTRAN/REALASED_MODEL/MAIN/.venv_x56/lib/python3.12/site-packages/pyNastran/bdf/cards/properties,11,11,22,997863,2026-07-27T22:36:03+00:00,.py:11; .pyc:11
NASTRAN/REALASED_MODEL/MAIN/.venv_x56/lib/python3.12/site-packages/pyNastran/bdf/cards/properties/__pycache__,12,11,11,526294,2026-07-27T22:36:03+00:00,.pyc:11
NASTRAN/REALASED_MODEL/MAIN/.venv_x56/lib/python3.12/site-packages/pyNastran/bdf/cards/test,11,38,76,1585263,2026-07-27T22:36:04+00:00,.py:38; .pyc:38
NASTRAN/REALASED_MODEL/MAIN/.venv_x56/lib/python3.12/site-packages/pyNastran/bdf/cards/test/__pycache__,12,38,38,842488,2026-07-27T22:36:04+00:00,.pyc:38
NASTRAN/REALASED_MODEL/MAIN/.venv_x56/lib/python3.12/site-packages/pyNastran/bdf/cards/thermal,11,4,8,295578,2026-07-27T22:36:02+00:00,.py:4; .pyc:4
NASTRAN/REALASED_MODEL/MAIN/.venv_x56/lib/python3.12/site-packages/pyNastran/bdf/cards/thermal/__pycache__,12,4,4,158114,2026-07-27T22:36:01+00:00,.pyc:4
NASTRAN/REALASED_MODEL/MAIN/.venv_x56/lib/python3.12/site-packages/pyNastran/bdf/mesh_utils,10,41,118,2050737,2026-07-27T22:36:02+00:00,.py:59; .pyc:59
NASTRAN/REALASED_MODEL/MAIN/.venv_x56/lib/python3.12/site-packages/pyNastran/bdf/mesh_utils/__pycache__,11,41,41,819454,2026-07-27T22:36:01+00:00,.pyc:41
NASTRAN/REALASED_MODEL/MAIN/.venv_x56/lib/python3.12/site-packages/pyNastran/bdf/mesh_utils/cmd_line,11,6,12,38040,2026-07-27T22:36:02+00:00,.py:6; .pyc:6
NASTRAN/REALASED_MODEL/MAIN/.venv_x56/lib/python3.12/site-packages/pyNastran/bdf/mesh_utils/cmd_line/__pycache__,12,6,6,18542,2026-07-27T22:36:01+00:00,.pyc:6
NASTRAN/REALASED_MODEL/MAIN/.venv_x56/lib/python3.12/site-packages/pyNastran/bdf/mesh_utils/test,11,12,24,341173,2026-07-27T22:36:02+00:00,.py:12; .pyc:12
NASTRAN/REALASED_MODEL/MAIN/.venv_x56/lib/python3.12/site-packages/pyNastran/bdf/mesh_utils/test/__pycache__,12,12,12,177681,2026-07-27T22:36:01+00:00,.pyc:12
NASTRAN/REALASED_MODEL/MAIN/.venv_x56/lib/python3.12/site-packages/pyNastran/bdf/patran_utils,10,5,10,55046,2026-07-27T22:36:02+00:00,.py:5; .pyc:5
NASTRAN/REALASED_MODEL/MAIN/.venv_x56/lib/python3.12/site-packages/pyNastran/bdf/patran_utils/__pycache__,11,5,5,30090,2026-07-27T22:36:01+00:00,.pyc:5
NASTRAN/REALASED_MODEL/MAIN/.venv_x56/lib/python3.12/site-packages/pyNastran/bdf/test,10,11,32,493510,2026-07-27T22:36:02+00:00,.py:16; .pyc:16
NASTRAN/REALASED_MODEL/MAIN/.venv_x56/lib/python3.12/site-packages/pyNastran/bdf/test/__pycache__,11,11,11,202518,2026-07-27T22:36:01+00:00,.pyc:11
NASTRAN/REALASED_MODEL/MAIN/.venv_x56/lib/python3.12/site-packages/pyNastran/bdf/test/unit,11,4,10,89831,2026-07-27T22:36:02+00:00,.py:5; .pyc:5
NASTRAN/REALASED_MODEL/MAIN/.venv_x56/lib/python3.12/site-packages/pyNastran/bdf/test/unit/__pycache__,12,4,4,46354,2026-07-27T22:36:01+00:00,.pyc:4
NASTRAN/REALASED_MODEL/MAIN/.venv_x56/lib/python3.12/site-packages/pyNastran/bdf/test/unit/renumber_test,12,1,2,3019,2026-07-27T22:36:02+00:00,.pyc:1; .py:1
NASTRAN/REALASED_MODEL/MAIN/.venv_x56/lib/python3.12/site-packages/pyNastran/bdf/test/unit/renumber_test/__pycache__,13,1,1,1981,2026-07-27T22:36:01+00:00,.pyc:1
NASTRAN/REALASED_MODEL/MAIN/.venv_x56/lib/python3.12/site-packages/pyNastran/converters,9,4,307,3911865,2026-07-27T22:36:02+00:00,.py:153; .pyc:153; .png:1
NASTRAN/REALASED_MODEL/MAIN/.venv_x56/lib/python3.12/site-packages/pyNastran/converters/__pycache__,10,4,4,19657,2026-07-27T22:36:02+00:00,.pyc:4
NASTRAN/REALASED_MODEL/MAIN/.venv_x56/lib/python3.12/site-packages/pyNastran/converters/abaqus,10,13,26,471136,2026-07-27T22:36:02+00:00,.py:13; .pyc:13
NASTRAN/REALASED_MODEL/MAIN/.venv_x56/lib/python3.12/site-packages/pyNastran/converters/abaqus/__pycache__,11,13,13,245001,2026-07-27T22:36:01+00:00,.pyc:13
NASTRAN/REALASED_MODEL/MAIN/.venv_x56/lib/python3.12/site-packages/pyNastran/converters/aflr,10,1,40,312320,2026-07-27T22:36:02+00:00,.py:20; .pyc:20
NASTRAN/REALASED_MODEL/MAIN/.venv_x56/lib/python3.12/site-packages/pyNastran/converters/aflr/__pycache__,11,1,1,222,2026-07-27T22:36:01+00:00,.pyc:1
NASTRAN/REALASED_MODEL/MAIN/.venv_x56/lib/python3.12/site-packages/pyNastran/converters/aflr/aflr2,11,5,10,61384,2026-07-27T22:36:02+00:00,.py:5; .pyc:5
NASTRAN/REALASED_MODEL/MAIN/.venv_x56/lib/python3.12/site-packages/pyNastran/converters/aflr/aflr2/__pycache__,12,5,5,32310,2026-07-27T22:36:02+00:00,.pyc:5
NASTRAN/REALASED_MODEL/MAIN/.venv_x56/lib/python3.12/site-packages/pyNastran/converters/aflr/surf,11,4,8,59873,2026-07-27T22:36:02+00:00,.py:4; .pyc:4
NASTRAN/REALASED_MODEL/MAIN/.venv_x56/lib/python3.12/site-packages/pyNastran/converters/aflr/surf/__pycache__,12,4,4,32131,2026-07-27T22:36:02+00:00,.pyc:4
NASTRAN/REALASED_MODEL/MAIN/.venv_x56/lib/python3.12/site-packages/pyNastran/converters/aflr/ugrid,11,10,20,190841,2026-07-27T22:36:02+00:00,.py:10; .pyc:10
NASTRAN/REALASED_MODEL/MAIN/.venv_x56/lib/python3.12/site-packages/pyNastran/converters/aflr/ugrid/__pycache__,12,10,10,98360,2026-07-27T22:36:02+00:00,.pyc:10
NASTRAN/REALASED_MODEL/MAIN/.venv_x56/lib/python3.12/site-packages/pyNastran/converters/avl,10,8,16,128887,2026-07-27T22:36:02+00:00,.py:8; .pyc:8
NASTRAN/REALASED_MODEL/MAIN/.venv_x56/lib/python3.12/site-packages/pyNastran/converters/avl/__pycache__,11,8,8,66439,2026-07-27T22:36:02+00:00,.pyc:8
NASTRAN/REALASED_MODEL/MAIN/.venv_x56/lib/python3.12/site-packages/pyNastran/converters/cart3d,10,12,24,264505,2026-07-27T22:36:02+00:00,.py:12; .pyc:12
NASTRAN/REALASED_MODEL/MAIN/.venv_x56/lib/python3.12/site-packages/pyNastran/converters/cart3d/__pycache__,11,12,12,143318,2026-07-27T22:36:02+00:00,.pyc:12
NASTRAN/REALASED_MODEL/MAIN/.venv_x56/lib/python3.12/site-packages/pyNastran/converters/fast,10,5,10,27330,2026-07-27T22:36:02+00:00,.py:5; .pyc:5
NASTRAN/REALASED_MODEL/MAIN/.venv_x56/lib/python3.12/site-packages/pyNastran/converters/fast/__pycache__,11,5,5,15234,2026-07-27T22:36:02+00:00,.pyc:5
NASTRAN/REALASED_MODEL/MAIN/.venv_x56/lib/python3.12/site-packages/pyNastran/converters/lawgs,10,4,8,37967,2026-07-27T22:36:02+00:00,.py:4; .pyc:4
NASTRAN/REALASED_MODEL/MAIN/.venv_x56/lib/python3.12/site-packages/pyNastran/converters/lawgs/__pycache__,11,4,4,22402,2026-07-27T22:36:02+00:00,.pyc:4
NASTRAN/REALASED_MODEL/MAIN/.venv_x56/lib/python3.12/site-packages/pyNastran/converters/nastran,10,11,64,1569673,2026-07-27T22:36:02+00:00,.py:32; .pyc:32
NASTRAN/REALASED_MODEL/MAIN/.venv_x56/lib/python3.12/site-packages/pyNastran/converters/nastran/__pycache__,11,11,11,179752,2026-07-27T22:36:02+00:00,.pyc:11
NASTRAN/REALASED_MODEL/MAIN/.venv_x56/lib/python3.12/site-packages/pyNastran/converters/nastran/gui,11,11,42,1222321,2026-07-27T22:36:02+00:00,.py:21; .pyc:21
NASTRAN/REALASED_MODEL/MAIN/.venv_x56/lib/python3.12/site-packages/pyNastran/converters/nastran/gui/__pycache__,12,11,11,422266,2026-07-27T22:36:02+00:00,.pyc:11
NASTRAN/REALASED_MODEL/MAIN/.venv_x56/lib/python3.12/site-packages/pyNastran/converters/nastran/gui/result_objects,12,10,20,307287,2026-07-27T22:36:02+00:00,.pyc:10; .py:10
NASTRAN/REALASED_MODEL/MAIN/.venv_x56/lib/python3.12/site-packages/pyNastran/converters/nastran/gui/result_objects/__pycache__,13,10,10,155074,2026-07-27T22:36:02+00:00,.pyc:10
NASTRAN/REALASED_MODEL/MAIN/.venv_x56/lib/python3.12/site-packages/pyNastran/converters/panair,10,9,18,208432,2026-07-27T22:36:02+00:00,.py:9; .pyc:9
NASTRAN/REALASED_MODEL/MAIN/.venv_x56/lib/python3.12/site-packages/pyNastran/converters/panair/__pycache__,11,9,9,108683,2026-07-27T22:36:02+00:00,.pyc:9
NASTRAN/REALASED_MODEL/MAIN/.venv_x56/lib/python3.12/site-packages/pyNastran/converters/shabp,10,6,12,107318,2026-07-27T22:36:02+00:00,.py:6; .pyc:6
NASTRAN/REALASED_MODEL/MAIN/.venv_x56/lib/python3.12/site-packages/pyNastran/converters/shabp/__pycache__,11,6,6,54669,2026-07-27T22:36:02+00:00,.pyc:6
NASTRAN/REALASED_MODEL/MAIN/.venv_x56/lib/python3.12/site-packages/pyNastran/converters/stl,10,9,18,117605,2026-07-27T22:36:02+00:00,.py:9; .pyc:9
NASTRAN/REALASED_MODEL/MAIN/.venv_x56/lib/python3.12/site-packages/pyNastran/converters/stl/__pycache__,11,9,9,63343,2026-07-27T22:36:02+00:00,.pyc:9
NASTRAN/REALASED_MODEL/MAIN/.venv_x56/lib/python3.12/site-packages/pyNastran/converters/su2,10,5,10,48832,2026-07-27T22:36:02+00:00,.py:5; .pyc:5
NASTRAN/REALASED_MODEL/MAIN/.venv_x56/lib/python3.12/site-packages/pyNastran/converters/su2/__pycache__,11,5,5,27622,2026-07-27T22:36:02+00:00,.pyc:5
NASTRAN/REALASED_MODEL/MAIN/.venv_x56/lib/python3.12/site-packages/pyNastran/converters/tecplot,10,12,27,424521,2026-07-27T22:36:02+00:00,.py:13; .pyc:13; .png:1
NASTRAN/REALASED_MODEL/MAIN/.venv_x56/lib/python3.12/site-packages/pyNastran/converters/tecplot/__pycache__,11,12,12,205714,2026-07-27T22:36:02+00:00,.pyc:12
NASTRAN/REALASED_MODEL/MAIN/.venv_x56/lib/python3.12/site-packages/pyNastran/converters/tecplot/models,11,1,3,15769,2026-07-27T22:36:02+00:00,.pyc:1; .png:1; .py:1
NASTRAN/REALASED_MODEL/MAIN/.venv_x56/lib/python3.12/site-packages/pyNastran/converters/tecplot/models/__pycache__,12,1,1,1487,2026-07-27T22:36:02+00:00,.pyc:1
NASTRAN/REALASED_MODEL/MAIN/.venv_x56/lib/python3.12/site-packages/pyNastran/converters/tecplot/models/ascii,12,1,1,11978,2026-07-27T22:36:02+00:00,.png:1
NASTRAN/REALASED_MODEL/MAIN/.venv_x56/lib/python3.12/site-packages/pyNastran/converters/tetgen,10,5,10,36004,2026-07-27T22:36:02+00:00,.py:5; .pyc:5
NASTRAN/REALASED_MODEL/MAIN/.venv_x56/lib/python3.12/site-packages/pyNastran/converters/tetgen/__pycache__,11,5,5,20693,2026-07-27T22:36:02+00:00,.pyc:5
NASTRAN/REALASED_MODEL/MAIN/.venv_x56/lib/python3.12/site-packages/pyNastran/converters/usm3d,10,8,16,116746,2026-07-27T22:36:02+00:00,.py:8; .pyc:8
NASTRAN/REALASED_MODEL/MAIN/.venv_x56/lib/python3.12/site-packages/pyNastran/converters/usm3d/__pycache__,11,8,8,60916,2026-07-27T22:36:02+00:00,.pyc:8
NASTRAN/REALASED_MODEL/MAIN/.venv_x56/lib/python3.12/site-packages/pyNastran/f06,9,9,30,396462,2026-07-27T22:36:02+00:00,.py:15; .pyc:15
NASTRAN/REALASED_MODEL/MAIN/.venv_x56/lib/python3.12/site-packages/pyNastran/f06/__pycache__,10,9,9,173007,2026-07-27T22:36:02+00:00,.pyc:9
NASTRAN/REALASED_MODEL/MAIN/.venv_x56/lib/python3.12/site-packages/pyNastran/f06/tables,10,2,4,8280,2026-07-27T22:36:02+00:00,.py:2; .pyc:2
NASTRAN/REALASED_MODEL/MAIN/.venv_x56/lib/python3.12/site-packages/pyNastran/f06/tables/__pycache__,11,2,2,4814,2026-07-27T22:36:02+00:00,.pyc:2
NASTRAN/REALASED_MODEL/MAIN/.venv_x56/lib/python3.12/site-packages/pyNastran/f06/test,10,4,8,35410,2026-07-27T22:36:02+00:00,.py:4; .pyc:4
NASTRAN/REALASED_MODEL/MAIN/.venv_x56/lib/python3.12/site-packages/pyNastran/f06/test/__pycache__,11,4,4,17775,2026-07-27T22:36:02+00:00,.pyc:4
NASTRAN/REALASED_MODEL/MAIN/.venv_x56/lib/python3.12/site-packages/pyNastran/femutils,9,7,24,156955,2026-07-27T22:36:02+00:00,.py:12; .pyc:12
NASTRAN/REALASED_MODEL/MAIN/.venv_x56/lib/python3.12/site-packages/pyNastran/femutils/__pycache__,10,7,7,63315,2026-07-27T22:36:02+00:00,.pyc:7
NASTRAN/REALASED_MODEL/MAIN/.venv_x56/lib/python3.12/site-packages/pyNastran/femutils/test,10,5,10,41372,2026-07-27T22:36:02+00:00,.py:5; .pyc:5
NASTRAN/REALASED_MODEL/MAIN/.venv_x56/lib/python3.12/site-packages/pyNastran/femutils/test/__pycache__,11,5,5,20934,2026-07-27T22:36:02+00:00,.pyc:5
NASTRAN/REALASED_MODEL/MAIN/.venv_x56/lib/python3.12/site-packages/pyNastran/gui,9,16,405,9993090,2026-07-27T22:36:03+00:00,.py:161; .pyc:161; .png:83
NASTRAN/REALASED_MODEL/MAIN/.venv_x56/lib/python3.12/site-packages/pyNastran/gui/__pycache__,10,16,16,167352,2026-07-27T22:36:02+00:00,.pyc:16
NASTRAN/REALASED_MODEL/MAIN/.venv_x56/lib/python3.12/site-packages/pyNastran/gui/gui_objects,10,11,26,300619,2026-07-27T22:36:02+00:00,.py:13; .pyc:13
NASTRAN/REALASED_MODEL/MAIN/.venv_x56/lib/python3.12/site-packages/pyNastran/gui/gui_objects/__pycache__,11,11,11,155776,2026-07-27T22:36:02+00:00,.pyc:11
NASTRAN/REALASED_MODEL/MAIN/.venv_x56/lib/python3.12/site-packages/pyNastran/gui/gui_objects/test,11,2,4,4860,2026-07-27T22:36:02+00:00,.py:2; .pyc:2
NASTRAN/REALASED_MODEL/MAIN/.venv_x56/lib/python3.12/site-packages/pyNastran/gui/gui_objects/test/__pycache__,12,2,2,3043,2026-07-27T22:36:02+00:00,.pyc:2
NASTRAN/REALASED_MODEL/MAIN/.venv_x56/lib/python3.12/site-packages/pyNastran/gui/icons,10,46,47,508418,2026-07-27T22:36:03+00:00,.png:45; .py:1; .pyc:1
NASTRAN/REALASED_MODEL/MAIN/.venv_x56/lib/python3.12/site-packages/pyNastran/gui/icons/__pycache__,11,1,1,216,2026-07-27T22:36:02+00:00,.pyc:1
NASTRAN/REALASED_MODEL/MAIN/.venv_x56/lib/python3.12/site-packages/pyNastran/gui/images,10,37,37,6075518,2026-07-27T22:36:03+00:00,.png:37
NASTRAN/REALASED_MODEL/MAIN/.venv_x56/lib/python3.12/site-packages/pyNastran/gui/menus,10,11,120,1371725,2026-07-27T22:36:03+00:00,.py:60; .pyc:60
NASTRAN/REALASED_MODEL/MAIN/.venv_x56/lib/python3.12/site-packages/pyNastran/gui/menus/__pycache__,11,11,11,93565,2026-07-27T22:36:02+00:00,.pyc:11
NASTRAN/REALASED_MODEL/MAIN/.venv_x56/lib/python3.12/site-packages/pyNastran/gui/menus/about,11,2,4,32573,2026-07-27T22:36:03+00:00,.py:2; .pyc:2
NASTRAN/REALASED_MODEL/MAIN/.venv_x56/lib/python3.12/site-packages/pyNastran/gui/menus/about/__pycache__,12,2,2,17651,2026-07-27T22:36:02+00:00,.pyc:2
NASTRAN/REALASED_MODEL/MAIN/.venv_x56/lib/python3.12/site-packages/pyNastran/gui/menus/calculator,11,2,4,57400,2026-07-27T22:36:03+00:00,.py:2; .pyc:2
NASTRAN/REALASED_MODEL/MAIN/.venv_x56/lib/python3.12/site-packages/pyNastran/gui/menus/calculator/__pycache__,12,2,2,22319,2026-07-27T22:36:02+00:00,.pyc:2
NASTRAN/REALASED_MODEL/MAIN/.venv_x56/lib/python3.12/site-packages/pyNastran/gui/menus/camera,11,3,6,28506,2026-07-27T22:36:03+00:00,.py:3; .pyc:3
NASTRAN/REALASED_MODEL/MAIN/.venv_x56/lib/python3.12/site-packages/pyNastran/gui/menus/camera/__pycache__,12,3,3,16820,2026-07-27T22:36:02+00:00,.pyc:3
NASTRAN/REALASED_MODEL/MAIN/.venv_x56/lib/python3.12/site-packages/pyNastran/gui/menus/clipping,11,3,6,17943,2026-07-27T22:36:03+00:00,.py:3; .pyc:3
NASTRAN/REALASED_MODEL/MAIN/.venv_x56/lib/python3.12/site-packages/pyNastran/gui/menus/clipping/__pycache__,12,3,3,11070,2026-07-27T22:36:02+00:00,.pyc:3
NASTRAN/REALASED_MODEL/MAIN/.venv_x56/lib/python3.12/site-packages/pyNastran/gui/menus/cutting_plane,11,5,10,219311,2026-07-27T22:36:03+00:00,.py:5; .pyc:5
NASTRAN/REALASED_MODEL/MAIN/.venv_x56/lib/python3.12/site-packages/pyNastran/gui/menus/cutting_plane/__pycache__,12,5,5,114306,2026-07-27T22:36:02+00:00,.pyc:5
NASTRAN/REALASED_MODEL/MAIN/.venv_x56/lib/python3.12/site-packages/pyNastran/gui/menus/dev,11,6,12,117309,2026-07-27T22:36:03+00:00,.pyc:6; .py:6
NASTRAN/REALASED_MODEL/MAIN/.venv_x56/lib/python3.12/site-packages/pyNastran/gui/menus/dev/__pycache__,12,6,6,67754,2026-07-27T22:36:02+00:00,.pyc:6
NASTRAN/REALASED_MODEL/MAIN/.venv_x56/lib/python3.12/site-packages/pyNastran/gui/menus/edit_geometry_properties,11,3,6,112426,2026-07-27T22:36:03+00:00,.py:3; .pyc:3
NASTRAN/REALASED_MODEL/MAIN/.venv_x56/lib/python3.12/site-packages/pyNastran/gui/menus/edit_geometry_properties/__pycache__,12,3,3,59162,2026-07-27T22:36:02+00:00,.pyc:3
NASTRAN/REALASED_MODEL/MAIN/.venv_x56/lib/python3.12/site-packages/pyNastran/gui/menus/groups_modify,11,6,12,87501,2026-07-27T22:36:03+00:00,.py:6; .pyc:6
NASTRAN/REALASED_MODEL/MAIN/.venv_x56/lib/python3.12/site-packages/pyNastran/gui/menus/groups_modify/__pycache__,12,6,6,50720,2026-07-27T22:36:02+00:00,.pyc:6
NASTRAN/REALASED_MODEL/MAIN/.venv_x56/lib/python3.12/site-packages/pyNastran/gui/menus/highlight,11,4,8,75286,2026-07-27T22:36:03+00:00,.py:4; .pyc:4
NASTRAN/REALASED_MODEL/MAIN/.venv_x56/lib/python3.12/site-packages/pyNastran/gui/menus/highlight/__pycache__,12,4,4,39755,2026-07-27T22:36:02+00:00,.pyc:4
NASTRAN/REALASED_MODEL/MAIN/.venv_x56/lib/python3.12/site-packages/pyNastran/gui/menus/legend,11,5,10,302150,2026-07-27T22:36:03+00:00,.py:5; .pyc:5
NASTRAN/REALASED_MODEL/MAIN/.venv_x56/lib/python3.12/site-packages/pyNastran/gui/menus/legend/__pycache__,12,5,5,156553,2026-07-27T22:36:02+00:00,.pyc:5
NASTRAN/REALASED_MODEL/MAIN/.venv_x56/lib/python3.12/site-packages/pyNastran/gui/menus/preferences,11,3,6,130856,2026-07-27T22:36:03+00:00,.py:3; .pyc:3
NASTRAN/REALASED_MODEL/MAIN/.venv_x56/lib/python3.12/site-packages/pyNastran/gui/menus/preferences/__pycache__,12,3,3,69836,2026-07-27T22:36:02+00:00,.pyc:3
NASTRAN/REALASED_MODEL/MAIN/.venv_x56/lib/python3.12/site-packages/pyNastran/gui/menus/test,11,7,14,21217,2026-07-27T22:36:03+00:00,.py:7; .pyc:7
NASTRAN/REALASED_MODEL/MAIN/.venv_x56/lib/python3.12/site-packages/pyNastran/gui/menus/test/__pycache__,12,7,7,11802,2026-07-27T22:36:02+00:00,.pyc:7
NASTRAN/REALASED_MODEL/MAIN/.venv_x56/lib/python3.12/site-packages/pyNastran/gui/plugins,10,3,6,5423,2026-07-27T22:36:03+00:00,.py:3; .pyc:3
NASTRAN/REALASED_MODEL/MAIN/.venv_x56/lib/python3.12/site-packages/pyNastran/gui/plugins/__pycache__,11,3,3,2999,2026-07-27T22:36:02+00:00,.pyc:3
NASTRAN/REALASED_MODEL/MAIN/.venv_x56/lib/python3.12/site-packages/pyNastran/gui/qt_files,10,19,37,793705,2026-07-27T22:36:03+00:00,.py:18; .pyc:18; .png:1
NASTRAN/REALASED_MODEL/MAIN/.venv_x56/lib/python3.12/site-packages/pyNastran/gui/qt_files/__pycache__,11,18,18,388587,2026-07-27T22:36:02+00:00,.pyc:18
NASTRAN/REALASED_MODEL/MAIN/.venv_x56/lib/python3.12/site-packages/pyNastran/gui/scripts,10,1,2,2584,2026-07-27T22:36:03+00:00,.pyc:1; .py:1
NASTRAN/REALASED_MODEL/MAIN/.venv_x56/lib/python3.12/site-packages/pyNastran/gui/scripts/__pycache__,11,1,1,1540,2026-07-27T22:36:02+00:00,.pyc:1
NASTRAN/REALASED_MODEL/MAIN/.venv_x56/lib/python3.12/site-packages/pyNastran/gui/styles,10,8,16,73718,2026-07-27T22:36:03+00:00,.py:8; .pyc:8
NASTRAN/REALASED_MODEL/MAIN/.venv_x56/lib/python3.12/site-packages/pyNastran/gui/styles/__pycache__,11,8,8,37851,2026-07-27T22:36:02+00:00,.pyc:8
NASTRAN/REALASED_MODEL/MAIN/.venv_x56/lib/python3.12/site-packages/pyNastran/gui/test,10,10,20,130679,2026-07-27T22:36:03+00:00,.py:10; .pyc:10
NASTRAN/REALASED_MODEL/MAIN/.venv_x56/lib/python3.12/site-packages/pyNastran/gui/test/__pycache__,11,10,10,67549,2026-07-27T22:36:02+00:00,.pyc:10
NASTRAN/REALASED_MODEL/MAIN/.venv_x56/lib/python3.12/site-packages/pyNastran/gui/utils,10,7,62,394311,2026-07-27T22:36:03+00:00,.py:31; .pyc:31
NASTRAN/REALASED_MODEL/MAIN/.venv_x56/lib/python3.12/site-packages/pyNastran/gui/utils/__pycache__,11,7,7,26380,2026-07-27T22:36:02+00:00,.pyc:7
NASTRAN/REALASED_MODEL/MAIN/.venv_x56/lib/python3.12/site-packages/pyNastran/gui/utils/colormaps,11,1,2,109528,2026-07-27T22:36:03+00:00,.py:1; .pyc:1
NASTRAN/REALASED_MODEL/MAIN/.venv_x56/lib/python3.12/site-packages/pyNastran/gui/utils/colormaps/__pycache__,12,1,1,55911,2026-07-27T22:36:02+00:00,.pyc:1
NASTRAN/REALASED_MODEL/MAIN/.venv_x56/lib/python3.12/site-packages/pyNastran/gui/utils/qt,11,13,32,166969,2026-07-27T22:36:03+00:00,.py:16; .pyc:16
NASTRAN/REALASED_MODEL/MAIN/.venv_x56/lib/python3.12/site-packages/pyNastran/gui/utils/qt/__pycache__,12,13,13,76529,2026-07-27T22:36:02+00:00,.pyc:13
NASTRAN/REALASED_MODEL/MAIN/.venv_x56/lib/python3.12/site-packages/pyNastran/gui/utils/qt/checks,12,3,6,24411,2026-07-27T22:36:03+00:00,.py:3; .pyc:3
NASTRAN/REALASED_MODEL/MAIN/.venv_x56/lib/python3.12/site-packages/pyNastran/gui/utils/qt/checks/__pycache__,13,3,3,12431,2026-07-27T22:36:02+00:00,.pyc:3
NASTRAN/REALASED_MODEL/MAIN/.venv_x56/lib/python3.12/site-packages/pyNastran/gui/utils/vtk,11,7,14,66596,2026-07-27T22:36:03+00:00,.py:7; .pyc:7
NASTRAN/REALASED_MODEL/MAIN/.venv_x56/lib/python3.12/site-packages/pyNastran/gui/utils/vtk/__pycache__,12,7,7,34573,2026-07-27T22:36:02+00:00,.pyc:7
NASTRAN/REALASED_MODEL/MAIN/.venv_x56/lib/python3.12/site-packages/pyNastran/op2,9,8,414,12038645,2026-07-27T22:36:03+00:00,.py:207; .pyc:207
NASTRAN/REALASED_MODEL/MAIN/.venv_x56/lib/python3.12/site-packages/pyNastran/op2/__pycache__,10,8,8,145230,2026-07-27T22:36:03+00:00,.pyc:8
NASTRAN/REALASED_MODEL/MAIN/.venv_x56/lib/python3.12/site-packages/pyNastran/op2/op2_interface,10,30,64,1965002,2026-07-27T22:36:03+00:00,.py:32; .pyc:32
NASTRAN/REALASED_MODEL/MAIN/.venv_x56/lib/python3.12/site-packages/pyNastran/op2/op2_interface/__pycache__,11,30,30,911989,2026-07-27T22:36:02+00:00,.pyc:30
NASTRAN/REALASED_MODEL/MAIN/.venv_x56/lib/python3.12/site-packages/pyNastran/op2/op2_interface/test,11,2,4,17140,2026-07-27T22:36:03+00:00,.pyc:2; .py:2
NASTRAN/REALASED_MODEL/MAIN/.venv_x56/lib/python3.12/site-packages/pyNastran/op2/op2_interface/test/__pycache__,12,2,2,8927,2026-07-27T22:36:02+00:00,.pyc:2
NASTRAN/REALASED_MODEL/MAIN/.venv_x56/lib/python3.12/site-packages/pyNastran/op2/result_objects,10,17,34,855139,2026-07-27T22:36:03+00:00,.py:17; .pyc:17
NASTRAN/REALASED_MODEL/MAIN/.venv_x56/lib/python3.12/site-packages/pyNastran/op2/result_objects/__pycache__,11,17,17,420197,2026-07-27T22:36:02+00:00,.pyc:17
NASTRAN/REALASED_MODEL/MAIN/.venv_x56/lib/python3.12/site-packages/pyNastran/op2/tables,10,5,254,7770000,2026-07-27T22:36:03+00:00,.py:127; .pyc:127
NASTRAN/REALASED_MODEL/MAIN/.venv_x56/lib/python3.12/site-packages/pyNastran/op2/tables/__pycache__,11,5,5,30633,2026-07-27T22:36:03+00:00,.pyc:5
NASTRAN/REALASED_MODEL/MAIN/.venv_x56/lib/python3.12/site-packages/pyNastran/op2/tables/contact,11,5,10,111572,2026-07-27T22:36:03+00:00,.py:5; .pyc:5
NASTRAN/REALASED_MODEL/MAIN/.venv_x56/lib/python3.12/site-packages/pyNastran/op2/tables/contact/__pycache__,12,5,5,37834,2026-07-27T22:36:02+00:00,.pyc:5
NASTRAN/REALASED_MODEL/MAIN/.venv_x56/lib/python3.12/site-packages/pyNastran/op2/tables/geom,11,16,36,2148401,2026-07-27T22:36:03+00:00,.py:18; .pyc:18
NASTRAN/REALASED_MODEL/MAIN/.venv_x56/lib/python3.12/site-packages/pyNastran/op2/tables/geom/__pycache__,12,16,16,1071498,2026-07-27T22:36:03+00:00,.pyc:16
NASTRAN/REALASED_MODEL/MAIN/.venv_x56/lib/python3.12/site-packages/pyNastran/op2/tables/geom/test,12,2,4,22721,2026-07-27T22:36:03+00:00,.py:2; .pyc:2
NASTRAN/REALASED_MODEL/MAIN/.venv_x56/lib/python3.12/site-packages/pyNastran/op2/tables/geom/test/__pycache__,13,2,2,12239,2026-07-27T22:36:03+00:00,.pyc:2
NASTRAN/REALASED_MODEL/MAIN/.venv_x56/lib/python3.12/site-packages/pyNastran/op2/tables/lama_eigenvalues,11,3,6,74731,2026-07-27T22:36:03+00:00,.py:3; .pyc:3
NASTRAN/REALASED_MODEL/MAIN/.venv_x56/lib/python3.12/site-packages/pyNastran/op2/tables/lama_eigenvalues/__pycache__,12,3,3,38040,2026-07-27T22:36:03+00:00,.pyc:3
NASTRAN/REALASED_MODEL/MAIN/.venv_x56/lib/python3.12/site-packages/pyNastran/op2/tables/oee_energy,11,3,6,163068,2026-07-27T22:36:03+00:00,.py:3; .pyc:3
NASTRAN/REALASED_MODEL/MAIN/.venv_x56/lib/python3.12/site-packages/pyNastran/op2/tables/oee_energy/__pycache__,12,3,3,75721,2026-07-27T22:36:03+00:00,.pyc:3
NASTRAN/REALASED_MODEL/MAIN/.venv_x56/lib/python3.12/site-packages/pyNastran/op2/tables/oef_forces,11,6,12,1284688,2026-07-27T22:36:03+00:00,.py:6; .pyc:6
NASTRAN/REALASED_MODEL/MAIN/.venv_x56/lib/python3.12/site-packages/pyNastran/op2/tables/oef_forces/__pycache__,12,6,6,618660,2026-07-27T22:36:03+00:00,.pyc:6
NASTRAN/REALASED_MODEL/MAIN/.venv_x56/lib/python3.12/site-packages/pyNastran/op2/tables/oes_stressStrain,11,7,110,3063011,2026-07-27T22:36:03+00:00,.py:55; .pyc:55
NASTRAN/REALASED_MODEL/MAIN/.venv_x56/lib/python3.12/site-packages/pyNastran/op2/tables/oes_stressStrain/__pycache__,12,7,7,441697,2026-07-27T22:36:03+00:00,.pyc:7
NASTRAN/REALASED_MODEL/MAIN/.venv_x56/lib/python3.12/site-packages/pyNastran/op2/tables/oes_stressStrain/complex,12,16,32,580745,2026-07-27T22:36:03+00:00,.py:16; .pyc:16
NASTRAN/REALASED_MODEL/MAIN/.venv_x56/lib/python3.12/site-packages/pyNastran/op2/tables/oes_stressStrain/complex/__pycache__,13,16,16,298594,2026-07-27T22:36:03+00:00,.pyc:16
NASTRAN/REALASED_MODEL/MAIN/.venv_x56/lib/python3.12/site-packages/pyNastran/op2/tables/oes_stressStrain/random,12,10,20,392413,2026-07-27T22:36:03+00:00,.py:10; .pyc:10
NASTRAN/REALASED_MODEL/MAIN/.venv_x56/lib/python3.12/site-packages/pyNastran/op2/tables/oes_stressStrain/random/__pycache__,13,10,10,195181,2026-07-27T22:36:03+00:00,.pyc:10
NASTRAN/REALASED_MODEL/MAIN/.venv_x56/lib/python3.12/site-packages/pyNastran/op2/tables/oes_stressStrain/real,12,22,44,1063414,2026-07-27T22:36:03+00:00,.py:22; .pyc:22
NASTRAN/REALASED_MODEL/MAIN/.venv_x56/lib/python3.12/site-packages/pyNastran/op2/tables/oes_stressStrain/real/__pycache__,13,22,22,532452,2026-07-27T22:36:03+00:00,.pyc:22
NASTRAN/REALASED_MODEL/MAIN/.venv_x56/lib/python3.12/site-packages/pyNastran/op2/tables/ogf_gridPointForces,11,4,8,257259,2026-07-27T22:36:03+00:00,.py:4; .pyc:4
NASTRAN/REALASED_MODEL/MAIN/.venv_x56/lib/python3.12/site-packages/pyNastran/op2/tables/ogf_gridPointForces/__pycache__,12,4,4,132100,2026-07-27T22:36:03+00:00,.pyc:4
NASTRAN/REALASED_MODEL/MAIN/.venv_x56/lib/python3.12/site-packages/pyNastran/op2/tables/ogs_grid_point_stresses,11,3,6,131042,2026-07-27T22:36:03+00:00,.py:3; .pyc:3
NASTRAN/REALASED_MODEL/MAIN/.venv_x56/lib/python3.12/site-packages/pyNastran/op2/tables/ogs_grid_point_stresses/__pycache__,12,3,3,67735,2026-07-27T22:36:03+00:00,.pyc:3
NASTRAN/REALASED_MODEL/MAIN/.venv_x56/lib/python3.12/site-packages/pyNastran/op2/tables/opg_appliedLoads,11,5,10,64233,2026-07-27T22:36:03+00:00,.py:5; .pyc:5
NASTRAN/REALASED_MODEL/MAIN/.venv_x56/lib/python3.12/site-packages/pyNastran/op2/tables/opg_appliedLoads/__pycache__,12,5,5,32407,2026-07-27T22:36:03+00:00,.pyc:5
NASTRAN/REALASED_MODEL/MAIN/.venv_x56/lib/python3.12/site-packages/pyNastran/op2/tables/oqg_constraintForces,11,8,16,118578,2026-07-27T22:36:03+00:00,.py:8; .pyc:8
NASTRAN/REALASED_MODEL/MAIN/.venv_x56/lib/python3.12/site-packages/pyNastran/op2/tables/oqg_constraintForces/__pycache__,12,8,8,57893,2026-07-27T22:36:03+00:00,.pyc:8
NASTRAN/REALASED_MODEL/MAIN/.venv_x56/lib/python3.12/site-packages/pyNastran/op2/tables/oug,11,9,18,177836,2026-07-27T22:36:03+00:00,.py:9; .pyc:9
NASTRAN/REALASED_MODEL/MAIN/.venv_x56/lib/python3.12/site-packages/pyNastran/op2/tables/oug/__pycache__,12,9,9,79999,2026-07-27T22:36:03+00:00,.pyc:9
NASTRAN/REALASED_MODEL/MAIN/.venv_x56/lib/python3.12/site-packages/pyNastran/op2/tables/test,11,3,6,107425,2026-07-27T22:36:03+00:00,.py:3; .pyc:3
NASTRAN/REALASED_MODEL/MAIN/.venv_x56/lib/python3.12/site-packages/pyNastran/op2/tables/test/__pycache__,12,3,3,48918,2026-07-27T22:36:03+00:00,.pyc:3
NASTRAN/REALASED_MODEL/MAIN/.venv_x56/lib/python3.12/site-packages/pyNastran/op2/test,10,5,20,524723,2026-07-27T22:36:03+00:00,.py:10; .pyc:10
NASTRAN/REALASED_MODEL/MAIN/.venv_x56/lib/python3.12/site-packages/pyNastran/op2/test/__pycache__,11,5,5,240146,2026-07-27T22:36:03+00:00,.pyc:5
NASTRAN/REALASED_MODEL/MAIN/.venv_x56/lib/python3.12/site-packages/pyNastran/op2/test/examples,11,3,6,36312,2026-07-27T22:36:03+00:00,.py:3; .pyc:3
NASTRAN/REALASED_MODEL/MAIN/.venv_x56/lib/python3.12/site-packages/pyNastran/op2/test/examples/__pycache__,12,3,3,21253,2026-07-27T22:36:03+00:00,.pyc:3
NASTRAN/REALASED_MODEL/MAIN/.venv_x56/lib/python3.12/site-packages/pyNastran/op2/test/matrices,11,2,4,18946,2026-07-27T22:36:03+00:00,.py:2; .pyc:2
NASTRAN/REALASED_MODEL/MAIN/.venv_x56/lib/python3.12/site-packages/pyNastran/op2/test/matrices/__pycache__,12,2,2,10672,2026-07-27T22:36:03+00:00,.pyc:2
NASTRAN/REALASED_MODEL/MAIN/.venv_x56/lib/python3.12/site-packages/pyNastran/op2/writer,10,13,26,637323,2026-07-27T22:36:03+00:00,.py:13; .pyc:13
NASTRAN/REALASED_MODEL/MAIN/.venv_x56/lib/python3.12/site-packages/pyNastran/op2/writer/__pycache__,11,13,13,304914,2026-07-27T22:36:03+00:00,.pyc:13
NASTRAN/REALASED_MODEL/MAIN/.venv_x56/lib/python3.12/site-packages/pyNastran/op4,9,2,10,203402,2026-07-27T22:36:03+00:00,.py:5; .pyc:5
NASTRAN/REALASED_MODEL/MAIN/.venv_x56/lib/python3.12/site-packages/pyNastran/op4/__pycache__,10,2,2,79270,2026-07-27T22:36:03+00:00,.pyc:2
NASTRAN/REALASED_MODEL/MAIN/.venv_x56/lib/python3.12/site-packages/pyNastran/op4/test,10,3,6,44502,2026-07-27T22:36:03+00:00,.py:3; .pyc:3
NASTRAN/REALASED_MODEL/MAIN/.venv_x56/lib/python3.12/site-packages/pyNastran/op4/test/__pycache__,11,3,3,22757,2026-07-27T22:36:03+00:00,.pyc:3
NASTRAN/REALASED_MODEL/MAIN/.venv_x56/lib/python3.12/site-packages/pyNastran/utils,9,12,37,326722,2026-07-27T22:36:03+00:00,.py:18; .pyc:18; .png:1
NASTRAN/REALASED_MODEL/MAIN/.venv_x56/lib/python3.12/site-packages/pyNastran/utils/__pycache__,10,12,12,121030,2026-07-27T22:36:03+00:00,.pyc:12
NASTRAN/REALASED_MODEL/MAIN/.venv_x56/lib/python3.12/site-packages/pyNastran/utils/test,10,7,13,92522,2026-07-27T22:36:03+00:00,.py:6; .pyc:6; .png:1
NASTRAN/REALASED_MODEL/MAIN/.venv_x56/lib/python3.12/site-packages/pyNastran/utils/test/__pycache__,11,6,6,47562,2026-07-27T22:36:03+00:00,.pyc:6
NASTRAN/REALASED_MODEL/MAIN/.venv_x56/lib/python3.12/site-packages/pyNastran-1.4.1.dist-info,8,8,8,173822,2026-07-27T22:36:03+00:00,[senza_estensione]:5; .txt:2; .md:1
NASTRAN/REALASED_MODEL/MAIN/.venv_x56/lib/python3.12/site-packages/pyparsing,8,12,36,978733,2026-07-27T22:35:52+00:00,.py:17; .pyc:17; .md:1; .typed:1
NASTRAN/REALASED_MODEL/MAIN/.venv_x56/lib/python3.12/site-packages/pyparsing/__pycache__,9,11,11,484321,2026-07-27T22:35:52+00:00,.pyc:11
NASTRAN/REALASED_MODEL/MAIN/.venv_x56/lib/python3.12/site-packages/pyparsing/ai,9,2,7,9281,2026-07-27T22:35:52+00:00,.py:3; .pyc:3; .md:1
NASTRAN/REALASED_MODEL/MAIN/.venv_x56/lib/python3.12/site-packages/pyparsing/ai/__pycache__,10,1,1,209,2026-07-27T22:35:52+00:00,.pyc:1
NASTRAN/REALASED_MODEL/MAIN/.venv_x56/lib/python3.12/site-packages/pyparsing/ai/show_best_practices,10,2,4,600,2026-07-27T22:35:52+00:00,.py:2; .pyc:2
NASTRAN/REALASED_MODEL/MAIN/.venv_x56/lib/python3.12/site-packages/pyparsing/ai/show_best_practices/__pycache__,11,2,2,551,2026-07-27T22:35:52+00:00,.pyc:2
NASTRAN/REALASED_MODEL/MAIN/.venv_x56/lib/python3.12/site-packages/pyparsing/diagram,9,1,2,56561,2026-07-27T22:35:52+00:00,.py:1; .pyc:1
NASTRAN/REALASED_MODEL/MAIN/.venv_x56/lib/python3.12/site-packages/pyparsing/diagram/__pycache__,10,1,1,29632,2026-07-27T22:35:52+00:00,.pyc:1
NASTRAN/REALASED_MODEL/MAIN/.venv_x56/lib/python3.12/site-packages/pyparsing/tools,9,2,4,15196,2026-07-27T22:35:52+00:00,.py:2; .pyc:2
NASTRAN/REALASED_MODEL/MAIN/.venv_x56/lib/python3.12/site-packages/pyparsing/tools/__pycache__,10,2,2,8807,2026-07-27T22:35:52+00:00,.pyc:2
NASTRAN/REALASED_MODEL/MAIN/.venv_x56/lib/python3.12/site-packages/pyparsing-3.3.2.dist-info,8,4,5,9833,2026-07-27T22:35:52+00:00,[senza_estensione]:5
NASTRAN/REALASED_MODEL/MAIN/.venv_x56/lib/python3.12/site-packages/pyparsing-3.3.2.dist-info/licenses,9,1,1,1062,2026-07-27T22:35:52+00:00,[senza_estensione]:1
NASTRAN/REALASED_MODEL/MAIN/.venv_x56/lib/python3.12/site-packages/python_dateutil-2.9.0.post0.dist-info,8,7,7,14492,2026-07-27T22:36:01+00:00,[senza_estensione]:6; .txt:1
NASTRAN/REALASED_MODEL/MAIN/.venv_x56/lib/python3.12/site-packages/scipy,8,6,2389,109360605,2026-07-27T22:36:01+00:00,.py:973; .pyc:973; .mat:110; .so:109; .sav:47; .txt:35; .dat:26; .wav:22; .npz:20; .pyi:16; .arff:16; .pxd:13
NASTRAN/REALASED_MODEL/MAIN/.venv_x56/lib/python3.12/site-packages/scipy/__pycache__,9,5,5,36798,2026-07-27T22:36:01+00:00,.pyc:5
NASTRAN/REALASED_MODEL/MAIN/.venv_x56/lib/python3.12/site-packages/scipy/_lib,9,27,256,2843095,2026-07-27T22:35:57+00:00,.py:123; .pyc:123; .so:7; .pyi:2; [senza_estensione]:1
NASTRAN/REALASED_MODEL/MAIN/.venv_x56/lib/python3.12/site-packages/scipy/_lib/__pycache__,10,21,21,258766,2026-07-27T22:35:57+00:00,.pyc:21
NASTRAN/REALASED_MODEL/MAIN/.venv_x56/lib/python3.12/site-packages/scipy/_lib/_uarray,10,4,6,171455,2026-07-27T22:35:57+00:00,.py:2; .pyc:2; [senza_estensione]:1; .so:1
NASTRAN/REALASED_MODEL/MAIN/.venv_x56/lib/python3.12/site-packages/scipy/_lib/_uarray/__pycache__,11,2,2,29837,2026-07-27T22:35:57+00:00,.pyc:2
NASTRAN/REALASED_MODEL/MAIN/.venv_x56/lib/python3.12/site-packages/scipy/_lib/array_api_compat,10,2,64,411582,2026-07-27T22:35:57+00:00,.py:32; .pyc:32
NASTRAN/REALASED_MODEL/MAIN/.venv_x56/lib/python3.12/site-packages/scipy/_lib/array_api_compat/__pycache__,11,2,2,4506,2026-07-27T22:35:57+00:00,.pyc:2
NASTRAN/REALASED_MODEL/MAIN/.venv_x56/lib/python3.12/site-packages/scipy/_lib/array_api_compat/common,11,6,12,144520,2026-07-27T22:35:57+00:00,.py:6; .pyc:6
NASTRAN/REALASED_MODEL/MAIN/.venv_x56/lib/python3.12/site-packages/scipy/_lib/array_api_compat/common/__pycache__,12,6,6,76966,2026-07-27T22:35:57+00:00,.pyc:6
NASTRAN/REALASED_MODEL/MAIN/.venv_x56/lib/python3.12/site-packages/scipy/_lib/array_api_compat/cupy,11,6,12,44871,2026-07-27T22:35:57+00:00,.py:6; .pyc:6
NASTRAN/REALASED_MODEL/MAIN/.venv_x56/lib/python3.12/site-packages/scipy/_lib/array_api_compat/cupy/__pycache__,12,6,6,25944,2026-07-27T22:35:57+00:00,.pyc:6
NASTRAN/REALASED_MODEL/MAIN/.venv_x56/lib/python3.12/site-packages/scipy/_lib/array_api_compat/dask,11,1,12,58072,2026-07-27T22:35:57+00:00,.py:6; .pyc:6
NASTRAN/REALASED_MODEL/MAIN/.venv_x56/lib/python3.12/site-packages/scipy/_lib/array_api_compat/dask/__pycache__,12,1,1,229,2026-07-27T22:35:57+00:00,.pyc:1
NASTRAN/REALASED_MODEL/MAIN/.venv_x56/lib/python3.12/site-packages/scipy/_lib/array_api_compat/dask/array,12,5,10,57843,2026-07-27T22:35:57+00:00,.py:5; .pyc:5
NASTRAN/REALASED_MODEL/MAIN/.venv_x56/lib/python3.12/site-packages/scipy/_lib/array_api_compat/dask/array/__pycache__,13,5,5,32021,2026-07-27T22:35:57+00:00,.pyc:5
NASTRAN/REALASED_MODEL/MAIN/.venv_x56/lib/python3.12/site-packages/scipy/_lib/array_api_compat/numpy,11,6,12,50487,2026-07-27T22:35:57+00:00,.py:6; .pyc:6
NASTRAN/REALASED_MODEL/MAIN/.venv_x56/lib/python3.12/site-packages/scipy/_lib/array_api_compat/numpy/__pycache__,12,6,6,27731,2026-07-27T22:35:57+00:00,.pyc:6
NASTRAN/REALASED_MODEL/MAIN/.venv_x56/lib/python3.12/site-packages/scipy/_lib/array_api_compat/torch,11,6,12,106062,2026-07-27T22:35:57+00:00,.py:6; .pyc:6
NASTRAN/REALASED_MODEL/MAIN/.venv_x56/lib/python3.12/site-packages/scipy/_lib/array_api_compat/torch/__pycache__,12,6,6,56536,2026-07-27T22:35:57+00:00,.pyc:6
NASTRAN/REALASED_MODEL/MAIN/.venv_x56/lib/python3.12/site-packages/scipy/_lib/array_api_extra,10,3,28,296516,2026-07-27T22:35:57+00:00,.py:13; .pyc:13; .pyi:2
NASTRAN/REALASED_MODEL/MAIN/.venv_x56/lib/python3.12/site-packages/scipy/_lib/array_api_extra/__pycache__,11,3,3,53805,2026-07-27T22:35:57+00:00,.pyc:3
NASTRAN/REALASED_MODEL/MAIN/.venv_x56/lib/python3.12/site-packages/scipy/_lib/array_api_extra/_lib,11,6,22,193788,2026-07-27T22:35:57+00:00,.py:10; .pyc:10; .pyi:2
NASTRAN/REALASED_MODEL/MAIN/.venv_x56/lib/python3.12/site-packages/scipy/_lib/array_api_extra/_lib/__pycache__,12,6,6,75389,2026-07-27T22:35:57+00:00,.pyc:6
NASTRAN/REALASED_MODEL/MAIN/.venv_x56/lib/python3.12/site-packages/scipy/_lib/array_api_extra/_lib/_utils,12,6,10,53349,2026-07-27T22:35:57+00:00,.py:4; .pyc:4; .pyi:2
NASTRAN/REALASED_MODEL/MAIN/.venv_x56/lib/python3.12/site-packages/scipy/_lib/array_api_extra/_lib/_utils/__pycache__,13,4,4,25105,2026-07-27T22:35:57+00:00,.pyc:4
NASTRAN/REALASED_MODEL/MAIN/.venv_x56/lib/python3.12/site-packages/scipy/_lib/cobyqa,10,6,26,551685,2026-07-27T22:35:57+00:00,.py:13; .pyc:13
NASTRAN/REALASED_MODEL/MAIN/.venv_x56/lib/python3.12/site-packages/scipy/_lib/cobyqa/__pycache__,11,6,6,227286,2026-07-27T22:35:57+00:00,.pyc:6
NASTRAN/REALASED_MODEL/MAIN/.venv_x56/lib/python3.12/site-packages/scipy/_lib/cobyqa/subsolvers,11,3,6,121075,2026-07-27T22:35:57+00:00,.py:3; .pyc:3
NASTRAN/REALASED_MODEL/MAIN/.venv_x56/lib/python3.12/site-packages/scipy/_lib/cobyqa/subsolvers/__pycache__,12,3,3,61049,2026-07-27T22:35:57+00:00,.pyc:3
NASTRAN/REALASED_MODEL/MAIN/.venv_x56/lib/python3.12/site-packages/scipy/_lib/cobyqa/utils,11,4,8,11596,2026-07-27T22:35:57+00:00,.py:4; .pyc:4
NASTRAN/REALASED_MODEL/MAIN/.venv_x56/lib/python3.12/site-packages/scipy/_lib/cobyqa/utils/__pycache__,12,4,4,7678,2026-07-27T22:35:57+00:00,.pyc:4
NASTRAN/REALASED_MODEL/MAIN/.venv_x56/lib/python3.12/site-packages/scipy/_lib/pyprima,10,1,52,408153,2026-07-27T22:35:57+00:00,.py:26; .pyc:26
NASTRAN/REALASED_MODEL/MAIN/.venv_x56/lib/python3.12/site-packages/scipy/_lib/pyprima/__pycache__,11,1,1,7587,2026-07-27T22:35:57+00:00,.pyc:1
NASTRAN/REALASED_MODEL/MAIN/.venv_x56/lib/python3.12/site-packages/scipy/_lib/pyprima/cobyla,11,7,14,210107,2026-07-27T22:35:57+00:00,.py:7; .pyc:7
NASTRAN/REALASED_MODEL/MAIN/.venv_x56/lib/python3.12/site-packages/scipy/_lib/pyprima/cobyla/__pycache__,12,7,7,88061,2026-07-27T22:35:57+00:00,.pyc:7
NASTRAN/REALASED_MODEL/MAIN/.venv_x56/lib/python3.12/site-packages/scipy/_lib/pyprima/common,11,18,36,181998,2026-07-27T22:35:57+00:00,.py:18; .pyc:18
NASTRAN/REALASED_MODEL/MAIN/.venv_x56/lib/python3.12/site-packages/scipy/_lib/pyprima/common/__pycache__,12,18,18,96316,2026-07-27T22:35:57+00:00,.pyc:18
NASTRAN/REALASED_MODEL/MAIN/.venv_x56/lib/python3.12/site-packages/scipy/_lib/tests,10,16,32,225997,2026-07-27T22:35:57+00:00,.py:16; .pyc:16
NASTRAN/REALASED_MODEL/MAIN/.venv_x56/lib/python3.12/site-packages/scipy/_lib/tests/__pycache__,11,16,16,134859,2026-07-27T22:35:57+00:00,.pyc:16
NASTRAN/REALASED_MODEL/MAIN/.venv_x56/lib/python3.12/site-packages/scipy/cluster,9,6,19,1130160,2026-07-27T22:35:57+00:00,.py:8; .pyc:8; .so:3
NASTRAN/REALASED_MODEL/MAIN/.venv_x56/lib/python3.12/site-packages/scipy/cluster/__pycache__,10,3,3,196869,2026-07-27T22:35:57+00:00,.pyc:3
NASTRAN/REALASED_MODEL/MAIN/.venv_x56/lib/python3.12/site-packages/scipy/cluster/tests,10,5,10,199766,2026-07-27T22:35:57+00:00,.py:5; .pyc:5
NASTRAN/REALASED_MODEL/MAIN/.venv_x56/lib/python3.12/site-packages/scipy/cluster/tests/__pycache__,11,5,5,118908,2026-07-27T22:35:57+00:00,.pyc:5
NASTRAN/REALASED_MODEL/MAIN/.venv_x56/lib/python3.12/site-packages/scipy/constants,9,5,16,481982,2026-07-27T22:35:57+00:00,.py:8; .pyc:8
NASTRAN/REALASED_MODEL/MAIN/.venv_x56/lib/python3.12/site-packages/scipy/constants/__pycache__,10,5,5,232682,2026-07-27T22:35:57+00:00,.pyc:5
NASTRAN/REALASED_MODEL/MAIN/.venv_x56/lib/python3.12/site-packages/scipy/constants/tests,10,3,6,18477,2026-07-27T22:35:57+00:00,.py:3; .pyc:3
NASTRAN/REALASED_MODEL/MAIN/.venv_x56/lib/python3.12/site-packages/scipy/constants/tests/__pycache__,11,3,3,11376,2026-07-27T22:35:57+00:00,.pyc:3
NASTRAN/REALASED_MODEL/MAIN/.venv_x56/lib/python3.12/site-packages/scipy/datasets,9,5,14,44629,2026-07-27T22:35:57+00:00,.py:7; .pyc:7
NASTRAN/REALASED_MODEL/MAIN/.venv_x56/lib/python3.12/site-packages/scipy/datasets/__pycache__,10,5,5,17723,2026-07-27T22:35:57+00:00,.pyc:5
NASTRAN/REALASED_MODEL/MAIN/.venv_x56/lib/python3.12/site-packages/scipy/datasets/tests,10,2,4,10713,2026-07-27T22:35:57+00:00,.py:2; .pyc:2
NASTRAN/REALASED_MODEL/MAIN/.venv_x56/lib/python3.12/site-packages/scipy/datasets/tests/__pycache__,11,2,2,6500,2026-07-27T22:35:57+00:00,.pyc:2
NASTRAN/REALASED_MODEL/MAIN/.venv_x56/lib/python3.12/site-packages/scipy/differentiate,9,2,8,182799,2026-07-27T22:35:57+00:00,.py:4; .pyc:4
NASTRAN/REALASED_MODEL/MAIN/.venv_x56/lib/python3.12/site-packages/scipy/differentiate/__pycache__,10,2,2,51319,2026-07-27T22:35:57+00:00,.pyc:2
NASTRAN/REALASED_MODEL/MAIN/.venv_x56/lib/python3.12/site-packages/scipy/differentiate/tests,10,2,4,79401,2026-07-27T22:35:57+00:00,.py:2; .pyc:2
NASTRAN/REALASED_MODEL/MAIN/.venv_x56/lib/python3.12/site-packages/scipy/differentiate/tests/__pycache__,11,2,2,51677,2026-07-27T22:35:57+00:00,.pyc:2
NASTRAN/REALASED_MODEL/MAIN/.venv_x56/lib/python3.12/site-packages/scipy/fft,9,10,52,1875055,2026-07-27T22:35:57+00:00,.py:25; .pyc:25; .md:1; .so:1
NASTRAN/REALASED_MODEL/MAIN/.venv_x56/lib/python3.12/site-packages/scipy/fft/__pycache__,10,10,10,144500,2026-07-27T22:35:57+00:00,.pyc:10
NASTRAN/REALASED_MODEL/MAIN/.venv_x56/lib/python3.12/site-packages/scipy/fft/_pocketfft,10,6,16,1416760,2026-07-27T22:35:57+00:00,.py:7; .pyc:7; .md:1; .so:1
NASTRAN/REALASED_MODEL/MAIN/.venv_x56/lib/python3.12/site-packages/scipy/fft/_pocketfft/__pycache__,11,4,4,23809,2026-07-27T22:35:57+00:00,.pyc:4
NASTRAN/REALASED_MODEL/MAIN/.venv_x56/lib/python3.12/site-packages/scipy/fft/_pocketfft/tests,11,3,6,143525,2026-07-27T22:35:57+00:00,.py:3; .pyc:3
NASTRAN/REALASED_MODEL/MAIN/.venv_x56/lib/python3.12/site-packages/scipy/fft/_pocketfft/tests/__pycache__,12,3,3,91028,2026-07-27T22:35:57+00:00,.pyc:3
NASTRAN/REALASED_MODEL/MAIN/.venv_x56/lib/python3.12/site-packages/scipy/fft/tests,10,8,16,177322,2026-07-27T22:35:57+00:00,.py:8; .pyc:8
NASTRAN/REALASED_MODEL/MAIN/.venv_x56/lib/python3.12/site-packages/scipy/fft/tests/__pycache__,11,8,8,108556,2026-07-27T22:35:57+00:00,.pyc:8
NASTRAN/REALASED_MODEL/MAIN/.venv_x56/lib/python3.12/site-packages/scipy/fftpack,9,10,35,1008675,2026-07-27T22:35:57+00:00,.py:15; .pyc:15; .npz:4; .so:1
NASTRAN/REALASED_MODEL/MAIN/.venv_x56/lib/python3.12/site-packages/scipy/fftpack/__pycache__,10,9,9,64080,2026-07-27T22:35:57+00:00,.pyc:9
NASTRAN/REALASED_MODEL/MAIN/.venv_x56/lib/python3.12/site-packages/scipy/fftpack/tests,10,10,16,766594,2026-07-27T22:35:57+00:00,.py:6; .pyc:6; .npz:4
NASTRAN/REALASED_MODEL/MAIN/.venv_x56/lib/python3.12/site-packages/scipy/fftpack/tests/__pycache__,11,6,6,129794,2026-07-27T22:35:57+00:00,.pyc:6
NASTRAN/REALASED_MODEL/MAIN/.venv_x56/lib/python3.12/site-packages/scipy/integrate,9,21,88,3334256,2026-07-27T22:35:57+00:00,.py:41; .pyc:41; .so:5; [senza_estensione]:1
NASTRAN/REALASED_MODEL/MAIN/.venv_x56/lib/python3.12/site-packages/scipy/integrate/__pycache__,10,15,15,527207,2026-07-27T22:35:57+00:00,.pyc:15
NASTRAN/REALASED_MODEL/MAIN/.venv_x56/lib/python3.12/site-packages/scipy/integrate/_ivp,10,9,24,415744,2026-07-27T22:35:57+00:00,.py:12; .pyc:12
NASTRAN/REALASED_MODEL/MAIN/.venv_x56/lib/python3.12/site-packages/scipy/integrate/_ivp/__pycache__,11,9,9,162897,2026-07-27T22:35:57+00:00,.pyc:9
NASTRAN/REALASED_MODEL/MAIN/.venv_x56/lib/python3.12/site-packages/scipy/integrate/_ivp/tests,11,3,6,117117,2026-07-27T22:35:57+00:00,.py:3; .pyc:3
NASTRAN/REALASED_MODEL/MAIN/.venv_x56/lib/python3.12/site-packages/scipy/integrate/_ivp/tests/__pycache__,12,3,3,72830,2026-07-27T22:35:57+00:00,.pyc:3
NASTRAN/REALASED_MODEL/MAIN/.venv_x56/lib/python3.12/site-packages/scipy/integrate/_rules,10,5,10,75446,2026-07-27T22:35:57+00:00,.py:5; .pyc:5
NASTRAN/REALASED_MODEL/MAIN/.venv_x56/lib/python3.12/site-packages/scipy/integrate/_rules/__pycache__,11,5,5,39677,2026-07-27T22:35:57+00:00,.pyc:5
NASTRAN/REALASED_MODEL/MAIN/.venv_x56/lib/python3.12/site-packages/scipy/integrate/tests,10,9,18,531779,2026-07-27T22:35:57+00:00,.py:9; .pyc:9
NASTRAN/REALASED_MODEL/MAIN/.venv_x56/lib/python3.12/site-packages/scipy/integrate/tests/__pycache__,11,9,9,329279,2026-07-27T22:35:57+00:00,.pyc:9
NASTRAN/REALASED_MODEL/MAIN/.venv_x56/lib/python3.12/site-packages/scipy/interpolate,9,34,92,4067781,2026-07-27T22:35:58+00:00,.py:41; .pyc:41; .so:7; .npz:2; .npy:1
NASTRAN/REALASED_MODEL/MAIN/.venv_x56/lib/python3.12/site-packages/scipy/interpolate/__pycache__,10,27,27,677440,2026-07-27T22:35:57+00:00,.pyc:27
NASTRAN/REALASED_MODEL/MAIN/.venv_x56/lib/python3.12/site-packages/scipy/interpolate/tests,10,14,31,1361340,2026-07-27T22:35:58+00:00,.py:14; .pyc:14; .npz:2; .npy:1
NASTRAN/REALASED_MODEL/MAIN/.venv_x56/lib/python3.12/site-packages/scipy/interpolate/tests/__pycache__,11,14,14,819843,2026-07-27T22:35:58+00:00,.pyc:14
NASTRAN/REALASED_MODEL/MAIN/.venv_x56/lib/python3.12/site-packages/scipy/interpolate/tests/data,11,3,3,41466,2026-07-27T22:35:56+00:00,.npz:2; .npy:1
NASTRAN/REALASED_MODEL/MAIN/.venv_x56/lib/python3.12/site-packages/scipy/io,9,10,326,6313246,2026-07-27T22:35:58+00:00,.mat:110; .py:54; .pyc:54; .sav:47; .wav:22; .arff:16; .dat:14; .so:4; .nc:3; .txt:1; .ani:1
NASTRAN/REALASED_MODEL/MAIN/.venv_x56/lib/python3.12/site-packages/scipy/io/__pycache__,10,10,10,164222,2026-07-27T22:35:58+00:00,.pyc:10
NASTRAN/REALASED_MODEL/MAIN/.venv_x56/lib/python3.12/site-packages/scipy/io/_fast_matrix_market,10,2,3,4135224,2026-07-27T22:35:58+00:00,.py:1; .pyc:1; .so:1
NASTRAN/REALASED_MODEL/MAIN/.venv_x56/lib/python3.12/site-packages/scipy/io/_fast_matrix_market/__pycache__,11,1,1,19986,2026-07-27T22:35:58+00:00,.pyc:1
NASTRAN/REALASED_MODEL/MAIN/.venv_x56/lib/python3.12/site-packages/scipy/io/_harwell_boeing,10,3,12,82542,2026-07-27T22:35:58+00:00,.py:6; .pyc:6
NASTRAN/REALASED_MODEL/MAIN/.venv_x56/lib/python3.12/site-packages/scipy/io/_harwell_boeing/__pycache__,11,3,3,38871,2026-07-27T22:35:58+00:00,.pyc:3
NASTRAN/REALASED_MODEL/MAIN/.venv_x56/lib/python3.12/site-packages/scipy/io/_harwell_boeing/tests,11,3,6,15109,2026-07-27T22:35:58+00:00,.py:3; .pyc:3
NASTRAN/REALASED_MODEL/MAIN/.venv_x56/lib/python3.12/site-packages/scipy/io/_harwell_boeing/tests/__pycache__,12,3,3,10210,2026-07-27T22:35:58+00:00,.pyc:3
NASTRAN/REALASED_MODEL/MAIN/.venv_x56/lib/python3.12/site-packages/scipy/io/arff,10,3,26,306088,2026-07-27T22:35:58+00:00,.arff:16; .py:5; .pyc:5
NASTRAN/REALASED_MODEL/MAIN/.venv_x56/lib/python3.12/site-packages/scipy/io/arff/__pycache__,11,3,3,33948,2026-07-27T22:35:58+00:00,.pyc:3
NASTRAN/REALASED_MODEL/MAIN/.venv_x56/lib/python3.12/site-packages/scipy/io/arff/tests,11,2,20,244617,2026-07-27T22:35:58+00:00,.arff:16; .py:2; .pyc:2
NASTRAN/REALASED_MODEL/MAIN/.venv_x56/lib/python3.12/site-packages/scipy/io/arff/tests/__pycache__,12,2,2,21200,2026-07-27T22:35:58+00:00,.pyc:2
NASTRAN/REALASED_MODEL/MAIN/.venv_x56/lib/python3.12/site-packages/scipy/io/arff/tests/data,12,16,16,210323,2026-07-27T22:35:56+00:00,.arff:16
NASTRAN/REALASED_MODEL/MAIN/.venv_x56/lib/python3.12/site-packages/scipy/io/matlab,10,19,164,871732,2026-07-27T22:35:58+00:00,.mat:110; .py:25; .pyc:25; .so:3; .txt:1
NASTRAN/REALASED_MODEL/MAIN/.venv_x56/lib/python3.12/site-packages/scipy/io/matlab/__pycache__,11,16,16,115882,2026-07-27T22:35:58+00:00,.pyc:16
NASTRAN/REALASED_MODEL/MAIN/.venv_x56/lib/python3.12/site-packages/scipy/io/matlab/tests,11,9,129,234722,2026-07-27T22:35:58+00:00,.mat:110; .py:9; .pyc:9; .txt:1
NASTRAN/REALASED_MODEL/MAIN/.venv_x56/lib/python3.12/site-packages/scipy/io/matlab/tests/__pycache__,12,9,9,97746,2026-07-27T22:35:58+00:00,.pyc:9
NASTRAN/REALASED_MODEL/MAIN/.venv_x56/lib/python3.12/site-packages/scipy/io/matlab/tests/data,12,111,111,70423,2026-07-27T22:35:56+00:00,.mat:110; .txt:1
NASTRAN/REALASED_MODEL/MAIN/.venv_x56/lib/python3.12/site-packages/scipy/io/tests,10,7,101,608226,2026-07-27T22:35:58+00:00,.sav:47; .wav:22; .dat:14; .py:7; .pyc:7; .nc:3; .ani:1
NASTRAN/REALASED_MODEL/MAIN/.venv_x56/lib/python3.12/site-packages/scipy/io/tests/__pycache__,11,7,7,171537,2026-07-27T22:35:58+00:00,.pyc:7
NASTRAN/REALASED_MODEL/MAIN/.venv_x56/lib/python3.12/site-packages/scipy/io/tests/data,11,87,87,333766,2026-07-27T22:35:56+00:00,.sav:47; .wav:22; .dat:14; .nc:3; .ani:1
NASTRAN/REALASED_MODEL/MAIN/.venv_x56/lib/python3.12/site-packages/scipy/linalg,9,60,153,11783191,2026-07-27T22:35:58+00:00,.py:60; .pyc:60; .so:14; .npz:6; .pxd:4; .pyi:3; .pyx:3; .h:2; .build:1
NASTRAN/REALASED_MODEL/MAIN/.venv_x56/lib/python3.12/site-packages/scipy/linalg/__pycache__,10,35,35,571022,2026-07-27T22:35:58+00:00,.pyc:35
NASTRAN/REALASED_MODEL/MAIN/.venv_x56/lib/python3.12/site-packages/scipy/linalg/tests,10,25,58,2056112,2026-07-27T22:35:58+00:00,.py:25; .pyc:25; .npz:6; .pyx:1; .build:1
NASTRAN/REALASED_MODEL/MAIN/.venv_x56/lib/python3.12/site-packages/scipy/linalg/tests/__pycache__,11,25,25,1068950,2026-07-27T22:35:58+00:00,.pyc:25
NASTRAN/REALASED_MODEL/MAIN/.venv_x56/lib/python3.12/site-packages/scipy/linalg/tests/_cython_examples,11,2,2,1733,2026-07-27T22:35:56+00:00,.pyx:1; .build:1
NASTRAN/REALASED_MODEL/MAIN/.venv_x56/lib/python3.12/site-packages/scipy/linalg/tests/data,11,6,6,279272,2026-07-27T22:35:56+00:00,.npz:6
NASTRAN/REALASED_MODEL/MAIN/.venv_x56/lib/python3.12/site-packages/scipy/misc,9,3,6,1614,2026-07-27T22:35:58+00:00,.py:3; .pyc:3
NASTRAN/REALASED_MODEL/MAIN/.venv_x56/lib/python3.12/site-packages/scipy/misc/__pycache__,10,3,3,1195,2026-07-27T22:35:58+00:00,.pyc:3
NASTRAN/REALASED_MODEL/MAIN/.venv_x56/lib/python3.12/site-packages/scipy/ndimage,9,21,61,2171383,2026-07-27T22:35:58+00:00,.py:26; .pyc:26; .so:5; .txt:3; .png:1
NASTRAN/REALASED_MODEL/MAIN/.venv_x56/lib/python3.12/site-packages/scipy/ndimage/__pycache__,10,16,16,348624,2026-07-27T22:35:58+00:00,.pyc:16
NASTRAN/REALASED_MODEL/MAIN/.venv_x56/lib/python3.12/site-packages/scipy/ndimage/tests,10,11,24,945974,2026-07-27T22:35:58+00:00,.py:10; .pyc:10; .txt:3; .png:1
NASTRAN/REALASED_MODEL/MAIN/.venv_x56/lib/python3.12/site-packages/scipy/ndimage/tests/__pycache__,11,10,10,522568,2026-07-27T22:35:58+00:00,.pyc:10
NASTRAN/REALASED_MODEL/MAIN/.venv_x56/lib/python3.12/site-packages/scipy/ndimage/tests/data,11,3,3,4855,2026-07-27T22:35:56+00:00,.txt:3
NASTRAN/REALASED_MODEL/MAIN/.venv_x56/lib/python3.12/site-packages/scipy/odr,9,7,17,823285,2026-07-27T22:35:58+00:00,.py:8; .pyc:8; .so:1
NASTRAN/REALASED_MODEL/MAIN/.venv_x56/lib/python3.12/site-packages/scipy/odr/__pycache__,10,6,6,75001,2026-07-27T22:35:58+00:00,.pyc:6
NASTRAN/REALASED_MODEL/MAIN/.venv_x56/lib/python3.12/site-packages/scipy/odr/tests,10,2,4,55292,2026-07-27T22:35:58+00:00,.py:2; .pyc:2
NASTRAN/REALASED_MODEL/MAIN/.venv_x56/lib/python3.12/site-packages/scipy/odr/tests/__pycache__,11,2,2,32814,2026-07-27T22:35:58+00:00,.pyc:2
NASTRAN/REALASED_MODEL/MAIN/.venv_x56/lib/python3.12/site-packages/scipy/optimize,9,70,283,15361943,2026-07-27T22:35:59+00:00,.py:131; .pyc:131; .so:15; .pxd:4; .pyx:1; .build:1
NASTRAN/REALASED_MODEL/MAIN/.venv_x56/lib/python3.12/site-packages/scipy/optimize/__pycache__,10,58,58,1475443,2026-07-27T22:35:59+00:00,.pyc:58
NASTRAN/REALASED_MODEL/MAIN/.venv_x56/lib/python3.12/site-packages/scipy/optimize/_highspy,10,4,6,7166728,2026-07-27T22:35:58+00:00,.py:2; .pyc:2; .so:2
NASTRAN/REALASED_MODEL/MAIN/.venv_x56/lib/python3.12/site-packages/scipy/optimize/_highspy/__pycache__,11,2,2,11866,2026-07-27T22:35:58+00:00,.pyc:2
NASTRAN/REALASED_MODEL/MAIN/.venv_x56/lib/python3.12/site-packages/scipy/optimize/_lsq,10,9,17,323809,2026-07-27T22:35:58+00:00,.py:8; .pyc:8; .so:1
NASTRAN/REALASED_MODEL/MAIN/.venv_x56/lib/python3.12/site-packages/scipy/optimize/_lsq/__pycache__,11,8,8,135258,2026-07-27T22:35:58+00:00,.pyc:8
NASTRAN/REALASED_MODEL/MAIN/.venv_x56/lib/python3.12/site-packages/scipy/optimize/_shgo_lib,10,3,6,132524,2026-07-27T22:35:58+00:00,.py:3; .pyc:3
NASTRAN/REALASED_MODEL/MAIN/.venv_x56/lib/python3.12/site-packages/scipy/optimize/_shgo_lib/__pycache__,11,3,3,68265,2026-07-27T22:35:58+00:00,.pyc:3
NASTRAN/REALASED_MODEL/MAIN/.venv_x56/lib/python3.12/site-packages/scipy/optimize/_trlib,10,2,3,222017,2026-07-27T22:35:58+00:00,.py:1; .pyc:1; .so:1
NASTRAN/REALASED_MODEL/MAIN/.venv_x56/lib/python3.12/site-packages/scipy/optimize/_trlib/__pycache__,11,1,1,812,2026-07-27T22:35:58+00:00,.pyc:1
NASTRAN/REALASED_MODEL/MAIN/.venv_x56/lib/python3.12/site-packages/scipy/optimize/_trustregion_constr,10,8,28,319735,2026-07-27T22:35:58+00:00,.py:14; .pyc:14
NASTRAN/REALASED_MODEL/MAIN/.venv_x56/lib/python3.12/site-packages/scipy/optimize/_trustregion_constr/__pycache__,11,8,8,111230,2026-07-27T22:35:58+00:00,.pyc:8
NASTRAN/REALASED_MODEL/MAIN/.venv_x56/lib/python3.12/site-packages/scipy/optimize/_trustregion_constr/tests,11,6,12,107748,2026-07-27T22:35:58+00:00,.py:6; .pyc:6
NASTRAN/REALASED_MODEL/MAIN/.venv_x56/lib/python3.12/site-packages/scipy/optimize/_trustregion_constr/tests/__pycache__,12,6,6,59048,2026-07-27T22:35:58+00:00,.pyc:6
NASTRAN/REALASED_MODEL/MAIN/.venv_x56/lib/python3.12/site-packages/scipy/optimize/cython_optimize,10,4,5,117588,2026-07-27T22:35:58+00:00,.pxd:2; .py:1; .pyc:1; .so:1
NASTRAN/REALASED_MODEL/MAIN/.venv_x56/lib/python3.12/site-packages/scipy/optimize/cython_optimize/__pycache__,11,1,1,5128,2026-07-27T22:35:58+00:00,.pyc:1
NASTRAN/REALASED_MODEL/MAIN/.venv_x56/lib/python3.12/site-packages/scipy/optimize/tests,10,44,90,2461698,2026-07-27T22:35:59+00:00,.py:44; .pyc:44; .pyx:1; .build:1
NASTRAN/REALASED_MODEL/MAIN/.venv_x56/lib/python3.12/site-packages/scipy/optimize/tests/__pycache__,11,44,44,1461893,2026-07-27T22:35:59+00:00,.pyc:44
NASTRAN/REALASED_MODEL/MAIN/.venv_x56/lib/python3.12/site-packages/scipy/optimize/tests/_cython_examples,11,2,2,2017,2026-07-27T22:35:56+00:00,.pyx:1; .build:1
NASTRAN/REALASED_MODEL/MAIN/.venv_x56/lib/python3.12/site-packages/scipy/signal,9,38,121,5084699,2026-07-27T22:35:59+00:00,.py:57; .pyc:57; .so:6; .pyi:1
NASTRAN/REALASED_MODEL/MAIN/.venv_x56/lib/python3.12/site-packages/scipy/signal/__pycache__,10,31,31,1122749,2026-07-27T22:35:59+00:00,.pyc:31
NASTRAN/REALASED_MODEL/MAIN/.venv_x56/lib/python3.12/site-packages/scipy/signal/tests,10,23,46,2052223,2026-07-27T22:35:59+00:00,.py:23; .pyc:23
NASTRAN/REALASED_MODEL/MAIN/.venv_x56/lib/python3.12/site-packages/scipy/signal/tests/__pycache__,11,23,23,1173105,2026-07-27T22:35:59+00:00,.pyc:23
NASTRAN/REALASED_MODEL/MAIN/.venv_x56/lib/python3.12/site-packages/scipy/signal/windows,10,3,6,204727,2026-07-27T22:35:59+00:00,.py:3; .pyc:3
NASTRAN/REALASED_MODEL/MAIN/.venv_x56/lib/python3.12/site-packages/scipy/signal/windows/__pycache__,11,3,3,106729,2026-07-27T22:35:59+00:00,.pyc:3
NASTRAN/REALASED_MODEL/MAIN/.venv_x56/lib/python3.12/site-packages/scipy/sparse,9,35,263,13501848,2026-07-27T22:35:59+00:00,.py:124; .pyc:124; .so:12; .npz:3
NASTRAN/REALASED_MODEL/MAIN/.venv_x56/lib/python3.12/site-packages/scipy/sparse/__pycache__,10,33,33,604309,2026-07-27T22:35:59+00:00,.pyc:33
NASTRAN/REALASED_MODEL/MAIN/.venv_x56/lib/python3.12/site-packages/scipy/sparse/csgraph,10,10,35,1862902,2026-07-27T22:35:59+00:00,.py:14; .pyc:14; .so:7
NASTRAN/REALASED_MODEL/MAIN/.venv_x56/lib/python3.12/site-packages/scipy/sparse/csgraph/__pycache__,11,3,3,31991,2026-07-27T22:35:59+00:00,.pyc:3
NASTRAN/REALASED_MODEL/MAIN/.venv_x56/lib/python3.12/site-packages/scipy/sparse/csgraph/tests,11,11,22,171599,2026-07-27T22:35:59+00:00,.py:11; .pyc:11
NASTRAN/REALASED_MODEL/MAIN/.venv_x56/lib/python3.12/site-packages/scipy/sparse/csgraph/tests/__pycache__,12,11,11,100104,2026-07-27T22:35:59+00:00,.pyc:11
NASTRAN/REALASED_MODEL/MAIN/.venv_x56/lib/python3.12/site-packages/scipy/sparse/linalg,10,15,122,4354097,2026-07-27T22:35:59+00:00,.py:59; .pyc:59; .so:3; .npz:1
NASTRAN/REALASED_MODEL/MAIN/.venv_x56/lib/python3.12/site-packages/scipy/sparse/linalg/__pycache__,11,14,14,219558,2026-07-27T22:35:59+00:00,.pyc:14
NASTRAN/REALASED_MODEL/MAIN/.venv_x56/lib/python3.12/site-packages/scipy/sparse/linalg/_dsolve,11,4,11,1012434,2026-07-27T22:35:59+00:00,.py:5; .pyc:5; .so:1
NASTRAN/REALASED_MODEL/MAIN/.venv_x56/lib/python3.12/site-packages/scipy/sparse/linalg/_dsolve/__pycache__,12,3,3,43313,2026-07-27T22:35:59+00:00,.pyc:3
NASTRAN/REALASED_MODEL/MAIN/.venv_x56/lib/python3.12/site-packages/scipy/sparse/linalg/_dsolve/tests,12,2,4,96282,2026-07-27T22:35:59+00:00,.py:2; .pyc:2
NASTRAN/REALASED_MODEL/MAIN/.venv_x56/lib/python3.12/site-packages/scipy/sparse/linalg/_dsolve/tests/__pycache__,13,2,2,61638,2026-07-27T22:35:59+00:00,.pyc:2
NASTRAN/REALASED_MODEL/MAIN/.venv_x56/lib/python3.12/site-packages/scipy/sparse/linalg/_eigen,11,3,27,1126664,2026-07-27T22:35:59+00:00,.py:13; .pyc:13; .so:1
NASTRAN/REALASED_MODEL/MAIN/.venv_x56/lib/python3.12/site-packages/scipy/sparse/linalg/_eigen/__pycache__,12,3,3,36855,2026-07-27T22:35:59+00:00,.pyc:3
NASTRAN/REALASED_MODEL/MAIN/.venv_x56/lib/python3.12/site-packages/scipy/sparse/linalg/_eigen/arpack,12,3,9,810600,2026-07-27T22:35:59+00:00,.py:4; .pyc:4; .so:1
NASTRAN/REALASED_MODEL/MAIN/.venv_x56/lib/python3.12/site-packages/scipy/sparse/linalg/_eigen/arpack/__pycache__,13,2,2,71361,2026-07-27T22:35:59+00:00,.pyc:2
NASTRAN/REALASED_MODEL/MAIN/.venv_x56/lib/python3.12/site-packages/scipy/sparse/linalg/_eigen/arpack/tests,13,2,4,59254,2026-07-27T22:35:59+00:00,.py:2; .pyc:2
NASTRAN/REALASED_MODEL/MAIN/.venv_x56/lib/python3.12/site-packages/scipy/sparse/linalg/_eigen/arpack/tests/__pycache__,14,2,2,34588,2026-07-27T22:35:59+00:00,.pyc:2
NASTRAN/REALASED_MODEL/MAIN/.venv_x56/lib/python3.12/site-packages/scipy/sparse/linalg/_eigen/lobpcg,12,2,8,153019,2026-07-27T22:35:59+00:00,.py:4; .pyc:4
NASTRAN/REALASED_MODEL/MAIN/.venv_x56/lib/python3.12/site-packages/scipy/sparse/linalg/_eigen/lobpcg/__pycache__,13,2,2,40009,2026-07-27T22:35:59+00:00,.pyc:2
NASTRAN/REALASED_MODEL/MAIN/.venv_x56/lib/python3.12/site-packages/scipy/sparse/linalg/_eigen/lobpcg/tests,13,2,4,70653,2026-07-27T22:35:59+00:00,.py:2; .pyc:2
NASTRAN/REALASED_MODEL/MAIN/.venv_x56/lib/python3.12/site-packages/scipy/sparse/linalg/_eigen/lobpcg/tests/__pycache__,14,2,2,43106,2026-07-27T22:35:59+00:00,.pyc:2
NASTRAN/REALASED_MODEL/MAIN/.venv_x56/lib/python3.12/site-packages/scipy/sparse/linalg/_eigen/tests,12,2,4,90524,2026-07-27T22:35:59+00:00,.py:2; .pyc:2
NASTRAN/REALASED_MODEL/MAIN/.venv_x56/lib/python3.12/site-packages/scipy/sparse/linalg/_eigen/tests/__pycache__,13,2,2,53908,2026-07-27T22:35:59+00:00,.pyc:2
NASTRAN/REALASED_MODEL/MAIN/.venv_x56/lib/python3.12/site-packages/scipy/sparse/linalg/_isolve,11,9,34,376469,2026-07-27T22:35:59+00:00,.py:17; .pyc:17
NASTRAN/REALASED_MODEL/MAIN/.venv_x56/lib/python3.12/site-packages/scipy/sparse/linalg/_isolve/__pycache__,12,9,9,120292,2026-07-27T22:35:59+00:00,.pyc:9
NASTRAN/REALASED_MODEL/MAIN/.venv_x56/lib/python3.12/site-packages/scipy/sparse/linalg/_isolve/tests,12,8,16,140524,2026-07-27T22:35:59+00:00,.py:8; .pyc:8
NASTRAN/REALASED_MODEL/MAIN/.venv_x56/lib/python3.12/site-packages/scipy/sparse/linalg/_isolve/tests/__pycache__,13,8,8,87675,2026-07-27T22:35:59+00:00,.pyc:8
NASTRAN/REALASED_MODEL/MAIN/.venv_x56/lib/python3.12/site-packages/scipy/sparse/linalg/tests,11,11,21,895222,2026-07-27T22:35:59+00:00,.py:10; .pyc:10; .npz:1
NASTRAN/REALASED_MODEL/MAIN/.venv_x56/lib/python3.12/site-packages/scipy/sparse/linalg/tests/__pycache__,12,10,10,185839,2026-07-27T22:35:59+00:00,.pyc:10
NASTRAN/REALASED_MODEL/MAIN/.venv_x56/lib/python3.12/site-packages/scipy/sparse/tests,10,18,38,1222292,2026-07-27T22:35:59+00:00,.py:18; .pyc:18; .npz:2
NASTRAN/REALASED_MODEL/MAIN/.venv_x56/lib/python3.12/site-packages/scipy/sparse/tests/__pycache__,11,18,18,762483,2026-07-27T22:35:59+00:00,.pyc:18
NASTRAN/REALASED_MODEL/MAIN/.venv_x56/lib/python3.12/site-packages/scipy/sparse/tests/data,11,2,2,1697,2026-07-27T22:35:56+00:00,.npz:2
NASTRAN/REALASED_MODEL/MAIN/.venv_x56/lib/python3.12/site-packages/scipy/spatial,9,19,107,7325426,2026-07-27T22:35:59+00:00,.py:32; .pyc:32; .txt:31; .so:8; .pyi:3; .npz:1
NASTRAN/REALASED_MODEL/MAIN/.venv_x56/lib/python3.12/site-packages/scipy/spatial/__pycache__,10,10,10,186970,2026-07-27T22:35:59+00:00,.pyc:10
NASTRAN/REALASED_MODEL/MAIN/.venv_x56/lib/python3.12/site-packages/scipy/spatial/qhull_src,10,1,1,1720,2026-07-27T22:35:56+00:00,.txt:1
NASTRAN/REALASED_MODEL/MAIN/.venv_x56/lib/python3.12/site-packages/scipy/spatial/tests,10,9,49,2489247,2026-07-27T22:35:59+00:00,.txt:30; .py:9; .pyc:9; .npz:1
NASTRAN/REALASED_MODEL/MAIN/.venv_x56/lib/python3.12/site-packages/scipy/spatial/tests/__pycache__,11,9,9,363471,2026-07-27T22:35:59+00:00,.pyc:9
NASTRAN/REALASED_MODEL/MAIN/.venv_x56/lib/python3.12/site-packages/scipy/spatial/tests/data,11,31,31,1891629,2026-07-27T22:35:56+00:00,.txt:30; .npz:1
NASTRAN/REALASED_MODEL/MAIN/.venv_x56/lib/python3.12/site-packages/scipy/spatial/transform,10,10,28,1872132,2026-07-27T22:35:59+00:00,.py:13; .pyc:13; .so:2
NASTRAN/REALASED_MODEL/MAIN/.venv_x56/lib/python3.12/site-packages/scipy/spatial/transform/__pycache__,11,8,8,290676,2026-07-27T22:35:59+00:00,.pyc:8
NASTRAN/REALASED_MODEL/MAIN/.venv_x56/lib/python3.12/site-packages/scipy/spatial/transform/tests,11,5,10,506526,2026-07-27T22:35:59+00:00,.py:5; .pyc:5
NASTRAN/REALASED_MODEL/MAIN/.venv_x56/lib/python3.12/site-packages/scipy/spatial/transform/tests/__pycache__,12,5,5,320502,2026-07-27T22:35:59+00:00,.pyc:5
NASTRAN/REALASED_MODEL/MAIN/.venv_x56/lib/python3.12/site-packages/scipy/special,9,41,213,14308253,2026-07-27T22:36:00+00:00,.py:94; .pyc:94; .so:9; .pyi:4; .pxd:3; .pyx:3; .npz:3; .h:2; .build:1
NASTRAN/REALASED_MODEL/MAIN/.venv_x56/lib/python3.12/site-packages/scipy/special/__pycache__,10,21,21,615839,2026-07-27T22:36:00+00:00,.pyc:21
NASTRAN/REALASED_MODEL/MAIN/.venv_x56/lib/python3.12/site-packages/scipy/special/_precompute,10,14,28,132715,2026-07-27T22:36:00+00:00,.py:14; .pyc:14
NASTRAN/REALASED_MODEL/MAIN/.venv_x56/lib/python3.12/site-packages/scipy/special/_precompute/__pycache__,11,14,14,82183,2026-07-27T22:36:00+00:00,.pyc:14
NASTRAN/REALASED_MODEL/MAIN/.venv_x56/lib/python3.12/site-packages/scipy/special/tests,10,58,123,3369660,2026-07-27T22:36:00+00:00,.py:59; .pyc:59; .npz:3; .pyx:1; .build:1
NASTRAN/REALASED_MODEL/MAIN/.venv_x56/lib/python3.12/site-packages/scipy/special/tests/__pycache__,11,58,58,1092830,2026-07-27T22:36:00+00:00,.pyc:58
NASTRAN/REALASED_MODEL/MAIN/.venv_x56/lib/python3.12/site-packages/scipy/special/tests/_cython_examples,11,2,2,1102,2026-07-27T22:35:56+00:00,.pyx:1; .build:1
NASTRAN/REALASED_MODEL/MAIN/.venv_x56/lib/python3.12/site-packages/scipy/special/tests/data,11,4,5,1525735,2026-07-27T22:36:00+00:00,.npz:3; .py:1; .pyc:1
NASTRAN/REALASED_MODEL/MAIN/.venv_x56/lib/python3.12/site-packages/scipy/special/tests/data/__pycache__,12,1,1,221,2026-07-27T22:36:00+00:00,.pyc:1
NASTRAN/REALASED_MODEL/MAIN/.venv_x56/lib/python3.12/site-packages/scipy/stats,9,73,248,17430241,2026-07-27T22:36:01+00:00,.py:107; .pyc:107; .dat:12; .so:10; .npy:5; .pyi:3; .pxd:2; .npz:1; .json:1
NASTRAN/REALASED_MODEL/MAIN/.venv_x56/lib/python3.12/site-packages/scipy/stats/__pycache__,10,61,61,3421842,2026-07-27T22:36:00+00:00,.pyc:61
NASTRAN/REALASED_MODEL/MAIN/.venv_x56/lib/python3.12/site-packages/scipy/stats/_levy_stable,10,2,3,155253,2026-07-27T22:36:00+00:00,.py:1; .pyc:1; .so:1
NASTRAN/REALASED_MODEL/MAIN/.venv_x56/lib/python3.12/site-packages/scipy/stats/_levy_stable/__pycache__,11,1,1,51587,2026-07-27T22:36:00+00:00,.pyc:1
NASTRAN/REALASED_MODEL/MAIN/.venv_x56/lib/python3.12/site-packages/scipy/stats/_rcont,10,2,3,108064,2026-07-27T22:36:00+00:00,.py:1; .pyc:1; .so:1
NASTRAN/REALASED_MODEL/MAIN/.venv_x56/lib/python3.12/site-packages/scipy/stats/_rcont/__pycache__,11,1,1,316,2026-07-27T22:36:00+00:00,.pyc:1
NASTRAN/REALASED_MODEL/MAIN/.venv_x56/lib/python3.12/site-packages/scipy/stats/_unuran,10,3,4,1327207,2026-07-27T22:36:00+00:00,.py:1; .pyc:1; .so:1; .pyi:1
NASTRAN/REALASED_MODEL/MAIN/.venv_x56/lib/python3.12/site-packages/scipy/stats/_unuran/__pycache__,11,1,1,216,2026-07-27T22:36:00+00:00,.pyc:1
NASTRAN/REALASED_MODEL/MAIN/.venv_x56/lib/python3.12/site-packages/scipy/stats/tests,10,41,104,7452739,2026-07-27T22:36:01+00:00,.py:43; .pyc:43; .dat:12; .npy:5; .json:1
NASTRAN/REALASED_MODEL/MAIN/.venv_x56/lib/python3.12/site-packages/scipy/stats/tests/__pycache__,11,41,41,3045399,2026-07-27T22:36:01+00:00,.pyc:41
NASTRAN/REALASED_MODEL/MAIN/.venv_x56/lib/python3.12/site-packages/scipy/stats/tests/data,11,5,22,2243658,2026-07-27T22:36:00+00:00,.dat:12; .npy:5; .pyc:2; .py:2; .json:1
NASTRAN/REALASED_MODEL/MAIN/.venv_x56/lib/python3.12/site-packages/scipy/stats/tests/data/__pycache__,12,2,2,20489,2026-07-27T22:36:00+00:00,.pyc:2
NASTRAN/REALASED_MODEL/MAIN/.venv_x56/lib/python3.12/site-packages/scipy/stats/tests/data/levy_stable,12,3,3,376744,2026-07-27T22:35:57+00:00,.npy:3
NASTRAN/REALASED_MODEL/MAIN/.venv_x56/lib/python3.12/site-packages/scipy/stats/tests/data/nist_anova,12,11,11,1737653,2026-07-27T22:35:57+00:00,.dat:11
NASTRAN/REALASED_MODEL/MAIN/.venv_x56/lib/python3.12/site-packages/scipy/stats/tests/data/nist_linregress,12,1,1,2591,2026-07-27T22:35:57+00:00,.dat:1
NASTRAN/REALASED_MODEL/MAIN/.venv_x56/lib/python3.12/site-packages/scipy-1.17.1.dist-info,8,5,5,307284,2026-07-27T22:36:01+00:00,[senza_estensione]:4; .txt:1
NASTRAN/REALASED_MODEL/MAIN/.venv_x56/lib/python3.12/site-packages/scipy.libs,8,5,5,30877053,2026-07-27T22:35:57+00:00,.0:4; .so:1
NASTRAN/REALASED_MODEL/MAIN/.venv_x56/lib/python3.12/site-packages/six-1.17.0.dist-info,8,6,6,3402,2026-07-27T22:35:52+00:00,[senza_estensione]:5; .txt:1
NASTRAN/REALASED_MODEL/MAIN/.venv_x56/share,5,0,1,5377,2026-07-27T22:35:55+00:00,.1:1
NASTRAN/REALASED_MODEL/MAIN/.venv_x56/share/man,6,0,1,5377,2026-07-27T22:35:55+00:00,.1:1
NASTRAN/REALASED_MODEL/MAIN/.venv_x56/share/man/man1,7,1,1,5377,2026-07-27T22:35:55+00:00,.1:1
NASTRAN/REALASED_MODEL/MAIN/__pycache__,4,2,2,39689,2026-07-28T12:07:06+00:00,.pyc:2
NASTRAN/REALASED_MODEL/MAIN/modal_plots_10lb,4,10,10,3386500,2026-07-27T17:55:16+00:00,.png:10
NASTRAN/REALASED_MODEL/TRIM,3,7,7,4284443,2026-05-26T14:15:03+00:00,.dat:2; .bdf:1; .f04:1; .f06:1; .log:1; .op2:1
NASTRAN/SOL101,2,0,91,11327670,2026-05-25T13:49:57+00:00,.dat:86; .op2:1; .bdf:1; .f04:1; .f06:1; .log:1
NASTRAN/SOL101/BULK,3,85,85,5550328,2026-05-16T13:18:26+00:00,.dat:85
NASTRAN/SOL101/MAIN,3,6,6,5777342,2026-05-25T13:49:57+00:00,.dat:1; .op2:1; .bdf:1; .f04:1; .f06:1; .log:1
NASTRAN_SIMULATIONS,1,1,643,477071950,2026-08-31T23:03:13+00:00,.dat:255; .log:112; .mbd:56; .nc:54; .out:54; .png:32; .pdf:21; .pyc:12; .py:12; .csv:9; .bdf:7; .sh:4
NASTRAN_SIMULATIONS/01_SOL103_60_MODES,2,2,100,77119373,2026-08-05T23:07:57+00:00,.dat:85; .bdf:2; .sh:2; .nas:1; .mat:1; .fem:1; .f04:1; .f06:1; .log:1; .op2:1; .pyc:1; .py:1
NASTRAN_SIMULATIONS/01_SOL103_60_MODES/BULK,3,85,85,1336179,2026-05-07T15:37:31+00:00,.dat:85
NASTRAN_SIMULATIONS/01_SOL103_60_MODES/MAIN,3,10,10,75547925,2026-08-05T17:01:33+00:00,.bdf:2; .nas:1; .mat:1; .fem:1; .sh:1; .f04:1; .f06:1; .log:1; .op2:1
NASTRAN_SIMULATIONS/01_SOL103_60_MODES/__pycache__,3,1,1,6931,2026-08-05T23:07:56+00:00,.pyc:1
NASTRAN_SIMULATIONS/01_SOL103_60_MODES/results,3,2,2,223522,2026-08-05T23:07:57+00:00,.csv:1; .png:1
NASTRAN_SIMULATIONS/02_COUPMASS_STUDY,2,2,103,5452199,2026-08-06T10:45:28+00:00,.dat:85; .bdf:3; .f06:2; .log:2; .op2:2; .pyc:2; .py:2; .png:2; .sh:1; .pdf:1; .csv:1
NASTRAN_SIMULATIONS/02_COUPMASS_STUDY/BULK,3,85,85,1336179,2026-05-07T15:37:31+00:00,.dat:85
NASTRAN_SIMULATIONS/02_COUPMASS_STUDY/MAIN,3,10,10,3335692,2026-08-05T16:40:24+00:00,.bdf:3; .f06:2; .log:2; .op2:2; .sh:1
NASTRAN_SIMULATIONS/02_COUPMASS_STUDY/__pycache__,3,2,2,21405,2026-08-06T10:45:26+00:00,.pyc:2
NASTRAN_SIMULATIONS/02_COUPMASS_STUDY/results,3,4,4,744185,2026-08-06T10:45:28+00:00,.png:2; .pdf:1; .csv:1
NASTRAN_SIMULATIONS/03_GRAVITY_5G,2,4,439,394488690,2026-08-31T23:03:13+00:00,.log:109; .dat:85; .mbd:56; .nc:54; .out:54; .png:29; .pdf:20; .pyc:9; .py:9; .csv:7; .bdf:2; .fem:1
NASTRAN_SIMULATIONS/03_GRAVITY_5G/__pycache__,3,4,4,66037,2026-08-06T09:31:32+00:00,.pyc:4
NASTRAN_SIMULATIONS/03_GRAVITY_5G/cumulative_spanwise_error,3,1,17,3532583,2026-08-06T07:38:30+00:00,.pdf:7; .png:7; .pyc:1; .py:1; .csv:1
NASTRAN_SIMULATIONS/03_GRAVITY_5G/cumulative_spanwise_error/__pycache__,4,1,1,10725,2026-08-06T07:38:21+00:00,.pyc:1
NASTRAN_SIMULATIONS/03_GRAVITY_5G/cumulative_spanwise_error/plots,4,15,15,3513597,2026-08-06T07:38:30+00:00,.pdf:7; .png:7; .csv:1
NASTRAN_SIMULATIONS/03_GRAVITY_5G/local_spanwise_error,3,1,17,5336043,2026-08-06T07:47:05+00:00,.pdf:7; .png:7; .pyc:1; .py:1; .csv:1
NASTRAN_SIMULATIONS/03_GRAVITY_5G/local_spanwise_error/__pycache__,4,1,1,11548,2026-08-06T07:46:56+00:00,.pyc:1
NASTRAN_SIMULATIONS/03_GRAVITY_5G/local_spanwise_error/plots,4,15,15,5314829,2026-08-06T07:47:05+00:00,.pdf:7; .png:7; .csv:1
NASTRAN_SIMULATIONS/03_GRAVITY_5G/mbdyn,3,5,278,374395661,2026-08-31T23:03:13+00:00,.log:108; .mbd:56; .nc:54; .out:54; .pyc:2; .py:2; .fem:1; .bylog:1
NASTRAN_SIMULATIONS/03_GRAVITY_5G/mbdyn/__pycache__,4,2,2,7886,2026-08-05T17:13:27+00:00,.pyc:2
NASTRAN_SIMULATIONS/03_GRAVITY_5G/mbdyn/cases,4,54,54,174090,2026-08-05T20:50:00+00:00,.mbd:54
NASTRAN_SIMULATIONS/03_GRAVITY_5G/mbdyn/results,4,217,217,316824398,2026-08-31T23:03:13+00:00,.log:108; .nc:54; .out:54; .bylog:1
NASTRAN_SIMULATIONS/03_GRAVITY_5G/nastran,3,0,91,2541641,2026-08-05T16:40:24+00:00,.dat:85; .bdf:2; .sh:1; .f06:1; .log:1; .op2:1
NASTRAN_SIMULATIONS/03_GRAVITY_5G/nastran/BULK,4,85,85,1336179,2026-05-07T15:37:31+00:00,.dat:85
NASTRAN_SIMULATIONS/03_GRAVITY_5G/nastran/MAIN,4,6,6,1205462,2026-08-05T16:40:24+00:00,.bdf:2; .sh:1; .f06:1; .log:1; .op2:1
NASTRAN_SIMULATIONS/03_GRAVITY_5G/plots,3,20,20,7765045,2026-08-06T09:31:34+00:00,.png:13; .pdf:4; .csv:3
NASTRAN_SIMULATIONS/03_GRAVITY_5G/spanwise_area_error,3,1,8,801585,2026-08-06T09:36:26+00:00,.csv:2; .pdf:2; .png:2; .pyc:1; .py:1
NASTRAN_SIMULATIONS/03_GRAVITY_5G/spanwise_area_error/__pycache__,4,1,1,13280,2026-08-06T09:34:32+00:00,.pyc:1
NASTRAN_SIMULATIONS/03_GRAVITY_5G/spanwise_area_error/plots,4,6,6,778587,2026-08-06T09:36:26+00:00,.csv:2; .pdf:2; .png:2
TEST,1,1,846,1885911078,2026-08-03T23:01:39+00:00,.mod:81; .log:65; .h5:61; .o:59; .stamp:55; .build:55; .mbd:48; .out:38; .nc:34; .png:32; .csv:27; .aer:26
TEST/BBF_AUTO_TRIM,2,9,25,28038724,2026-07-30T19:14:55+00:00,.py:8; .pyc:7; .mbd:6; .bylog:1; .log:1; .nc:1; .out:1
TEST/BBF_AUTO_TRIM/INCLUDE,3,5,5,39760,2026-07-24T10:24:33+00:00,.mbd:5
TEST/BBF_AUTO_TRIM/__pycache__,3,7,7,124012,2026-07-24T17:59:14+00:00,.pyc:7
TEST/BBF_AUTO_TRIM/output,3,4,4,27759505,2026-07-30T19:14:55+00:00,.bylog:1; .log:1; .nc:1; .out:1
TEST/BBF_DUST_COUPLED,2,11,424,75722970,2026-07-29T21:28:58+00:00,.h5:61; .o:59; .stamp:55; .build:55; .mod:55; .make:25; .cmake:19; .log:12; .out:11; .internal:10; .in:7; .nc:7
TEST/BBF_DUST_COUPLED/INCLUDE,3,2,2,13813,2026-07-23T15:52:25+00:00,.mbd:2
TEST/BBF_DUST_COUPLED/__pycache__,3,6,6,83556,2026-07-29T21:28:58+00:00,.pyc:6
TEST/BBF_DUST_COUPLED/build_dust,3,3,313,33909241,2026-07-23T16:49:16+00:00,.o:59; .stamp:55; .build:55; .mod:55; .make:25; .cmake:19; .internal:10; .txt:6; .bin:6; [senza_estensione]:5; .ts:5; .out:4
TEST/BBF_DUST_COUPLED/build_dust/CMakeFiles,4,7,251,14606867,2026-07-23T16:49:16+00:00,.o:59; .stamp:55; .build:55; .make:25; .cmake:18; .internal:10; .bin:6; .txt:5; .ts:5; .out:4; .c:2; .cpp:1
TEST/BBF_DUST_COUPLED/build_dust/CMakeFiles/3.28.3,5,7,13,204468,2026-07-23T15:25:21+00:00,.cmake:4; .bin:3; .out:3; .c:1; .cpp:1; .f:1
TEST/BBF_DUST_COUPLED/build_dust/CMakeFiles/3.28.3/CompilerIdC,6,2,2,43118,2026-07-23T15:25:20+00:00,.c:1; .out:1
TEST/BBF_DUST_COUPLED/build_dust/CMakeFiles/3.28.3/CompilerIdC/tmp,7,0,0,0,,
TEST/BBF_DUST_COUPLED/build_dust/CMakeFiles/3.28.3/CompilerIdCXX,6,2,2,42900,2026-07-23T15:25:20+00:00,.cpp:1; .out:1
TEST/BBF_DUST_COUPLED/build_dust/CMakeFiles/3.28.3/CompilerIdCXX/tmp,7,0,0,0,,
TEST/BBF_DUST_COUPLED/build_dust/CMakeFiles/3.28.3/CompilerIdFortran,6,2,2,59408,2026-07-23T15:25:19+00:00,.f:1; .out:1
TEST/BBF_DUST_COUPLED/build_dust/CMakeFiles/3.28.3/CompilerIdFortran/tmp,7,0,0,0,,
TEST/BBF_DUST_COUPLED/build_dust/CMakeFiles/CMakeScratch,5,0,0,0,,
TEST/BBF_DUST_COUPLED/build_dust/CMakeFiles/FindOpenMP,5,3,3,48976,2026-07-23T15:25:22+00:00,.bin:3
TEST/BBF_DUST_COUPLED/build_dust/CMakeFiles/dust.dir,5,11,12,411605,2026-07-23T16:49:16+00:00,.make:5; .cmake:2; .internal:2; .ts:1; .txt:1; .o:1
TEST/BBF_DUST_COUPLED/build_dust/CMakeFiles/dust.dir/src,6,1,1,402448,2026-07-23T16:49:16+00:00,.o:1
TEST/BBF_DUST_COUPLED/build_dust/CMakeFiles/dust_post.dir,5,11,12,60247,2026-07-23T16:49:12+00:00,.make:5; .cmake:2; .internal:2; .ts:1; .txt:1; .o:1
TEST/BBF_DUST_COUPLED/build_dust/CMakeFiles/dust_post.dir/src,6,1,1,50640,2026-07-23T16:49:12+00:00,.o:1
TEST/BBF_DUST_COUPLED/build_dust/CMakeFiles/dust_pre.dir,5,11,12,38861,2026-07-23T16:49:12+00:00,.make:5; .cmake:2; .internal:2; .ts:1; .txt:1; .o:1
TEST/BBF_DUST_COUPLED/build_dust/CMakeFiles/dust_pre.dir/src,6,1,1,29344,2026-07-23T16:49:12+00:00,.o:1
TEST/BBF_DUST_COUPLED/build_dust/CMakeFiles/dustlib.dir,5,12,12,18402,2026-07-23T16:49:12+00:00,.make:5; .cmake:3; .internal:2; .ts:1; .txt:1
TEST/BBF_DUST_COUPLED/build_dust/CMakeFiles/dustlibF90.dir,5,66,176,10104139,2026-07-23T16:49:12+00:00,.stamp:55; .o:55; .build:55; .make:5; .cmake:3; .internal:2; .ts:1
TEST/BBF_DUST_COUPLED/build_dust/CMakeFiles/dustlibF90.dir/src,6,0,110,8761696,2026-07-23T16:49:12+00:00,.o:55; .build:55
TEST/BBF_DUST_COUPLED/build_dust/CMakeFiles/dustlibF90.dir/src/aeroel,7,24,24,1072176,2026-07-23T16:49:03+00:00,.o:12; .build:12
TEST/BBF_DUST_COUPLED/build_dust/CMakeFiles/dustlibF90.dir/src/fmm,7,4,4,379120,2026-07-23T16:48:51+00:00,.o:2; .build:2
TEST/BBF_DUST_COUPLED/build_dust/CMakeFiles/dustlibF90.dir/src/general,7,12,12,475248,2026-07-23T16:48:43+00:00,.o:6; .build:6
TEST/BBF_DUST_COUPLED/build_dust/CMakeFiles/dustlibF90.dir/src/geo,7,10,10,2128520,2026-07-23T16:49:03+00:00,.o:5; .build:5
TEST/BBF_DUST_COUPLED/build_dust/CMakeFiles/dustlibF90.dir/src/io,7,24,24,2063112,2026-07-23T16:49:05+00:00,.o:12; .build:12
TEST/BBF_DUST_COUPLED/build_dust/CMakeFiles/dustlibF90.dir/src/linsys,7,6,6,262776,2026-07-23T16:49:05+00:00,.o:3; .build:3
TEST/BBF_DUST_COUPLED/build_dust/CMakeFiles/dustlibF90.dir/src/options,7,8,8,655552,2026-07-23T16:48:42+00:00,.o:4; .build:4
TEST/BBF_DUST_COUPLED/build_dust/CMakeFiles/dustlibF90.dir/src/post,7,16,16,1403952,2026-07-23T16:49:12+00:00,.o:8; .build:8
TEST/BBF_DUST_COUPLED/build_dust/CMakeFiles/dustlibF90.dir/src/precice,7,4,4,285128,2026-07-23T16:49:08+00:00,.o:2; .build:2
TEST/BBF_DUST_COUPLED/build_dust/CMakeFiles/dustlibF90.dir/src/viscosity,7,2,2,36112,2026-07-23T16:49:00+00:00,.o:1; .build:1
TEST/BBF_DUST_COUPLED/build_dust/CMakeFiles/hdf5,5,4,4,3380659,2026-07-23T16:48:34+00:00,.out:1; .c:1; .f90:1; .o:1
TEST/BBF_DUST_COUPLED/build_dust/CMakeFiles/pkgRedirects,5,0,0,0,,
TEST/BBF_DUST_COUPLED/build_dust/bin,4,3,3,9246032,2026-07-23T16:49:16+00:00,[senza_estensione]:3
TEST/BBF_DUST_COUPLED/build_dust/include,4,55,55,1151359,2026-07-23T15:26:03+00:00,.mod:55
TEST/BBF_DUST_COUPLED/build_dust/lib,4,1,1,8800680,2026-07-23T16:49:12+00:00,.a:1
TEST/BBF_DUST_COUPLED/dust,3,6,6,236696,2026-07-29T21:28:58+00:00,.in:5; .h5:1
TEST/BBF_DUST_COUPLED/output,3,0,85,41387672,2026-07-23T16:48:10+00:00,.h5:60; .log:9; .nc:7; .out:7; .mbd:1; .in:1
TEST/BBF_DUST_COUPLED/output/V_030.00_mps,4,7,85,41387672,2026-07-23T16:48:10+00:00,.h5:60; .log:9; .nc:7; .out:7; .mbd:1; .in:1
TEST/BBF_DUST_COUPLED/output/V_030.00_mps/dust,5,54,54,37712952,2026-07-23T16:48:03+00:00,.h5:54
TEST/BBF_DUST_COUPLED/output/V_030.00_mps/incomplete_attempt_1784822181,5,3,4,427406,2026-07-23T15:53:21+00:00,.log:1; .nc:1; .out:1; .h5:1
TEST/BBF_DUST_COUPLED/output/V_030.00_mps/incomplete_attempt_1784822181/dust,6,1,1,218864,2026-07-23T15:53:21+00:00,.h5:1
TEST/BBF_DUST_COUPLED/output/V_030.00_mps/incomplete_attempt_1784822762,5,3,4,427406,2026-07-23T15:56:23+00:00,.log:1; .nc:1; .out:1; .h5:1
TEST/BBF_DUST_COUPLED/output/V_030.00_mps/incomplete_attempt_1784822762/dust,6,1,1,218864,2026-07-23T15:56:22+00:00,.h5:1
TEST/BBF_DUST_COUPLED/output/V_030.00_mps/incomplete_attempt_1784822912,5,3,4,427406,2026-07-23T16:06:04+00:00,.log:1; .nc:1; .out:1; .h5:1
TEST/BBF_DUST_COUPLED/output/V_030.00_mps/incomplete_attempt_1784822912/dust,6,1,1,218864,2026-07-23T16:06:03+00:00,.h5:1
TEST/BBF_DUST_COUPLED/output/V_030.00_mps/incomplete_attempt_1784823240,5,3,4,427406,2026-07-23T16:08:33+00:00,.log:1; .nc:1; .out:1; .h5:1
TEST/BBF_DUST_COUPLED/output/V_030.00_mps/incomplete_attempt_1784823240/dust,6,1,1,218864,2026-07-23T16:08:33+00:00,.h5:1
TEST/BBF_DUST_COUPLED/output/V_030.00_mps/incomplete_attempt_1784824671,5,3,4,211522,2026-07-23T16:14:02+00:00,.log:1; .nc:1; .out:1; .h5:1
TEST/BBF_DUST_COUPLED/output/V_030.00_mps/incomplete_attempt_1784824671/dust,6,1,1,2980,2026-07-23T16:14:02+00:00,.h5:1
TEST/BBF_DUST_COUPLED/output/V_030.00_mps/incomplete_attempt_1784824769,5,3,4,427751,2026-07-23T16:37:52+00:00,.log:1; .nc:1; .out:1; .h5:1
TEST/BBF_DUST_COUPLED/output/V_030.00_mps/incomplete_attempt_1784824769/dust,6,1,1,218864,2026-07-23T16:37:52+00:00,.h5:1
TEST/BBF_DUST_COUPLED/precice-run,3,0,0,0,,
TEST/BBF_DUST_COUPLED/structure,3,1,1,2218,2026-07-23T15:30:16+00:00,.in:1
TEST/TRIM_PID_VELOCITY,2,3,365,1740341949,2026-07-29T22:25:35+00:00,.log:52; .mbd:32; .csv:27; .aer:26; .air:26; .ine:26; .jnt:26; .mod:26; .mov:26; .nc:26; .out:26; .usr:26
TEST/TRIM_PID_VELOCITY/include,3,8,8,55864917,2026-07-21T12:44:04+00:00,.mbd:5; .fem:1; .bin:1; .c81:1
TEST/TRIM_PID_VELOCITY/trim_sweep_results,3,7,354,1684420890,2026-07-29T22:25:35+00:00,.log:52; .csv:27; .mbd:26; .aer:26; .air:26; .ine:26; .jnt:26; .mod:26; .mov:26; .nc:26; .out:26; .usr:26
TEST/TRIM_PID_VELOCITY/trim_sweep_results/V_020.0_mps,4,13,13,64668021,2026-07-20T13:35:03+00:00,.log:2; .mbd:1; .csv:1; .aer:1; .air:1; .ine:1; .jnt:1; .mod:1; .mov:1; .nc:1; .out:1; .usr:1
TEST/TRIM_PID_VELOCITY/trim_sweep_results/V_021.0_mps,4,13,13,64667562,2026-07-20T13:38:45+00:00,.log:2; .mbd:1; .csv:1; .aer:1; .air:1; .ine:1; .jnt:1; .mod:1; .mov:1; .nc:1; .out:1; .usr:1
TEST/TRIM_PID_VELOCITY/trim_sweep_results/V_022.0_mps,4,13,13,64666336,2026-07-20T13:42:31+00:00,.log:2; .mbd:1; .csv:1; .aer:1; .air:1; .ine:1; .jnt:1; .mod:1; .mov:1; .nc:1; .out:1; .usr:1
TEST/TRIM_PID_VELOCITY/trim_sweep_results/V_023.0_mps,4,13,13,64664470,2026-07-20T13:46:15+00:00,.log:2; .mbd:1; .csv:1; .aer:1; .air:1; .ine:1; .jnt:1; .mod:1; .mov:1; .nc:1; .out:1; .usr:1
TEST/TRIM_PID_VELOCITY/trim_sweep_results/V_024.0_mps,4,13,13,64663866,2026-07-20T13:50:00+00:00,.log:2; .mbd:1; .csv:1; .aer:1; .air:1; .ine:1; .jnt:1; .mod:1; .mov:1; .nc:1; .out:1; .usr:1
TEST/TRIM_PID_VELOCITY/trim_sweep_results/V_025.0_mps,4,13,13,64662454,2026-07-20T13:53:37+00:00,.log:2; .mbd:1; .csv:1; .aer:1; .air:1; .ine:1; .jnt:1; .mod:1; .mov:1; .nc:1; .out:1; .usr:1
TEST/TRIM_PID_VELOCITY/trim_sweep_results/V_026.0_mps,4,13,13,64663837,2026-07-20T13:57:13+00:00,.log:2; .mbd:1; .csv:1; .aer:1; .air:1; .ine:1; .jnt:1; .mod:1; .mov:1; .nc:1; .out:1; .usr:1
TEST/TRIM_PID_VELOCITY/trim_sweep_results/V_027.0_mps,4,13,13,64663378,2026-07-20T14:00:49+00:00,.log:2; .mbd:1; .csv:1; .aer:1; .air:1; .ine:1; .jnt:1; .mod:1; .mov:1; .nc:1; .out:1; .usr:1
TEST/TRIM_PID_VELOCITY/trim_sweep_results/V_028.0_mps,4,13,13,64664844,2026-07-20T14:04:23+00:00,.log:2; .mbd:1; .csv:1; .aer:1; .air:1; .ine:1; .jnt:1; .mod:1; .mov:1; .nc:1; .out:1; .usr:1
TEST/TRIM_PID_VELOCITY/trim_sweep_results/V_029.0_mps,4,13,13,64665463,2026-07-20T14:07:57+00:00,.log:2; .mbd:1; .csv:1; .aer:1; .air:1; .ine:1; .jnt:1; .mod:1; .mov:1; .nc:1; .out:1; .usr:1
TEST/TRIM_PID_VELOCITY/trim_sweep_results/V_030.0_mps,4,13,13,64667011,2026-07-20T14:11:29+00:00,.log:2; .mbd:1; .csv:1; .aer:1; .air:1; .ine:1; .jnt:1; .mod:1; .mov:1; .nc:1; .out:1; .usr:1
TEST/TRIM_PID_VELOCITY/trim_sweep_results/V_031.0_mps,4,13,13,64666059,2026-07-20T14:15:01+00:00,.log:2; .mbd:1; .csv:1; .aer:1; .air:1; .ine:1; .jnt:1; .mod:1; .mov:1; .nc:1; .out:1; .usr:1
TEST/TRIM_PID_VELOCITY/trim_sweep_results/V_032.0_mps,4,13,13,64665889,2026-07-20T14:18:30+00:00,.log:2; .mbd:1; .csv:1; .aer:1; .air:1; .ine:1; .jnt:1; .mod:1; .mov:1; .nc:1; .out:1; .usr:1
TEST/TRIM_PID_VELOCITY/trim_sweep_results/V_033.0_mps,4,13,13,64667091,2026-07-20T14:21:53+00:00,.log:2; .mbd:1; .csv:1; .aer:1; .air:1; .ine:1; .jnt:1; .mod:1; .mov:1; .nc:1; .out:1; .usr:1
TEST/TRIM_PID_VELOCITY/trim_sweep_results/V_034.0_mps,4,13,13,64668146,2026-07-20T14:25:12+00:00,.log:2; .mbd:1; .csv:1; .aer:1; .air:1; .ine:1; .jnt:1; .mod:1; .mov:1; .nc:1; .out:1; .usr:1
TEST/TRIM_PID_VELOCITY/trim_sweep_results/V_035.0_mps,4,13,13,64667406,2026-07-21T12:11:09+00:00,.log:2; .mbd:1; .csv:1; .aer:1; .air:1; .ine:1; .jnt:1; .mod:1; .mov:1; .nc:1; .out:1; .usr:1
TEST/TRIM_PID_VELOCITY/trim_sweep_results/V_036.0_mps,4,13,13,64667204,2026-07-21T12:14:38+00:00,.log:2; .mbd:1; .csv:1; .aer:1; .air:1; .ine:1; .jnt:1; .mod:1; .mov:1; .nc:1; .out:1; .usr:1
TEST/TRIM_PID_VELOCITY/trim_sweep_results/V_037.0_mps,4,13,13,64668309,2026-07-21T12:18:05+00:00,.log:2; .mbd:1; .csv:1; .aer:1; .air:1; .ine:1; .jnt:1; .mod:1; .mov:1; .nc:1; .out:1; .usr:1
TEST/TRIM_PID_VELOCITY/trim_sweep_results/V_038.0_mps,4,13,13,64668544,2026-07-21T12:21:39+00:00,.log:2; .mbd:1; .csv:1; .aer:1; .air:1; .ine:1; .jnt:1; .mod:1; .mov:1; .nc:1; .out:1; .usr:1
TEST/TRIM_PID_VELOCITY/trim_sweep_results/V_039.0_mps,4,13,13,64669386,2026-07-21T12:25:19+00:00,.log:2; .mbd:1; .csv:1; .aer:1; .air:1; .ine:1; .jnt:1; .mod:1; .mov:1; .nc:1; .out:1; .usr:1
TEST/TRIM_PID_VELOCITY/trim_sweep_results/V_040.0_mps,4,13,13,64671142,2026-07-21T12:29:00+00:00,.log:2; .mbd:1; .csv:1; .aer:1; .air:1; .ine:1; .jnt:1; .mod:1; .mov:1; .nc:1; .out:1; .usr:1
TEST/TRIM_PID_VELOCITY/trim_sweep_results/V_041.0_mps,4,13,13,64670186,2026-07-21T12:32:47+00:00,.log:2; .mbd:1; .csv:1; .aer:1; .air:1; .ine:1; .jnt:1; .mod:1; .mov:1; .nc:1; .out:1; .usr:1
TEST/TRIM_PID_VELOCITY/trim_sweep_results/V_042.0_mps,4,13,13,64668643,2026-07-21T12:36:30+00:00,.log:2; .mbd:1; .csv:1; .aer:1; .air:1; .ine:1; .jnt:1; .mod:1; .mov:1; .nc:1; .out:1; .usr:1
TEST/TRIM_PID_VELOCITY/trim_sweep_results/V_043.0_mps,4,14,14,64715118,2026-07-21T13:13:35+00:00,.log:2; .mbd:1; .csv:1; .aer:1; .air:1; .ine:1; .jnt:1; .mod:1; .mov:1; .nc:1; .out:1; .usr:1
TEST/TRIM_PID_VELOCITY/trim_sweep_results/V_044.0_mps,4,13,13,64665831,2026-07-21T12:44:03+00:00,.log:2; .mbd:1; .csv:1; .aer:1; .air:1; .ine:1; .jnt:1; .mod:1; .mov:1; .nc:1; .out:1; .usr:1
TEST/TRIM_PID_VELOCITY/trim_sweep_results/V_045.0_mps,4,13,13,64666332,2026-07-21T12:47:47+00:00,.log:2; .mbd:1; .csv:1; .aer:1; .air:1; .ine:1; .jnt:1; .mod:1; .mov:1; .nc:1; .out:1; .usr:1
TEST/TRIM_PID_VELOCITY/trim_sweep_results/analysis,4,8,8,1879680,2026-07-29T22:25:35+00:00,.png:8
TEST/bbf,2,3,31,41802456,2026-08-03T23:01:39+00:00,.png:18; .mbd:6; .txt:3; .fem:1; .c81:1; .md:1; .py:1
TEST/bbf/INCLUDE,3,7,7,38776730,2026-07-21T21:51:34+00:00,.mbd:5; .fem:1; .c81:1
TEST/bbf/output,3,0,21,2992137,2026-07-21T22:40:50+00:00,.png:18; .txt:3
TEST/bbf/output/body_flap_direct_pitch_v38_plots,4,7,7,951302,2026-07-21T21:33:25+00:00,.png:6; .txt:1
TEST/bbf/output/heave_zero_preload_v38_plots,4,7,7,896585,2026-07-21T22:03:26+00:00,.png:6; .txt:1
TEST/bbf/output/xx_plots,4,7,7,1144250,2026-07-21T22:40:50+00:00,.png:6; .txt:1
TRIM,1,6,43,197310558,2026-08-05T17:15:02+00:00,.mbd:13; .log:12; .nc:6; .out:6; .py:3; .md:1; .csv:1; .json:1
TRIM/INCLUDE,2,5,5,39035,2026-08-05T14:52:59+00:00,.mbd:5
TRIM/jacobian_calibration_bfl_bfr,2,2,32,197213030,2026-08-05T15:13:40+00:00,.log:12; .mbd:6; .nc:6; .out:6; .csv:1; .json:1
TRIM/jacobian_calibration_bfl_bfr/baseline,3,5,5,32868500,2026-08-05T15:01:54+00:00,.log:2; .mbd:1; .nc:1; .out:1
TRIM/jacobian_calibration_bfl_bfr/elevator_minus,3,5,5,32868495,2026-08-05T15:09:10+00:00,.log:2; .mbd:1; .nc:1; .out:1
TRIM/jacobian_calibration_bfl_bfr/elevator_plus,3,5,5,32868497,2026-08-05T15:05:47+00:00,.log:2; .mbd:1; .nc:1; .out:1
TRIM/jacobian_calibration_bfl_bfr/newton_validation,3,5,5,32868519,2026-08-05T15:13:40+00:00,.log:2; .mbd:1; .nc:1; .out:1
TRIM/jacobian_calibration_bfl_bfr/pitch_minus,3,5,5,32868501,2026-08-05T15:05:44+00:00,.log:2; .mbd:1; .nc:1; .out:1
TRIM/jacobian_calibration_bfl_bfr/pitch_plus,3,5,5,32868498,2026-08-05T15:01:57+00:00,.log:2; .mbd:1; .nc:1; .out:1
X56_AERO_POLAR,1,0,131,131813272,2026-08-07T17:48:56+00:00,.dat:87; .mbd:18; .py:7; .c81:5; .txt:3; .fem:2; .sh:1; .bdf:1; .f06:1; .log:1; .op2:1; .md:1
X56_AERO_POLAR/mbdyn,2,4,25,49685027,2026-08-07T17:44:39+00:00,.mbd:18; .c81:5; .fem:2
X56_AERO_POLAR/mbdyn/INCLUDE,3,21,21,49671990,2026-08-07T17:44:08+00:00,.mbd:14; .c81:5; .fem:2
X56_AERO_POLAR/nastran,2,7,92,81210820,2026-08-07T00:41:50+00:00,.dat:87; .sh:1; .bdf:1; .f06:1; .log:1; .op2:1
X56_AERO_POLAR/nastran/BULK,3,85,85,1336179,2026-05-20T16:13:51+00:00,.dat:85
X56_AERO_POLAR/test,2,11,14,917425,2026-08-07T17:48:56+00:00,.py:7; .txt:3; .md:1; .pdf:1; .png:1; .json:1
X56_AERO_POLAR/test/comparison_plots,3,3,3,827546,2026-08-07T17:45:59+00:00,.txt:1; .pdf:1; .png:1
_trim_coupled_stage,1,3,31,57573389,2026-08-13T22:12:32+00:00,.dat:9; .in:7; .mbd:7; .py:2; .md:1; .pyc:1; .patch:1; .fem:1; .xml:1; .txt:1
_trim_coupled_stage/__pycache__,2,1,1,31648,2026-08-13T22:12:32+00:00,.pyc:1
_trim_coupled_stage/case,2,10,26,57517018,2026-08-13T21:05:40+00:00,.dat:9; .in:7; .mbd:7; .patch:1; .fem:1; .xml:1
_trim_coupled_stage/case/airfoilsection,3,9,9,11981,2026-08-13T12:53:56+00:00,.dat:9
_trim_coupled_stage/case/include,3,7,7,103905,2026-08-13T17:37:38+00:00,.mbd:7
_trim_coupled_stage/results,2,1,1,122,2026-08-13T18:20:42+00:00,.txt:1
bbf_manouver,1,7,44,256244260,2026-08-10T14:01:47+00:00,.mbd:15; .log:5; .nc:5; .out:5; .py:4; .stdout:4; .md:2; .bylog:2; .fem:1; .c81:1
bbf_manouver/INCLUDE,2,10,10,38846354,2026-08-10T13:59:36+00:00,.mbd:8; .fem:1; .c81:1
bbf_manouver/output,2,27,27,217286799,2026-08-10T14:01:47+00:00,.mbd:6; .log:5; .nc:5; .out:5; .stdout:4; .bylog:2
bff_eigenalaisy,1,5,28,66582703,2026-08-20T12:19:08+00:00,.mbd:9; .py:3; .png:3; .md:2; .pyc:2; .csv:2; .fem:1; .c81:1; .log:1; .nc:1; .out:1; .stdout:1
bff_eigenalaisy/INCLUDE,2,9,9,38848781,2026-08-10T12:56:59+00:00,.mbd:7; .fem:1; .c81:1
bff_eigenalaisy/__pycache__,2,2,2,74005,2026-08-10T10:25:36+00:00,.pyc:2
bff_eigenalaisy/output,2,5,5,25537924,2026-08-20T12:17:21+00:00,.log:1; .mbd:1; .nc:1; .out:1; .stdout:1
bff_eigenalaisy/results,2,4,7,2018823,2026-08-20T12:19:08+00:00,.png:3; .csv:2; .md:1; .txt:1
bff_eigenalaisy/results/plots_clean,3,3,3,636569,2026-08-20T12:19:08+00:00,.png:3
bff_longitudinal,1,6,18,57765881,2026-08-10T16:00:15+00:00,.mbd:8; .pyc:3; .py:3; .md:2; .fem:1; .c81:1
bff_longitudinal/INCLUDE,2,9,9,57514836,2026-08-10T15:56:21+00:00,.mbd:7; .fem:1; .c81:1
bff_longitudinal/__pycache__,2,3,3,142860,2026-08-10T16:00:15+00:00,.pyc:3
results,1,8,8,1040658,2026-08-07T16:31:20+00:00,.png:5; .csv:3
