<?xml version="1.0"?>
<VTKFile type="UnstructuredGrid" version="0.1" byte_order="LittleEndian">
  <UnstructuredGrid><Piece NumberOfPoints="7503" NumberOfCells="7320">
    <Points><DataArray type="Float64" NumberOfComponents="3" format="ascii">190.5299995 0 99.26270512 185.9170049 0 97.63876816 181.2077633 0 96.36919419 176.459864 0 95.37403728 171.7170869 0 94.56593003 167.0055685 0 93.90255985 162.3467636 0 93.34753598 157.7581919 0 92.8772794 153.2559933 0 92.46746226 148.8532999 0 92.1171378 144.5617531 0 91.84338264 140.3926244 0 91.68678209 136.3602492 0 91.6710028 132.4807944 0 91.808807 128.7681943 0 92.05576111 125.2326155 0 92.3689774 121.8841224 0 92.73351308 118.732971 0 93.14473817 115.7896993 0 93.60343635 113.0626479 0 94.09765242 110.5643071 0 94.64024255 108.3010943 0 95.2137506 106.2809713 0 95.81081776 104.511549 0 96.42309819 103.0019183 0 97.04615013 101.7710217 0 97.69003052 100.8299546 0 98.33290435 100.3092723 0 99.05591902 100.0613313 0 99.64108157 100.003779 0 100.0201325 99.99996793 0 100.1481488 100.004274 0 100.2766135 100.0671512 0 100.6562049 100.316423 0 101.2440158 100.8148106 0 101.9869801 101.6880929 0 102.7260363 102.8700169 0 103.4649903 104.3530286 0 104.1625571 106.1126059 0 104.8216854 108.1371745 0 105.4304775 110.4136196 0 105.9856731 112.9292489 0 106.4911682 115.6747995 0 106.9375203 118.6384247 0 107.3316087 121.8102662 0 107.6668507 125.1794439 0 107.944794 128.7350822 0 108.164916 132.4662615 0 108.3220448 136.3618283 0 108.3957966 140.4090424 0 108.3633916 144.5938076 0 108.2155331 148.9002053 0 107.9290642 153.3107927 0 107.4877774 157.8065404 0 106.8761754 162.3712085 0 106.1049983 166.9899278 0 105.1877685 171.6531195 0 104.1582312 176.3508839 0 103.04017 181.0727282 0 101.8512688 185.806582 0 100.6012777 190.5299999 0 99.26270328 189.9538593 1.519 99.28485758 185.45475 1.519 97.70101229 180.86177 1.519 96.4627815 176.2310866 1.519 95.49219297 171.6053989 1.519 94.70403623 167.0101982 1.519 94.05704331 162.4664097 1.519 93.51572183 157.9911204 1.519 93.05707493 153.6000719 1.519 92.65737533 149.3060719 1.519 92.31569966 145.1204746 1.519 92.04870296 141.0542731 1.519 91.89596855 137.121449 1.519 91.88057882 133.33777 1.519 92.01498092 129.7168264 1.519 92.25583823 126.2685338 1.519 92.56132186 123.0027081 1.519 92.9168579 119.9293521 1.519 93.31793069 117.0587438 1.519 93.76530455 114.3990177 1.519 94.24731944 111.9623558 1.519 94.77651413 109.7550171 1.519 95.33586345 107.7847668 1.519 95.91819024 106.0590279 1.519 96.51535473 104.5866668 1.519 97.12302479 103.3861585 1.519 97.75100909 102.4683245 1.519 98.37801169 101.9604967 1.519 99.08317661 101.7186769 1.519 99.65389269 101.6625455 1.519 100.0235856 101.6588285 1.519 100.1484414 101.6630282 1.519 100.2737346 101.7243532 1.519 100.6439547 101.9674709 1.519 101.2172537 102.4535543 1.519 101.9418758 103.3052771 1.519 102.6626863 104.4580219 1.519 103.3833969 105.904421 1.519 104.0637422 107.620558 1.519 104.706598 109.5951441 1.519 105.3003603 111.8153884 1.519 105.8418492 114.2689121 1.519 106.3348647 116.9466806 1.519 106.7701973 119.83714 1.519 107.1545565 122.9306752 1.519 107.481522 126.2166749 1.519 107.7526035 129.6845317 1.519 107.9672912 133.3235959 1.519 108.1205407 137.1229891 1.519 108.1924717 141.0702858 1.519 108.1608668 145.1517377 1.519 108.0166586 149.3518193 1.519 107.737262 153.6535184 1.519 107.3068697 158.0382753 1.519 106.7103669 162.4902511 1.519 105.9582286 166.9949437 1.519 105.0636433 171.5430107 1.519 104.0595231 176.124797 1.519 102.9690646 180.7300687 1.519 101.809515 185.3470532 1.519 100.5903836 189.9538596 1.519 99.28485579 189.3777191 3.038 99.30701004 184.9924952 3.038 97.76325643 180.5157766 3.038 96.55636881 176.0023091 3.038 95.61034866 171.4937109 3.038 94.84214244 167.0148279 3.038 94.21152676 162.5860557 3.038 93.68390769 158.2240489 3.038 93.23687045 153.9441504 3.038 92.8472884 149.7588439 3.038 92.51426152 145.6791961 3.038 92.25402327 141.7159218 3.038 92.10515501 137.8826488 3.038 92.09015484 134.1947455 3.038 92.22115483 130.6654584 3.038 92.45591536 127.304452 3.038 92.75366632 124.1212938 3.038 93.10020272 121.1257332 3.038 93.4911232 118.3277882 3.038 93.92717274 115.7353875 3.038 94.39698646 113.3604045 3.038 94.91278571 111.2089399 3.038 95.45797629 109.2885623 3.038 96.02556272 107.6065067 3.038 96.60761126 106.1714154 3.038 97.19989945 105.0012954 3.038 97.81198766 104.1066944 3.038 98.42311902 103.6117212 3.038 99.1104342 103.3760225 3.038 99.66670382 103.321312 3.038 100.0270387 103.317689 3.038 100.1487341 103.3217825 3.038 100.2708558 103.3815551 3.038 100.6317045 103.6185188 3.038 101.1904917 104.0922981 3.038 101.8967715 104.9224613 3.038 102.5993362 106.0460268 3.038 103.3018036 107.4558134 3.038 103.9649274 109.1285101 3.038 104.5915106 111.0531137 3.038 105.1702431 113.2171573 3.038 105.6980254 115.6085752 3.038 106.1785613 118.2185617 3.038 106.6028743 121.0358553 3.038 106.9775043 124.0510843 3.038 107.2961934 127.2539058 3.038 107.560413 130.6339813 3.038 107.7696663 134.1809303 3.038 107.9190367 137.8841499 3.038 107.9891469 141.7315292 3.038 107.9583419 145.7096679 3.038 107.8177841 149.8034333 3.038 107.5454599 153.996244 3.038 107.125962 158.2700101 3.038 106.5445584 162.6092936 3.038 105.8114589 166.9999596 3.038 104.9395181 171.432902 3.038 103.9608151 175.89871 3.038 102.8979592 180.3874091 3.038 101.7677611 184.8875245 3.038 100.5794894 189.3777194 3.038 99.30700829 188.494218 5.142 99.15640161 184.3315123 5.142 97.69606345 180.0843463 5.142 96.54790821 175.8026994 5.142 95.64488519 171.5250124 5.142 94.91317784 167.2752402 5.142 94.31338913 163.0730333 5.142 93.81093804 158.9344437 5.142 93.38214183 154.8738338 5.142 93.00660554 150.9030624 5.142 92.68299789 147.0325252 5.142 92.4271155 143.2722152 5.142 92.27607996 139.6349319 5.142 92.25382343 136.1354735 5.142 92.37623785 132.7869894 5.142 92.60483051 129.5987869 5.142 92.89816103 126.579775 5.142 93.23955159 123.7391322 5.142 93.62360543 121.0862347 5.142 94.04983933 118.6293476 5.142 94.51127266 116.379542 5.142 95.01717082 114.3430119 5.142 95.55281671 112.5277478 5.142 96.1132251 110.9414095 5.142 96.69127416 109.5921631 5.142 97.28072248 108.4990018 5.142 97.89078111 107.6771545 5.142 98.50268132 107.2271186 5.142 99.16778828 107.0124063 5.142 99.69955324 106.9609665 5.142 100.0415687 106.9575149 5.142 100.1570436 106.9611706 5.142 100.2728703 107.0145922 5.142 100.6156284 107.2283099 5.142 101.1499873 107.6670665 5.142 101.8265553 108.4381585 5.142 102.5093479 109.4929257 5.142 103.1917417 110.8229067 5.142 103.8346736 112.4054665 5.142 104.4385936 114.2293383 5.142 104.9918551 116.2814256 5.142 105.493236 118.5500538 5.142 105.9455619 121.0262799 5.142 106.3417696 123.6992104 5.142 106.6886263 126.5596416 5.142 106.9823281 129.5978537 5.142 107.2234311 132.8040673 5.142 107.4105744 136.1684535 5.142 107.535599 139.6806683 5.142 107.5784182 143.3288752 5.142 107.5221132 147.1003002 5.142 107.3606543 150.9805492 5.142 107.0745751 154.9541221 5.142 106.651461 159.0043107 5.142 106.0795595 163.1170259 5.142 105.3695738 167.274214 5.142 104.5110118 171.4717667 5.142 103.5546307 175.7050223 5.142 102.5382663 179.9640067 5.142 101.4744675 184.2349323 5.142 100.3595952 188.4942183 5.142 99.15639986 187.610717 7.246 99.00579318 183.6705295 7.246 97.62887048 179.652916 7.246 96.53944762 175.6030898 7.246 95.67942171 171.5563139 7.246 94.98421325 167.5356524 7.246 94.41525149 163.5600109 7.246 93.93796839 159.6448384 7.246 93.52741321 155.8035172 7.246 93.16592268 152.047281 7.246 92.85173426 148.3858544 7.246 92.60020772 144.8285086 7.246 92.4470049 141.3872151 7.246 92.41749202 138.0762014 7.246 92.53132086 134.9085204 7.246 92.75374567 131.8931218 7.246 93.04265573 129.0382562 7.246 93.37890047 126.3525312 7.246 93.75608766 123.8446811 7.246 94.17250592 121.5233076 7.246 94.62555886 119.3986795 7.246 95.12155593 117.477084 7.246 95.64765713 115.7669333 7.246 96.20088748 114.2763122 7.246 96.77493706 113.0129107 7.246 97.36154551 111.9967082 7.246 97.96957457 111.2476145 7.246 98.58224363 110.842516 7.246 99.22514237 110.6487901 7.246 99.73240266 110.6006211 7.246 100.0560986 110.5973408 7.246 100.1653531 110.6005587 7.246 100.2748848 110.6476293 7.246 100.5995523 110.8381009 7.246 101.109483 111.2418348 7.246 101.756339 111.9538557 7.246 102.4193595 112.9398246 7.246 103.0816799 114.1899999 7.246 103.7044198 115.6824229 7.246 104.2856766 117.4055629 7.246 104.8134672 119.3456939 7.246 105.2884467 121.4915325 7.246 105.7125624 123.8339981 7.246 106.0806648 126.3625655 7.246 106.3997484 129.068199 7.246 106.6684628 131.9418017 7.246 106.8864492 134.9741532 7.246 107.0514825 138.1559767 7.246 107.1521613 141.4771867 7.246 107.1676896 144.9262212 7.246 107.0858846 148.4909325 7.246 106.9035245 152.1576651 7.246 106.6036903 155.9120002 7.246 106.1769601 159.7386112 7.246 105.6145607 163.6247582 7.246 104.9276886 167.5484684 7.246 104.0825056 171.5106315 7.246 103.1484464 175.5113347 7.246 102.1785734 179.5406043 7.246 101.1811738 183.5823402 7.246 100.1397009 187.6107173 7.246 99.00579143 186.727216 9.35 98.85518474 183.0095466 9.35 97.5616775 179.2214857 9.35 96.53098702 175.4034801 9.35 95.71395823 171.5876154 9.35 95.05524866 167.7960647 9.35 94.51711386 164.0469884 9.35 94.06499874 160.3552331 9.35 93.67268459 156.7332005 9.35 93.32523981 153.1914996 9.35 93.02047063 149.7391836 9.35 92.77329994 146.384802 9.35 92.61792985 143.1394982 9.35 92.5811606 140.0169293 9.35 92.68640387 137.0300514 9.35 92.90266083 134.1874567 9.35 93.18715044 131.4967374 9.35 93.51824934 128.9659302 9.35 93.88856988 126.6031276 9.35 94.29517251 124.4172677 9.35 94.73984506 122.417817 9.35 95.22594104 120.611156 9.35 95.74249755 119.0061188 9.35 96.28854986 117.611215 9.35 96.85859997 116.4336584 9.35 97.44236854 115.4944147 9.35 98.04836802 114.8180746 9.35 98.66180593 114.4579134 9.35 99.28249646 114.2851739 9.35 99.76525208 114.2402756 9.35 100.0706286 114.2371666 9.35 100.1736626 114.2399468 9.35 100.2768993 114.2806665 9.35 100.5834762 114.4478919 9.35 101.0689786 114.8166032 9.35 101.6861228 115.4695529 9.35 102.3293712 116.3867235 9.35 102.971618 117.5570931 9.35 103.5741659 118.9593793 9.35 104.1327596 120.5817874 9.35 104.6350792 122.4099622 9.35 105.0836573 124.4330111 9.35 105.479563 126.6417163 9.35 105.81956 129.0259206 9.35 106.1108704 131.5767564 9.35 106.3545976 134.2857496 9.35 106.5494672 137.1442392 9.35 106.6923905 140.1435 9.35 106.7687236 143.273705 9.35 106.7569609 146.5235672 9.35 106.6496559 149.8815648 9.35 106.4463947 153.3347811 9.35 106.1328055 156.8698783 9.35 105.7024591 160.4729117 9.35 105.1495618 164.1324906 9.35 104.4858035 167.8227229 9.35 103.6539993 171.5494962 9.35 102.742262 175.317647 9.35 101.8188805 179.1172019 9.35 100.8878802 182.929748 9.35 99.91980665 186.7272162 9.35 98.855183 185.757037 11.76775 98.86354994 182.2925547 11.76775 97.70493968 178.7649024 11.76775 96.79444768 175.2119999 11.76775 96.08329367 171.6630973 11.76775 95.51795782 168.1397522 11.76775 95.04647715 164.6566087 11.76775 94.65294636 161.2271993 11.76775 94.31281714 157.8630425 11.76775 94.01004606 154.5736933 11.76775 93.74643009 151.3674663 11.76775 93.54056988 148.2527562 11.76775 93.42480495 145.2400319 11.76775 93.41154233 142.3411764 11.76775 93.51112987 139.5673942 11.76775 93.69741657 136.9266518 11.76775 93.93862816 134.4261661 11.76775 94.21959538 132.0734957 11.76775 94.53607805 129.8762614 11.76775 94.88721271 127.8426292 11.76775 95.27433166 125.9813147 11.76775 95.70099772 124.2982779 11.76775 96.15718295 122.8011998 11.76775 96.64037613 121.49806 11.76775 97.14674958 120.3959825 11.76775 97.66846789 119.514637 11.76775 98.21487377 118.8793968 11.76775 98.77660069 118.5381358 11.76775 99.34848738 118.3727631 11.76775 99.79457562 118.3299409 11.76775 100.0778748 118.3269814 11.76775 100.1735245 118.3296582 11.76775 100.2694857 118.3686149 11.76775 100.5542954 118.5271891 11.76775 101.004414 118.8725084 11.76775 101.5765028 119.4855017 11.76775 102.1683011 120.3417498 11.76775 102.7599402 121.4315272 11.76775 103.316473 122.7362782 11.76775 103.8325072 124.24576 11.76775 104.294943 125.9465825 11.76775 104.7058717 127.8284856 11.76775 105.0665376 129.8828135 11.76775 105.3741649 132.1001253 11.76775 105.6354934 134.4721633 11.76775 105.8515498 136.9910213 11.76775 106.0213182 139.6486581 11.76775 106.1402957 142.4368256 11.76775 106.1951982 145.3462638 11.76775 106.1685018 148.3665331 11.76775 106.0539443 151.4869976 11.76775 105.8510913 154.6957895 11.76775 105.5477626 157.9807216 11.76775 105.1387055 161.329187 11.76775 104.6197723 164.7308165 11.76775 104.0017954 168.1643439 11.76775 103.2433896 171.6329441 11.76775 102.4147704 175.1378633 11.76775 101.5656671 178.6722115 11.76775 100.7105024 182.2196722 11.76775 99.82489028 185.7570372 11.76775 98.86354838 184.786858 14.1855 98.87191514 181.5755629 14.1855 97.84820186 178.3083192 14.1855 97.05790834 175.0205197 14.1855 96.4526291 171.7385791 14.1855 95.98066699 168.4834398 14.1855 95.57584043 165.266229 14.1855 95.24089398 162.0991654 14.1855 94.95294969 158.9928845 14.1855 94.6948523 155.955887 14.1855 94.47238956 152.9957489 14.1855 94.30783981 150.1207104 14.1855 94.23168006 147.3405656 14.1855 94.24192406 144.6654236 14.1855 94.33585588 142.1047371 14.1855 94.49217231 139.6658469 14.1855 94.69010588 137.3555948 14.1855 94.92094143 135.1810613 14.1855 95.18358621 133.1493952 14.1855 95.4792529 131.2679907 14.1855 95.80881825 129.5448125 14.1855 96.17605439 127.9853998 14.1855 96.57186834 126.5962808 14.1855 96.9922024 125.384905 14.1855 97.43489918 124.3583067 14.1855 97.89456724 123.5348593 14.1855 98.38137953 122.940719 14.1855 98.89139544 122.6183582 14.1855 99.4144783 122.4603524 14.1855 99.82389916 122.4196061 14.1855 100.0851209 122.4167961 14.1855 100.1733865 122.4193697 14.1855 100.2620722 122.4565632 14.1855 100.5251146 122.6064862 14.1855 100.9398494 122.9284136 14.1855 101.4668828 123.5014505 14.1855 102.0072311 124.2967761 14.1855 102.5482623 125.3059613 14.1855 103.0587801 126.5131771 14.1855 103.5322549 127.9097326 14.1855 103.9548068 129.4832028 14.1855 104.3280862 131.2239601 14.1855 104.6535122 133.1239106 14.1855 104.9287699 135.1743299 14.1855 105.1601164 137.3675703 14.1855 105.348502 139.6962931 14.1855 105.4931691 142.1530769 14.1855 105.5882008 144.7301513 14.1855 105.6216728 147.4188225 14.1855 105.5800427 150.209499 14.1855 105.4582327 153.0924304 14.1855 105.2557878 156.0567979 14.1855 104.9627196 159.0915649 14.1855 104.5749519 162.1854624 14.1855 104.0899827 165.3291424 14.1855 103.5177873 168.505965 14.1855 102.8327798 171.716392 14.1855 102.0872789 174.9580797 14.1855 101.3124537 178.2272211 14.1855 100.5331246 181.5095963 14.1855 99.72997392 184.7868582 14.1855 98.87191376 183.8166789 16.60325 98.88028033 180.858571 16.60325 97.99146404 177.8517359 16.60325 97.321369 174.8290394 16.60325 96.82196453 171.814061 16.60325 96.44337616 168.8271274 16.60325 96.10520372 165.8758492 16.60325 95.8288416 162.9711315 16.60325 95.59308224 160.1227264 16.60325 95.37965854 157.3380808 16.60325 95.19834902 154.6240316 16.60325 95.07510974 151.9886646 16.60325 95.03855517 149.4410993 16.60325 95.07230579 146.9896707 16.60325 95.16058188 144.6420799 16.60325 95.28692805 142.4050421 16.60325 95.4415836 140.2850235 16.60325 95.62228747 138.2886269 16.60325 95.83109438 136.422529 16.60325 96.07129309 134.6933522 16.60325 96.34330484 133.1083102 16.60325 96.65111107 131.6725216 16.60325 96.98655374 130.3913618 16.60325 97.34402867 129.27175 16.60325 97.72304879 128.3206308 16.60325 98.12066659 127.5550817 16.60325 98.54788528 127.0020412 16.60325 99.0061902 126.6985806 16.60325 99.48046921 126.5479417 16.60325 99.85322271 126.5092713 16.60325 100.0923671 126.5066109 16.60325 100.1732485 126.5090811 16.60325 100.2546586 126.5445116 16.60325 100.4959338 126.6857833 16.60325 100.8752849 126.9843188 16.60325 101.3572628 127.5173992 16.60325 101.846161 128.2518024 16.60325 102.3365845 129.1803953 16.60325 102.8010872 130.290076 16.60325 103.2320026 131.5737051 16.60325 103.6146707 133.0198231 16.60325 103.9503006 134.6194346 16.60325 104.2404869 136.3650078 16.60325 104.4833748 138.2485345 16.60325 104.6847394 140.2629773 16.60325 104.8454542 142.4015648 16.60325 104.96502 144.6574957 16.60325 105.036106 147.023477 16.60325 105.0481474 149.4913813 16.60325 104.9915836 152.0524649 16.60325 104.8625212 154.6978632 16.60325 104.6604844 157.4178064 16.60325 104.3776766 160.2024082 16.60325 104.0111982 163.0417378 16.60325 103.5601932 165.9274683 16.60325 103.0337792 168.847586 16.60325 102.42217 171.7998399 16.60325 101.7597873 174.7782961 16.60325 101.0592402 177.7822307 16.60325 100.3557468 180.7995205 16.60325 99.63505755 183.8166792 16.60325 98.88027913 182.8464999 19.021 98.88864553 180.1415792 19.021 98.13472622 177.3951527 19.021 97.58482966 174.6375592 19.021 97.19129996 171.8895429 19.021 96.90608532 169.1708149 19.021 96.634567 166.4854695 19.021 96.41678921 163.8430976 19.021 96.23321479 161.2525684 19.021 96.06446478 158.7202745 19.021 95.92430848 156.2523143 19.021 95.84237967 153.8566188 19.021 95.84543027 151.541633 19.021 95.90268752 149.3139178 19.021 95.98530788 147.1794227 19.021 96.08168379 145.1442372 19.021 96.19306132 143.2144522 19.021 96.32363352 141.3961924 19.021 96.47860255 139.6956628 19.021 96.66333329 138.1187137 19.021 96.87779144 136.6718079 19.021 97.12616774 135.3596435 19.021 97.40123913 134.1864428 19.021 97.69585494 133.158595 19.021 98.0111984 132.282955 19.021 98.34676595 131.575304 19.021 98.71439103 131.0633634 19.021 99.12098496 130.778803 19.021 99.54646013 130.6355309 19.021 99.88254625 130.5989366 19.021 100.0996132 130.5964257 19.021 100.1731104 130.5987925 19.021 100.2472451 130.63246 19.021 100.466753 130.7650804 19.021 100.8107203 131.040224 19.021 101.2476428 131.533348 19.021 101.685091 132.2068287 19.021 102.1249067 133.0548294 19.021 102.5433943 134.0669749 19.021 102.9317503 135.2376777 19.021 103.2745345 136.5564434 19.021 103.5725151 138.014909 19.021 103.8274615 139.606105 19.021 104.0379797 141.3227392 19.021 104.2093624 143.1583843 19.021 104.3424064 145.1068365 19.021 104.4368709 147.1619145 19.021 104.4840111 149.3168026 19.021 104.474622 151.56394 19.021 104.4031245 153.8954308 19.021 104.2668096 156.303296 19.021 104.065181 158.7788148 19.021 103.7926337 161.3132515 19.021 103.4474446 163.8980132 19.021 103.0304036 166.5257943 19.021 102.5497711 169.1892071 19.021 102.0115603 171.8832878 19.021 101.4322957 174.5985124 19.021 100.8060268 177.3372403 19.021 100.178369 180.0894446 19.021 99.54014118 182.8465001 19.021 98.88864451 181.9506795 21.23566667 99.00033719 179.385418 21.23566667 98.33495244 176.7852087 21.23566667 97.85722093 174.1779708 21.23566667 97.51483773 171.5815024 21.23566667 97.26709412 169.0120606 21.23566667 97.04352735 166.4750509 21.23566667 96.86349367 163.9791903 21.23566667 96.70905915 161.5324304 21.23566667 96.56694793 159.1408533 21.23566667 96.4509935 156.810398 21.23566667 96.38851863 154.5484826 21.23566667 96.39494523 152.3626403 21.23566667 96.44140316 150.2590039 21.23566667 96.50674966 148.2432553 21.23566667 96.58371666 146.321142 21.23566667 96.67476406 144.4983778 21.23566667 96.78414345 142.7806508 21.23566667 96.91617695 141.1736555 21.23566667 97.07493518 139.6826557 21.23566667 97.25900617 138.3133772 21.23566667 97.47149929 137.069879 21.23566667 97.70441115 135.9565616 21.23566667 97.95545415 134.97922 21.23566667 98.22632916 134.1443899 21.23566667 98.51843773 133.4656205 21.23566667 98.84174255 132.9659622 21.23566667 99.20209165 132.680341 21.23566667 99.58976455 132.531981 21.23566667 99.90016455 132.4932564 21.23566667 100.104166 132.4905766 21.23566667 100.173541 132.49311 21.23566667 100.2436018 132.5282952 21.23566667 100.4504343 132.6621309 21.23566667 100.7717758 132.9298543 21.23566667 101.1794943 133.4006163 21.23566667 101.5883042 134.0420903 21.23566667 101.9960715 134.848365 21.23566667 102.3816945 135.8080076 21.23566667 102.7410064 136.9157542 21.23566667 103.0611177 138.1629186 21.23566667 103.3401915 139.5418155 21.23566667 103.5795824 141.0462847 21.23566667 103.7755243 142.669386 21.23566667 103.9327762 144.4050156 21.23566667 104.0511102 146.2471584 21.23566667 104.1313575 148.1898708 21.23566667 104.1665975 150.226685 21.23566667 104.1489535 152.3505245 21.23566667 104.0739532 154.5540065 21.23566667 103.9391705 156.8297022 21.23566667 103.7445187 159.1695173 21.23566667 103.4852299 161.565415 21.23566667 103.1604575 164.0094485 21.23566667 102.771132 166.4948599 21.23566667 102.3252021 169.0148204 21.23566667 101.8286268 171.5644659 21.23566667 101.2959817 174.1359629 21.23566667 100.7268941 176.7294843 21.23566667 100.1556886 179.3370746 21.23566667 99.5809268 181.9506797 21.23566667 99.00033626 181.0548591 23.45033333 99.11202886 178.6292569 23.45033333 98.53517867 176.1752648 23.45033333 98.1296122 173.7183824 23.45033333 97.8383755 171.2734618 23.45033333 97.62810292 168.8533062 23.45033333 97.4524877 166.4646323 23.45033333 97.31019812 164.115283 23.45033333 97.18490351 161.8122925 23.45033333 97.06943109 159.561432 23.45033333 96.97767851 157.3684818 23.45033333 96.93465759 155.2403463 23.45033333 96.9444602 153.1836475 23.45033333 96.98011879 151.2040901 23.45033333 97.02819144 149.3070879 23.45033333 97.08574952 147.4980468 23.45033333 97.15646681 145.7823035 23.45033333 97.24465338 144.1651092 23.45033333 97.35375136 142.6516482 23.45033333 97.48653708 141.2465978 23.45033333 97.64022091 139.9549464 23.45033333 97.81683083 138.7801145 23.45033333 98.00758316 137.7266804 23.45033333 98.21505336 136.7998449 23.45033333 98.44145992 136.0058248 23.45033333 98.69010952 135.355937 23.45033333 98.96909406 134.8685611 23.45033333 99.28319835 134.581879 23.45033333 99.63306897 134.4284311 23.45033333 99.91778285 134.3875762 23.45033333 100.1087188 134.3847276 23.45033333 100.1739715 134.3874275 23.45033333 100.2399584 134.4241303 23.45033333 100.4341157 134.5591813 23.45033333 100.7328313 134.8194845 23.45033333 101.1113458 135.2678845 23.45033333 101.4915174 135.8773518 23.45033333 101.8672364 136.6419005 23.45033333 102.2199947 137.5490403 23.45033333 102.5502626 138.5938308 23.45033333 102.8477009 139.7693938 23.45033333 103.1078679 141.0687219 23.45033333 103.3317034 142.4864645 23.45033333 103.5130689 144.0160328 23.45033333 103.65619 145.6516469 23.45033333 103.7598139 147.3874803 23.45033333 103.825844 149.217827 23.45033333 103.8491838 151.1365674 23.45033333 103.8232851 153.137109 23.45033333 103.7447819 155.2125821 23.45033333 103.6115314 157.3561083 23.45033333 103.4238563 159.5602198 23.45033333 103.1778261 161.8175785 23.45033333 102.8734705 164.1208838 23.45033333 102.5118603 166.4639255 23.45033333 102.100633 168.8404337 23.45033333 101.6456933 171.2456439 23.45033333 101.1596677 173.6734133 23.45033333 100.6477614 176.1217283 23.45033333 100.1330083 178.5847046 23.45033333 99.62171242 181.0548593 23.45033333 99.11202801 180.1590387 25.665 99.22372052 177.8730957 25.665 98.73540489 175.5653208 25.665 98.40200347 173.2587939 25.665 98.16191327 170.9654213 25.665 97.98911172 168.6945518 25.665 97.86144805 166.4542138 25.665 97.75690257 164.2513757 25.665 97.66074787 162.0921545 25.665 97.57191424 159.9820108 25.665 97.50436353 157.9265655 25.665 97.48079654 155.9322101 25.665 97.49397516 154.0046548 25.665 97.51883443 152.1491762 25.665 97.54963322 150.3709205 25.665 97.58778239 148.6749515 25.665 97.63816956 147.0662291 25.665 97.70516331 145.5495677 25.665 97.79132576 144.1296409 25.665 97.89813898 142.8105398 25.665 98.02143564 141.5965157 25.665 98.16216238 140.49035 25.665 98.31075518 139.4967992 25.665 98.47465256 138.6204699 25.665 98.65659068 137.8672597 25.665 98.8617813 137.2462535 25.665 99.09644558 136.7711599 25.665 99.36430505 136.483417 25.665 99.67637339 136.3248812 25.665 99.93540115 136.281896 25.665 100.1132715 136.2788786 25.665 100.1744021 136.281745 25.665 100.2363151 136.3199655 25.665 100.417797 136.4562318 25.665 100.6938868 136.7091148 25.665 101.0431973 137.1351527 25.665 101.3947307 137.7126134 25.665 101.7384012 138.435436 25.665 102.0582949 139.2900729 25.665 102.3595188 140.2719073 25.665 102.6342841 141.375869 25.665 102.8755443 142.5956284 25.665 103.0838244 143.9266442 25.665 103.2506135 145.3626796 25.665 103.3796037 146.8982782 25.665 103.4685177 148.5278022 25.665 103.5203306 150.2457833 25.665 103.5317701 152.0464498 25.665 103.4976167 153.9236934 25.665 103.4156106 155.8711578 25.665 103.2838923 157.8825145 25.665 103.103194 159.9509222 25.665 102.8704224 162.0697421 25.665 102.5864834 164.2323191 25.665 102.2525886 166.4329912 25.665 101.8760639 168.666047 25.665 101.4627598 170.926822 25.665 101.0233536 173.2108637 25.665 100.5686287 175.5139723 25.665 100.1103279 177.8323347 25.665 99.66249803 180.1590389 25.665 99.22371975 179.0928872 28.36888889 99.32775199 176.9218368 28.36888889 98.87420422 174.7314789 28.36888889 98.56055427 172.5426845 28.36888889 98.33264492 170.3665282 28.36888889 98.16670487 168.2117591 28.36888889 98.04268629 166.085904 28.36888889 97.94110276 163.9955433 28.36888889 97.84900634 161.9465239 28.36888889 97.76491678 159.9440768 28.36888889 97.70108717 157.9935642 28.36888889 97.67735872 156.1010132 28.36888889 97.68739264 154.2718347 28.36888889 97.70921827 152.5110474 28.36888889 97.73674703 150.8235325 28.36888889 97.7709688 149.2140906 28.36888889 97.81688858 147.6874257 28.36888889 97.87885497 146.248071 28.36888889 97.95820387 144.9004502 28.36888889 98.0566627 143.6484338 28.36888889 98.17029887 142.4960149 28.36888889 98.29974364 141.4458802 28.36888889 98.43657356 140.502456 28.36888889 98.5874384 139.6700333 28.36888889 98.75486111 138.9541362 28.36888889 98.94421371 138.3640748 28.36888889 99.16449546 137.9130642 28.36888889 99.41839201 137.6361538 28.36888889 99.7102268 137.4806082 28.36888889 99.95153988 137.4334987 28.36888889 100.1161355 137.4282887 28.36888889 100.1729676 137.4331461 28.36888889 100.2307644 137.4753227 28.36888889 100.3995662 137.6097169 28.36888889 100.6578779 137.8537093 28.36888889 100.9856498 138.2584289 28.36888889 101.318554 138.8066597 28.36888889 101.6439375 139.4934282 28.36888889 101.9449752 140.305221 28.36888889 102.2277621 141.2373669 28.36888889 102.4860033 142.2850136 28.36888889 102.7136308 143.4425314 28.36888889 102.9095234 144.7053809 28.36888889 103.0673301 146.0678562 28.36888889 103.1891723 147.524843 28.36888889 103.2714852 149.0708677 28.36888889 103.3199694 150.700793 28.36888889 103.3312018 152.4091637 28.36888889 103.2988614 154.1901644 28.36888889 103.2204876 156.0378637 28.36888889 103.0962901 157.946215 28.36888889 102.9258738 159.908771 28.36888889 102.7065497 161.9193393 28.36888889 102.4399925 163.9716128 28.36888889 102.1270655 166.0602598 28.36888889 101.7749144 168.1798732 28.36888889 101.3890781 170.325986 28.36888889 100.9794683 172.4946069 28.36888889 100.5583295 174.6817071 28.36888889 100.1372894 176.8833062 28.36888889 99.72732461 179.0928873 28.36888889 99.32775131 178.0267356 31.07277778 99.43178346 175.970578 31.07277778 99.01300356 173.897637 31.07277778 98.71910508 171.826575 31.07277778 98.50337657 169.767635 31.07277778 98.34429802 167.7289663 31.07277778 98.22392453 165.7175942 31.07277778 98.12530295 163.7397108 31.07277778 98.03726481 161.8008933 31.07277778 97.95791932 159.9061429 31.07277778 97.89781082 158.0605628 31.07277778 97.87392089 156.2698164 31.07277778 97.88081012 154.5390146 31.07277778 97.89960211 152.8729186 31.07277778 97.92386083 151.2761445 31.07277778 97.9541552 149.7532297 31.07277778 97.99560761 148.3086222 31.07277778 98.05254663 146.9465743 31.07277778 98.12508197 145.6712595 31.07277778 98.21518642 144.4863278 31.07277778 98.31916209 143.3955142 31.07277778 98.4373249 142.4014105 31.07277778 98.56239194 141.5081127 31.07277778 98.70022424 140.7195967 31.07277778 98.85313153 140.0410128 31.07277778 99.02664613 139.4818961 31.07277778 99.23254535 139.0549685 31.07277778 99.47247897 138.7888905 31.07277778 99.74408021 138.6363351 31.07277778 99.96767861 138.5851014 31.07277778 100.1189994 138.5776989 31.07277778 100.1715332 138.5845471 31.07277778 100.2252138 138.6306799 31.07277778 100.3813353 138.763202 31.07277778 100.621869 138.9983038 31.07277778 100.9281024 139.381705 31.07277778 101.2423774 139.900706 31.07277778 101.5494737 140.5514203 31.07277778 101.8316554 141.3203691 31.07277778 102.0960054 142.2028265 31.07277778 102.3377224 143.1941581 31.07277778 102.5517173 144.2894343 31.07277778 102.7352223 145.4841176 31.07277778 102.8840467 146.7730327 31.07277778 102.9987408 148.1514078 31.07277778 103.0744527 149.6139332 31.07277778 103.1196082 151.1558026 31.07277778 103.1306336 152.7718777 31.07277778 103.100106 154.4566353 31.07277778 103.0253646 156.2045696 31.07277778 102.9086879 158.0099156 31.07277778 102.7485536 159.8666198 31.07277778 102.5426769 161.7689366 31.07277778 102.2935017 163.7109065 31.07277778 102.0015423 165.6875285 31.07277778 101.6737649 167.6936993 31.07277778 101.3153965 169.7251501 31.07277778 100.935583 171.77835 31.07277778 100.5480303 173.849442 31.07277778 100.164251 175.9342776 31.07277778 99.79215118 178.0267357 31.07277778 99.43178287 176.960584 33.77666667 99.53581493 175.0193191 33.77666667 99.15180289 173.063795 33.77666667 98.87765588 171.1104655 33.77666667 98.67410822 169.1687419 33.77666667 98.52189117 167.2461736 33.77666667 98.40516278 165.3492844 33.77666667 98.30950314 163.4838784 33.77666667 98.22552328 161.6552628 33.77666667 98.15092186 159.8682089 33.77666667 98.09453447 158.1275614 33.77666667 98.07048307 156.4386195 33.77666667 98.07422761 154.8061945 33.77666667 98.08998595 153.2347899 33.77666667 98.11097464 151.7287565 33.77666667 98.1373416 150.2923688 33.77666667 98.17432663 148.9298188 33.77666667 98.2262383 147.6450777 33.77666667 98.29196007 146.4420688 33.77666667 98.37371015 145.3242218 33.77666667 98.46802531 144.2950134 33.77666667 98.57490616 143.3569408 33.77666667 98.68821033 142.5137694 33.77666667 98.81301008 141.7691601 33.77666667 98.95140196 141.1278893 33.77666667 99.10907854 140.5997174 33.77666667 99.30059523 140.1968728 33.77666667 99.52656593 139.9416273 33.77666667 99.77793362 139.792062 33.77666667 99.98381733 139.7367041 33.77666667 100.1218633 139.727109 33.77666667 100.1700987 139.7359481 33.77666667 100.2196631 139.7860372 33.77666667 100.3631045 139.9166872 33.77666667 100.5858602 140.1428983 33.77666667 100.8705549 140.5049812 33.77666667 101.1662007 140.9947524 33.77666667 101.45501 141.6094125 33.77666667 101.7183356 142.3355172 33.77666667 101.9642487 143.1682862 33.77666667 102.1894416 144.1033027 33.77666667 102.3898037 145.1363373 33.77666667 102.5609212 146.2628542 33.77666667 102.7007632 147.4782093 33.77666667 102.8083094 148.7779726 33.77666667 102.8774202 150.1569987 33.77666667 102.919247 151.6108123 33.77666667 102.9300654 153.1345916 33.77666667 102.9013507 154.7231063 33.77666667 102.8302416 156.3712754 33.77666667 102.7210857 158.0736161 33.77666667 102.5712334 159.8244686 33.77666667 102.3788042 161.6185338 33.77666667 102.1470108 163.4502002 33.77666667 101.8760191 165.3147971 33.77666667 101.5726154 167.2075255 33.77666667 101.2417148 169.1243141 33.77666667 100.8916976 171.0620932 33.77666667 100.5377311 173.0171768 33.77666667 100.1912126 174.9852491 33.77666667 99.85697776 176.9605841 33.77666667 99.53581443 175.8944324 36.48055556 99.63984641 174.0680602 36.48055556 99.29060222 172.2299531 36.48055556 99.03620669 170.394356 36.48055556 98.84483987 168.5698488 36.48055556 98.69948432 166.7633808 36.48055556 98.58640102 164.9809746 36.48055556 98.49370333 163.228046 36.48055556 98.41378175 161.5096322 36.48055556 98.3439244 159.8302749 36.48055556 98.29125811 158.1945601 36.48055556 98.26704525 156.6074227 36.48055556 98.26764509 155.0733744 36.48055556 98.28036979 153.5966611 36.48055556 98.29808844 152.1813685 36.48055556 98.320528 150.8315078 36.48055556 98.35304566 149.5510153 36.48055556 98.39992996 148.343581 36.48055556 98.45883818 147.2128781 36.48055556 98.53223387 146.1621159 36.48055556 98.61688853 145.1945127 36.48055556 98.71248742 144.3124711 36.48055556 98.81402871 143.5194262 36.48055556 98.92579591 142.8187235 36.48055556 99.04967238 142.2147658 36.48055556 99.19151095 141.7175387 36.48055556 99.36864512 141.3387771 36.48055556 99.58065289 141.094364 36.48055556 99.81178702 140.9477889 36.48055556 99.99995606 140.8883069 36.48055556 100.1247273 140.8765191 36.48055556 100.1686642 140.8873491 36.48055556 100.2141125 140.9413944 36.48055556 100.3448737 141.0701723 36.48055556 100.5498513 141.2874928 36.48055556 100.8130075 141.6282573 36.48055556 101.0900241 142.0887987 36.48055556 101.3605462 142.6674046 36.48055556 101.6050158 143.3506652 36.48055556 101.8324921 144.1337458 36.48055556 102.0411608 145.0124472 36.48055556 102.2278902 145.9832403 36.48055556 102.3866202 147.0415909 36.48055556 102.5174798 148.1833859 36.48055556 102.6178779 149.4045375 36.48055556 102.6803877 150.7000642 36.48055556 102.7188858 152.065822 36.48055556 102.7294971 153.4973056 36.48055556 102.7025953 154.9895773 36.48055556 102.6351186 156.5379813 36.48055556 102.5334835 158.1373166 36.48055556 102.3939132 159.7823174 36.48055556 102.2149315 161.468131 36.48055556 102.0005199 163.1894938 36.48055556 101.750496 164.9420657 36.48055556 101.4714659 166.7213516 36.48055556 101.1680331 168.5234782 36.48055556 100.8478123 170.3458363 36.48055556 100.5274319 172.1849117 36.48055556 100.2181741 174.0362206 36.48055556 99.92180433 175.8944325 36.48055556 99.63984599 174.8282808 39.18444444 99.74387788 173.1168013 39.18444444 99.42940155 171.3961112 39.18444444 99.19475749 169.6782466 39.18444444 99.01557152 167.9709556 39.18444444 98.87707747 166.2805881 39.18444444 98.76763926 164.6126648 39.18444444 98.67790352 162.9722135 39.18444444 98.60204022 161.3640016 39.18444444 98.53692694 159.792341 39.18444444 98.48798176 158.2615587 39.18444444 98.46360742 156.7762259 39.18444444 98.46106257 155.3405544 39.18444444 98.47075363 153.9585323 39.18444444 98.48520225 152.6339805 39.18444444 98.5037144 151.3706469 39.18444444 98.53176468 150.1722119 39.18444444 98.57362162 149.0420843 39.18444444 98.62571628 147.9836874 39.18444444 98.69075759 147.0000099 39.18444444 98.76575175 146.0940119 39.18444444 98.85006868 145.2680014 39.18444444 98.9398471 144.5250829 39.18444444 99.03858175 143.8682869 39.18444444 99.14794281 143.3016424 39.18444444 99.27394336 142.8353599 39.18444444 99.436695 142.4806814 39.18444444 99.63473986 142.2471008 39.18444444 99.84564043 142.1035159 39.18444444 100.0160948 142.0399096 39.18444444 100.1275912 142.0259293 39.18444444 100.1672298 142.0387502 39.18444444 100.2085618 142.0967517 39.18444444 100.3266428 142.2236574 39.18444444 100.5138425 142.4320873 39.18444444 100.75546 142.7515335 39.18444444 101.0138474 143.1828451 39.18444444 101.2660825 143.7253968 39.18444444 101.491696 144.3658133 39.18444444 101.7007354 145.0992054 39.18444444 101.8928799 145.9215918 39.18444444 102.0659766 146.8301432 39.18444444 102.2123191 147.8203276 39.18444444 102.3341963 148.8885624 39.18444444 102.4274465 150.0311023 39.18444444 102.4833552 151.2431297 39.18444444 102.5185246 152.5208316 39.18444444 102.5289289 153.8600196 39.18444444 102.50384 155.2560482 39.18444444 102.4399955 156.7046872 39.18444444 102.3458812 158.2010172 39.18444444 102.216593 159.7401662 39.18444444 102.0510588 161.3177283 39.18444444 101.8540291 162.9287875 39.18444444 101.6249728 164.5693344 39.18444444 101.3703164 166.2351777 39.18444444 101.0943514 167.9226423 39.18444444 100.803927 169.6295794 39.18444444 100.5171327 171.3526465 39.18444444 100.2451357 173.0871921 39.18444444 99.98663091 174.8282809 39.18444444 99.74387755 173.7621292 41.88833333 99.84790935 172.1655424 41.88833333 99.56820088 170.5622692 41.88833333 99.3533083 168.9621371 41.88833333 99.18630317 167.3720625 41.88833333 99.05467062 165.7977953 41.88833333 98.9488775 164.2443551 41.88833333 98.86210371 162.7163811 41.88833333 98.79029869 161.218371 41.88833333 98.72992948 159.754407 41.88833333 98.68470541 158.3285574 41.88833333 98.6601696 156.945029 41.88833333 98.65448006 155.6077343 41.88833333 98.66113747 154.3204035 41.88833333 98.67231605 153.0865925 41.88833333 98.68690081 151.909786 41.88833333 98.7104837 150.7934084 41.88833333 98.74731328 149.7405877 41.88833333 98.79259438 148.7544967 41.88833333 98.84928131 147.8379039 41.88833333 98.91461497 146.9935112 41.88833333 98.98764994 146.2235316 41.88833333 99.06566548 145.5307396 41.88833333 99.15136759 144.9178503 41.88833333 99.24621323 144.3885189 41.88833333 99.35637577 143.9531812 41.88833333 99.50474489 143.6225857 41.88833333 99.68882682 143.3998375 41.88833333 99.87949384 143.2592428 41.88833333 100.0322335 143.1915123 41.88833333 100.1304552 143.1753394 41.88833333 100.1657953 143.1901512 41.88833333 100.2030112 143.2521089 41.88833333 100.308412 143.3771426 41.88833333 100.4778336 143.5766817 41.88833333 100.6979126 143.8748096 41.88833333 100.9376708 144.2768914 41.88833333 101.1716187 144.7833889 41.88833333 101.3783762 145.3809614 41.88833333 101.5689787 146.064665 41.88833333 101.7445991 146.8307363 41.88833333 101.9040631 147.6770462 41.88833333 102.0380181 148.5990643 41.88833333 102.1509129 149.593739 41.88833333 102.2370151 150.6576671 41.88833333 102.2863227 151.7861952 41.88833333 102.3181634 152.9758413 41.88833333 102.3283606 154.2227335 41.88833333 102.3050847 155.5225192 41.88833333 102.2448725 156.8713931 41.88833333 102.158279 158.2647177 41.88833333 102.0392728 159.698015 41.88833333 101.8871861 161.1673255 41.88833333 101.7075382 162.6680812 41.88833333 101.4994497 164.196603 41.88833333 101.2691669 165.7490039 41.88833333 101.0206697 167.3218063 41.88833333 100.7600417 168.9133226 41.88833333 100.5068335 170.5203814 41.88833333 100.2720973 172.1381636 41.88833333 100.0514575 173.7621293 41.88833333 99.84790911 172.6959776 44.59222222 99.95194082 171.2142835 44.59222222 99.70700021 169.7284273 44.59222222 99.5118591 168.2460276 44.59222222 99.35703482 166.7731694 44.59222222 99.23226377 165.3150026 44.59222222 99.13011574 163.8760453 44.59222222 99.0463039 162.4605487 44.59222222 98.97855716 161.0727404 44.59222222 98.92293201 159.7164731 44.59222222 98.88142905 158.395556 44.59222222 98.85673178 157.1138322 44.59222222 98.84789754 155.8749142 44.59222222 98.85152131 154.6822747 44.59222222 98.85942986 153.5392045 44.59222222 98.87008721 152.448925 44.59222222 98.88920273 151.414605 44.59222222 98.92100494 150.439091 44.59222222 98.95947249 149.525306 44.59222222 99.00780504 148.6757979 44.59222222 99.0634782 147.8930104 44.59222222 99.1252312 147.1790619 44.59222222 99.19148386 146.5363963 44.59222222 99.26415343 145.9674137 44.59222222 99.34448366 145.4753955 44.59222222 99.43880818 145.0710025 44.59222222 99.57279477 144.76449 44.59222222 99.74291378 144.5525743 44.59222222 99.91334725 144.4149697 44.59222222 100.0483723 144.343115 44.59222222 100.1333191 144.3247496 44.59222222 100.1643609 144.3415522 44.59222222 100.1974605 144.4074661 44.59222222 100.2901812 144.5306277 44.59222222 100.4418248 144.7212762 44.59222222 100.6403652 144.9980858 44.59222222 100.8614942 145.3709377 44.59222222 101.077155 145.8413811 44.59222222 101.2650564 146.3961095 44.59222222 101.4372221 147.0301246 44.59222222 101.5963183 147.7398808 44.59222222 101.7421496 148.5239492 44.59222222 101.863717 149.3778009 44.59222222 101.9676294 150.2989156 44.59222222 102.0465836 151.2842319 44.59222222 102.0892902 152.3292607 44.59222222 102.1178022 153.430851 44.59222222 102.1277924 154.5854475 44.59222222 102.1063293 155.7889901 44.59222222 102.0497495 157.038099 44.59222222 101.9706768 158.3284183 44.59222222 101.8619527 159.6558638 44.59222222 101.7233134 161.0169228 44.59222222 101.5610473 162.4073749 44.59222222 101.3739265 163.8238716 44.59222222 101.1680174 165.26283 44.59222222 100.946988 166.7209704 44.59222222 100.7161563 168.1970657 44.59222222 100.4965344 169.6881162 44.59222222 100.2990588 171.1891351 44.59222222 100.1162841 172.6959777 44.59222222 99.95194066 171.6298261 47.29611111 100.0559723 170.2630246 47.29611111 99.84579955 168.8945854 47.29611111 99.67040991 167.5299182 47.29611111 99.52776647 166.1742762 47.29611111 99.40985692 164.8322098 47.29611111 99.31135398 163.5077355 47.29611111 99.23050409 162.2047162 47.29611111 99.16681563 160.9271098 47.29611111 99.11593455 159.6785391 47.29611111 99.0781527 158.4625547 47.29611111 99.05329395 157.2826353 47.29611111 99.04131502 156.1420941 47.29611111 99.04190516 155.0441459 47.29611111 99.04654366 153.9918165 47.29611111 99.05327361 152.9880641 47.29611111 99.06792175 152.0358015 47.29611111 99.0946966 151.1375943 47.29611111 99.12635059 150.2961153 47.29611111 99.16632876 149.5136919 47.29611111 99.21234142 148.7925096 47.29611111 99.26281246 148.1345922 47.29611111 99.31730225 147.5420531 47.29611111 99.37693927 147.0169771 47.29611111 99.44275408 146.562272 47.29611111 99.52124059 146.1888238 47.29611111 99.64084466 145.9063943 47.29611111 99.79700074 145.7053111 47.29611111 99.94720065 145.5706967 47.29611111 100.064511 145.4947177 47.29611111 100.136183 145.4741597 47.29611111 100.1629264 145.4929533 47.29611111 100.1919099 145.5628234 47.29611111 100.2719503 145.6841128 47.29611111 100.4058159 145.8658707 47.29611111 100.5828177 146.121362 47.29611111 100.7853175 146.4649841 47.29611111 100.9826912 146.8993732 47.29611111 101.1517366 147.4112575 47.29611111 101.3054654 147.9955842 47.29611111 101.4480374 148.6490254 47.29611111 101.580236 149.3708521 47.29611111 101.6894159 150.1565376 47.29611111 101.784346 151.0040921 47.29611111 101.8561522 151.9107968 47.29611111 101.8922578 152.8723262 47.29611111 101.9174411 153.8858606 47.29611111 101.9272241 154.9481614 47.29611111 101.907574 156.0554611 47.29611111 101.8546265 157.2048049 47.29611111 101.7830746 158.3921188 47.29611111 101.6846325 159.6137126 47.29611111 101.5594407 160.86652 47.29611111 101.4145565 162.1466686 47.29611111 101.2484033 163.4511403 47.29611111 101.0668679 164.7766562 47.29611111 100.8733063 166.1201345 47.29611111 100.672271 167.4808089 47.29611111 100.4862352 168.8558511 47.29611111 100.3260204 170.2401066 47.29611111 100.1811106 171.6298261 47.29611111 100.0559722 170.5636745 50 100.1600038 169.3117657 50 99.98459888 168.0607434 50 99.82896071 166.8138087 50 99.69849812 165.5753831 50 99.58745007 164.3494171 50 99.49259223 163.1394257 50 99.41470428 161.9488838 50 99.3550741 160.7814792 50 99.30893709 159.6406051 50 99.27487635 158.5295533 50 99.24985613 157.4514385 50 99.2347325 156.409274 50 99.232289 155.4060171 50 99.23365746 154.4444286 50 99.23646001 153.5272032 50 99.24664078 152.6569981 50 99.26838826 151.8360977 50 99.2932287 151.0669246 50 99.32485248 150.3515859 50 99.36120464 149.6920089 50 99.40039372 149.0901225 50 99.44312063 148.5477098 50 99.48972511 148.0665405 50 99.54102451 147.6491486 50 99.603673 147.3066451 50 99.70889454 147.0482986 50 99.8510877 146.8580478 50 99.98105406 146.7264236 50 100.0806497 146.6463204 50 100.139047 146.6235699 50 100.161492 146.6443543 50 100.1863592 146.7181806 50 100.2537195 146.837598 50 100.369807 147.0104652 50 100.5252703 147.2446381 50 100.7091409 147.5590304 50 100.8882275 147.9573654 50 101.0384168 148.4264056 50 101.1737087 148.9610439 50 101.2997566 149.5581699 50 101.4183225 150.2177551 50 101.5151149 150.9352743 50 101.6010625 151.7092687 50 101.6657207 152.5373616 50 101.6952253 153.4153917 50 101.7170799 154.3408703 50 101.7266559 155.3108754 50 101.7088187 156.321932 50 101.6595035 157.3715107 50 101.5954724 158.4558193 50 101.5073123 159.5715614 50 101.395568 160.7161173 50 101.2680656 161.8859622 50 101.1228802 163.0784089 50 100.9657184 164.2904823 50 100.7996246 165.5192985 50 100.6283857 166.764552 50 100.475936 168.023586 50 100.352982 169.291078 50 100.2459372 170.5636745 50 100.1600038 171.8176985 52.95 100.1600038 170.5657898 52.95 99.98459888 169.3147675 52.95 99.82896071 168.0678327 52.95 99.69849812 166.8294071 52.95 99.58745007 165.6034411 52.95 99.49259223 164.3934497 52.95 99.41470428 163.2029078 52.95 99.3550741 162.0355032 52.95 99.30893709 160.8946292 52.95 99.27487635 159.7835774 52.95 99.24985613 158.7054625 52.95 99.2347325 157.6632981 52.95 99.232289 156.6600411 52.95 99.23365746 155.6984526 52.95 99.23646001 154.7812272 52.95 99.24664078 153.9110221 52.95 99.26838826 153.0901217 52.95 99.2932287 152.3209487 52.95 99.32485248 151.6056099 52.95 99.36120464 150.9460329 52.95 99.40039372 150.3441465 52.95 99.44312063 149.8017338 52.95 99.48972511 149.3205645 52.95 99.54102451 148.9031726 52.95 99.603673 148.5606691 52.95 99.70889454 148.3023226 52.95 99.8510877 148.1120719 52.95 99.98105406 147.9804476 52.95 100.0806497 147.9003445 52.95 100.139047 147.8775939 52.95 100.161492 147.8983783 52.95 100.1863592 147.9722046 52.95 100.2537195 148.091622 52.95 100.369807 148.2644892 52.95 100.5252703 148.4986622 52.95 100.7091409 148.8130544 52.95 100.8882275 149.2113894 52.95 101.0384168 149.6804296 52.95 101.1737087 150.2150679 52.95 101.2997566 150.812194 52.95 101.4183225 151.4717791 52.95 101.5151149 152.1892983 52.95 101.6010625 152.9632927 52.95 101.6657207 153.7913856 52.95 101.6952253 154.6694157 52.95 101.7170799 155.5948943 52.95 101.7266559 156.5648994 52.95 101.7088187 157.5759561 52.95 101.6595035 158.6255348 52.95 101.5954724 159.7098434 52.95 101.5073123 160.8255854 52.95 101.395568 161.9701413 52.95 101.2680656 163.1399863 52.95 101.1228802 164.3324329 52.95 100.9657184 165.5445064 52.95 100.7996246 166.7733226 52.95 100.6283857 168.018576 52.95 100.475936 169.27761 52.95 100.352982 170.5451021 52.95 100.2459372 171.8176985 52.95 100.1600038 173.0717225 55.9 100.1600038 171.8198138 55.9 99.98459888 170.5687915 55.9 99.82896071 169.3218568 55.9 99.69849812 168.0834312 55.9 99.58745007 166.8574651 55.9 99.49259223 165.6474738 55.9 99.41470428 164.4569319 55.9 99.3550741 163.2895273 55.9 99.30893709 162.1486532 55.9 99.27487635 161.0376014 55.9 99.24985613 159.9594865 55.9 99.2347325 158.9173221 55.9 99.232289 157.9140651 55.9 99.23365746 156.9524766 55.9 99.23646001 156.0352513 55.9 99.24664078 155.1650462 55.9 99.26838826 154.3441457 55.9 99.2932287 153.5749727 55.9 99.32485248 152.859634 55.9 99.36120464 152.200057 55.9 99.40039372 151.5981705 55.9 99.44312063 151.0557579 55.9 99.48972511 150.5745886 55.9 99.54102451 150.1571967 55.9 99.603673 149.8146932 55.9 99.70889454 149.5563466 55.9 99.8510877 149.3660959 55.9 99.98105406 149.2344717 55.9 100.0806497 149.1543685 55.9 100.139047 149.1316179 55.9 100.161492 149.1524024 55.9 100.1863592 149.2262287 55.9 100.2537195 149.345646 55.9 100.369807 149.5185133 55.9 100.5252703 149.7526862 55.9 100.7091409 150.0670785 55.9 100.8882275 150.4654134 55.9 101.0384168 150.9344537 55.9 101.1737087 151.4690919 55.9 101.2997566 152.066218 55.9 101.4183225 152.7258032 55.9 101.5151149 153.4433224 55.9 101.6010625 154.2173168 55.9 101.6657207 155.0454097 55.9 101.6952253 155.9234397 55.9 101.7170799 156.8489184 55.9 101.7266559 157.8189235 55.9 101.7088187 158.8299801 55.9 101.6595035 159.8795588 55.9 101.5954724 160.9638674 55.9 101.5073123 162.0796095 55.9 101.395568 163.2241653 55.9 101.2680656 164.3940103 55.9 101.1228802 165.586457 55.9 100.9657184 166.7985304 55.9 100.7996246 168.0273466 55.9 100.6283857 169.2726001 55.9 100.475936 170.531634 55.9 100.352982 171.7991261 55.9 100.2459372 173.0717226 55.9 100.1600038 174.3257466 58.85 100.1600038 173.0738379 58.85 99.98459888 171.8228155 58.85 99.82896071 170.5758808 58.85 99.69849812 169.3374552 58.85 99.58745007 168.1114892 58.85 99.49259223 166.9014978 58.85 99.41470428 165.7109559 58.85 99.3550741 164.5435513 58.85 99.30893709 163.4026772 58.85 99.27487635 162.2916254 58.85 99.24985613 161.2135106 58.85 99.2347325 160.1713461 58.85 99.232289 159.1680892 58.85 99.23365746 158.2065007 58.85 99.23646001 157.2892753 58.85 99.24664078 156.4190702 58.85 99.26838826 155.5981698 58.85 99.2932287 154.8289967 58.85 99.32485248 154.113658 58.85 99.36120464 153.454081 58.85 99.40039372 152.8521946 58.85 99.44312063 152.3097819 58.85 99.48972511 151.8286126 58.85 99.54102451 151.4112207 58.85 99.603673 151.0687172 58.85 99.70889454 150.8103707 58.85 99.8510877 150.6201199 58.85 99.98105406 150.4884957 58.85 100.0806497 150.4083925 58.85 100.139047 150.385642 58.85 100.161492 150.4064264 58.85 100.1863592 150.4802527 58.85 100.2537195 150.5996701 58.85 100.369807 150.7725373 58.85 100.5252703 151.0067102 58.85 100.7091409 151.3211025 58.85 100.8882275 151.7194375 58.85 101.0384168 152.1884777 58.85 101.1737087 152.723116 58.85 101.2997566 153.3202421 58.85 101.4183225 153.9798272 58.85 101.5151149 154.6973464 58.85 101.6010625 155.4713408 58.85 101.6657207 156.2994337 58.85 101.6952253 157.1774638 58.85 101.7170799 158.1029424 58.85 101.7266559 159.0729475 58.85 101.7088187 160.0840041 58.85 101.6595035 161.1335828 58.85 101.5954724 162.2178915 58.85 101.5073123 163.3336335 58.85 101.395568 164.4781894 58.85 101.2680656 165.6480343 58.85 101.1228802 166.840481 58.85 100.9657184 168.0525544 58.85 100.7996246 169.2813706 58.85 100.6283857 170.5266241 58.85 100.475936 171.7856581 58.85 100.352982 173.0531502 58.85 100.2459372 174.3257466 58.85 100.1600038 175.5797706 61.8 100.1600038 174.3278619 61.8 99.98459888 173.0768396 61.8 99.82896071 171.8299048 61.8 99.69849812 170.5914792 61.8 99.58745007 169.3655132 61.8 99.49259223 168.1555219 61.8 99.41470428 166.96498 61.8 99.3550741 165.7975754 61.8 99.30893709 164.6567013 61.8 99.27487635 163.5456495 61.8 99.24985613 162.4675346 61.8 99.2347325 161.4253702 61.8 99.232289 160.4221132 61.8 99.23365746 159.4605247 61.8 99.23646001 158.5432993 61.8 99.24664078 157.6730942 61.8 99.26838826 156.8521938 61.8 99.2932287 156.0830208 61.8 99.32485248 155.367682 61.8 99.36120464 154.708105 61.8 99.40039372 154.1062186 61.8 99.44312063 153.5638059 61.8 99.48972511 153.0826366 61.8 99.54102451 152.6652447 61.8 99.603673 152.3227412 61.8 99.70889454 152.0643947 61.8 99.8510877 151.874144 61.8 99.98105406 151.7425197 61.8 100.0806497 151.6624166 61.8 100.139047 151.639666 61.8 100.161492 151.6604504 61.8 100.1863592 151.7342768 61.8 100.2537195 151.8536941 61.8 100.369807 152.0265614 61.8 100.5252703 152.2607343 61.8 100.7091409 152.5751266 61.8 100.8882275 152.9734615 61.8 101.0384168 153.4425018 61.8 101.1737087 153.97714 61.8 101.2997566 154.5742661 61.8 101.4183225 155.2338512 61.8 101.5151149 155.9513704 61.8 101.6010625 156.7253648 61.8 101.6657207 157.5534577 61.8 101.6952253 158.4314878 61.8 101.7170799 159.3569664 61.8 101.7266559 160.3269715 61.8 101.7088187 161.3380282 61.8 101.6595035 162.3876069 61.8 101.5954724 163.4719155 61.8 101.5073123 164.5876575 61.8 101.395568 165.7322134 61.8 101.2680656 166.9020584 61.8 101.1228802 168.0945051 61.8 100.9657184 169.3065785 61.8 100.7996246 170.5353947 61.8 100.6283857 171.7806482 61.8 100.475936 173.0396821 61.8 100.352982 174.3071742 61.8 100.2459372 175.5797706 61.8 100.1600038 176.8337947 64.75 100.1600038 175.5818859 64.75 99.98459888 174.3308636 64.75 99.82896071 173.0839289 64.75 99.69849812 171.8455033 64.75 99.58745007 170.6195372 64.75 99.49259223 169.4095459 64.75 99.41470428 168.219004 64.75 99.3550741 167.0515994 64.75 99.30893709 165.9107253 64.75 99.27487635 164.7996735 64.75 99.24985613 163.7215586 64.75 99.2347325 162.6793942 64.75 99.232289 161.6761373 64.75 99.23365746 160.7145487 64.75 99.23646001 159.7973234 64.75 99.24664078 158.9271183 64.75 99.26838826 158.1062179 64.75 99.2932287 157.3370448 64.75 99.32485248 156.6217061 64.75 99.36120464 155.9621291 64.75 99.40039372 155.3602426 64.75 99.44312063 154.81783 64.75 99.48972511 154.3366607 64.75 99.54102451 153.9192688 64.75 99.603673 153.5767653 64.75 99.70889454 153.3184188 64.75 99.8510877 153.128168 64.75 99.98105406 152.9965438 64.75 100.0806497 152.9164406 64.75 100.139047 152.8936901 64.75 100.161492 152.9144745 64.75 100.1863592 152.9883008 64.75 100.2537195 153.1077182 64.75 100.369807 153.2805854 64.75 100.5252703 153.5147583 64.75 100.7091409 153.8291506 64.75 100.8882275 154.2274856 64.75 101.0384168 154.6965258 64.75 101.1737087 155.231164 64.75 101.2997566 155.8282901 64.75 101.4183225 156.4878753 64.75 101.5151149 157.2053945 64.75 101.6010625 157.9793889 64.75 101.6657207 158.8074818 64.75 101.6952253 159.6855119 64.75 101.7170799 160.6109905 64.75 101.7266559 161.5809956 64.75 101.7088187 162.5920522 64.75 101.6595035 163.6416309 64.75 101.5954724 164.7259395 64.75 101.5073123 165.8416816 64.75 101.395568 166.9862374 64.75 101.2680656 168.1560824 64.75 101.1228802 169.3485291 64.75 100.9657184 170.5606025 64.75 100.7996246 171.7894187 64.75 100.6283857 173.0346722 64.75 100.475936 174.2937061 64.75 100.352982 175.5611982 64.75 100.2459372 176.8337947 64.75 100.1600038 178.0878187 67.7 100.1600038 176.83591 67.7 99.98459888 175.5848876 67.7 99.82896071 174.3379529 67.7 99.69849812 173.0995273 67.7 99.58745007 171.8735613 67.7 99.49259223 170.6635699 67.7 99.41470428 169.473028 67.7 99.3550741 168.3056234 67.7 99.30893709 167.1647493 67.7 99.27487635 166.0536976 67.7 99.24985613 164.9755827 67.7 99.2347325 163.9334182 67.7 99.232289 162.9301613 67.7 99.23365746 161.9685728 67.7 99.23646001 161.0513474 67.7 99.24664078 160.1811423 67.7 99.26838826 159.3602419 67.7 99.2932287 158.5910688 67.7 99.32485248 157.8757301 67.7 99.36120464 157.2161531 67.7 99.40039372 156.6142667 67.7 99.44312063 156.071854 67.7 99.48972511 155.5906847 67.7 99.54102451 155.1732928 67.7 99.603673 154.8307893 67.7 99.70889454 154.5724428 67.7 99.8510877 154.382192 67.7 99.98105406 154.2505678 67.7 100.0806497 154.1704646 67.7 100.139047 154.1477141 67.7 100.161492 154.1684985 67.7 100.1863592 154.2423248 67.7 100.2537195 154.3617422 67.7 100.369807 154.5346094 67.7 100.5252703 154.7687823 67.7 100.7091409 155.0831746 67.7 100.8882275 155.4815096 67.7 101.0384168 155.9505498 67.7 101.1737087 156.4851881 67.7 101.2997566 157.0823142 67.7 101.4183225 157.7418993 67.7 101.5151149 158.4594185 67.7 101.6010625 159.2334129 67.7 101.6657207 160.0615058 67.7 101.6952253 160.9395359 67.7 101.7170799 161.8650145 67.7 101.7266559 162.8350196 67.7 101.7088187 163.8460763 67.7 101.6595035 164.895655 67.7 101.5954724 165.9799636 67.7 101.5073123 167.0957056 67.7 101.395568 168.2402615 67.7 101.2680656 169.4101065 67.7 101.1228802 170.6025531 67.7 100.9657184 171.8146266 67.7 100.7996246 173.0434427 67.7 100.6283857 174.2886962 67.7 100.475936 175.5477302 67.7 100.352982 176.8152223 67.7 100.2459372 178.0878187 67.7 100.1600038 179.3418427 70.65 100.1600038 178.089934 70.65 99.98459888 176.8389117 70.65 99.82896071 175.5919769 70.65 99.69849812 174.3535514 70.65 99.58745007 173.1275853 70.65 99.49259223 171.917594 70.65 99.41470428 170.7270521 70.65 99.3550741 169.5596475 70.65 99.30893709 168.4187734 70.65 99.27487635 167.3077216 70.65 99.24985613 166.2296067 70.65 99.2347325 165.1874423 70.65 99.232289 164.1841853 70.65 99.23365746 163.2225968 70.65 99.23646001 162.3053714 70.65 99.24664078 161.4351664 70.65 99.26838826 160.6142659 70.65 99.2932287 159.8450929 70.65 99.32485248 159.1297541 70.65 99.36120464 158.4701772 70.65 99.40039372 157.8682907 70.65 99.44312063 157.325878 70.65 99.48972511 156.8447087 70.65 99.54102451 156.4273168 70.65 99.603673 156.0848133 70.65 99.70889454 155.8264668 70.65 99.8510877 155.6362161 70.65 99.98105406 155.5045918 70.65 100.0806497 155.4244887 70.65 100.139047 155.4017381 70.65 100.161492 155.4225225 70.65 100.1863592 155.4963489 70.65 100.2537195 155.6157662 70.65 100.369807 155.7886335 70.65 100.5252703 156.0228064 70.65 100.7091409 156.3371987 70.65 100.8882275 156.7355336 70.65 101.0384168 157.2045739 70.65 101.1737087 157.7392121 70.65 101.2997566 158.3363382 70.65 101.4183225 158.9959233 70.65 101.5151149 159.7134425 70.65 101.6010625 160.4874369 70.65 101.6657207 161.3155299 70.65 101.6952253 162.1935599 70.65 101.7170799 163.1190386 70.65 101.7266559 164.0890436 70.65 101.7088187 165.1001003 70.65 101.6595035 166.149679 70.65 101.5954724 167.2339876 70.65 101.5073123 168.3497297 70.65 101.395568 169.4942855 70.65 101.2680656 170.6641305 70.65 101.1228802 171.8565772 70.65 100.9657184 173.0686506 70.65 100.7996246 174.2974668 70.65 100.6283857 175.5427203 70.65 100.475936 176.8017542 70.65 100.352982 178.0692463 70.65 100.2459372 179.3418427 70.65 100.1600038 180.5958668 73.6 100.1600038 179.343958 73.6 99.98459888 178.0929357 73.6 99.82896071 176.846001 73.6 99.69849812 175.6075754 73.6 99.58745007 174.3816094 73.6 99.49259223 173.171618 73.6 99.41470428 171.9810761 73.6 99.3550741 170.8136715 73.6 99.30893709 169.6727974 73.6 99.27487635 168.5617456 73.6 99.24985613 167.4836308 73.6 99.2347325 166.4414663 73.6 99.232289 165.4382094 73.6 99.23365746 164.4766208 73.6 99.23646001 163.5593955 73.6 99.24664078 162.6891904 73.6 99.26838826 161.86829 73.6 99.2932287 161.0991169 73.6 99.32485248 160.3837782 73.6 99.36120464 159.7242012 73.6 99.40039372 159.1223148 73.6 99.44312063 158.5799021 73.6 99.48972511 158.0987328 73.6 99.54102451 157.6813409 73.6 99.603673 157.3388374 73.6 99.70889454 157.0804909 73.6 99.8510877 156.8902401 73.6 99.98105406 156.7586159 73.6 100.0806497 156.6785127 73.6 100.139047 156.6557622 73.6 100.161492 156.6765466 73.6 100.1863592 156.7503729 73.6 100.2537195 156.8697903 73.6 100.369807 157.0426575 73.6 100.5252703 157.2768304 73.6 100.7091409 157.5912227 73.6 100.8882275 157.9895577 73.6 101.0384168 158.4585979 73.6 101.1737087 158.9932361 73.6 101.2997566 159.5903622 73.6 101.4183225 160.2499474 73.6 101.5151149 160.9674666 73.6 101.6010625 161.741461 73.6 101.6657207 162.5695539 73.6 101.6952253 163.447584 73.6 101.7170799 164.3730626 73.6 101.7266559 165.3430677 73.6 101.7088187 166.3541243 73.6 101.6595035 167.403703 73.6 101.5954724 168.4880116 73.6 101.5073123 169.6037537 73.6 101.395568 170.7483095 73.6 101.2680656 171.9181545 73.6 101.1228802 173.1106012 73.6 100.9657184 174.3226746 73.6 100.7996246 175.5514908 73.6 100.6283857 176.7967443 73.6 100.475936 178.0557783 73.6 100.352982 179.3232703 73.6 100.2459372 180.5958668 73.6 100.1600038 181.8498908 76.55 100.1600038 180.5979821 76.55 99.98459888 179.3469597 76.55 99.82896071 178.100025 76.55 99.69849812 176.8615994 76.55 99.58745007 175.6356334 76.55 99.49259223 174.425642 76.55 99.41470428 173.2351001 76.55 99.3550741 172.0676955 76.55 99.30893709 170.9268215 76.55 99.27487635 169.8157697 76.55 99.24985613 168.7376548 76.55 99.2347325 167.6954903 76.55 99.232289 166.6922334 76.55 99.23365746 165.7306449 76.55 99.23646001 164.8134195 76.55 99.24664078 163.9432144 76.55 99.26838826 163.122314 76.55 99.2932287 162.353141 76.55 99.32485248 161.6378022 76.55 99.36120464 160.9782252 76.55 99.40039372 160.3763388 76.55 99.44312063 159.8339261 76.55 99.48972511 159.3527568 76.55 99.54102451 158.9353649 76.55 99.603673 158.5928614 76.55 99.70889454 158.3345149 76.55 99.8510877 158.1442641 76.55 99.98105406 158.0126399 76.55 100.0806497 157.9325367 76.55 100.139047 157.9097862 76.55 100.161492 157.9305706 76.55 100.1863592 158.0043969 76.55 100.2537195 158.1238143 76.55 100.369807 158.2966815 76.55 100.5252703 158.5308544 76.55 100.7091409 158.8452467 76.55 100.8882275 159.2435817 76.55 101.0384168 159.7126219 76.55 101.1737087 160.2472602 76.55 101.2997566 160.8443863 76.55 101.4183225 161.5039714 76.55 101.5151149 162.2214906 76.55 101.6010625 162.995485 76.55 101.6657207 163.8235779 76.55 101.6952253 164.701608 76.55 101.7170799 165.6270866 76.55 101.7266559 166.5970917 76.55 101.7088187 167.6081484 76.55 101.6595035 168.6577271 76.55 101.5954724 169.7420357 76.55 101.5073123 170.8577777 76.55 101.395568 172.0023336 76.55 101.2680656 173.1721786 76.55 101.1228802 174.3646252 76.55 100.9657184 175.5766987 76.55 100.7996246 176.8055149 76.55 100.6283857 178.0507683 76.55 100.475936 179.3098023 76.55 100.352982 180.5772944 76.55 100.2459372 181.8498908 76.55 100.1600038 183.1039148 79.5 100.1600038 181.8520061 79.5 99.98459888 180.6009838 79.5 99.82896071 179.3540491 79.5 99.69849812 178.1156235 79.5 99.58745007 176.8896574 79.5 99.49259223 175.6796661 79.5 99.41470428 174.4891242 79.5 99.3550741 173.3217196 79.5 99.30893709 172.1808455 79.5 99.27487635 171.0697937 79.5 99.24985613 169.9916788 79.5 99.2347325 168.9495144 79.5 99.232289 167.9462574 79.5 99.23365746 166.9846689 79.5 99.23646001 166.0674436 79.5 99.24664078 165.1972385 79.5 99.26838826 164.376338 79.5 99.2932287 163.607165 79.5 99.32485248 162.8918263 79.5 99.36120464 162.2322493 79.5 99.40039372 161.6303628 79.5 99.44312063 161.0879501 79.5 99.48972511 160.6067808 79.5 99.54102451 160.189389 79.5 99.603673 159.8468855 79.5 99.70889454 159.5885389 79.5 99.8510877 159.3982882 79.5 99.98105406 159.266664 79.5 100.0806497 159.1865608 79.5 100.139047 159.1638102 79.5 100.161492 159.1845946 79.5 100.1863592 159.258421 79.5 100.2537195 159.3778383 79.5 100.369807 159.5507056 79.5 100.5252703 159.7848785 79.5 100.7091409 160.0992708 79.5 100.8882275 160.4976057 79.5 101.0384168 160.966646 79.5 101.1737087 161.5012842 79.5 101.2997566 162.0984103 79.5 101.4183225 162.7579955 79.5 101.5151149 163.4755147 79.5 101.6010625 164.249509 79.5 101.6657207 165.077602 79.5 101.6952253 165.955632 79.5 101.7170799 166.8811107 79.5 101.7266559 167.8511157 79.5 101.7088187 168.8621724 79.5 101.6595035 169.9117511 79.5 101.5954724 170.9960597 79.5 101.5073123 172.1118018 79.5 101.395568 173.2563576 79.5 101.2680656 174.4262026 79.5 101.1228802 175.6186493 79.5 100.9657184 176.8307227 79.5 100.7996246 178.0595389 79.5 100.6283857 179.3047924 79.5 100.475936 180.5638263 79.5 100.352982 181.8313184 79.5 100.2459372 183.1039149 79.5 100.1600038 184.3579389 82.45 100.1600038 183.1060301 82.45 99.98459888 181.8550078 82.45 99.82896071 180.6080731 82.45 99.69849812 179.3696475 82.45 99.58745007 178.1436815 82.45 99.49259223 176.9336901 82.45 99.41470428 175.7431482 82.45 99.3550741 174.5757436 82.45 99.30893709 173.4348695 82.45 99.27487635 172.3238177 82.45 99.24985613 171.2457029 82.45 99.2347325 170.2035384 82.45 99.232289 169.2002815 82.45 99.23365746 168.238693 82.45 99.23646001 167.3214676 82.45 99.24664078 166.4512625 82.45 99.26838826 165.6303621 82.45 99.2932287 164.861189 82.45 99.32485248 164.1458503 82.45 99.36120464 163.4862733 82.45 99.40039372 162.8843869 82.45 99.44312063 162.3419742 82.45 99.48972511 161.8608049 82.45 99.54102451 161.443413 82.45 99.603673 161.1009095 82.45 99.70889454 160.842563 82.45 99.8510877 160.6523122 82.45 99.98105406 160.520688 82.45 100.0806497 160.4405848 82.45 100.139047 160.4178343 82.45 100.161492 160.4386187 82.45 100.1863592 160.512445 82.45 100.2537195 160.6318624 82.45 100.369807 160.8047296 82.45 100.5252703 161.0389025 82.45 100.7091409 161.3532948 82.45 100.8882275 161.7516298 82.45 101.0384168 162.22067 82.45 101.1737087 162.7553083 82.45 101.2997566 163.3524344 82.45 101.4183225 164.0120195 82.45 101.5151149 164.7295387 82.45 101.6010625 165.5035331 82.45 101.6657207 166.331626 82.45 101.6952253 167.2096561 82.45 101.7170799 168.1351347 82.45 101.7266559 169.1051398 82.45 101.7088187 170.1161964 82.45 101.6595035 171.1657751 82.45 101.5954724 172.2500838 82.45 101.5073123 173.3658258 82.45 101.395568 174.5103817 82.45 101.2680656 175.6802266 82.45 101.1228802 176.8726733 82.45 100.9657184 178.0847467 82.45 100.7996246 179.3135629 82.45 100.6283857 180.5588164 82.45 100.475936 181.8178504 82.45 100.352982 183.0853424 82.45 100.2459372 184.3579389 82.45 100.1600038 185.6119629 85.4 100.1600038 184.3600542 85.4 99.98459888 183.1090319 85.4 99.82896071 181.8620971 85.4 99.69849812 180.6236715 85.4 99.58745007 179.3977055 85.4 99.49259223 178.1877141 85.4 99.41470428 176.9971723 85.4 99.3550741 175.8297677 85.4 99.30893709 174.6888936 85.4 99.27487635 173.5778418 85.4 99.24985613 172.4997269 85.4 99.2347325 171.4575625 85.4 99.232289 170.4543055 85.4 99.23365746 169.492717 85.4 99.23646001 168.5754916 85.4 99.24664078 167.7052865 85.4 99.26838826 166.8843861 85.4 99.2932287 166.1152131 85.4 99.32485248 165.3998743 85.4 99.36120464 164.7402973 85.4 99.40039372 164.1384109 85.4 99.44312063 163.5959982 85.4 99.48972511 163.1148289 85.4 99.54102451 162.697437 85.4 99.603673 162.3549335 85.4 99.70889454 162.096587 85.4 99.8510877 161.9063363 85.4 99.98105406 161.774712 85.4 100.0806497 161.6946089 85.4 100.139047 161.6718583 85.4 100.161492 161.6926427 85.4 100.1863592 161.7664691 85.4 100.2537195 161.8858864 85.4 100.369807 162.0587537 85.4 100.5252703 162.2929266 85.4 100.7091409 162.6073189 85.4 100.8882275 163.0056538 85.4 101.0384168 163.4746941 85.4 101.1737087 164.0093323 85.4 101.2997566 164.6064584 85.4 101.4183225 165.2660435 85.4 101.5151149 165.9835627 85.4 101.6010625 166.7575571 85.4 101.6657207 167.58565 85.4 101.6952253 168.4636801 85.4 101.7170799 169.3891587 85.4 101.7266559 170.3591638 85.4 101.7088187 171.3702205 85.4 101.6595035 172.4197992 85.4 101.5954724 173.5041078 85.4 101.5073123 174.6198498 85.4 101.395568 175.7644057 85.4 101.2680656 176.9342507 85.4 101.1228802 178.1266974 85.4 100.9657184 179.3387708 85.4 100.7996246 180.567587 85.4 100.6283857 181.8128405 85.4 100.475936 183.0718744 85.4 100.352982 184.3393665 85.4 100.2459372 185.6119629 85.4 100.1600038 186.865987 88.35 100.1600038 185.6140782 88.35 99.98459888 184.3630559 88.35 99.82896071 183.1161212 88.35 99.69849812 181.8776956 88.35 99.58745007 180.6517295 88.35 99.49259223 179.4417382 88.35 99.41470428 178.2511963 88.35 99.3550741 177.0837917 88.35 99.30893709 175.9429176 88.35 99.27487635 174.8318658 88.35 99.24985613 173.7537509 88.35 99.2347325 172.7115865 88.35 99.232289 171.7083296 88.35 99.23365746 170.746741 88.35 99.23646001 169.8295157 88.35 99.24664078 168.9593106 88.35 99.26838826 168.1384101 88.35 99.2932287 167.3692371 88.35 99.32485248 166.6538984 88.35 99.36120464 165.9943214 88.35 99.40039372 165.3924349 88.35 99.44312063 164.8500223 88.35 99.48972511 164.368853 88.35 99.54102451 163.9514611 88.35 99.603673 163.6089576 88.35 99.70889454 163.350611 88.35 99.8510877 163.1603603 88.35 99.98105406 163.0287361 88.35 100.0806497 162.9486329 88.35 100.139047 162.9258823 88.35 100.161492 162.9466668 88.35 100.1863592 163.0204931 88.35 100.2537195 163.1399104 88.35 100.369807 163.3127777 88.35 100.5252703 163.5469506 88.35 100.7091409 163.8613429 88.35 100.8882275 164.2596778 88.35 101.0384168 164.7287181 88.35 101.1737087 165.2633563 88.35 101.2997566 165.8604824 88.35 101.4183225 166.5200676 88.35 101.5151149 167.2375868 88.35 101.6010625 168.0115812 88.35 101.6657207 168.8396741 88.35 101.6952253 169.7177042 88.35 101.7170799 170.6431828 88.35 101.7266559 171.6131879 88.35 101.7088187 172.6242445 88.35 101.6595035 173.6738232 88.35 101.5954724 174.7581318 88.35 101.5073123 175.8738739 88.35 101.395568 177.0184297 88.35 101.2680656 178.1882747 88.35 101.1228802 179.3807214 88.35 100.9657184 180.5927948 88.35 100.7996246 181.821611 88.35 100.6283857 183.0668645 88.35 100.475936 184.3258984 88.35 100.352982 185.5933905 88.35 100.2459372 186.865987 88.35 100.1600038 188.120011 91.3 100.1600038 186.8681023 91.3 99.98459888 185.6170799 91.3 99.82896071 184.3701452 91.3 99.69849812 183.1317196 91.3 99.58745007 181.9057536 91.3 99.49259223 180.6957622 91.3 99.41470428 179.5052203 91.3 99.3550741 178.3378157 91.3 99.30893709 177.1969416 91.3 99.27487635 176.0858898 91.3 99.24985613 175.007775 91.3 99.2347325 173.9656105 91.3 99.232289 172.9623536 91.3 99.23365746 172.0007651 91.3 99.23646001 171.0835397 91.3 99.24664078 170.2133346 91.3 99.26838826 169.3924342 91.3 99.2932287 168.6232611 91.3 99.32485248 167.9079224 91.3 99.36120464 167.2483454 91.3 99.40039372 166.646459 91.3 99.44312063 166.1040463 91.3 99.48972511 165.622877 91.3 99.54102451 165.2054851 91.3 99.603673 164.8629816 91.3 99.70889454 164.6046351 91.3 99.8510877 164.4143843 91.3 99.98105406 164.2827601 91.3 100.0806497 164.2026569 91.3 100.139047 164.1799064 91.3 100.161492 164.2006908 91.3 100.1863592 164.2745171 91.3 100.2537195 164.3939345 91.3 100.369807 164.5668017 91.3 100.5252703 164.8009746 91.3 100.7091409 165.1153669 91.3 100.8882275 165.5137019 91.3 101.0384168 165.9827421 91.3 101.1737087 166.5173804 91.3 101.2997566 167.1145065 91.3 101.4183225 167.7740916 91.3 101.5151149 168.4916108 91.3 101.6010625 169.2656052 91.3 101.6657207 170.0936981 91.3 101.6952253 170.9717282 91.3 101.7170799 171.8972068 91.3 101.7266559 172.8672119 91.3 101.7088187 173.8782686 91.3 101.6595035 174.9278473 91.3 101.5954724 176.0121559 91.3 101.5073123 177.1278979 91.3 101.395568 178.2724538 91.3 101.2680656 179.4422988 91.3 101.1228802 180.6347454 91.3 100.9657184 181.8468188 91.3 100.7996246 183.075635 91.3 100.6283857 184.3208885 91.3 100.475936 185.5799225 91.3 100.352982 186.8474146 91.3 100.2459372 188.120011 91.3 100.1600038 189.374035 94.25 100.1600038 188.1221263 94.25 99.98459888 186.871104 94.25 99.82896071 185.6241692 94.25 99.69849812 184.3857437 94.25 99.58745007 183.1597776 94.25 99.49259223 181.9497863 94.25 99.41470428 180.7592444 94.25 99.3550741 179.5918398 94.25 99.30893709 178.4509657 94.25 99.27487635 177.3399139 94.25 99.24985613 176.261799 94.25 99.2347325 175.2196346 94.25 99.232289 174.2163776 94.25 99.23365746 173.2547891 94.25 99.23646001 172.3375637 94.25 99.24664078 171.4673587 94.25 99.26838826 170.6464582 94.25 99.2932287 169.8772852 94.25 99.32485248 169.1619464 94.25 99.36120464 168.5023694 94.25 99.40039372 167.900483 94.25 99.44312063 167.3580703 94.25 99.48972511 166.876901 94.25 99.54102451 166.4595091 94.25 99.603673 166.1170056 94.25 99.70889454 165.8586591 94.25 99.8510877 165.6684084 94.25 99.98105406 165.5367841 94.25 100.0806497 165.456681 94.25 100.139047 165.4339304 94.25 100.161492 165.4547148 94.25 100.1863592 165.5285412 94.25 100.2537195 165.6479585 94.25 100.369807 165.8208258 94.25 100.5252703 166.0549987 94.25 100.7091409 166.369391 94.25 100.8882275 166.7677259 94.25 101.0384168 167.2367662 94.25 101.1737087 167.7714044 94.25 101.2997566 168.3685305 94.25 101.4183225 169.0281156 94.25 101.5151149 169.7456348 94.25 101.6010625 170.5196292 94.25 101.6657207 171.3477222 94.25 101.6952253 172.2257522 94.25 101.7170799 173.1512308 94.25 101.7266559 174.1212359 94.25 101.7088187 175.1322926 94.25 101.6595035 176.1818713 94.25 101.5954724 177.2661799 94.25 101.5073123 178.381922 94.25 101.395568 179.5264778 94.25 101.2680656 180.6963228 94.25 101.1228802 181.8887695 94.25 100.9657184 183.1008429 94.25 100.7996246 184.3296591 94.25 100.6283857 185.5749126 94.25 100.475936 186.8339465 94.25 100.352982 188.1014386 94.25 100.2459372 189.374035 94.25 100.1600038 190.6280591 97.2 100.1600038 189.3761503 97.2 99.98459888 188.125128 97.2 99.82896071 186.8781933 97.2 99.69849812 185.6397677 97.2 99.58745007 184.4138017 97.2 99.49259223 183.2038103 97.2 99.41470428 182.0132684 97.2 99.3550741 180.8458638 97.2 99.30893709 179.7049897 97.2 99.27487635 178.5939379 97.2 99.24985613 177.5158231 97.2 99.2347325 176.4736586 97.2 99.232289 175.4704017 97.2 99.23365746 174.5088131 97.2 99.23646001 173.5915878 97.2 99.24664078 172.7213827 97.2 99.26838826 171.9004823 97.2 99.2932287 171.1313092 97.2 99.32485248 170.4159705 97.2 99.36120464 169.7563935 97.2 99.40039372 169.154507 97.2 99.44312063 168.6120944 97.2 99.48972511 168.1309251 97.2 99.54102451 167.7135332 97.2 99.603673 167.3710297 97.2 99.70889454 167.1126832 97.2 99.8510877 166.9224324 97.2 99.98105406 166.7908082 97.2 100.0806497 166.710705 97.2 100.139047 166.6879545 97.2 100.161492 166.7087389 97.2 100.1863592 166.7825652 97.2 100.2537195 166.9019826 97.2 100.369807 167.0748498 97.2 100.5252703 167.3090227 97.2 100.7091409 167.623415 97.2 100.8882275 168.02175 97.2 101.0384168 168.4907902 97.2 101.1737087 169.0254284 97.2 101.2997566 169.6225545 97.2 101.4183225 170.2821397 97.2 101.5151149 170.9996589 97.2 101.6010625 171.7736533 97.2 101.6657207 172.6017462 97.2 101.6952253 173.4797763 97.2 101.7170799 174.4052549 97.2 101.7266559 175.37526 97.2 101.7088187 176.3863166 97.2 101.6595035 177.4358953 97.2 101.5954724 178.5202039 97.2 101.5073123 179.635946 97.2 101.395568 180.7805018 97.2 101.2680656 181.9503468 97.2 101.1228802 183.1427935 97.2 100.9657184 184.3548669 97.2 100.7996246 185.5836831 97.2 100.6283857 186.8289366 97.2 100.475936 188.0879705 97.2 100.352982 189.3554626 97.2 100.2459372 190.6280591 97.2 100.1600038 191.8820831 100.15 100.1600038 190.6301744 100.15 99.98459888 189.379152 100.15 99.82896071 188.1322173 100.15 99.69849812 186.8937917 100.15 99.58745007 185.6678257 100.15 99.49259223 184.4578343 100.15 99.41470428 183.2672924 100.15 99.3550741 182.0998878 100.15 99.30893709 180.9590138 100.15 99.27487635 179.847962 100.15 99.24985613 178.7698471 100.15 99.2347325 177.7276826 100.15 99.232289 176.7244257 100.15 99.23365746 175.7628372 100.15 99.23646001 174.8456118 100.15 99.24664078 173.9754067 100.15 99.26838826 173.1545063 100.15 99.2932287 172.3853332 100.15 99.32485248 171.6699945 100.15 99.36120464 171.0104175 100.15 99.40039372 170.4085311 100.15 99.44312063 169.8661184 100.15 99.48972511 169.3849491 100.15 99.54102451 168.9675572 100.15 99.603673 168.6250537 100.15 99.70889454 168.3667072 100.15 99.8510877 168.1764564 100.15 99.98105406 168.0448322 100.15 100.0806497 167.964729 100.15 100.139047 167.9419785 100.15 100.161492 167.9627629 100.15 100.1863592 168.0365892 100.15 100.2537195 168.1560066 100.15 100.369807 168.3288738 100.15 100.5252703 168.5630467 100.15 100.7091409 168.877439 100.15 100.8882275 169.275774 100.15 101.0384168 169.7448142 100.15 101.1737087 170.2794525 100.15 101.2997566 170.8765786 100.15 101.4183225 171.5361637 100.15 101.5151149 172.2536829 100.15 101.6010625 173.0276773 100.15 101.6657207 173.8557702 100.15 101.6952253 174.7338003 100.15 101.7170799 175.6592789 100.15 101.7266559 176.629284 100.15 101.7088187 177.6403407 100.15 101.6595035 178.6899194 100.15 101.5954724 179.774228 100.15 101.5073123 180.88997 100.15 101.395568 182.0345259 100.15 101.2680656 183.2043709 100.15 101.1228802 184.3968175 100.15 100.9657184 185.608891 100.15 100.7996246 186.8377072 100.15 100.6283857 188.0829606 100.15 100.475936 189.3419946 100.15 100.352982 190.6094867 100.15 100.2459372 191.8820831 100.15 100.1600038 193.1361071 103.1 100.1600038 191.8841984 103.1 99.98459888 190.6331761 103.1 99.82896071 189.3862413 103.1 99.69849812 188.1478158 103.1 99.58745007 186.9218497 103.1 99.49259223 185.7118584 103.1 99.41470428 184.5213165 103.1 99.3550741 183.3539119 103.1 99.30893709 182.2130378 103.1 99.27487635 181.101986 103.1 99.24985613 180.0238711 103.1 99.2347325 178.9817067 103.1 99.232289 177.9784497 103.1 99.23365746 177.0168612 103.1 99.23646001 176.0996359 103.1 99.24664078 175.2294308 103.1 99.26838826 174.4085303 103.1 99.2932287 173.6393573 103.1 99.32485248 172.9240186 103.1 99.36120464 172.2644416 103.1 99.40039372 171.6625551 103.1 99.44312063 171.1201424 103.1 99.48972511 170.6389731 103.1 99.54102451 170.2215812 103.1 99.603673 169.8790778 103.1 99.70889454 169.6207312 103.1 99.8510877 169.4304805 103.1 99.98105406 169.2988563 103.1 100.0806497 169.2187531 103.1 100.139047 169.1960025 103.1 100.161492 169.2167869 103.1 100.1863592 169.2906133 103.1 100.2537195 169.4100306 103.1 100.369807 169.5828979 103.1 100.5252703 169.8170708 103.1 100.7091409 170.1314631 103.1 100.8882275 170.529798 103.1 101.0384168 170.9988383 103.1 101.1737087 171.5334765 103.1 101.2997566 172.1306026 103.1 101.4183225 172.7901877 103.1 101.5151149 173.5077069 103.1 101.6010625 174.2817013 103.1 101.6657207 175.1097943 103.1 101.6952253 175.9878243 103.1 101.7170799 176.913303 103.1 101.7266559 177.883308 103.1 101.7088187 178.8943647 103.1 101.6595035 179.9439434 103.1 101.5954724 181.028252 103.1 101.5073123 182.1439941 103.1 101.395568 183.2885499 103.1 101.2680656 184.4583949 103.1 101.1228802 185.6508416 103.1 100.9657184 186.862915 103.1 100.7996246 188.0917312 103.1 100.6283857 189.3369847 103.1 100.475936 190.5960186 103.1 100.352982 191.8635107 103.1 100.2459372 193.1361071 103.1 100.1600038 194.3901312 106.05 100.1600038 193.1382224 106.05 99.98459888 191.8872001 106.05 99.82896071 190.6402654 106.05 99.69849812 189.4018398 106.05 99.58745007 188.1758738 106.05 99.49259223 186.9658824 106.05 99.41470428 185.7753405 106.05 99.3550741 184.6079359 106.05 99.30893709 183.4670618 106.05 99.27487635 182.35601 106.05 99.24985613 181.2778952 106.05 99.2347325 180.2357307 106.05 99.232289 179.2324738 106.05 99.23365746 178.2708853 106.05 99.23646001 177.3536599 106.05 99.24664078 176.4834548 106.05 99.26838826 175.6625544 106.05 99.2932287 174.8933813 106.05 99.32485248 174.1780426 106.05 99.36120464 173.5184656 106.05 99.40039372 172.9165792 106.05 99.44312063 172.3741665 106.05 99.48972511 171.8929972 106.05 99.54102451 171.4756053 106.05 99.603673 171.1331018 106.05 99.70889454 170.8747553 106.05 99.8510877 170.6845045 106.05 99.98105406 170.5528803 106.05 100.0806497 170.4727771 106.05 100.139047 170.4500266 106.05 100.161492 170.470811 106.05 100.1863592 170.5446373 106.05 100.2537195 170.6640547 106.05 100.369807 170.8369219 106.05 100.5252703 171.0710948 106.05 100.7091409 171.3854871 106.05 100.8882275 171.7838221 106.05 101.0384168 172.2528623 106.05 101.1737087 172.7875006 106.05 101.2997566 173.3846266 106.05 101.4183225 174.0442118 106.05 101.5151149 174.761731 106.05 101.6010625 175.5357254 106.05 101.6657207 176.3638183 106.05 101.6952253 177.2418484 106.05 101.7170799 178.167327 106.05 101.7266559 179.1373321 106.05 101.7088187 180.1483887 106.05 101.6595035 181.1979674 106.05 101.5954724 182.282276 106.05 101.5073123 183.3980181 106.05 101.395568 184.542574 106.05 101.2680656 185.7124189 106.05 101.1228802 186.9048656 106.05 100.9657184 188.116939 106.05 100.7996246 189.3457552 106.05 100.6283857 190.5910087 106.05 100.475936 191.8500427 106.05 100.352982 193.1175347 106.05 100.2459372 194.3901312 106.05 100.1600038 195.6441552 109 100.1600038 194.3922465 109 99.98459888 193.1412242 109 99.82896071 191.8942894 109 99.69849812 190.6558638 109 99.58745007 189.4298978 109 99.49259223 188.2199064 109 99.41470428 187.0293645 109 99.3550741 185.8619599 109 99.30893709 184.7210859 109 99.27487635 183.6100341 109 99.24985613 182.5319192 109 99.2347325 181.4897548 109 99.232289 180.4864978 109 99.23365746 179.5249093 109 99.23646001 178.6076839 109 99.24664078 177.7374788 109 99.26838826 176.9165784 109 99.2932287 176.1474054 109 99.32485248 175.4320666 109 99.36120464 174.7724896 109 99.40039372 174.1706032 109 99.44312063 173.6281905 109 99.48972511 173.1470212 109 99.54102451 172.7296293 109 99.603673 172.3871258 109 99.70889454 172.1287793 109 99.8510877 171.9385286 109 99.98105406 171.8069043 109 100.0806497 171.7268012 109 100.139047 171.7040506 109 100.161492 171.724835 109 100.1863592 171.7986613 109 100.2537195 171.9180787 109 100.369807 172.090946 109 100.5252703 172.3251189 109 100.7091409 172.6395111 109 100.8882275 173.0378461 109 101.0384168 173.5068863 109 101.1737087 174.0415246 109 101.2997566 174.6386507 109 101.4183225 175.2982358 109 101.5151149 176.015755 109 101.6010625 176.7897494 109 101.6657207 177.6178423 109 101.6952253 178.4958724 109 101.7170799 179.421351 109 101.7266559 180.3913561 109 101.7088187 181.4024128 109 101.6595035 182.4519915 109 101.5954724 183.5363001 109 101.5073123 184.6520421 109 101.395568 185.796598 109 101.2680656 186.966443 109 101.1228802 188.1588896 109 100.9657184 189.3709631 109 100.7996246 190.5997793 109 100.6283857 191.8450327 109 100.475936 193.1040667 109 100.352982 194.3715588 109 100.2459372 195.6441552 109 100.1600038 196.8981792 111.95 100.1600038 195.6462705 111.95 99.98459888 194.3952482 111.95 99.82896071 193.1483135 111.95 99.69849812 191.9098879 111.95 99.58745007 190.6839218 111.95 99.49259223 189.4739305 111.95 99.41470428 188.2833886 111.95 99.3550741 187.115984 111.95 99.30893709 185.9751099 111.95 99.27487635 184.8640581 111.95 99.24985613 183.7859432 111.95 99.2347325 182.7437788 111.95 99.232289 181.7405218 111.95 99.23365746 180.7789333 111.95 99.23646001 179.861708 111.95 99.24664078 178.9915029 111.95 99.26838826 178.1706024 111.95 99.2932287 177.4014294 111.95 99.32485248 176.6860907 111.95 99.36120464 176.0265137 111.95 99.40039372 175.4246272 111.95 99.44312063 174.8822146 111.95 99.48972511 174.4010453 111.95 99.54102451 173.9836534 111.95 99.603673 173.6411499 111.95 99.70889454 173.3828033 111.95 99.8510877 173.1925526 111.95 99.98105406 173.0609284 111.95 100.0806497 172.9808252 111.95 100.139047 172.9580746 111.95 100.161492 172.9788591 111.95 100.1863592 173.0526854 111.95 100.2537195 173.1721027 111.95 100.369807 173.34497 111.95 100.5252703 173.5791429 111.95 100.7091409 173.8935352 111.95 100.8882275 174.2918701 111.95 101.0384168 174.7609104 111.95 101.1737087 175.2955486 111.95 101.2997566 175.8926747 111.95 101.4183225 176.5522599 111.95 101.5151149 177.2697791 111.95 101.6010625 178.0437735 111.95 101.6657207 178.8718664 111.95 101.6952253 179.7498964 111.95 101.7170799 180.6753751 111.95 101.7266559 181.6453802 111.95 101.7088187 182.6564368 111.95 101.6595035 183.7060155 111.95 101.5954724 184.7903241 111.95 101.5073123 185.9060662 111.95 101.395568 187.050622 111.95 101.2680656 188.220467 111.95 101.1228802 189.4129137 111.95 100.9657184 190.6249871 111.95 100.7996246 191.8538033 111.95 100.6283857 193.0990568 111.95 100.475936 194.3580907 111.95 100.352982 195.6255828 111.95 100.2459372 196.8981793 111.95 100.1600038 198.1522033 114.9 100.1600038 196.9002946 114.9 99.98459888 195.6492722 114.9 99.82896071 194.4023375 114.9 99.69849812 193.1639119 114.9 99.58745007 191.9379459 114.9 99.49259223 190.7279545 114.9 99.41470428 189.5374126 114.9 99.3550741 188.370008 114.9 99.30893709 187.2291339 114.9 99.27487635 186.1180821 114.9 99.24985613 185.0399673 114.9 99.2347325 183.9978028 114.9 99.232289 182.9945459 114.9 99.23365746 182.0329574 114.9 99.23646001 181.115732 114.9 99.24664078 180.2455269 114.9 99.26838826 179.4246265 114.9 99.2932287 178.6554534 114.9 99.32485248 177.9401147 114.9 99.36120464 177.2805377 114.9 99.40039372 176.6786513 114.9 99.44312063 176.1362386 114.9 99.48972511 175.6550693 114.9 99.54102451 175.2376774 114.9 99.603673 174.8951739 114.9 99.70889454 174.6368274 114.9 99.8510877 174.4465766 114.9 99.98105406 174.3149524 114.9 100.0806497 174.2348492 114.9 100.139047 174.2120987 114.9 100.161492 174.2328831 114.9 100.1863592 174.3067094 114.9 100.2537195 174.4261268 114.9 100.369807 174.598994 114.9 100.5252703 174.8331669 114.9 100.7091409 175.1475592 114.9 100.8882275 175.5458942 114.9 101.0384168 176.0149344 114.9 101.1737087 176.5495727 114.9 101.2997566 177.1466988 114.9 101.4183225 177.8062839 114.9 101.5151149 178.5238031 114.9 101.6010625 179.2977975 114.9 101.6657207 180.1258904 114.9 101.6952253 181.0039205 114.9 101.7170799 181.9293991 114.9 101.7266559 182.8994042 114.9 101.7088187 183.9104608 114.9 101.6595035 184.9600395 114.9 101.5954724 186.0443482 114.9 101.5073123 187.1600902 114.9 101.395568 188.3046461 114.9 101.2680656 189.474491 114.9 101.1228802 190.6669377 114.9 100.9657184 191.8790111 114.9 100.7996246 193.1078273 114.9 100.6283857 194.3530808 114.9 100.475936 195.6121148 114.9 100.352982 196.8796069 114.9 100.2459372 198.1522033 114.9 100.1600038 199.4062273 117.85 100.1600038 198.1543186 117.85 99.98459888 196.9032963 117.85 99.82896071 195.6563615 117.85 99.69849812 194.4179359 117.85 99.58745007 193.1919699 117.85 99.49259223 191.9819786 117.85 99.41470428 190.7914367 117.85 99.3550741 189.6240321 117.85 99.30893709 188.483158 117.85 99.27487635 187.3721062 117.85 99.24985613 186.2939913 117.85 99.2347325 185.2518269 117.85 99.232289 184.2485699 117.85 99.23365746 183.2869814 117.85 99.23646001 182.369756 117.85 99.24664078 181.4995509 117.85 99.26838826 180.6786505 117.85 99.2932287 179.9094775 117.85 99.32485248 179.1941387 117.85 99.36120464 178.5345617 117.85 99.40039372 177.9326753 117.85 99.44312063 177.3902626 117.85 99.48972511 176.9090933 117.85 99.54102451 176.4917014 117.85 99.603673 176.1491979 117.85 99.70889454 175.8908514 117.85 99.8510877 175.7006007 117.85 99.98105406 175.5689764 117.85 100.0806497 175.4888733 117.85 100.139047 175.4661227 117.85 100.161492 175.4869071 117.85 100.1863592 175.5607335 117.85 100.2537195 175.6801508 117.85 100.369807 175.8530181 117.85 100.5252703 176.087191 117.85 100.7091409 176.4015833 117.85 100.8882275 176.7999182 117.85 101.0384168 177.2689585 117.85 101.1737087 177.8035967 117.85 101.2997566 178.4007228 117.85 101.4183225 179.0603079 117.85 101.5151149 179.7778271 117.85 101.6010625 180.5518215 117.85 101.6657207 181.3799145 117.85 101.6952253 182.2579445 117.85 101.7170799 183.1834231 117.85 101.7266559 184.1534282 117.85 101.7088187 185.1644849 117.85 101.6595035 186.2140636 117.85 101.5954724 187.2983722 117.85 101.5073123 188.4141142 117.85 101.395568 189.5586701 117.85 101.2680656 190.7285151 117.85 101.1228802 191.9209618 117.85 100.9657184 193.1330352 117.85 100.7996246 194.3618514 117.85 100.6283857 195.6071049 117.85 100.475936 196.8661388 117.85 100.352982 198.1336309 117.85 100.2459372 199.4062273 117.85 100.1600038 200.6602514 120.8 100.1600038 199.4083426 120.8 99.98459888 198.1573203 120.8 99.82896071 196.9103856 120.8 99.69849812 195.67196 120.8 99.58745007 194.445994 120.8 99.49259223 193.2360026 120.8 99.41470428 192.0454607 120.8 99.3550741 190.8780561 120.8 99.30893709 189.737182 120.8 99.27487635 188.6261302 120.8 99.24985613 187.5480153 120.8 99.2347325 186.5058509 120.8 99.232289 185.502594 120.8 99.23365746 184.5410054 120.8 99.23646001 183.6237801 120.8 99.24664078 182.753575 120.8 99.26838826 181.9326746 120.8 99.2932287 181.1635015 120.8 99.32485248 180.4481628 120.8 99.36120464 179.7885858 120.8 99.40039372 179.1866993 120.8 99.44312063 178.6442867 120.8 99.48972511 178.1631174 120.8 99.54102451 177.7457255 120.8 99.603673 177.403222 120.8 99.70889454 177.1448755 120.8 99.8510877 176.9546247 120.8 99.98105406 176.8230005 120.8 100.0806497 176.7428973 120.8 100.139047 176.7201468 120.8 100.161492 176.7409312 120.8 100.1863592 176.8147575 120.8 100.2537195 176.9341749 120.8 100.369807 177.1070421 120.8 100.5252703 177.341215 120.8 100.7091409 177.6556073 120.8 100.8882275 178.0539423 120.8 101.0384168 178.5229825 120.8 101.1737087 179.0576207 120.8 101.2997566 179.6547468 120.8 101.4183225 180.314332 120.8 101.5151149 181.0318512 120.8 101.6010625 181.8058456 120.8 101.6657207 182.6339385 120.8 101.6952253 183.5119686 120.8 101.7170799 184.4374472 120.8 101.7266559 185.4074523 120.8 101.7088187 186.4185089 120.8 101.6595035 187.4680876 120.8 101.5954724 188.5523962 120.8 101.5073123 189.6681383 120.8 101.395568 190.8126941 120.8 101.2680656 191.9825391 120.8 101.1228802 193.1749858 120.8 100.9657184 194.3870592 120.8 100.7996246 195.6158754 120.8 100.6283857 196.8611289 120.8 100.475936 198.1201628 120.8 100.352982 199.3876549 120.8 100.2459372 200.6602514 120.8 100.1600038 201.9142754 123.75 100.1600038 200.6623667 123.75 99.98459888 199.4113443 123.75 99.82896071 198.1644096 123.75 99.69849812 196.925984 123.75 99.58745007 195.700018 123.75 99.49259223 194.4900266 123.75 99.41470428 193.2994847 123.75 99.3550741 192.1320801 123.75 99.30893709 190.991206 123.75 99.27487635 189.8801543 123.75 99.24985613 188.8020394 123.75 99.2347325 187.7598749 123.75 99.232289 186.756618 123.75 99.23365746 185.7950295 123.75 99.23646001 184.8778041 123.75 99.24664078 184.007599 123.75 99.26838826 183.1866986 123.75 99.2932287 182.4175255 123.75 99.32485248 181.7021868 123.75 99.36120464 181.0426098 123.75 99.40039372 180.4407234 123.75 99.44312063 179.8983107 123.75 99.48972511 179.4171414 123.75 99.54102451 178.9997495 123.75 99.603673 178.657246 123.75 99.70889454 178.3988995 123.75 99.8510877 178.2086487 123.75 99.98105406 178.0770245 123.75 100.0806497 177.9969213 123.75 100.139047 177.9741708 123.75 100.161492 177.9949552 123.75 100.1863592 178.0687815 123.75 100.2537195 178.1881989 123.75 100.369807 178.3610661 123.75 100.5252703 178.595239 123.75 100.7091409 178.9096313 123.75 100.8882275 179.3079663 123.75 101.0384168 179.7770065 123.75 101.1737087 180.3116448 123.75 101.2997566 180.9087709 123.75 101.4183225 181.568356 123.75 101.5151149 182.2858752 123.75 101.6010625 183.0598696 123.75 101.6657207 183.8879625 123.75 101.6952253 184.7659926 123.75 101.7170799 185.6914712 123.75 101.7266559 186.6614763 123.75 101.7088187 187.672533 123.75 101.6595035 188.7221117 123.75 101.5954724 189.8064203 123.75 101.5073123 190.9221623 123.75 101.395568 192.0667182 123.75 101.2680656 193.2365632 123.75 101.1228802 194.4290098 123.75 100.9657184 195.6410833 123.75 100.7996246 196.8698994 123.75 100.6283857 198.1151529 123.75 100.475936 199.3741869 123.75 100.352982 200.641679 123.75 100.2459372 201.9142754 123.75 100.1600038 203.1682994 126.7 100.1600038 201.9163907 126.7 99.98459888 200.6653684 126.7 99.82896071 199.4184336 126.7 99.69849812 198.1800081 126.7 99.58745007 196.954042 126.7 99.49259223 195.7440507 126.7 99.41470428 194.5535088 126.7 99.3550741 193.3861042 126.7 99.30893709 192.2452301 126.7 99.27487635 191.1341783 126.7 99.24985613 190.0560634 126.7 99.2347325 189.013899 126.7 99.232289 188.010642 126.7 99.23365746 187.0490535 126.7 99.23646001 186.1318282 126.7 99.24664078 185.2616231 126.7 99.26838826 184.4407226 126.7 99.2932287 183.6715496 126.7 99.32485248 182.9562108 126.7 99.36120464 182.2966339 126.7 99.40039372 181.6947474 126.7 99.44312063 181.1523347 126.7 99.48972511 180.6711654 126.7 99.54102451 180.2537735 126.7 99.603673 179.91127 126.7 99.70889454 179.6529235 126.7 99.8510877 179.4626728 126.7 99.98105406 179.3310485 126.7 100.0806497 179.2509454 126.7 100.139047 179.2281948 126.7 100.161492 179.2489792 126.7 100.1863592 179.3228056 126.7 100.2537195 179.4422229 126.7 100.369807 179.6150902 126.7 100.5252703 179.8492631 126.7 100.7091409 180.1636554 126.7 100.8882275 180.5619903 126.7 101.0384168 181.0310306 126.7 101.1737087 181.5656688 126.7 101.2997566 182.1627949 126.7 101.4183225 182.82238 126.7 101.5151149 183.5398992 126.7 101.6010625 184.3138936 126.7 101.6657207 185.1419866 126.7 101.6952253 186.0200166 126.7 101.7170799 186.9454953 126.7 101.7266559 187.9155003 126.7 101.7088187 188.926557 126.7 101.6595035 189.9761357 126.7 101.5954724 191.0604443 126.7 101.5073123 192.1761864 126.7 101.395568 193.3207422 126.7 101.2680656 194.4905872 126.7 101.1228802 195.6830339 126.7 100.9657184 196.8951073 126.7 100.7996246 198.1239235 126.7 100.6283857 199.369177 126.7 100.475936 200.6282109 126.7 100.352982 201.895703 126.7 100.2459372 203.1682994 126.7 100.1600038 204.4223235 129.65 100.1600038 203.1704147 129.65 99.98459888 201.9193924 129.65 99.82896071 200.6724577 129.65 99.69849812 199.4340321 129.65 99.58745007 198.2080661 129.65 99.49259223 196.9980747 129.65 99.41470428 195.8075328 129.65 99.3550741 194.6401282 129.65 99.30893709 193.4992541 129.65 99.27487635 192.3882023 129.65 99.24985613 191.3100875 129.65 99.2347325 190.267923 129.65 99.232289 189.2646661 129.65 99.23365746 188.3030775 129.65 99.23646001 187.3858522 129.65 99.24664078 186.5156471 129.65 99.26838826 185.6947467 129.65 99.2932287 184.9255736 129.65 99.32485248 184.2102349 129.65 99.36120464 183.5506579 129.65 99.40039372 182.9487715 129.65 99.44312063 182.4063588 129.65 99.48972511 181.9251895 129.65 99.54102451 181.5077976 129.65 99.603673 181.1652941 129.65 99.70889454 180.9069476 129.65 99.8510877 180.7166968 129.65 99.98105406 180.5850726 129.65 100.0806497 180.5049694 129.65 100.139047 180.4822189 129.65 100.161492 180.5030033 129.65 100.1863592 180.5768296 129.65 100.2537195 180.696247 129.65 100.369807 180.8691142 129.65 100.5252703 181.1032871 129.65 100.7091409 181.4176794 129.65 100.8882275 181.8160144 129.65 101.0384168 182.2850546 129.65 101.1737087 182.8196928 129.65 101.2997566 183.4168189 129.65 101.4183225 184.0764041 129.65 101.5151149 184.7939233 129.65 101.6010625 185.5679177 129.65 101.6657207 186.3960106 129.65 101.6952253 187.2740407 129.65 101.7170799 188.1995193 129.65 101.7266559 189.1695244 129.65 101.7088187 190.180581 129.65 101.6595035 191.2301597 129.65 101.5954724 192.3144683 129.65 101.5073123 193.4302104 129.65 101.395568 194.5747662 129.65 101.2680656 195.7446112 129.65 101.1228802 196.9370579 129.65 100.9657184 198.1491313 129.65 100.7996246 199.3779475 129.65 100.6283857 200.623201 129.65 100.475936 201.882235 129.65 100.352982 203.149727 129.65 100.2459372 204.4223235 129.65 100.1600038 205.6763475 132.6 100.1600038 204.4244388 132.6 99.98459888 203.1734164 132.6 99.82896071 201.9264817 132.6 99.69849812 200.6880561 132.6 99.58745007 199.4620901 132.6 99.49259223 198.2520987 132.6 99.41470428 197.0615568 132.6 99.3550741 195.8941522 132.6 99.30893709 194.7532782 132.6 99.27487635 193.6422264 132.6 99.24985613 192.5641115 132.6 99.2347325 191.521947 132.6 99.232289 190.5186901 132.6 99.23365746 189.5571016 132.6 99.23646001 188.6398762 132.6 99.24664078 187.7696711 132.6 99.26838826 186.9487707 132.6 99.2932287 186.1795977 132.6 99.32485248 185.4642589 132.6 99.36120464 184.8046819 132.6 99.40039372 184.2027955 132.6 99.44312063 183.6603828 132.6 99.48972511 183.1792135 132.6 99.54102451 182.7618216 132.6 99.603673 182.4193181 132.6 99.70889454 182.1609716 132.6 99.8510877 181.9707208 132.6 99.98105406 181.8390966 132.6 100.0806497 181.7589934 132.6 100.139047 181.7362429 132.6 100.161492 181.7570273 132.6 100.1863592 181.8308536 132.6 100.2537195 181.950271 132.6 100.369807 182.1231382 132.6 100.5252703 182.3573111 132.6 100.7091409 182.6717034 132.6 100.8882275 183.0700384 132.6 101.0384168 183.5390786 132.6 101.1737087 184.0737169 132.6 101.2997566 184.670843 132.6 101.4183225 185.3304281 132.6 101.5151149 186.0479473 132.6 101.6010625 186.8219417 132.6 101.6657207 187.6500346 132.6 101.6952253 188.5280647 132.6 101.7170799 189.4535433 132.6 101.7266559 190.4235484 132.6 101.7088187 191.4346051 132.6 101.6595035 192.4841838 132.6 101.5954724 193.5684924 132.6 101.5073123 194.6842344 132.6 101.395568 195.8287903 132.6 101.2680656 196.9986353 132.6 101.1228802 198.1910819 132.6 100.9657184 199.4031554 132.6 100.7996246 200.6319716 132.6 100.6283857 201.877225 132.6 100.475936 203.136259 132.6 100.352982 204.4037511 132.6 100.2459372 205.6763475 132.6 100.1600038 206.9303715 135.55 100.1600038 205.6784628 135.55 99.98459888 204.4274405 135.55 99.82896071 203.1805058 135.55 99.69849812 201.9420802 135.55 99.58745007 200.7161141 135.55 99.49259223 199.5061228 135.55 99.41470428 198.3155809 135.55 99.3550741 197.1481763 135.55 99.30893709 196.0073022 135.55 99.27487635 194.8962504 135.55 99.24985613 193.8181355 135.55 99.2347325 192.7759711 135.55 99.232289 191.7727141 135.55 99.23365746 190.8111256 135.55 99.23646001 189.8939003 135.55 99.24664078 189.0236952 135.55 99.26838826 188.2027947 135.55 99.2932287 187.4336217 135.55 99.32485248 186.718283 135.55 99.36120464 186.058706 135.55 99.40039372 185.4568195 135.55 99.44312063 184.9144068 135.55 99.48972511 184.4332375 135.55 99.54102451 184.0158457 135.55 99.603673 183.6733422 135.55 99.70889454 183.4149956 135.55 99.8510877 183.2247449 135.55 99.98105406 183.0931207 135.55 100.0806497 183.0130175 135.55 100.139047 182.9902669 135.55 100.161492 183.0110513 135.55 100.1863592 183.0848777 135.55 100.2537195 183.204295 135.55 100.369807 183.3771623 135.55 100.5252703 183.6113352 135.55 100.7091409 183.9257275 135.55 100.8882275 184.3240624 135.55 101.0384168 184.7931027 135.55 101.1737087 185.3277409 135.55 101.2997566 185.924867 135.55 101.4183225 186.5844522 135.55 101.5151149 187.3019714 135.55 101.6010625 188.0759658 135.55 101.6657207 188.9040587 135.55 101.6952253 189.7820887 135.55 101.7170799 190.7075674 135.55 101.7266559 191.6775724 135.55 101.7088187 192.6886291 135.55 101.6595035 193.7382078 135.55 101.5954724 194.8225164 135.55 101.5073123 195.9382585 135.55 101.395568 197.0828143 135.55 101.2680656 198.2526593 135.55 101.1228802 199.445106 135.55 100.9657184 200.6571794 135.55 100.7996246 201.8859956 135.55 100.6283857 203.1312491 135.55 100.475936 204.390283 135.55 100.352982 205.6577751 135.55 100.2459372 206.9303716 135.55 100.1600038 208.1843956 138.5 100.1600038 206.9324868 138.5 99.98459888 205.6814645 138.5 99.82896071 204.4345298 138.5 99.69849812 203.1961042 138.5 99.58745007 201.9701382 138.5 99.49259223 200.7601468 138.5 99.41470428 199.5696049 138.5 99.3550741 198.4022003 138.5 99.30893709 197.2613262 138.5 99.27487635 196.1502744 138.5 99.24985613 195.0721596 138.5 99.2347325 194.0299951 138.5 99.232289 193.0267382 138.5 99.23365746 192.0651497 138.5 99.23646001 191.1479243 138.5 99.24664078 190.2777192 138.5 99.26838826 189.4568188 138.5 99.2932287 188.6876457 138.5 99.32485248 187.972307 138.5 99.36120464 187.31273 138.5 99.40039372 186.7108436 138.5 99.44312063 186.1684309 138.5 99.48972511 185.6872616 138.5 99.54102451 185.2698697 138.5 99.603673 184.9273662 138.5 99.70889454 184.6690197 138.5 99.8510877 184.4787689 138.5 99.98105406 184.3471447 138.5 100.0806497 184.2670415 138.5 100.139047 184.244291 138.5 100.161492 184.2650754 138.5 100.1863592 184.3389017 138.5 100.2537195 184.4583191 138.5 100.369807 184.6311863 138.5 100.5252703 184.8653592 138.5 100.7091409 185.1797515 138.5 100.8882275 185.5780865 138.5 101.0384168 186.0471267 138.5 101.1737087 186.581765 138.5 101.2997566 187.1788911 138.5 101.4183225 187.8384762 138.5 101.5151149 188.5559954 138.5 101.6010625 189.3299898 138.5 101.6657207 190.1580827 138.5 101.6952253 191.0361128 138.5 101.7170799 191.9615914 138.5 101.7266559 192.9315965 138.5 101.7088187 193.9426531 138.5 101.6595035 194.9922318 138.5 101.5954724 196.0765405 138.5 101.5073123 197.1922825 138.5 101.395568 198.3368384 138.5 101.2680656 199.5066833 138.5 101.1228802 200.69913 138.5 100.9657184 201.9112034 138.5 100.7996246 203.1400196 138.5 100.6283857 204.3852731 138.5 100.475936 205.6443071 138.5 100.352982 206.9117991 138.5 100.2459372 208.1843956 138.5 100.1600038 209.4384196 141.45 100.1600038 208.1865109 141.45 99.98459888 206.9354886 141.45 99.82896071 205.6885538 141.45 99.69849812 204.4501282 141.45 99.58745007 203.2241622 141.45 99.49259223 202.0141708 141.45 99.41470428 200.823629 141.45 99.3550741 199.6562244 141.45 99.30893709 198.5153503 141.45 99.27487635 197.4042985 141.45 99.24985613 196.3261836 141.45 99.2347325 195.2840192 141.45 99.232289 194.2807622 141.45 99.23365746 193.3191737 141.45 99.23646001 192.4019483 141.45 99.24664078 191.5317432 141.45 99.26838826 190.7108428 141.45 99.2932287 189.9416698 141.45 99.32485248 189.226331 141.45 99.36120464 188.566754 141.45 99.40039372 187.9648676 141.45 99.44312063 187.4224549 141.45 99.48972511 186.9412856 141.45 99.54102451 186.5238937 141.45 99.603673 186.1813902 141.45 99.70889454 185.9230437 141.45 99.8510877 185.732793 141.45 99.98105406 185.6011687 141.45 100.0806497 185.5210656 141.45 100.139047 185.498315 141.45 100.161492 185.5190994 141.45 100.1863592 185.5929258 141.45 100.2537195 185.7123431 141.45 100.369807 185.8852104 141.45 100.5252703 186.1193833 141.45 100.7091409 186.4337756 141.45 100.8882275 186.8321105 141.45 101.0384168 187.3011508 141.45 101.1737087 187.835789 141.45 101.2997566 188.4329151 141.45 101.4183225 189.0925002 141.45 101.5151149 189.8100194 141.45 101.6010625 190.5840138 141.45 101.6657207 191.4121067 141.45 101.6952253 192.2901368 141.45 101.7170799 193.2156154 141.45 101.7266559 194.1856205 141.45 101.7088187 195.1966772 141.45 101.6595035 196.2462559 141.45 101.5954724 197.3305645 141.45 101.5073123 198.4463065 141.45 101.395568 199.5908624 141.45 101.2680656 200.7607074 141.45 101.1228802 201.9531541 141.45 100.9657184 203.1652275 141.45 100.7996246 204.3940437 141.45 100.6283857 205.6392972 141.45 100.475936 206.8983311 141.45 100.352982 208.1658232 141.45 100.2459372 209.4384196 141.45 100.1600038 210.6924437 144.4 100.1600038 209.4405349 144.4 99.98459888 208.1895126 144.4 99.82896071 206.9425779 144.4 99.69849812 205.7041523 144.4 99.58745007 204.4781862 144.4 99.49259223 203.2681949 144.4 99.41470428 202.077653 144.4 99.3550741 200.9102484 144.4 99.30893709 199.7693743 144.4 99.27487635 198.6583225 144.4 99.24985613 197.5802076 144.4 99.2347325 196.5380432 144.4 99.232289 195.5347863 144.4 99.23365746 194.5731977 144.4 99.23646001 193.6559724 144.4 99.24664078 192.7857673 144.4 99.26838826 191.9648668 144.4 99.2932287 191.1956938 144.4 99.32485248 190.4803551 144.4 99.36120464 189.8207781 144.4 99.40039372 189.2188916 144.4 99.44312063 188.676479 144.4 99.48972511 188.1953097 144.4 99.54102451 187.7779178 144.4 99.603673 187.4354143 144.4 99.70889454 187.1770677 144.4 99.8510877 186.986817 144.4 99.98105406 186.8551928 144.4 100.0806497 186.7750896 144.4 100.139047 186.752339 144.4 100.161492 186.7731235 144.4 100.1863592 186.8469498 144.4 100.2537195 186.9663671 144.4 100.369807 187.1392344 144.4 100.5252703 187.3734073 144.4 100.7091409 187.6877996 144.4 100.8882275 188.0861345 144.4 101.0384168 188.5551748 144.4 101.1737087 189.089813 144.4 101.2997566 189.6869391 144.4 101.4183225 190.3465243 144.4 101.5151149 191.0640435 144.4 101.6010625 191.8380379 144.4 101.6657207 192.6661308 144.4 101.6952253 193.5441609 144.4 101.7170799 194.4696395 144.4 101.7266559 195.4396446 144.4 101.7088187 196.4507012 144.4 101.6595035 197.5002799 144.4 101.5954724 198.5845885 144.4 101.5073123 199.7003306 144.4 101.395568 200.8448864 144.4 101.2680656 202.0147314 144.4 101.1228802 203.2071781 144.4 100.9657184 204.4192515 144.4 100.7996246 205.6480677 144.4 100.6283857 206.8933212 144.4 100.475936 208.1523551 144.4 100.352982 209.4198472 144.4 100.2459372 210.6924437 144.4 100.1600038 211.9464677 147.35 100.1600038 210.694559 147.35 99.98459888 209.4435366 147.35 99.82896071 208.1966019 147.35 99.69849812 206.9581763 147.35 99.58745007 205.7322103 147.35 99.49259223 204.5222189 147.35 99.41470428 203.331677 147.35 99.3550741 202.1642724 147.35 99.30893709 201.0233983 147.35 99.27487635 199.9123465 147.35 99.24985613 198.8342317 147.35 99.2347325 197.7920672 147.35 99.232289 196.7888103 147.35 99.23365746 195.8272218 147.35 99.23646001 194.9099964 147.35 99.24664078 194.0397913 147.35 99.26838826 193.2188909 147.35 99.2932287 192.4497178 147.35 99.32485248 191.7343791 147.35 99.36120464 191.0748021 147.35 99.40039372 190.4729157 147.35 99.44312063 189.930503 147.35 99.48972511 189.4493337 147.35 99.54102451 189.0319418 147.35 99.603673 188.6894383 147.35 99.70889454 188.4310918 147.35 99.8510877 188.240841 147.35 99.98105406 188.1092168 147.35 100.0806497 188.0291136 147.35 100.139047 188.0063631 147.35 100.161492 188.0271475 147.35 100.1863592 188.1009738 147.35 100.2537195 188.2203912 147.35 100.369807 188.3932584 147.35 100.5252703 188.6274313 147.35 100.7091409 188.9418236 147.35 100.8882275 189.3401586 147.35 101.0384168 189.8091988 147.35 101.1737087 190.3438371 147.35 101.2997566 190.9409632 147.35 101.4183225 191.6005483 147.35 101.5151149 192.3180675 147.35 101.6010625 193.0920619 147.35 101.6657207 193.9201548 147.35 101.6952253 194.7981849 147.35 101.7170799 195.7236635 147.35 101.7266559 196.6936686 147.35 101.7088187 197.7047253 147.35 101.6595035 198.754304 147.35 101.5954724 199.8386126 147.35 101.5073123 200.9543546 147.35 101.395568 202.0989105 147.35 101.2680656 203.2687555 147.35 101.1228802 204.4612021 147.35 100.9657184 205.6732755 147.35 100.7996246 206.9020917 147.35 100.6283857 208.1473452 147.35 100.475936 209.4063792 147.35 100.352982 210.6738713 147.35 100.2459372 211.9464677 147.35 100.1600038 213.2004917 150.3 100.1600038 211.948583 150.3 99.98459888 210.6975607 150.3 99.82896071 209.4506259 150.3 99.69849812 208.2122004 150.3 99.58745007 206.9862343 150.3 99.49259223 205.776243 150.3 99.41470428 204.5857011 150.3 99.3550741 203.4182965 150.3 99.30893709 202.2774224 150.3 99.27487635 201.1663706 150.3 99.24985613 200.0882557 150.3 99.2347325 199.0460913 150.3 99.232289 198.0428343 150.3 99.23365746 197.0812458 150.3 99.23646001 196.1640204 150.3 99.24664078 195.2938154 150.3 99.26838826 194.4729149 150.3 99.2932287 193.7037419 150.3 99.32485248 192.9884031 150.3 99.36120464 192.3288261 150.3 99.40039372 191.7269397 150.3 99.44312063 191.184527 150.3 99.48972511 190.7033577 150.3 99.54102451 190.2859658 150.3 99.603673 189.9434623 150.3 99.70889454 189.6851158 150.3 99.8510877 189.4948651 150.3 99.98105406 189.3632408 150.3 100.0806497 189.2831377 150.3 100.139047 189.2603871 150.3 100.161492 189.2811715 150.3 100.1863592 189.3549979 150.3 100.2537195 189.4744152 150.3 100.369807 189.6472825 150.3 100.5252703 189.8814554 150.3 100.7091409 190.1958477 150.3 100.8882275 190.5941826 150.3 101.0384168 191.0632229 150.3 101.1737087 191.5978611 150.3 101.2997566 192.1949872 150.3 101.4183225 192.8545723 150.3 101.5151149 193.5720915 150.3 101.6010625 194.3460859 150.3 101.6657207 195.1741789 150.3 101.6952253 196.0522089 150.3 101.7170799 196.9776875 150.3 101.7266559 197.9476926 150.3 101.7088187 198.9587493 150.3 101.6595035 200.008328 150.3 101.5954724 201.0926366 150.3 101.5073123 202.2083787 150.3 101.395568 203.3529345 150.3 101.2680656 204.5227795 150.3 101.1228802 205.7152262 150.3 100.9657184 206.9272996 150.3 100.7996246 208.1561158 150.3 100.6283857 209.4013693 150.3 100.475936 210.6604032 150.3 100.352982 211.9278953 150.3 100.2459372 213.2004917 150.3 100.1600038 214.4545158 153.25 100.1600038 213.202607 153.25 99.98459888 211.9515847 153.25 99.82896071 210.70465 153.25 99.69849812 209.4662244 153.25 99.58745007 208.2402584 153.25 99.49259223 207.030267 153.25 99.41470428 205.8397251 153.25 99.3550741 204.6723205 153.25 99.30893709 203.5314464 153.25 99.27487635 202.4203946 153.25 99.24985613 201.3422798 153.25 99.2347325 200.3001153 153.25 99.232289 199.2968584 153.25 99.23365746 198.3352698 153.25 99.23646001 197.4180445 153.25 99.24664078 196.5478394 153.25 99.26838826 195.726939 153.25 99.2932287 194.9577659 153.25 99.32485248 194.2424272 153.25 99.36120464 193.5828502 153.25 99.40039372 192.9809637 153.25 99.44312063 192.4385511 153.25 99.48972511 191.9573818 153.25 99.54102451 191.5399899 153.25 99.603673 191.1974864 153.25 99.70889454 190.9391399 153.25 99.8510877 190.7488891 153.25 99.98105406 190.6172649 153.25 100.0806497 190.5371617 153.25 100.139047 190.5144112 153.25 100.161492 190.5351956 153.25 100.1863592 190.6090219 153.25 100.2537195 190.7284393 153.25 100.369807 190.9013065 153.25 100.5252703 191.1354794 153.25 100.7091409 191.4498717 153.25 100.8882275 191.8482067 153.25 101.0384168 192.3172469 153.25 101.1737087 192.8518851 153.25 101.2997566 193.4490112 153.25 101.4183225 194.1085964 153.25 101.5151149 194.8261156 153.25 101.6010625 195.60011 153.25 101.6657207 196.4282029 153.25 101.6952253 197.306233 153.25 101.7170799 198.2317116 153.25 101.7266559 199.2017167 153.25 101.7088187 200.2127733 153.25 101.6595035 201.262352 153.25 101.5954724 202.3466606 153.25 101.5073123 203.4624027 153.25 101.395568 204.6069585 153.25 101.2680656 205.7768035 153.25 101.1228802 206.9692502 153.25 100.9657184 208.1813236 153.25 100.7996246 209.4101398 153.25 100.6283857 210.6553933 153.25 100.475936 211.9144272 153.25 100.352982 213.1819193 153.25 100.2459372 214.4545158 153.25 100.1600038 215.7085398 156.2 100.1600038 214.4566311 156.2 99.98459888 213.2056087 156.2 99.82896071 211.958674 156.2 99.69849812 210.7202484 156.2 99.58745007 209.4942824 156.2 99.49259223 208.284291 156.2 99.41470428 207.0937491 156.2 99.3550741 205.9263445 156.2 99.30893709 204.7854705 156.2 99.27487635 203.6744187 156.2 99.24985613 202.5963038 156.2 99.2347325 201.5541393 156.2 99.232289 200.5508824 156.2 99.23365746 199.5892939 156.2 99.23646001 198.6720685 156.2 99.24664078 197.8018634 156.2 99.26838826 196.980963 156.2 99.2932287 196.2117899 156.2 99.32485248 195.4964512 156.2 99.36120464 194.8368742 156.2 99.40039372 194.2349878 156.2 99.44312063 193.6925751 156.2 99.48972511 193.2114058 156.2 99.54102451 192.7940139 156.2 99.603673 192.4515104 156.2 99.70889454 192.1931639 156.2 99.8510877 192.0029131 156.2 99.98105406 191.8712889 156.2 100.0806497 191.7911857 156.2 100.139047 191.7684352 156.2 100.161492 191.7892196 156.2 100.1863592 191.8630459 156.2 100.2537195 191.9824633 156.2 100.369807 192.1553305 156.2 100.5252703 192.3895034 156.2 100.7091409 192.7038957 156.2 100.8882275 193.1022307 156.2 101.0384168 193.5712709 156.2 101.1737087 194.1059092 156.2 101.2997566 194.7030353 156.2 101.4183225 195.3626204 156.2 101.5151149 196.0801396 156.2 101.6010625 196.854134 156.2 101.6657207 197.6822269 156.2 101.6952253 198.560257 156.2 101.7170799 199.4857356 156.2 101.7266559 200.4557407 156.2 101.7088187 201.4667974 156.2 101.6595035 202.5163761 156.2 101.5954724 203.6006847 156.2 101.5073123 204.7164267 156.2 101.395568 205.8609826 156.2 101.2680656 207.0308276 156.2 101.1228802 208.2232742 156.2 100.9657184 209.4353477 156.2 100.7996246 210.6641639 156.2 100.6283857 211.9094173 156.2 100.475936 213.1684513 156.2 100.352982 214.4359434 156.2 100.2459372 215.7085398 156.2 100.1600038 216.9625638 159.15 100.1600038 215.7106551 159.15 99.98459888 214.4596328 159.15 99.82896071 213.212698 159.15 99.69849812 211.9742725 159.15 99.58745007 210.7483064 159.15 99.49259223 209.5383151 159.15 99.41470428 208.3477732 159.15 99.3550741 207.1803686 159.15 99.30893709 206.0394945 159.15 99.27487635 204.9284427 159.15 99.24985613 203.8503278 159.15 99.2347325 202.8081634 159.15 99.232289 201.8049064 159.15 99.23365746 200.8433179 159.15 99.23646001 199.9260926 159.15 99.24664078 199.0558875 159.15 99.26838826 198.234987 159.15 99.2932287 197.465814 159.15 99.32485248 196.7504753 159.15 99.36120464 196.0908983 159.15 99.40039372 195.4890118 159.15 99.44312063 194.9465991 159.15 99.48972511 194.4654298 159.15 99.54102451 194.0480379 159.15 99.603673 193.7055345 159.15 99.70889454 193.4471879 159.15 99.8510877 193.2569372 159.15 99.98105406 193.125313 159.15 100.0806497 193.0452098 159.15 100.139047 193.0224592 159.15 100.161492 193.0432436 159.15 100.1863592 193.11707 159.15 100.2537195 193.2364873 159.15 100.369807 193.4093546 159.15 100.5252703 193.6435275 159.15 100.7091409 193.9579198 159.15 100.8882275 194.3562547 159.15 101.0384168 194.825295 159.15 101.1737087 195.3599332 159.15 101.2997566 195.9570593 159.15 101.4183225 196.6166444 159.15 101.5151149 197.3341636 159.15 101.6010625 198.108158 159.15 101.6657207 198.936251 159.15 101.6952253 199.814281 159.15 101.7170799 200.7397597 159.15 101.7266559 201.7097647 159.15 101.7088187 202.7208214 159.15 101.6595035 203.7704001 159.15 101.5954724 204.8547087 159.15 101.5073123 205.9704508 159.15 101.395568 207.1150066 159.15 101.2680656 208.2848516 159.15 101.1228802 209.4772983 159.15 100.9657184 210.6893717 159.15 100.7996246 211.9181879 159.15 100.6283857 213.1634414 159.15 100.475936 214.4224753 159.15 100.352982 215.6899674 159.15 100.2459372 216.9625638 159.15 100.1600038 218.2165879 162.1 100.1600038 216.9646791 162.1 99.98459888 215.7136568 162.1 99.82896071 214.4667221 162.1 99.69849812 213.2282965 162.1 99.58745007 212.0023305 162.1 99.49259223 210.7923391 162.1 99.41470428 209.6017972 162.1 99.3550741 208.4343926 162.1 99.30893709 207.2935185 162.1 99.27487635 206.1824667 162.1 99.24985613 205.1043519 162.1 99.2347325 204.0621874 162.1 99.232289 203.0589305 162.1 99.23365746 202.097342 162.1 99.23646001 201.1801166 162.1 99.24664078 200.3099115 162.1 99.26838826 199.4890111 162.1 99.2932287 198.719838 162.1 99.32485248 198.0044993 162.1 99.36120464 197.3449223 162.1 99.40039372 196.7430359 162.1 99.44312063 196.2006232 162.1 99.48972511 195.7194539 162.1 99.54102451 195.302062 162.1 99.603673 194.9595585 162.1 99.70889454 194.701212 162.1 99.8510877 194.5109612 162.1 99.98105406 194.379337 162.1 100.0806497 194.2992338 162.1 100.139047 194.2764833 162.1 100.161492 194.2972677 162.1 100.1863592 194.371094 162.1 100.2537195 194.4905114 162.1 100.369807 194.6633786 162.1 100.5252703 194.8975515 162.1 100.7091409 195.2119438 162.1 100.8882275 195.6102788 162.1 101.0384168 196.079319 162.1 101.1737087 196.6139573 162.1 101.2997566 197.2110833 162.1 101.4183225 197.8706685 162.1 101.5151149 198.5881877 162.1 101.6010625 199.3621821 162.1 101.6657207 200.190275 162.1 101.6952253 201.0683051 162.1 101.7170799 201.9937837 162.1 101.7266559 202.9637888 162.1 101.7088187 203.9748454 162.1 101.6595035 205.0244241 162.1 101.5954724 206.1087327 162.1 101.5073123 207.2244748 162.1 101.395568 208.3690307 162.1 101.2680656 209.5388756 162.1 101.1228802 210.7313223 162.1 100.9657184 211.9433957 162.1 100.7996246 213.1722119 162.1 100.6283857 214.4174654 162.1 100.475936 215.6764994 162.1 100.352982 216.9439914 162.1 100.2459372 218.2165879 162.1 100.1600038 219.4706119 165.05 100.1600038 218.2187032 165.05 99.98459888 216.9676809 165.05 99.82896071 215.7207461 165.05 99.69849812 214.4823205 165.05 99.58745007 213.2563545 165.05 99.49259223 212.0463631 165.05 99.41470428 210.8558212 165.05 99.3550741 209.6884166 165.05 99.30893709 208.5475426 165.05 99.27487635 207.4364908 165.05 99.24985613 206.3583759 165.05 99.2347325 205.3162115 165.05 99.232289 204.3129545 165.05 99.23365746 203.351366 165.05 99.23646001 202.4341406 165.05 99.24664078 201.5639355 165.05 99.26838826 200.7430351 165.05 99.2932287 199.9738621 165.05 99.32485248 199.2585233 165.05 99.36120464 198.5989463 165.05 99.40039372 197.9970599 165.05 99.44312063 197.4546472 165.05 99.48972511 196.9734779 165.05 99.54102451 196.556086 165.05 99.603673 196.2135825 165.05 99.70889454 195.955236 165.05 99.8510877 195.7649853 165.05 99.98105406 195.633361 165.05 100.0806497 195.5532579 165.05 100.139047 195.5305073 165.05 100.161492 195.5512917 165.05 100.1863592 195.625118 165.05 100.2537195 195.7445354 165.05 100.369807 195.9174027 165.05 100.5252703 196.1515756 165.05 100.7091409 196.4659678 165.05 100.8882275 196.8643028 165.05 101.0384168 197.333343 165.05 101.1737087 197.8679813 165.05 101.2997566 198.4651074 165.05 101.4183225 199.1246925 165.05 101.5151149 199.8422117 165.05 101.6010625 200.6162061 165.05 101.6657207 201.444299 165.05 101.6952253 202.3223291 165.05 101.7170799 203.2478077 165.05 101.7266559 204.2178128 165.05 101.7088187 205.2288695 165.05 101.6595035 206.2784482 165.05 101.5954724 207.3627568 165.05 101.5073123 208.4784988 165.05 101.395568 209.6230547 165.05 101.2680656 210.7928997 165.05 101.1228802 211.9853463 165.05 100.9657184 213.1974198 165.05 100.7996246 214.426236 165.05 100.6283857 215.6714894 165.05 100.475936 216.9305234 165.05 100.352982 218.1980155 165.05 100.2459372 219.4706119 165.05 100.1600038 220.7246359 168 100.1600038 219.4727272 168 99.98459888 218.2217049 168 99.82896071 216.9747702 168 99.69849812 215.7363446 168 99.58745007 214.5103785 168 99.49259223 213.3003872 168 99.41470428 212.1098453 168 99.3550741 210.9424407 168 99.30893709 209.8015666 168 99.27487635 208.6905148 168 99.24985613 207.6123999 168 99.2347325 206.5702355 168 99.232289 205.5669785 168 99.23365746 204.60539 168 99.23646001 203.6881647 168 99.24664078 202.8179596 168 99.26838826 201.9970591 168 99.2932287 201.2278861 168 99.32485248 200.5125474 168 99.36120464 199.8529704 168 99.40039372 199.2510839 168 99.44312063 198.7086713 168 99.48972511 198.227502 168 99.54102451 197.8101101 168 99.603673 197.4676066 168 99.70889454 197.20926 168 99.8510877 197.0190093 168 99.98105406 196.8873851 168 100.0806497 196.8072819 168 100.139047 196.7845313 168 100.161492 196.8053158 168 100.1863592 196.8791421 168 100.2537195 196.9985594 168 100.369807 197.1714267 168 100.5252703 197.4055996 168 100.7091409 197.7199919 168 100.8882275 198.1183268 168 101.0384168 198.5873671 168 101.1737087 199.1220053 168 101.2997566 199.7191314 168 101.4183225 200.3787166 168 101.5151149 201.0962358 168 101.6010625 201.8702302 168 101.6657207 202.6983231 168 101.6952253 203.5763531 168 101.7170799 204.5018318 168 101.7266559 205.4718369 168 101.7088187 206.4828935 168 101.6595035 207.5324722 168 101.5954724 208.6167808 168 101.5073123 209.7325229 168 101.395568 210.8770787 168 101.2680656 212.0469237 168 101.1228802 213.2393704 168 100.9657184 214.4514438 168 100.7996246 215.68026 168 100.6283857 216.9255135 168 100.475936 218.1845474 168 100.352982 219.4520395 168 100.2459372 220.724636 168 100.1600038 189.9538593 -1.519 99.28485758 185.45475 -1.519 97.70101229 180.86177 -1.519 96.4627815 176.2310866 -1.519 95.49219297 171.6053989 -1.519 94.70403623 167.0101982 -1.519 94.05704331 162.4664097 -1.519 93.51572183 157.9911204 -1.519 93.05707493 153.6000719 -1.519 92.65737533 149.3060719 -1.519 92.31569966 145.1204746 -1.519 92.04870296 141.0542731 -1.519 91.89596855 137.121449 -1.519 91.88057882 133.33777 -1.519 92.01498092 129.7168264 -1.519 92.25583823 126.2685338 -1.519 92.56132186 123.0027081 -1.519 92.9168579 119.9293521 -1.519 93.31793069 117.0587438 -1.519 93.76530455 114.3990177 -1.519 94.24731944 111.9623558 -1.519 94.77651413 109.7550171 -1.519 95.33586345 107.7847668 -1.519 95.91819024 106.0590279 -1.519 96.51535473 104.5866668 -1.519 97.12302479 103.3861585 -1.519 97.75100909 102.4683245 -1.519 98.37801169 101.9604967 -1.519 99.08317661 101.7186769 -1.519 99.65389269 101.6625455 -1.519 100.0235856 101.6588285 -1.519 100.1484414 101.6630282 -1.519 100.2737346 101.7243532 -1.519 100.6439547 101.9674709 -1.519 101.2172537 102.4535543 -1.519 101.9418758 103.3052771 -1.519 102.6626863 104.4580219 -1.519 103.3833969 105.904421 -1.519 104.0637422 107.620558 -1.519 104.706598 109.5951441 -1.519 105.3003603 111.8153884 -1.519 105.8418492 114.2689121 -1.519 106.3348647 116.9466806 -1.519 106.7701973 119.83714 -1.519 107.1545565 122.9306752 -1.519 107.481522 126.2166749 -1.519 107.7526035 129.6845317 -1.519 107.9672912 133.3235959 -1.519 108.1205407 137.1229891 -1.519 108.1924717 141.0702858 -1.519 108.1608668 145.1517377 -1.519 108.0166586 149.3518193 -1.519 107.737262 153.6535184 -1.519 107.3068697 158.0382753 -1.519 106.7103669 162.4902511 -1.519 105.9582286 166.9949437 -1.519 105.0636433 171.5430107 -1.519 104.0595231 176.124797 -1.519 102.9690646 180.7300687 -1.519 101.809515 185.3470532 -1.519 100.5903836 189.9538596 -1.519 99.28485579 189.3777191 -3.038 99.30701004 184.9924952 -3.038 97.76325643 180.5157766 -3.038 96.55636881 176.0023091 -3.038 95.61034866 171.4937109 -3.038 94.84214244 167.0148279 -3.038 94.21152676 162.5860557 -3.038 93.68390769 158.2240489 -3.038 93.23687045 153.9441504 -3.038 92.8472884 149.7588439 -3.038 92.51426152 145.6791961 -3.038 92.25402327 141.7159218 -3.038 92.10515501 137.8826488 -3.038 92.09015484 134.1947455 -3.038 92.22115483 130.6654584 -3.038 92.45591536 127.304452 -3.038 92.75366632 124.1212938 -3.038 93.10020272 121.1257332 -3.038 93.4911232 118.3277882 -3.038 93.92717274 115.7353875 -3.038 94.39698646 113.3604045 -3.038 94.91278571 111.2089399 -3.038 95.45797629 109.2885623 -3.038 96.02556272 107.6065067 -3.038 96.60761126 106.1714154 -3.038 97.19989945 105.0012954 -3.038 97.81198766 104.1066944 -3.038 98.42311902 103.6117212 -3.038 99.1104342 103.3760225 -3.038 99.66670382 103.321312 -3.038 100.0270387 103.317689 -3.038 100.1487341 103.3217825 -3.038 100.2708558 103.3815551 -3.038 100.6317045 103.6185188 -3.038 101.1904917 104.0922981 -3.038 101.8967715 104.9224613 -3.038 102.5993362 106.0460268 -3.038 103.3018036 107.4558134 -3.038 103.9649274 109.1285101 -3.038 104.5915106 111.0531137 -3.038 105.1702431 113.2171573 -3.038 105.6980254 115.6085752 -3.038 106.1785613 118.2185617 -3.038 106.6028743 121.0358553 -3.038 106.9775043 124.0510843 -3.038 107.2961934 127.2539058 -3.038 107.560413 130.6339813 -3.038 107.7696663 134.1809303 -3.038 107.9190367 137.8841499 -3.038 107.9891469 141.7315292 -3.038 107.9583419 145.7096679 -3.038 107.8177841 149.8034333 -3.038 107.5454599 153.996244 -3.038 107.125962 158.2700101 -3.038 106.5445584 162.6092936 -3.038 105.8114589 166.9999596 -3.038 104.9395181 171.432902 -3.038 103.9608151 175.89871 -3.038 102.8979592 180.3874091 -3.038 101.7677611 184.8875245 -3.038 100.5794894 189.3777194 -3.038 99.30700829 188.494218 -5.142 99.15640161 184.3315123 -5.142 97.69606345 180.0843463 -5.142 96.54790821 175.8026994 -5.142 95.64488519 171.5250124 -5.142 94.91317784 167.2752402 -5.142 94.31338913 163.0730333 -5.142 93.81093804 158.9344437 -5.142 93.38214183 154.8738338 -5.142 93.00660554 150.9030624 -5.142 92.68299789 147.0325252 -5.142 92.4271155 143.2722152 -5.142 92.27607996 139.6349319 -5.142 92.25382343 136.1354735 -5.142 92.37623785 132.7869894 -5.142 92.60483051 129.5987869 -5.142 92.89816103 126.579775 -5.142 93.23955159 123.7391322 -5.142 93.62360543 121.0862347 -5.142 94.04983933 118.6293476 -5.142 94.51127266 116.379542 -5.142 95.01717082 114.3430119 -5.142 95.55281671 112.5277478 -5.142 96.1132251 110.9414095 -5.142 96.69127416 109.5921631 -5.142 97.28072248 108.4990018 -5.142 97.89078111 107.6771545 -5.142 98.50268132 107.2271186 -5.142 99.16778828 107.0124063 -5.142 99.69955324 106.9609665 -5.142 100.0415687 106.9575149 -5.142 100.1570436 106.9611706 -5.142 100.2728703 107.0145922 -5.142 100.6156284 107.2283099 -5.142 101.1499873 107.6670665 -5.142 101.8265553 108.4381585 -5.142 102.5093479 109.4929257 -5.142 103.1917417 110.8229067 -5.142 103.8346736 112.4054665 -5.142 104.4385936 114.2293383 -5.142 104.9918551 116.2814256 -5.142 105.493236 118.5500538 -5.142 105.9455619 121.0262799 -5.142 106.3417696 123.6992104 -5.142 106.6886263 126.5596416 -5.142 106.9823281 129.5978537 -5.142 107.2234311 132.8040673 -5.142 107.4105744 136.1684535 -5.142 107.535599 139.6806683 -5.142 107.5784182 143.3288752 -5.142 107.5221132 147.1003002 -5.142 107.3606543 150.9805492 -5.142 107.0745751 154.9541221 -5.142 106.651461 159.0043107 -5.142 106.0795595 163.1170259 -5.142 105.3695738 167.274214 -5.142 104.5110118 171.4717667 -5.142 103.5546307 175.7050223 -5.142 102.5382663 179.9640067 -5.142 101.4744675 184.2349323 -5.142 100.3595952 188.4942183 -5.142 99.15639986 187.610717 -7.246 99.00579318 183.6705295 -7.246 97.62887048 179.652916 -7.246 96.53944762 175.6030898 -7.246 95.67942171 171.5563139 -7.246 94.98421325 167.5356524 -7.246 94.41525149 163.5600109 -7.246 93.93796839 159.6448384 -7.246 93.52741321 155.8035172 -7.246 93.16592268 152.047281 -7.246 92.85173426 148.3858544 -7.246 92.60020772 144.8285086 -7.246 92.4470049 141.3872151 -7.246 92.41749202 138.0762014 -7.246 92.53132086 134.9085204 -7.246 92.75374567 131.8931218 -7.246 93.04265573 129.0382562 -7.246 93.37890047 126.3525312 -7.246 93.75608766 123.8446811 -7.246 94.17250592 121.5233076 -7.246 94.62555886 119.3986795 -7.246 95.12155593 117.477084 -7.246 95.64765713 115.7669333 -7.246 96.20088748 114.2763122 -7.246 96.77493706 113.0129107 -7.246 97.36154551 111.9967082 -7.246 97.96957457 111.2476145 -7.246 98.58224363 110.842516 -7.246 99.22514237 110.6487901 -7.246 99.73240266 110.6006211 -7.246 100.0560986 110.5973408 -7.246 100.1653531 110.6005587 -7.246 100.2748848 110.6476293 -7.246 100.5995523 110.8381009 -7.246 101.109483 111.2418348 -7.246 101.756339 111.9538557 -7.246 102.4193595 112.9398246 -7.246 103.0816799 114.1899999 -7.246 103.7044198 115.6824229 -7.246 104.2856766 117.4055629 -7.246 104.8134672 119.3456939 -7.246 105.2884467 121.4915325 -7.246 105.7125624 123.8339981 -7.246 106.0806648 126.3625655 -7.246 106.3997484 129.068199 -7.246 106.6684628 131.9418017 -7.246 106.8864492 134.9741532 -7.246 107.0514825 138.1559767 -7.246 107.1521613 141.4771867 -7.246 107.1676896 144.9262212 -7.246 107.0858846 148.4909325 -7.246 106.9035245 152.1576651 -7.246 106.6036903 155.9120002 -7.246 106.1769601 159.7386112 -7.246 105.6145607 163.6247582 -7.246 104.9276886 167.5484684 -7.246 104.0825056 171.5106315 -7.246 103.1484464 175.5113347 -7.246 102.1785734 179.5406043 -7.246 101.1811738 183.5823402 -7.246 100.1397009 187.6107173 -7.246 99.00579143 186.727216 -9.35 98.85518474 183.0095466 -9.35 97.5616775 179.2214857 -9.35 96.53098702 175.4034801 -9.35 95.71395823 171.5876154 -9.35 95.05524866 167.7960647 -9.35 94.51711386 164.0469884 -9.35 94.06499874 160.3552331 -9.35 93.67268459 156.7332005 -9.35 93.32523981 153.1914996 -9.35 93.02047063 149.7391836 -9.35 92.77329994 146.384802 -9.35 92.61792985 143.1394982 -9.35 92.5811606 140.0169293 -9.35 92.68640387 137.0300514 -9.35 92.90266083 134.1874567 -9.35 93.18715044 131.4967374 -9.35 93.51824934 128.9659302 -9.35 93.88856988 126.6031276 -9.35 94.29517251 124.4172677 -9.35 94.73984506 122.417817 -9.35 95.22594104 120.611156 -9.35 95.74249755 119.0061188 -9.35 96.28854986 117.611215 -9.35 96.85859997 116.4336584 -9.35 97.44236854 115.4944147 -9.35 98.04836802 114.8180746 -9.35 98.66180593 114.4579134 -9.35 99.28249646 114.2851739 -9.35 99.76525208 114.2402756 -9.35 100.0706286 114.2371666 -9.35 100.1736626 114.2399468 -9.35 100.2768993 114.2806665 -9.35 100.5834762 114.4478919 -9.35 101.0689786 114.8166032 -9.35 101.6861228 115.4695529 -9.35 102.3293712 116.3867235 -9.35 102.971618 117.5570931 -9.35 103.5741659 118.9593793 -9.35 104.1327596 120.5817874 -9.35 104.6350792 122.4099622 -9.35 105.0836573 124.4330111 -9.35 105.479563 126.6417163 -9.35 105.81956 129.0259206 -9.35 106.1108704 131.5767564 -9.35 106.3545976 134.2857496 -9.35 106.5494672 137.1442392 -9.35 106.6923905 140.1435 -9.35 106.7687236 143.273705 -9.35 106.7569609 146.5235672 -9.35 106.6496559 149.8815648 -9.35 106.4463947 153.3347811 -9.35 106.1328055 156.8698783 -9.35 105.7024591 160.4729117 -9.35 105.1495618 164.1324906 -9.35 104.4858035 167.8227229 -9.35 103.6539993 171.5494962 -9.35 102.742262 175.317647 -9.35 101.8188805 179.1172019 -9.35 100.8878802 182.929748 -9.35 99.91980665 186.7272162 -9.35 98.855183 185.757037 -11.76775 98.86354994 182.2925547 -11.76775 97.70493968 178.7649024 -11.76775 96.79444768 175.2119999 -11.76775 96.08329367 171.6630973 -11.76775 95.51795782 168.1397522 -11.76775 95.04647715 164.6566087 -11.76775 94.65294636 161.2271993 -11.76775 94.31281714 157.8630425 -11.76775 94.01004606 154.5736933 -11.76775 93.74643009 151.3674663 -11.76775 93.54056988 148.2527562 -11.76775 93.42480495 145.2400319 -11.76775 93.41154233 142.3411764 -11.76775 93.51112987 139.5673942 -11.76775 93.69741657 136.9266518 -11.76775 93.93862816 134.4261661 -11.76775 94.21959538 132.0734957 -11.76775 94.53607805 129.8762614 -11.76775 94.88721271 127.8426292 -11.76775 95.27433166 125.9813147 -11.76775 95.70099772 124.2982779 -11.76775 96.15718295 122.8011998 -11.76775 96.64037613 121.49806 -11.76775 97.14674958 120.3959825 -11.76775 97.66846789 119.514637 -11.76775 98.21487377 118.8793968 -11.76775 98.77660069 118.5381358 -11.76775 99.34848738 118.3727631 -11.76775 99.79457562 118.3299409 -11.76775 100.0778748 118.3269814 -11.76775 100.1735245 118.3296582 -11.76775 100.2694857 118.3686149 -11.76775 100.5542954 118.5271891 -11.76775 101.004414 118.8725084 -11.76775 101.5765028 119.4855017 -11.76775 102.1683011 120.3417498 -11.76775 102.7599402 121.4315272 -11.76775 103.316473 122.7362782 -11.76775 103.8325072 124.24576 -11.76775 104.294943 125.9465825 -11.76775 104.7058717 127.8284856 -11.76775 105.0665376 129.8828135 -11.76775 105.3741649 132.1001253 -11.76775 105.6354934 134.4721633 -11.76775 105.8515498 136.9910213 -11.76775 106.0213182 139.6486581 -11.76775 106.1402957 142.4368256 -11.76775 106.1951982 145.3462638 -11.76775 106.1685018 148.3665331 -11.76775 106.0539443 151.4869976 -11.76775 105.8510913 154.6957895 -11.76775 105.5477626 157.9807216 -11.76775 105.1387055 161.329187 -11.76775 104.6197723 164.7308165 -11.76775 104.0017954 168.1643439 -11.76775 103.2433896 171.6329441 -11.76775 102.4147704 175.1378633 -11.76775 101.5656671 178.6722115 -11.76775 100.7105024 182.2196722 -11.76775 99.82489028 185.7570372 -11.76775 98.86354838 184.786858 -14.1855 98.87191514 181.5755629 -14.1855 97.84820186 178.3083192 -14.1855 97.05790834 175.0205197 -14.1855 96.4526291 171.7385791 -14.1855 95.98066699 168.4834398 -14.1855 95.57584043 165.266229 -14.1855 95.24089398 162.0991654 -14.1855 94.95294969 158.9928845 -14.1855 94.6948523 155.955887 -14.1855 94.47238956 152.9957489 -14.1855 94.30783981 150.1207104 -14.1855 94.23168006 147.3405656 -14.1855 94.24192406 144.6654236 -14.1855 94.33585588 142.1047371 -14.1855 94.49217231 139.6658469 -14.1855 94.69010588 137.3555948 -14.1855 94.92094143 135.1810613 -14.1855 95.18358621 133.1493952 -14.1855 95.4792529 131.2679907 -14.1855 95.80881825 129.5448125 -14.1855 96.17605439 127.9853998 -14.1855 96.57186834 126.5962808 -14.1855 96.9922024 125.384905 -14.1855 97.43489918 124.3583067 -14.1855 97.89456724 123.5348593 -14.1855 98.38137953 122.940719 -14.1855 98.89139544 122.6183582 -14.1855 99.4144783 122.4603524 -14.1855 99.82389916 122.4196061 -14.1855 100.0851209 122.4167961 -14.1855 100.1733865 122.4193697 -14.1855 100.2620722 122.4565632 -14.1855 100.5251146 122.6064862 -14.1855 100.9398494 122.9284136 -14.1855 101.4668828 123.5014505 -14.1855 102.0072311 124.2967761 -14.1855 102.5482623 125.3059613 -14.1855 103.0587801 126.5131771 -14.1855 103.5322549 127.9097326 -14.1855 103.9548068 129.4832028 -14.1855 104.3280862 131.2239601 -14.1855 104.6535122 133.1239106 -14.1855 104.9287699 135.1743299 -14.1855 105.1601164 137.3675703 -14.1855 105.348502 139.6962931 -14.1855 105.4931691 142.1530769 -14.1855 105.5882008 144.7301513 -14.1855 105.6216728 147.4188225 -14.1855 105.5800427 150.209499 -14.1855 105.4582327 153.0924304 -14.1855 105.2557878 156.0567979 -14.1855 104.9627196 159.0915649 -14.1855 104.5749519 162.1854624 -14.1855 104.0899827 165.3291424 -14.1855 103.5177873 168.505965 -14.1855 102.8327798 171.716392 -14.1855 102.0872789 174.9580797 -14.1855 101.3124537 178.2272211 -14.1855 100.5331246 181.5095963 -14.1855 99.72997392 184.7868582 -14.1855 98.87191376 183.8166789 -16.60325 98.88028033 180.858571 -16.60325 97.99146404 177.8517359 -16.60325 97.321369 174.8290394 -16.60325 96.82196453 171.814061 -16.60325 96.44337616 168.8271274 -16.60325 96.10520372 165.8758492 -16.60325 95.8288416 162.9711315 -16.60325 95.59308224 160.1227264 -16.60325 95.37965854 157.3380808 -16.60325 95.19834902 154.6240316 -16.60325 95.07510974 151.9886646 -16.60325 95.03855517 149.4410993 -16.60325 95.07230579 146.9896707 -16.60325 95.16058188 144.6420799 -16.60325 95.28692805 142.4050421 -16.60325 95.4415836 140.2850235 -16.60325 95.62228747 138.2886269 -16.60325 95.83109438 136.422529 -16.60325 96.07129309 134.6933522 -16.60325 96.34330484 133.1083102 -16.60325 96.65111107 131.6725216 -16.60325 96.98655374 130.3913618 -16.60325 97.34402867 129.27175 -16.60325 97.72304879 128.3206308 -16.60325 98.12066659 127.5550817 -16.60325 98.54788528 127.0020412 -16.60325 99.0061902 126.6985806 -16.60325 99.48046921 126.5479417 -16.60325 99.85322271 126.5092713 -16.60325 100.0923671 126.5066109 -16.60325 100.1732485 126.5090811 -16.60325 100.2546586 126.5445116 -16.60325 100.4959338 126.6857833 -16.60325 100.8752849 126.9843188 -16.60325 101.3572628 127.5173992 -16.60325 101.846161 128.2518024 -16.60325 102.3365845 129.1803953 -16.60325 102.8010872 130.290076 -16.60325 103.2320026 131.5737051 -16.60325 103.6146707 133.0198231 -16.60325 103.9503006 134.6194346 -16.60325 104.2404869 136.3650078 -16.60325 104.4833748 138.2485345 -16.60325 104.6847394 140.2629773 -16.60325 104.8454542 142.4015648 -16.60325 104.96502 144.6574957 -16.60325 105.036106 147.023477 -16.60325 105.0481474 149.4913813 -16.60325 104.9915836 152.0524649 -16.60325 104.8625212 154.6978632 -16.60325 104.6604844 157.4178064 -16.60325 104.3776766 160.2024082 -16.60325 104.0111982 163.0417378 -16.60325 103.5601932 165.9274683 -16.60325 103.0337792 168.847586 -16.60325 102.42217 171.7998399 -16.60325 101.7597873 174.7782961 -16.60325 101.0592402 177.7822307 -16.60325 100.3557468 180.7995205 -16.60325 99.63505755 183.8166792 -16.60325 98.88027913 182.8464999 -19.021 98.88864553 180.1415792 -19.021 98.13472622 177.3951527 -19.021 97.58482966 174.6375592 -19.021 97.19129996 171.8895429 -19.021 96.90608532 169.1708149 -19.021 96.634567 166.4854695 -19.021 96.41678921 163.8430976 -19.021 96.23321479 161.2525684 -19.021 96.06446478 158.7202745 -19.021 95.92430848 156.2523143 -19.021 95.84237967 153.8566188 -19.021 95.84543027 151.541633 -19.021 95.90268752 149.3139178 -19.021 95.98530788 147.1794227 -19.021 96.08168379 145.1442372 -19.021 96.19306132 143.2144522 -19.021 96.32363352 141.3961924 -19.021 96.47860255 139.6956628 -19.021 96.66333329 138.1187137 -19.021 96.87779144 136.6718079 -19.021 97.12616774 135.3596435 -19.021 97.40123913 134.1864428 -19.021 97.69585494 133.158595 -19.021 98.0111984 132.282955 -19.021 98.34676595 131.575304 -19.021 98.71439103 131.0633634 -19.021 99.12098496 130.778803 -19.021 99.54646013 130.6355309 -19.021 99.88254625 130.5989366 -19.021 100.0996132 130.5964257 -19.021 100.1731104 130.5987925 -19.021 100.2472451 130.63246 -19.021 100.466753 130.7650804 -19.021 100.8107203 131.040224 -19.021 101.2476428 131.533348 -19.021 101.685091 132.2068287 -19.021 102.1249067 133.0548294 -19.021 102.5433943 134.0669749 -19.021 102.9317503 135.2376777 -19.021 103.2745345 136.5564434 -19.021 103.5725151 138.014909 -19.021 103.8274615 139.606105 -19.021 104.0379797 141.3227392 -19.021 104.2093624 143.1583843 -19.021 104.3424064 145.1068365 -19.021 104.4368709 147.1619145 -19.021 104.4840111 149.3168026 -19.021 104.474622 151.56394 -19.021 104.4031245 153.8954308 -19.021 104.2668096 156.303296 -19.021 104.065181 158.7788148 -19.021 103.7926337 161.3132515 -19.021 103.4474446 163.8980132 -19.021 103.0304036 166.5257943 -19.021 102.5497711 169.1892071 -19.021 102.0115603 171.8832878 -19.021 101.4322957 174.5985124 -19.021 100.8060268 177.3372403 -19.021 100.178369 180.0894446 -19.021 99.54014118 182.8465001 -19.021 98.88864451 181.9506795 -21.23566667 99.00033719 179.385418 -21.23566667 98.33495244 176.7852087 -21.23566667 97.85722093 174.1779708 -21.23566667 97.51483773 171.5815024 -21.23566667 97.26709412 169.0120606 -21.23566667 97.04352735 166.4750509 -21.23566667 96.86349367 163.9791903 -21.23566667 96.70905915 161.5324304 -21.23566667 96.56694793 159.1408533 -21.23566667 96.4509935 156.810398 -21.23566667 96.38851863 154.5484826 -21.23566667 96.39494523 152.3626403 -21.23566667 96.44140316 150.2590039 -21.23566667 96.50674966 148.2432553 -21.23566667 96.58371666 146.321142 -21.23566667 96.67476406 144.4983778 -21.23566667 96.78414345 142.7806508 -21.23566667 96.91617695 141.1736555 -21.23566667 97.07493518 139.6826557 -21.23566667 97.25900617 138.3133772 -21.23566667 97.47149929 137.069879 -21.23566667 97.70441115 135.9565616 -21.23566667 97.95545415 134.97922 -21.23566667 98.22632916 134.1443899 -21.23566667 98.51843773 133.4656205 -21.23566667 98.84174255 132.9659622 -21.23566667 99.20209165 132.680341 -21.23566667 99.58976455 132.531981 -21.23566667 99.90016455 132.4932564 -21.23566667 100.104166 132.4905766 -21.23566667 100.173541 132.49311 -21.23566667 100.2436018 132.5282952 -21.23566667 100.4504343 132.6621309 -21.23566667 100.7717758 132.9298543 -21.23566667 101.1794943 133.4006163 -21.23566667 101.5883042 134.0420903 -21.23566667 101.9960715 134.848365 -21.23566667 102.3816945 135.8080076 -21.23566667 102.7410064 136.9157542 -21.23566667 103.0611177 138.1629186 -21.23566667 103.3401915 139.5418155 -21.23566667 103.5795824 141.0462847 -21.23566667 103.7755243 142.669386 -21.23566667 103.9327762 144.4050156 -21.23566667 104.0511102 146.2471584 -21.23566667 104.1313575 148.1898708 -21.23566667 104.1665975 150.226685 -21.23566667 104.1489535 152.3505245 -21.23566667 104.0739532 154.5540065 -21.23566667 103.9391705 156.8297022 -21.23566667 103.7445187 159.1695173 -21.23566667 103.4852299 161.565415 -21.23566667 103.1604575 164.0094485 -21.23566667 102.771132 166.4948599 -21.23566667 102.3252021 169.0148204 -21.23566667 101.8286268 171.5644659 -21.23566667 101.2959817 174.1359629 -21.23566667 100.7268941 176.7294843 -21.23566667 100.1556886 179.3370746 -21.23566667 99.5809268 181.9506797 -21.23566667 99.00033626 181.0548591 -23.45033333 99.11202886 178.6292569 -23.45033333 98.53517867 176.1752648 -23.45033333 98.1296122 173.7183824 -23.45033333 97.8383755 171.2734618 -23.45033333 97.62810292 168.8533062 -23.45033333 97.4524877 166.4646323 -23.45033333 97.31019812 164.115283 -23.45033333 97.18490351 161.8122925 -23.45033333 97.06943109 159.561432 -23.45033333 96.97767851 157.3684818 -23.45033333 96.93465759 155.2403463 -23.45033333 96.9444602 153.1836475 -23.45033333 96.98011879 151.2040901 -23.45033333 97.02819144 149.3070879 -23.45033333 97.08574952 147.4980468 -23.45033333 97.15646681 145.7823035 -23.45033333 97.24465338 144.1651092 -23.45033333 97.35375136 142.6516482 -23.45033333 97.48653708 141.2465978 -23.45033333 97.64022091 139.9549464 -23.45033333 97.81683083 138.7801145 -23.45033333 98.00758316 137.7266804 -23.45033333 98.21505336 136.7998449 -23.45033333 98.44145992 136.0058248 -23.45033333 98.69010952 135.355937 -23.45033333 98.96909406 134.8685611 -23.45033333 99.28319835 134.581879 -23.45033333 99.63306897 134.4284311 -23.45033333 99.91778285 134.3875762 -23.45033333 100.1087188 134.3847276 -23.45033333 100.1739715 134.3874275 -23.45033333 100.2399584 134.4241303 -23.45033333 100.4341157 134.5591813 -23.45033333 100.7328313 134.8194845 -23.45033333 101.1113458 135.2678845 -23.45033333 101.4915174 135.8773518 -23.45033333 101.8672364 136.6419005 -23.45033333 102.2199947 137.5490403 -23.45033333 102.5502626 138.5938308 -23.45033333 102.8477009 139.7693938 -23.45033333 103.1078679 141.0687219 -23.45033333 103.3317034 142.4864645 -23.45033333 103.5130689 144.0160328 -23.45033333 103.65619 145.6516469 -23.45033333 103.7598139 147.3874803 -23.45033333 103.825844 149.217827 -23.45033333 103.8491838 151.1365674 -23.45033333 103.8232851 153.137109 -23.45033333 103.7447819 155.2125821 -23.45033333 103.6115314 157.3561083 -23.45033333 103.4238563 159.5602198 -23.45033333 103.1778261 161.8175785 -23.45033333 102.8734705 164.1208838 -23.45033333 102.5118603 166.4639255 -23.45033333 102.100633 168.8404337 -23.45033333 101.6456933 171.2456439 -23.45033333 101.1596677 173.6734133 -23.45033333 100.6477614 176.1217283 -23.45033333 100.1330083 178.5847046 -23.45033333 99.62171242 181.0548593 -23.45033333 99.11202801 180.1590387 -25.665 99.22372052 177.8730957 -25.665 98.73540489 175.5653208 -25.665 98.40200347 173.2587939 -25.665 98.16191327 170.9654213 -25.665 97.98911172 168.6945518 -25.665 97.86144805 166.4542138 -25.665 97.75690257 164.2513757 -25.665 97.66074787 162.0921545 -25.665 97.57191424 159.9820108 -25.665 97.50436353 157.9265655 -25.665 97.48079654 155.9322101 -25.665 97.49397516 154.0046548 -25.665 97.51883443 152.1491762 -25.665 97.54963322 150.3709205 -25.665 97.58778239 148.6749515 -25.665 97.63816956 147.0662291 -25.665 97.70516331 145.5495677 -25.665 97.79132576 144.1296409 -25.665 97.89813898 142.8105398 -25.665 98.02143564 141.5965157 -25.665 98.16216238 140.49035 -25.665 98.31075518 139.4967992 -25.665 98.47465256 138.6204699 -25.665 98.65659068 137.8672597 -25.665 98.8617813 137.2462535 -25.665 99.09644558 136.7711599 -25.665 99.36430505 136.483417 -25.665 99.67637339 136.3248812 -25.665 99.93540115 136.281896 -25.665 100.1132715 136.2788786 -25.665 100.1744021 136.281745 -25.665 100.2363151 136.3199655 -25.665 100.417797 136.4562318 -25.665 100.6938868 136.7091148 -25.665 101.0431973 137.1351527 -25.665 101.3947307 137.7126134 -25.665 101.7384012 138.435436 -25.665 102.0582949 139.2900729 -25.665 102.3595188 140.2719073 -25.665 102.6342841 141.375869 -25.665 102.8755443 142.5956284 -25.665 103.0838244 143.9266442 -25.665 103.2506135 145.3626796 -25.665 103.3796037 146.8982782 -25.665 103.4685177 148.5278022 -25.665 103.5203306 150.2457833 -25.665 103.5317701 152.0464498 -25.665 103.4976167 153.9236934 -25.665 103.4156106 155.8711578 -25.665 103.2838923 157.8825145 -25.665 103.103194 159.9509222 -25.665 102.8704224 162.0697421 -25.665 102.5864834 164.2323191 -25.665 102.2525886 166.4329912 -25.665 101.8760639 168.666047 -25.665 101.4627598 170.926822 -25.665 101.0233536 173.2108637 -25.665 100.5686287 175.5139723 -25.665 100.1103279 177.8323347 -25.665 99.66249803 180.1590389 -25.665 99.22371975 179.0928872 -28.36888889 99.32775199 176.9218368 -28.36888889 98.87420422 174.7314789 -28.36888889 98.56055427 172.5426845 -28.36888889 98.33264492 170.3665282 -28.36888889 98.16670487 168.2117591 -28.36888889 98.04268629 166.085904 -28.36888889 97.94110276 163.9955433 -28.36888889 97.84900634 161.9465239 -28.36888889 97.76491678 159.9440768 -28.36888889 97.70108717 157.9935642 -28.36888889 97.67735872 156.1010132 -28.36888889 97.68739264 154.2718347 -28.36888889 97.70921827 152.5110474 -28.36888889 97.73674703 150.8235325 -28.36888889 97.7709688 149.2140906 -28.36888889 97.81688858 147.6874257 -28.36888889 97.87885497 146.248071 -28.36888889 97.95820387 144.9004502 -28.36888889 98.0566627 143.6484338 -28.36888889 98.17029887 142.4960149 -28.36888889 98.29974364 141.4458802 -28.36888889 98.43657356 140.502456 -28.36888889 98.5874384 139.6700333 -28.36888889 98.75486111 138.9541362 -28.36888889 98.94421371 138.3640748 -28.36888889 99.16449546 137.9130642 -28.36888889 99.41839201 137.6361538 -28.36888889 99.7102268 137.4806082 -28.36888889 99.95153988 137.4334987 -28.36888889 100.1161355 137.4282887 -28.36888889 100.1729676 137.4331461 -28.36888889 100.2307644 137.4753227 -28.36888889 100.3995662 137.6097169 -28.36888889 100.6578779 137.8537093 -28.36888889 100.9856498 138.2584289 -28.36888889 101.318554 138.8066597 -28.36888889 101.6439375 139.4934282 -28.36888889 101.9449752 140.305221 -28.36888889 102.2277621 141.2373669 -28.36888889 102.4860033 142.2850136 -28.36888889 102.7136308 143.4425314 -28.36888889 102.9095234 144.7053809 -28.36888889 103.0673301 146.0678562 -28.36888889 103.1891723 147.524843 -28.36888889 103.2714852 149.0708677 -28.36888889 103.3199694 150.700793 -28.36888889 103.3312018 152.4091637 -28.36888889 103.2988614 154.1901644 -28.36888889 103.2204876 156.0378637 -28.36888889 103.0962901 157.946215 -28.36888889 102.9258738 159.908771 -28.36888889 102.7065497 161.9193393 -28.36888889 102.4399925 163.9716128 -28.36888889 102.1270655 166.0602598 -28.36888889 101.7749144 168.1798732 -28.36888889 101.3890781 170.325986 -28.36888889 100.9794683 172.4946069 -28.36888889 100.5583295 174.6817071 -28.36888889 100.1372894 176.8833062 -28.36888889 99.72732461 179.0928873 -28.36888889 99.32775131 178.0267356 -31.07277778 99.43178346 175.970578 -31.07277778 99.01300356 173.897637 -31.07277778 98.71910508 171.826575 -31.07277778 98.50337657 169.767635 -31.07277778 98.34429802 167.7289663 -31.07277778 98.22392453 165.7175942 -31.07277778 98.12530295 163.7397108 -31.07277778 98.03726481 161.8008933 -31.07277778 97.95791932 159.9061429 -31.07277778 97.89781082 158.0605628 -31.07277778 97.87392089 156.2698164 -31.07277778 97.88081012 154.5390146 -31.07277778 97.89960211 152.8729186 -31.07277778 97.92386083 151.2761445 -31.07277778 97.9541552 149.7532297 -31.07277778 97.99560761 148.3086222 -31.07277778 98.05254663 146.9465743 -31.07277778 98.12508197 145.6712595 -31.07277778 98.21518642 144.4863278 -31.07277778 98.31916209 143.3955142 -31.07277778 98.4373249 142.4014105 -31.07277778 98.56239194 141.5081127 -31.07277778 98.70022424 140.7195967 -31.07277778 98.85313153 140.0410128 -31.07277778 99.02664613 139.4818961 -31.07277778 99.23254535 139.0549685 -31.07277778 99.47247897 138.7888905 -31.07277778 99.74408021 138.6363351 -31.07277778 99.96767861 138.5851014 -31.07277778 100.1189994 138.5776989 -31.07277778 100.1715332 138.5845471 -31.07277778 100.2252138 138.6306799 -31.07277778 100.3813353 138.763202 -31.07277778 100.621869 138.9983038 -31.07277778 100.9281024 139.381705 -31.07277778 101.2423774 139.900706 -31.07277778 101.5494737 140.5514203 -31.07277778 101.8316554 141.3203691 -31.07277778 102.0960054 142.2028265 -31.07277778 102.3377224 143.1941581 -31.07277778 102.5517173 144.2894343 -31.07277778 102.7352223 145.4841176 -31.07277778 102.8840467 146.7730327 -31.07277778 102.9987408 148.1514078 -31.07277778 103.0744527 149.6139332 -31.07277778 103.1196082 151.1558026 -31.07277778 103.1306336 152.7718777 -31.07277778 103.100106 154.4566353 -31.07277778 103.0253646 156.2045696 -31.07277778 102.9086879 158.0099156 -31.07277778 102.7485536 159.8666198 -31.07277778 102.5426769 161.7689366 -31.07277778 102.2935017 163.7109065 -31.07277778 102.0015423 165.6875285 -31.07277778 101.6737649 167.6936993 -31.07277778 101.3153965 169.7251501 -31.07277778 100.935583 171.77835 -31.07277778 100.5480303 173.849442 -31.07277778 100.164251 175.9342776 -31.07277778 99.79215118 178.0267357 -31.07277778 99.43178287 176.960584 -33.77666667 99.53581493 175.0193191 -33.77666667 99.15180289 173.063795 -33.77666667 98.87765588 171.1104655 -33.77666667 98.67410822 169.1687419 -33.77666667 98.52189117 167.2461736 -33.77666667 98.40516278 165.3492844 -33.77666667 98.30950314 163.4838784 -33.77666667 98.22552328 161.6552628 -33.77666667 98.15092186 159.8682089 -33.77666667 98.09453447 158.1275614 -33.77666667 98.07048307 156.4386195 -33.77666667 98.07422761 154.8061945 -33.77666667 98.08998595 153.2347899 -33.77666667 98.11097464 151.7287565 -33.77666667 98.1373416 150.2923688 -33.77666667 98.17432663 148.9298188 -33.77666667 98.2262383 147.6450777 -33.77666667 98.29196007 146.4420688 -33.77666667 98.37371015 145.3242218 -33.77666667 98.46802531 144.2950134 -33.77666667 98.57490616 143.3569408 -33.77666667 98.68821033 142.5137694 -33.77666667 98.81301008 141.7691601 -33.77666667 98.95140196 141.1278893 -33.77666667 99.10907854 140.5997174 -33.77666667 99.30059523 140.1968728 -33.77666667 99.52656593 139.9416273 -33.77666667 99.77793362 139.792062 -33.77666667 99.98381733 139.7367041 -33.77666667 100.1218633 139.727109 -33.77666667 100.1700987 139.7359481 -33.77666667 100.2196631 139.7860372 -33.77666667 100.3631045 139.9166872 -33.77666667 100.5858602 140.1428983 -33.77666667 100.8705549 140.5049812 -33.77666667 101.1662007 140.9947524 -33.77666667 101.45501 141.6094125 -33.77666667 101.7183356 142.3355172 -33.77666667 101.9642487 143.1682862 -33.77666667 102.1894416 144.1033027 -33.77666667 102.3898037 145.1363373 -33.77666667 102.5609212 146.2628542 -33.77666667 102.7007632 147.4782093 -33.77666667 102.8083094 148.7779726 -33.77666667 102.8774202 150.1569987 -33.77666667 102.919247 151.6108123 -33.77666667 102.9300654 153.1345916 -33.77666667 102.9013507 154.7231063 -33.77666667 102.8302416 156.3712754 -33.77666667 102.7210857 158.0736161 -33.77666667 102.5712334 159.8244686 -33.77666667 102.3788042 161.6185338 -33.77666667 102.1470108 163.4502002 -33.77666667 101.8760191 165.3147971 -33.77666667 101.5726154 167.2075255 -33.77666667 101.2417148 169.1243141 -33.77666667 100.8916976 171.0620932 -33.77666667 100.5377311 173.0171768 -33.77666667 100.1912126 174.9852491 -33.77666667 99.85697776 176.9605841 -33.77666667 99.53581443 175.8944324 -36.48055556 99.63984641 174.0680602 -36.48055556 99.29060222 172.2299531 -36.48055556 99.03620669 170.394356 -36.48055556 98.84483987 168.5698488 -36.48055556 98.69948432 166.7633808 -36.48055556 98.58640102 164.9809746 -36.48055556 98.49370333 163.228046 -36.48055556 98.41378175 161.5096322 -36.48055556 98.3439244 159.8302749 -36.48055556 98.29125811 158.1945601 -36.48055556 98.26704525 156.6074227 -36.48055556 98.26764509 155.0733744 -36.48055556 98.28036979 153.5966611 -36.48055556 98.29808844 152.1813685 -36.48055556 98.320528 150.8315078 -36.48055556 98.35304566 149.5510153 -36.48055556 98.39992996 148.343581 -36.48055556 98.45883818 147.2128781 -36.48055556 98.53223387 146.1621159 -36.48055556 98.61688853 145.1945127 -36.48055556 98.71248742 144.3124711 -36.48055556 98.81402871 143.5194262 -36.48055556 98.92579591 142.8187235 -36.48055556 99.04967238 142.2147658 -36.48055556 99.19151095 141.7175387 -36.48055556 99.36864512 141.3387771 -36.48055556 99.58065289 141.094364 -36.48055556 99.81178702 140.9477889 -36.48055556 99.99995606 140.8883069 -36.48055556 100.1247273 140.8765191 -36.48055556 100.1686642 140.8873491 -36.48055556 100.2141125 140.9413944 -36.48055556 100.3448737 141.0701723 -36.48055556 100.5498513 141.2874928 -36.48055556 100.8130075 141.6282573 -36.48055556 101.0900241 142.0887987 -36.48055556 101.3605462 142.6674046 -36.48055556 101.6050158 143.3506652 -36.48055556 101.8324921 144.1337458 -36.48055556 102.0411608 145.0124472 -36.48055556 102.2278902 145.9832403 -36.48055556 102.3866202 147.0415909 -36.48055556 102.5174798 148.1833859 -36.48055556 102.6178779 149.4045375 -36.48055556 102.6803877 150.7000642 -36.48055556 102.7188858 152.065822 -36.48055556 102.7294971 153.4973056 -36.48055556 102.7025953 154.9895773 -36.48055556 102.6351186 156.5379813 -36.48055556 102.5334835 158.1373166 -36.48055556 102.3939132 159.7823174 -36.48055556 102.2149315 161.468131 -36.48055556 102.0005199 163.1894938 -36.48055556 101.750496 164.9420657 -36.48055556 101.4714659 166.7213516 -36.48055556 101.1680331 168.5234782 -36.48055556 100.8478123 170.3458363 -36.48055556 100.5274319 172.1849117 -36.48055556 100.2181741 174.0362206 -36.48055556 99.92180433 175.8944325 -36.48055556 99.63984599 174.8282808 -39.18444444 99.74387788 173.1168013 -39.18444444 99.42940155 171.3961112 -39.18444444 99.19475749 169.6782466 -39.18444444 99.01557152 167.9709556 -39.18444444 98.87707747 166.2805881 -39.18444444 98.76763926 164.6126648 -39.18444444 98.67790352 162.9722135 -39.18444444 98.60204022 161.3640016 -39.18444444 98.53692694 159.792341 -39.18444444 98.48798176 158.2615587 -39.18444444 98.46360742 156.7762259 -39.18444444 98.46106257 155.3405544 -39.18444444 98.47075363 153.9585323 -39.18444444 98.48520225 152.6339805 -39.18444444 98.5037144 151.3706469 -39.18444444 98.53176468 150.1722119 -39.18444444 98.57362162 149.0420843 -39.18444444 98.62571628 147.9836874 -39.18444444 98.69075759 147.0000099 -39.18444444 98.76575175 146.0940119 -39.18444444 98.85006868 145.2680014 -39.18444444 98.9398471 144.5250829 -39.18444444 99.03858175 143.8682869 -39.18444444 99.14794281 143.3016424 -39.18444444 99.27394336 142.8353599 -39.18444444 99.436695 142.4806814 -39.18444444 99.63473986 142.2471008 -39.18444444 99.84564043 142.1035159 -39.18444444 100.0160948 142.0399096 -39.18444444 100.1275912 142.0259293 -39.18444444 100.1672298 142.0387502 -39.18444444 100.2085618 142.0967517 -39.18444444 100.3266428 142.2236574 -39.18444444 100.5138425 142.4320873 -39.18444444 100.75546 142.7515335 -39.18444444 101.0138474 143.1828451 -39.18444444 101.2660825 143.7253968 -39.18444444 101.491696 144.3658133 -39.18444444 101.7007354 145.0992054 -39.18444444 101.8928799 145.9215918 -39.18444444 102.0659766 146.8301432 -39.18444444 102.2123191 147.8203276 -39.18444444 102.3341963 148.8885624 -39.18444444 102.4274465 150.0311023 -39.18444444 102.4833552 151.2431297 -39.18444444 102.5185246 152.5208316 -39.18444444 102.5289289 153.8600196 -39.18444444 102.50384 155.2560482 -39.18444444 102.4399955 156.7046872 -39.18444444 102.3458812 158.2010172 -39.18444444 102.216593 159.7401662 -39.18444444 102.0510588 161.3177283 -39.18444444 101.8540291 162.9287875 -39.18444444 101.6249728 164.5693344 -39.18444444 101.3703164 166.2351777 -39.18444444 101.0943514 167.9226423 -39.18444444 100.803927 169.6295794 -39.18444444 100.5171327 171.3526465 -39.18444444 100.2451357 173.0871921 -39.18444444 99.98663091 174.8282809 -39.18444444 99.74387755 173.7621292 -41.88833333 99.84790935 172.1655424 -41.88833333 99.56820088 170.5622692 -41.88833333 99.3533083 168.9621371 -41.88833333 99.18630317 167.3720625 -41.88833333 99.05467062 165.7977953 -41.88833333 98.9488775 164.2443551 -41.88833333 98.86210371 162.7163811 -41.88833333 98.79029869 161.218371 -41.88833333 98.72992948 159.754407 -41.88833333 98.68470541 158.3285574 -41.88833333 98.6601696 156.945029 -41.88833333 98.65448006 155.6077343 -41.88833333 98.66113747 154.3204035 -41.88833333 98.67231605 153.0865925 -41.88833333 98.68690081 151.909786 -41.88833333 98.7104837 150.7934084 -41.88833333 98.74731328 149.7405877 -41.88833333 98.79259438 148.7544967 -41.88833333 98.84928131 147.8379039 -41.88833333 98.91461497 146.9935112 -41.88833333 98.98764994 146.2235316 -41.88833333 99.06566548 145.5307396 -41.88833333 99.15136759 144.9178503 -41.88833333 99.24621323 144.3885189 -41.88833333 99.35637577 143.9531812 -41.88833333 99.50474489 143.6225857 -41.88833333 99.68882682 143.3998375 -41.88833333 99.87949384 143.2592428 -41.88833333 100.0322335 143.1915123 -41.88833333 100.1304552 143.1753394 -41.88833333 100.1657953 143.1901512 -41.88833333 100.2030112 143.2521089 -41.88833333 100.308412 143.3771426 -41.88833333 100.4778336 143.5766817 -41.88833333 100.6979126 143.8748096 -41.88833333 100.9376708 144.2768914 -41.88833333 101.1716187 144.7833889 -41.88833333 101.3783762 145.3809614 -41.88833333 101.5689787 146.064665 -41.88833333 101.7445991 146.8307363 -41.88833333 101.9040631 147.6770462 -41.88833333 102.0380181 148.5990643 -41.88833333 102.1509129 149.593739 -41.88833333 102.2370151 150.6576671 -41.88833333 102.2863227 151.7861952 -41.88833333 102.3181634 152.9758413 -41.88833333 102.3283606 154.2227335 -41.88833333 102.3050847 155.5225192 -41.88833333 102.2448725 156.8713931 -41.88833333 102.158279 158.2647177 -41.88833333 102.0392728 159.698015 -41.88833333 101.8871861 161.1673255 -41.88833333 101.7075382 162.6680812 -41.88833333 101.4994497 164.196603 -41.88833333 101.2691669 165.7490039 -41.88833333 101.0206697 167.3218063 -41.88833333 100.7600417 168.9133226 -41.88833333 100.5068335 170.5203814 -41.88833333 100.2720973 172.1381636 -41.88833333 100.0514575 173.7621293 -41.88833333 99.84790911 172.6959776 -44.59222222 99.95194082 171.2142835 -44.59222222 99.70700021 169.7284273 -44.59222222 99.5118591 168.2460276 -44.59222222 99.35703482 166.7731694 -44.59222222 99.23226377 165.3150026 -44.59222222 99.13011574 163.8760453 -44.59222222 99.0463039 162.4605487 -44.59222222 98.97855716 161.0727404 -44.59222222 98.92293201 159.7164731 -44.59222222 98.88142905 158.395556 -44.59222222 98.85673178 157.1138322 -44.59222222 98.84789754 155.8749142 -44.59222222 98.85152131 154.6822747 -44.59222222 98.85942986 153.5392045 -44.59222222 98.87008721 152.448925 -44.59222222 98.88920273 151.414605 -44.59222222 98.92100494 150.439091 -44.59222222 98.95947249 149.525306 -44.59222222 99.00780504 148.6757979 -44.59222222 99.0634782 147.8930104 -44.59222222 99.1252312 147.1790619 -44.59222222 99.19148386 146.5363963 -44.59222222 99.26415343 145.9674137 -44.59222222 99.34448366 145.4753955 -44.59222222 99.43880818 145.0710025 -44.59222222 99.57279477 144.76449 -44.59222222 99.74291378 144.5525743 -44.59222222 99.91334725 144.4149697 -44.59222222 100.0483723 144.343115 -44.59222222 100.1333191 144.3247496 -44.59222222 100.1643609 144.3415522 -44.59222222 100.1974605 144.4074661 -44.59222222 100.2901812 144.5306277 -44.59222222 100.4418248 144.7212762 -44.59222222 100.6403652 144.9980858 -44.59222222 100.8614942 145.3709377 -44.59222222 101.077155 145.8413811 -44.59222222 101.2650564 146.3961095 -44.59222222 101.4372221 147.0301246 -44.59222222 101.5963183 147.7398808 -44.59222222 101.7421496 148.5239492 -44.59222222 101.863717 149.3778009 -44.59222222 101.9676294 150.2989156 -44.59222222 102.0465836 151.2842319 -44.59222222 102.0892902 152.3292607 -44.59222222 102.1178022 153.430851 -44.59222222 102.1277924 154.5854475 -44.59222222 102.1063293 155.7889901 -44.59222222 102.0497495 157.038099 -44.59222222 101.9706768 158.3284183 -44.59222222 101.8619527 159.6558638 -44.59222222 101.7233134 161.0169228 -44.59222222 101.5610473 162.4073749 -44.59222222 101.3739265 163.8238716 -44.59222222 101.1680174 165.26283 -44.59222222 100.946988 166.7209704 -44.59222222 100.7161563 168.1970657 -44.59222222 100.4965344 169.6881162 -44.59222222 100.2990588 171.1891351 -44.59222222 100.1162841 172.6959777 -44.59222222 99.95194066 171.6298261 -47.29611111 100.0559723 170.2630246 -47.29611111 99.84579955 168.8945854 -47.29611111 99.67040991 167.5299182 -47.29611111 99.52776647 166.1742762 -47.29611111 99.40985692 164.8322098 -47.29611111 99.31135398 163.5077355 -47.29611111 99.23050409 162.2047162 -47.29611111 99.16681563 160.9271098 -47.29611111 99.11593455 159.6785391 -47.29611111 99.0781527 158.4625547 -47.29611111 99.05329395 157.2826353 -47.29611111 99.04131502 156.1420941 -47.29611111 99.04190516 155.0441459 -47.29611111 99.04654366 153.9918165 -47.29611111 99.05327361 152.9880641 -47.29611111 99.06792175 152.0358015 -47.29611111 99.0946966 151.1375943 -47.29611111 99.12635059 150.2961153 -47.29611111 99.16632876 149.5136919 -47.29611111 99.21234142 148.7925096 -47.29611111 99.26281246 148.1345922 -47.29611111 99.31730225 147.5420531 -47.29611111 99.37693927 147.0169771 -47.29611111 99.44275408 146.562272 -47.29611111 99.52124059 146.1888238 -47.29611111 99.64084466 145.9063943 -47.29611111 99.79700074 145.7053111 -47.29611111 99.94720065 145.5706967 -47.29611111 100.064511 145.4947177 -47.29611111 100.136183 145.4741597 -47.29611111 100.1629264 145.4929533 -47.29611111 100.1919099 145.5628234 -47.29611111 100.2719503 145.6841128 -47.29611111 100.4058159 145.8658707 -47.29611111 100.5828177 146.121362 -47.29611111 100.7853175 146.4649841 -47.29611111 100.9826912 146.8993732 -47.29611111 101.1517366 147.4112575 -47.29611111 101.3054654 147.9955842 -47.29611111 101.4480374 148.6490254 -47.29611111 101.580236 149.3708521 -47.29611111 101.6894159 150.1565376 -47.29611111 101.784346 151.0040921 -47.29611111 101.8561522 151.9107968 -47.29611111 101.8922578 152.8723262 -47.29611111 101.9174411 153.8858606 -47.29611111 101.9272241 154.9481614 -47.29611111 101.907574 156.0554611 -47.29611111 101.8546265 157.2048049 -47.29611111 101.7830746 158.3921188 -47.29611111 101.6846325 159.6137126 -47.29611111 101.5594407 160.86652 -47.29611111 101.4145565 162.1466686 -47.29611111 101.2484033 163.4511403 -47.29611111 101.0668679 164.7766562 -47.29611111 100.8733063 166.1201345 -47.29611111 100.672271 167.4808089 -47.29611111 100.4862352 168.8558511 -47.29611111 100.3260204 170.2401066 -47.29611111 100.1811106 171.6298261 -47.29611111 100.0559722 170.5636745 -50 100.1600038 169.3117657 -50 99.98459888 168.0607434 -50 99.82896071 166.8138087 -50 99.69849812 165.5753831 -50 99.58745007 164.3494171 -50 99.49259223 163.1394257 -50 99.41470428 161.9488838 -50 99.3550741 160.7814792 -50 99.30893709 159.6406051 -50 99.27487635 158.5295533 -50 99.24985613 157.4514385 -50 99.2347325 156.409274 -50 99.232289 155.4060171 -50 99.23365746 154.4444286 -50 99.23646001 153.5272032 -50 99.24664078 152.6569981 -50 99.26838826 151.8360977 -50 99.2932287 151.0669246 -50 99.32485248 150.3515859 -50 99.36120464 149.6920089 -50 99.40039372 149.0901225 -50 99.44312063 148.5477098 -50 99.48972511 148.0665405 -50 99.54102451 147.6491486 -50 99.603673 147.3066451 -50 99.70889454 147.0482986 -50 99.8510877 146.8580478 -50 99.98105406 146.7264236 -50 100.0806497 146.6463204 -50 100.139047 146.6235699 -50 100.161492 146.6443543 -50 100.1863592 146.7181806 -50 100.2537195 146.837598 -50 100.369807 147.0104652 -50 100.5252703 147.2446381 -50 100.7091409 147.5590304 -50 100.8882275 147.9573654 -50 101.0384168 148.4264056 -50 101.1737087 148.9610439 -50 101.2997566 149.5581699 -50 101.4183225 150.2177551 -50 101.5151149 150.9352743 -50 101.6010625 151.7092687 -50 101.6657207 152.5373616 -50 101.6952253 153.4153917 -50 101.7170799 154.3408703 -50 101.7266559 155.3108754 -50 101.7088187 156.321932 -50 101.6595035 157.3715107 -50 101.5954724 158.4558193 -50 101.5073123 159.5715614 -50 101.395568 160.7161173 -50 101.2680656 161.8859622 -50 101.1228802 163.0784089 -50 100.9657184 164.2904823 -50 100.7996246 165.5192985 -50 100.6283857 166.764552 -50 100.475936 168.023586 -50 100.352982 169.291078 -50 100.2459372 170.5636745 -50 100.1600038 171.8176985 -52.95 100.1600038 170.5657898 -52.95 99.98459888 169.3147675 -52.95 99.82896071 168.0678327 -52.95 99.69849812 166.8294071 -52.95 99.58745007 165.6034411 -52.95 99.49259223 164.3934497 -52.95 99.41470428 163.2029078 -52.95 99.3550741 162.0355032 -52.95 99.30893709 160.8946292 -52.95 99.27487635 159.7835774 -52.95 99.24985613 158.7054625 -52.95 99.2347325 157.6632981 -52.95 99.232289 156.6600411 -52.95 99.23365746 155.6984526 -52.95 99.23646001 154.7812272 -52.95 99.24664078 153.9110221 -52.95 99.26838826 153.0901217 -52.95 99.2932287 152.3209487 -52.95 99.32485248 151.6056099 -52.95 99.36120464 150.9460329 -52.95 99.40039372 150.3441465 -52.95 99.44312063 149.8017338 -52.95 99.48972511 149.3205645 -52.95 99.54102451 148.9031726 -52.95 99.603673 148.5606691 -52.95 99.70889454 148.3023226 -52.95 99.8510877 148.1120719 -52.95 99.98105406 147.9804476 -52.95 100.0806497 147.9003445 -52.95 100.139047 147.8775939 -52.95 100.161492 147.8983783 -52.95 100.1863592 147.9722046 -52.95 100.2537195 148.091622 -52.95 100.369807 148.2644892 -52.95 100.5252703 148.4986622 -52.95 100.7091409 148.8130544 -52.95 100.8882275 149.2113894 -52.95 101.0384168 149.6804296 -52.95 101.1737087 150.2150679 -52.95 101.2997566 150.812194 -52.95 101.4183225 151.4717791 -52.95 101.5151149 152.1892983 -52.95 101.6010625 152.9632927 -52.95 101.6657207 153.7913856 -52.95 101.6952253 154.6694157 -52.95 101.7170799 155.5948943 -52.95 101.7266559 156.5648994 -52.95 101.7088187 157.5759561 -52.95 101.6595035 158.6255348 -52.95 101.5954724 159.7098434 -52.95 101.5073123 160.8255854 -52.95 101.395568 161.9701413 -52.95 101.2680656 163.1399863 -52.95 101.1228802 164.3324329 -52.95 100.9657184 165.5445064 -52.95 100.7996246 166.7733226 -52.95 100.6283857 168.018576 -52.95 100.475936 169.27761 -52.95 100.352982 170.5451021 -52.95 100.2459372 171.8176985 -52.95 100.1600038 173.0717225 -55.9 100.1600038 171.8198138 -55.9 99.98459888 170.5687915 -55.9 99.82896071 169.3218568 -55.9 99.69849812 168.0834312 -55.9 99.58745007 166.8574651 -55.9 99.49259223 165.6474738 -55.9 99.41470428 164.4569319 -55.9 99.3550741 163.2895273 -55.9 99.30893709 162.1486532 -55.9 99.27487635 161.0376014 -55.9 99.24985613 159.9594865 -55.9 99.2347325 158.9173221 -55.9 99.232289 157.9140651 -55.9 99.23365746 156.9524766 -55.9 99.23646001 156.0352513 -55.9 99.24664078 155.1650462 -55.9 99.26838826 154.3441457 -55.9 99.2932287 153.5749727 -55.9 99.32485248 152.859634 -55.9 99.36120464 152.200057 -55.9 99.40039372 151.5981705 -55.9 99.44312063 151.0557579 -55.9 99.48972511 150.5745886 -55.9 99.54102451 150.1571967 -55.9 99.603673 149.8146932 -55.9 99.70889454 149.5563466 -55.9 99.8510877 149.3660959 -55.9 99.98105406 149.2344717 -55.9 100.0806497 149.1543685 -55.9 100.139047 149.1316179 -55.9 100.161492 149.1524024 -55.9 100.1863592 149.2262287 -55.9 100.2537195 149.345646 -55.9 100.369807 149.5185133 -55.9 100.5252703 149.7526862 -55.9 100.7091409 150.0670785 -55.9 100.8882275 150.4654134 -55.9 101.0384168 150.9344537 -55.9 101.1737087 151.4690919 -55.9 101.2997566 152.066218 -55.9 101.4183225 152.7258032 -55.9 101.5151149 153.4433224 -55.9 101.6010625 154.2173168 -55.9 101.6657207 155.0454097 -55.9 101.6952253 155.9234397 -55.9 101.7170799 156.8489184 -55.9 101.7266559 157.8189235 -55.9 101.7088187 158.8299801 -55.9 101.6595035 159.8795588 -55.9 101.5954724 160.9638674 -55.9 101.5073123 162.0796095 -55.9 101.395568 163.2241653 -55.9 101.2680656 164.3940103 -55.9 101.1228802 165.586457 -55.9 100.9657184 166.7985304 -55.9 100.7996246 168.0273466 -55.9 100.6283857 169.2726001 -55.9 100.475936 170.531634 -55.9 100.352982 171.7991261 -55.9 100.2459372 173.0717226 -55.9 100.1600038 174.3257466 -58.85 100.1600038 173.0738379 -58.85 99.98459888 171.8228155 -58.85 99.82896071 170.5758808 -58.85 99.69849812 169.3374552 -58.85 99.58745007 168.1114892 -58.85 99.49259223 166.9014978 -58.85 99.41470428 165.7109559 -58.85 99.3550741 164.5435513 -58.85 99.30893709 163.4026772 -58.85 99.27487635 162.2916254 -58.85 99.24985613 161.2135106 -58.85 99.2347325 160.1713461 -58.85 99.232289 159.1680892 -58.85 99.23365746 158.2065007 -58.85 99.23646001 157.2892753 -58.85 99.24664078 156.4190702 -58.85 99.26838826 155.5981698 -58.85 99.2932287 154.8289967 -58.85 99.32485248 154.113658 -58.85 99.36120464 153.454081 -58.85 99.40039372 152.8521946 -58.85 99.44312063 152.3097819 -58.85 99.48972511 151.8286126 -58.85 99.54102451 151.4112207 -58.85 99.603673 151.0687172 -58.85 99.70889454 150.8103707 -58.85 99.8510877 150.6201199 -58.85 99.98105406 150.4884957 -58.85 100.0806497 150.4083925 -58.85 100.139047 150.385642 -58.85 100.161492 150.4064264 -58.85 100.1863592 150.4802527 -58.85 100.2537195 150.5996701 -58.85 100.369807 150.7725373 -58.85 100.5252703 151.0067102 -58.85 100.7091409 151.3211025 -58.85 100.8882275 151.7194375 -58.85 101.0384168 152.1884777 -58.85 101.1737087 152.723116 -58.85 101.2997566 153.3202421 -58.85 101.4183225 153.9798272 -58.85 101.5151149 154.6973464 -58.85 101.6010625 155.4713408 -58.85 101.6657207 156.2994337 -58.85 101.6952253 157.1774638 -58.85 101.7170799 158.1029424 -58.85 101.7266559 159.0729475 -58.85 101.7088187 160.0840041 -58.85 101.6595035 161.1335828 -58.85 101.5954724 162.2178915 -58.85 101.5073123 163.3336335 -58.85 101.395568 164.4781894 -58.85 101.2680656 165.6480343 -58.85 101.1228802 166.840481 -58.85 100.9657184 168.0525544 -58.85 100.7996246 169.2813706 -58.85 100.6283857 170.5266241 -58.85 100.475936 171.7856581 -58.85 100.352982 173.0531502 -58.85 100.2459372 174.3257466 -58.85 100.1600038 175.5797706 -61.8 100.1600038 174.3278619 -61.8 99.98459888 173.0768396 -61.8 99.82896071 171.8299048 -61.8 99.69849812 170.5914792 -61.8 99.58745007 169.3655132 -61.8 99.49259223 168.1555219 -61.8 99.41470428 166.96498 -61.8 99.3550741 165.7975754 -61.8 99.30893709 164.6567013 -61.8 99.27487635 163.5456495 -61.8 99.24985613 162.4675346 -61.8 99.2347325 161.4253702 -61.8 99.232289 160.4221132 -61.8 99.23365746 159.4605247 -61.8 99.23646001 158.5432993 -61.8 99.24664078 157.6730942 -61.8 99.26838826 156.8521938 -61.8 99.2932287 156.0830208 -61.8 99.32485248 155.367682 -61.8 99.36120464 154.708105 -61.8 99.40039372 154.1062186 -61.8 99.44312063 153.5638059 -61.8 99.48972511 153.0826366 -61.8 99.54102451 152.6652447 -61.8 99.603673 152.3227412 -61.8 99.70889454 152.0643947 -61.8 99.8510877 151.874144 -61.8 99.98105406 151.7425197 -61.8 100.0806497 151.6624166 -61.8 100.139047 151.639666 -61.8 100.161492 151.6604504 -61.8 100.1863592 151.7342768 -61.8 100.2537195 151.8536941 -61.8 100.369807 152.0265614 -61.8 100.5252703 152.2607343 -61.8 100.7091409 152.5751266 -61.8 100.8882275 152.9734615 -61.8 101.0384168 153.4425018 -61.8 101.1737087 153.97714 -61.8 101.2997566 154.5742661 -61.8 101.4183225 155.2338512 -61.8 101.5151149 155.9513704 -61.8 101.6010625 156.7253648 -61.8 101.6657207 157.5534577 -61.8 101.6952253 158.4314878 -61.8 101.7170799 159.3569664 -61.8 101.7266559 160.3269715 -61.8 101.7088187 161.3380282 -61.8 101.6595035 162.3876069 -61.8 101.5954724 163.4719155 -61.8 101.5073123 164.5876575 -61.8 101.395568 165.7322134 -61.8 101.2680656 166.9020584 -61.8 101.1228802 168.0945051 -61.8 100.9657184 169.3065785 -61.8 100.7996246 170.5353947 -61.8 100.6283857 171.7806482 -61.8 100.475936 173.0396821 -61.8 100.352982 174.3071742 -61.8 100.2459372 175.5797706 -61.8 100.1600038 176.8337947 -64.75 100.1600038 175.5818859 -64.75 99.98459888 174.3308636 -64.75 99.82896071 173.0839289 -64.75 99.69849812 171.8455033 -64.75 99.58745007 170.6195372 -64.75 99.49259223 169.4095459 -64.75 99.41470428 168.219004 -64.75 99.3550741 167.0515994 -64.75 99.30893709 165.9107253 -64.75 99.27487635 164.7996735 -64.75 99.24985613 163.7215586 -64.75 99.2347325 162.6793942 -64.75 99.232289 161.6761373 -64.75 99.23365746 160.7145487 -64.75 99.23646001 159.7973234 -64.75 99.24664078 158.9271183 -64.75 99.26838826 158.1062179 -64.75 99.2932287 157.3370448 -64.75 99.32485248 156.6217061 -64.75 99.36120464 155.9621291 -64.75 99.40039372 155.3602426 -64.75 99.44312063 154.81783 -64.75 99.48972511 154.3366607 -64.75 99.54102451 153.9192688 -64.75 99.603673 153.5767653 -64.75 99.70889454 153.3184188 -64.75 99.8510877 153.128168 -64.75 99.98105406 152.9965438 -64.75 100.0806497 152.9164406 -64.75 100.139047 152.8936901 -64.75 100.161492 152.9144745 -64.75 100.1863592 152.9883008 -64.75 100.2537195 153.1077182 -64.75 100.369807 153.2805854 -64.75 100.5252703 153.5147583 -64.75 100.7091409 153.8291506 -64.75 100.8882275 154.2274856 -64.75 101.0384168 154.6965258 -64.75 101.1737087 155.231164 -64.75 101.2997566 155.8282901 -64.75 101.4183225 156.4878753 -64.75 101.5151149 157.2053945 -64.75 101.6010625 157.9793889 -64.75 101.6657207 158.8074818 -64.75 101.6952253 159.6855119 -64.75 101.7170799 160.6109905 -64.75 101.7266559 161.5809956 -64.75 101.7088187 162.5920522 -64.75 101.6595035 163.6416309 -64.75 101.5954724 164.7259395 -64.75 101.5073123 165.8416816 -64.75 101.395568 166.9862374 -64.75 101.2680656 168.1560824 -64.75 101.1228802 169.3485291 -64.75 100.9657184 170.5606025 -64.75 100.7996246 171.7894187 -64.75 100.6283857 173.0346722 -64.75 100.475936 174.2937061 -64.75 100.352982 175.5611982 -64.75 100.2459372 176.8337947 -64.75 100.1600038 178.0878187 -67.7 100.1600038 176.83591 -67.7 99.98459888 175.5848876 -67.7 99.82896071 174.3379529 -67.7 99.69849812 173.0995273 -67.7 99.58745007 171.8735613 -67.7 99.49259223 170.6635699 -67.7 99.41470428 169.473028 -67.7 99.3550741 168.3056234 -67.7 99.30893709 167.1647493 -67.7 99.27487635 166.0536976 -67.7 99.24985613 164.9755827 -67.7 99.2347325 163.9334182 -67.7 99.232289 162.9301613 -67.7 99.23365746 161.9685728 -67.7 99.23646001 161.0513474 -67.7 99.24664078 160.1811423 -67.7 99.26838826 159.3602419 -67.7 99.2932287 158.5910688 -67.7 99.32485248 157.8757301 -67.7 99.36120464 157.2161531 -67.7 99.40039372 156.6142667 -67.7 99.44312063 156.071854 -67.7 99.48972511 155.5906847 -67.7 99.54102451 155.1732928 -67.7 99.603673 154.8307893 -67.7 99.70889454 154.5724428 -67.7 99.8510877 154.382192 -67.7 99.98105406 154.2505678 -67.7 100.0806497 154.1704646 -67.7 100.139047 154.1477141 -67.7 100.161492 154.1684985 -67.7 100.1863592 154.2423248 -67.7 100.2537195 154.3617422 -67.7 100.369807 154.5346094 -67.7 100.5252703 154.7687823 -67.7 100.7091409 155.0831746 -67.7 100.8882275 155.4815096 -67.7 101.0384168 155.9505498 -67.7 101.1737087 156.4851881 -67.7 101.2997566 157.0823142 -67.7 101.4183225 157.7418993 -67.7 101.5151149 158.4594185 -67.7 101.6010625 159.2334129 -67.7 101.6657207 160.0615058 -67.7 101.6952253 160.9395359 -67.7 101.7170799 161.8650145 -67.7 101.7266559 162.8350196 -67.7 101.7088187 163.8460763 -67.7 101.6595035 164.895655 -67.7 101.5954724 165.9799636 -67.7 101.5073123 167.0957056 -67.7 101.395568 168.2402615 -67.7 101.2680656 169.4101065 -67.7 101.1228802 170.6025531 -67.7 100.9657184 171.8146266 -67.7 100.7996246 173.0434427 -67.7 100.6283857 174.2886962 -67.7 100.475936 175.5477302 -67.7 100.352982 176.8152223 -67.7 100.2459372 178.0878187 -67.7 100.1600038 179.3418427 -70.65 100.1600038 178.089934 -70.65 99.98459888 176.8389117 -70.65 99.82896071 175.5919769 -70.65 99.69849812 174.3535514 -70.65 99.58745007 173.1275853 -70.65 99.49259223 171.917594 -70.65 99.41470428 170.7270521 -70.65 99.3550741 169.5596475 -70.65 99.30893709 168.4187734 -70.65 99.27487635 167.3077216 -70.65 99.24985613 166.2296067 -70.65 99.2347325 165.1874423 -70.65 99.232289 164.1841853 -70.65 99.23365746 163.2225968 -70.65 99.23646001 162.3053714 -70.65 99.24664078 161.4351664 -70.65 99.26838826 160.6142659 -70.65 99.2932287 159.8450929 -70.65 99.32485248 159.1297541 -70.65 99.36120464 158.4701772 -70.65 99.40039372 157.8682907 -70.65 99.44312063 157.325878 -70.65 99.48972511 156.8447087 -70.65 99.54102451 156.4273168 -70.65 99.603673 156.0848133 -70.65 99.70889454 155.8264668 -70.65 99.8510877 155.6362161 -70.65 99.98105406 155.5045918 -70.65 100.0806497 155.4244887 -70.65 100.139047 155.4017381 -70.65 100.161492 155.4225225 -70.65 100.1863592 155.4963489 -70.65 100.2537195 155.6157662 -70.65 100.369807 155.7886335 -70.65 100.5252703 156.0228064 -70.65 100.7091409 156.3371987 -70.65 100.8882275 156.7355336 -70.65 101.0384168 157.2045739 -70.65 101.1737087 157.7392121 -70.65 101.2997566 158.3363382 -70.65 101.4183225 158.9959233 -70.65 101.5151149 159.7134425 -70.65 101.6010625 160.4874369 -70.65 101.6657207 161.3155299 -70.65 101.6952253 162.1935599 -70.65 101.7170799 163.1190386 -70.65 101.7266559 164.0890436 -70.65 101.7088187 165.1001003 -70.65 101.6595035 166.149679 -70.65 101.5954724 167.2339876 -70.65 101.5073123 168.3497297 -70.65 101.395568 169.4942855 -70.65 101.2680656 170.6641305 -70.65 101.1228802 171.8565772 -70.65 100.9657184 173.0686506 -70.65 100.7996246 174.2974668 -70.65 100.6283857 175.5427203 -70.65 100.475936 176.8017542 -70.65 100.352982 178.0692463 -70.65 100.2459372 179.3418427 -70.65 100.1600038 180.5958668 -73.6 100.1600038 179.343958 -73.6 99.98459888 178.0929357 -73.6 99.82896071 176.846001 -73.6 99.69849812 175.6075754 -73.6 99.58745007 174.3816094 -73.6 99.49259223 173.171618 -73.6 99.41470428 171.9810761 -73.6 99.3550741 170.8136715 -73.6 99.30893709 169.6727974 -73.6 99.27487635 168.5617456 -73.6 99.24985613 167.4836308 -73.6 99.2347325 166.4414663 -73.6 99.232289 165.4382094 -73.6 99.23365746 164.4766208 -73.6 99.23646001 163.5593955 -73.6 99.24664078 162.6891904 -73.6 99.26838826 161.86829 -73.6 99.2932287 161.0991169 -73.6 99.32485248 160.3837782 -73.6 99.36120464 159.7242012 -73.6 99.40039372 159.1223148 -73.6 99.44312063 158.5799021 -73.6 99.48972511 158.0987328 -73.6 99.54102451 157.6813409 -73.6 99.603673 157.3388374 -73.6 99.70889454 157.0804909 -73.6 99.8510877 156.8902401 -73.6 99.98105406 156.7586159 -73.6 100.0806497 156.6785127 -73.6 100.139047 156.6557622 -73.6 100.161492 156.6765466 -73.6 100.1863592 156.7503729 -73.6 100.2537195 156.8697903 -73.6 100.369807 157.0426575 -73.6 100.5252703 157.2768304 -73.6 100.7091409 157.5912227 -73.6 100.8882275 157.9895577 -73.6 101.0384168 158.4585979 -73.6 101.1737087 158.9932361 -73.6 101.2997566 159.5903622 -73.6 101.4183225 160.2499474 -73.6 101.5151149 160.9674666 -73.6 101.6010625 161.741461 -73.6 101.6657207 162.5695539 -73.6 101.6952253 163.447584 -73.6 101.7170799 164.3730626 -73.6 101.7266559 165.3430677 -73.6 101.7088187 166.3541243 -73.6 101.6595035 167.403703 -73.6 101.5954724 168.4880116 -73.6 101.5073123 169.6037537 -73.6 101.395568 170.7483095 -73.6 101.2680656 171.9181545 -73.6 101.1228802 173.1106012 -73.6 100.9657184 174.3226746 -73.6 100.7996246 175.5514908 -73.6 100.6283857 176.7967443 -73.6 100.475936 178.0557783 -73.6 100.352982 179.3232703 -73.6 100.2459372 180.5958668 -73.6 100.1600038 181.8498908 -76.55 100.1600038 180.5979821 -76.55 99.98459888 179.3469597 -76.55 99.82896071 178.100025 -76.55 99.69849812 176.8615994 -76.55 99.58745007 175.6356334 -76.55 99.49259223 174.425642 -76.55 99.41470428 173.2351001 -76.55 99.3550741 172.0676955 -76.55 99.30893709 170.9268215 -76.55 99.27487635 169.8157697 -76.55 99.24985613 168.7376548 -76.55 99.2347325 167.6954903 -76.55 99.232289 166.6922334 -76.55 99.23365746 165.7306449 -76.55 99.23646001 164.8134195 -76.55 99.24664078 163.9432144 -76.55 99.26838826 163.122314 -76.55 99.2932287 162.353141 -76.55 99.32485248 161.6378022 -76.55 99.36120464 160.9782252 -76.55 99.40039372 160.3763388 -76.55 99.44312063 159.8339261 -76.55 99.48972511 159.3527568 -76.55 99.54102451 158.9353649 -76.55 99.603673 158.5928614 -76.55 99.70889454 158.3345149 -76.55 99.8510877 158.1442641 -76.55 99.98105406 158.0126399 -76.55 100.0806497 157.9325367 -76.55 100.139047 157.9097862 -76.55 100.161492 157.9305706 -76.55 100.1863592 158.0043969 -76.55 100.2537195 158.1238143 -76.55 100.369807 158.2966815 -76.55 100.5252703 158.5308544 -76.55 100.7091409 158.8452467 -76.55 100.8882275 159.2435817 -76.55 101.0384168 159.7126219 -76.55 101.1737087 160.2472602 -76.55 101.2997566 160.8443863 -76.55 101.4183225 161.5039714 -76.55 101.5151149 162.2214906 -76.55 101.6010625 162.995485 -76.55 101.6657207 163.8235779 -76.55 101.6952253 164.701608 -76.55 101.7170799 165.6270866 -76.55 101.7266559 166.5970917 -76.55 101.7088187 167.6081484 -76.55 101.6595035 168.6577271 -76.55 101.5954724 169.7420357 -76.55 101.5073123 170.8577777 -76.55 101.395568 172.0023336 -76.55 101.2680656 173.1721786 -76.55 101.1228802 174.3646252 -76.55 100.9657184 175.5766987 -76.55 100.7996246 176.8055149 -76.55 100.6283857 178.0507683 -76.55 100.475936 179.3098023 -76.55 100.352982 180.5772944 -76.55 100.2459372 181.8498908 -76.55 100.1600038 183.1039148 -79.5 100.1600038 181.8520061 -79.5 99.98459888 180.6009838 -79.5 99.82896071 179.3540491 -79.5 99.69849812 178.1156235 -79.5 99.58745007 176.8896574 -79.5 99.49259223 175.6796661 -79.5 99.41470428 174.4891242 -79.5 99.3550741 173.3217196 -79.5 99.30893709 172.1808455 -79.5 99.27487635 171.0697937 -79.5 99.24985613 169.9916788 -79.5 99.2347325 168.9495144 -79.5 99.232289 167.9462574 -79.5 99.23365746 166.9846689 -79.5 99.23646001 166.0674436 -79.5 99.24664078 165.1972385 -79.5 99.26838826 164.376338 -79.5 99.2932287 163.607165 -79.5 99.32485248 162.8918263 -79.5 99.36120464 162.2322493 -79.5 99.40039372 161.6303628 -79.5 99.44312063 161.0879501 -79.5 99.48972511 160.6067808 -79.5 99.54102451 160.189389 -79.5 99.603673 159.8468855 -79.5 99.70889454 159.5885389 -79.5 99.8510877 159.3982882 -79.5 99.98105406 159.266664 -79.5 100.0806497 159.1865608 -79.5 100.139047 159.1638102 -79.5 100.161492 159.1845946 -79.5 100.1863592 159.258421 -79.5 100.2537195 159.3778383 -79.5 100.369807 159.5507056 -79.5 100.5252703 159.7848785 -79.5 100.7091409 160.0992708 -79.5 100.8882275 160.4976057 -79.5 101.0384168 160.966646 -79.5 101.1737087 161.5012842 -79.5 101.2997566 162.0984103 -79.5 101.4183225 162.7579955 -79.5 101.5151149 163.4755147 -79.5 101.6010625 164.249509 -79.5 101.6657207 165.077602 -79.5 101.6952253 165.955632 -79.5 101.7170799 166.8811107 -79.5 101.7266559 167.8511157 -79.5 101.7088187 168.8621724 -79.5 101.6595035 169.9117511 -79.5 101.5954724 170.9960597 -79.5 101.5073123 172.1118018 -79.5 101.395568 173.2563576 -79.5 101.2680656 174.4262026 -79.5 101.1228802 175.6186493 -79.5 100.9657184 176.8307227 -79.5 100.7996246 178.0595389 -79.5 100.6283857 179.3047924 -79.5 100.475936 180.5638263 -79.5 100.352982 181.8313184 -79.5 100.2459372 183.1039149 -79.5 100.1600038 184.3579389 -82.45 100.1600038 183.1060301 -82.45 99.98459888 181.8550078 -82.45 99.82896071 180.6080731 -82.45 99.69849812 179.3696475 -82.45 99.58745007 178.1436815 -82.45 99.49259223 176.9336901 -82.45 99.41470428 175.7431482 -82.45 99.3550741 174.5757436 -82.45 99.30893709 173.4348695 -82.45 99.27487635 172.3238177 -82.45 99.24985613 171.2457029 -82.45 99.2347325 170.2035384 -82.45 99.232289 169.2002815 -82.45 99.23365746 168.238693 -82.45 99.23646001 167.3214676 -82.45 99.24664078 166.4512625 -82.45 99.26838826 165.6303621 -82.45 99.2932287 164.861189 -82.45 99.32485248 164.1458503 -82.45 99.36120464 163.4862733 -82.45 99.40039372 162.8843869 -82.45 99.44312063 162.3419742 -82.45 99.48972511 161.8608049 -82.45 99.54102451 161.443413 -82.45 99.603673 161.1009095 -82.45 99.70889454 160.842563 -82.45 99.8510877 160.6523122 -82.45 99.98105406 160.520688 -82.45 100.0806497 160.4405848 -82.45 100.139047 160.4178343 -82.45 100.161492 160.4386187 -82.45 100.1863592 160.512445 -82.45 100.2537195 160.6318624 -82.45 100.369807 160.8047296 -82.45 100.5252703 161.0389025 -82.45 100.7091409 161.3532948 -82.45 100.8882275 161.7516298 -82.45 101.0384168 162.22067 -82.45 101.1737087 162.7553083 -82.45 101.2997566 163.3524344 -82.45 101.4183225 164.0120195 -82.45 101.5151149 164.7295387 -82.45 101.6010625 165.5035331 -82.45 101.6657207 166.331626 -82.45 101.6952253 167.2096561 -82.45 101.7170799 168.1351347 -82.45 101.7266559 169.1051398 -82.45 101.7088187 170.1161964 -82.45 101.6595035 171.1657751 -82.45 101.5954724 172.2500838 -82.45 101.5073123 173.3658258 -82.45 101.395568 174.5103817 -82.45 101.2680656 175.6802266 -82.45 101.1228802 176.8726733 -82.45 100.9657184 178.0847467 -82.45 100.7996246 179.3135629 -82.45 100.6283857 180.5588164 -82.45 100.475936 181.8178504 -82.45 100.352982 183.0853424 -82.45 100.2459372 184.3579389 -82.45 100.1600038 185.6119629 -85.4 100.1600038 184.3600542 -85.4 99.98459888 183.1090319 -85.4 99.82896071 181.8620971 -85.4 99.69849812 180.6236715 -85.4 99.58745007 179.3977055 -85.4 99.49259223 178.1877141 -85.4 99.41470428 176.9971723 -85.4 99.3550741 175.8297677 -85.4 99.30893709 174.6888936 -85.4 99.27487635 173.5778418 -85.4 99.24985613 172.4997269 -85.4 99.2347325 171.4575625 -85.4 99.232289 170.4543055 -85.4 99.23365746 169.492717 -85.4 99.23646001 168.5754916 -85.4 99.24664078 167.7052865 -85.4 99.26838826 166.8843861 -85.4 99.2932287 166.1152131 -85.4 99.32485248 165.3998743 -85.4 99.36120464 164.7402973 -85.4 99.40039372 164.1384109 -85.4 99.44312063 163.5959982 -85.4 99.48972511 163.1148289 -85.4 99.54102451 162.697437 -85.4 99.603673 162.3549335 -85.4 99.70889454 162.096587 -85.4 99.8510877 161.9063363 -85.4 99.98105406 161.774712 -85.4 100.0806497 161.6946089 -85.4 100.139047 161.6718583 -85.4 100.161492 161.6926427 -85.4 100.1863592 161.7664691 -85.4 100.2537195 161.8858864 -85.4 100.369807 162.0587537 -85.4 100.5252703 162.2929266 -85.4 100.7091409 162.6073189 -85.4 100.8882275 163.0056538 -85.4 101.0384168 163.4746941 -85.4 101.1737087 164.0093323 -85.4 101.2997566 164.6064584 -85.4 101.4183225 165.2660435 -85.4 101.5151149 165.9835627 -85.4 101.6010625 166.7575571 -85.4 101.6657207 167.58565 -85.4 101.6952253 168.4636801 -85.4 101.7170799 169.3891587 -85.4 101.7266559 170.3591638 -85.4 101.7088187 171.3702205 -85.4 101.6595035 172.4197992 -85.4 101.5954724 173.5041078 -85.4 101.5073123 174.6198498 -85.4 101.395568 175.7644057 -85.4 101.2680656 176.9342507 -85.4 101.1228802 178.1266974 -85.4 100.9657184 179.3387708 -85.4 100.7996246 180.567587 -85.4 100.6283857 181.8128405 -85.4 100.475936 183.0718744 -85.4 100.352982 184.3393665 -85.4 100.2459372 185.6119629 -85.4 100.1600038 186.865987 -88.35 100.1600038 185.6140782 -88.35 99.98459888 184.3630559 -88.35 99.82896071 183.1161212 -88.35 99.69849812 181.8776956 -88.35 99.58745007 180.6517295 -88.35 99.49259223 179.4417382 -88.35 99.41470428 178.2511963 -88.35 99.3550741 177.0837917 -88.35 99.30893709 175.9429176 -88.35 99.27487635 174.8318658 -88.35 99.24985613 173.7537509 -88.35 99.2347325 172.7115865 -88.35 99.232289 171.7083296 -88.35 99.23365746 170.746741 -88.35 99.23646001 169.8295157 -88.35 99.24664078 168.9593106 -88.35 99.26838826 168.1384101 -88.35 99.2932287 167.3692371 -88.35 99.32485248 166.6538984 -88.35 99.36120464 165.9943214 -88.35 99.40039372 165.3924349 -88.35 99.44312063 164.8500223 -88.35 99.48972511 164.368853 -88.35 99.54102451 163.9514611 -88.35 99.603673 163.6089576 -88.35 99.70889454 163.350611 -88.35 99.8510877 163.1603603 -88.35 99.98105406 163.0287361 -88.35 100.0806497 162.9486329 -88.35 100.139047 162.9258823 -88.35 100.161492 162.9466668 -88.35 100.1863592 163.0204931 -88.35 100.2537195 163.1399104 -88.35 100.369807 163.3127777 -88.35 100.5252703 163.5469506 -88.35 100.7091409 163.8613429 -88.35 100.8882275 164.2596778 -88.35 101.0384168 164.7287181 -88.35 101.1737087 165.2633563 -88.35 101.2997566 165.8604824 -88.35 101.4183225 166.5200676 -88.35 101.5151149 167.2375868 -88.35 101.6010625 168.0115812 -88.35 101.6657207 168.8396741 -88.35 101.6952253 169.7177042 -88.35 101.7170799 170.6431828 -88.35 101.7266559 171.6131879 -88.35 101.7088187 172.6242445 -88.35 101.6595035 173.6738232 -88.35 101.5954724 174.7581318 -88.35 101.5073123 175.8738739 -88.35 101.395568 177.0184297 -88.35 101.2680656 178.1882747 -88.35 101.1228802 179.3807214 -88.35 100.9657184 180.5927948 -88.35 100.7996246 181.821611 -88.35 100.6283857 183.0668645 -88.35 100.475936 184.3258984 -88.35 100.352982 185.5933905 -88.35 100.2459372 186.865987 -88.35 100.1600038 188.120011 -91.3 100.1600038 186.8681023 -91.3 99.98459888 185.6170799 -91.3 99.82896071 184.3701452 -91.3 99.69849812 183.1317196 -91.3 99.58745007 181.9057536 -91.3 99.49259223 180.6957622 -91.3 99.41470428 179.5052203 -91.3 99.3550741 178.3378157 -91.3 99.30893709 177.1969416 -91.3 99.27487635 176.0858898 -91.3 99.24985613 175.007775 -91.3 99.2347325 173.9656105 -91.3 99.232289 172.9623536 -91.3 99.23365746 172.0007651 -91.3 99.23646001 171.0835397 -91.3 99.24664078 170.2133346 -91.3 99.26838826 169.3924342 -91.3 99.2932287 168.6232611 -91.3 99.32485248 167.9079224 -91.3 99.36120464 167.2483454 -91.3 99.40039372 166.646459 -91.3 99.44312063 166.1040463 -91.3 99.48972511 165.622877 -91.3 99.54102451 165.2054851 -91.3 99.603673 164.8629816 -91.3 99.70889454 164.6046351 -91.3 99.8510877 164.4143843 -91.3 99.98105406 164.2827601 -91.3 100.0806497 164.2026569 -91.3 100.139047 164.1799064 -91.3 100.161492 164.2006908 -91.3 100.1863592 164.2745171 -91.3 100.2537195 164.3939345 -91.3 100.369807 164.5668017 -91.3 100.5252703 164.8009746 -91.3 100.7091409 165.1153669 -91.3 100.8882275 165.5137019 -91.3 101.0384168 165.9827421 -91.3 101.1737087 166.5173804 -91.3 101.2997566 167.1145065 -91.3 101.4183225 167.7740916 -91.3 101.5151149 168.4916108 -91.3 101.6010625 169.2656052 -91.3 101.6657207 170.0936981 -91.3 101.6952253 170.9717282 -91.3 101.7170799 171.8972068 -91.3 101.7266559 172.8672119 -91.3 101.7088187 173.8782686 -91.3 101.6595035 174.9278473 -91.3 101.5954724 176.0121559 -91.3 101.5073123 177.1278979 -91.3 101.395568 178.2724538 -91.3 101.2680656 179.4422988 -91.3 101.1228802 180.6347454 -91.3 100.9657184 181.8468188 -91.3 100.7996246 183.075635 -91.3 100.6283857 184.3208885 -91.3 100.475936 185.5799225 -91.3 100.352982 186.8474146 -91.3 100.2459372 188.120011 -91.3 100.1600038 189.374035 -94.25 100.1600038 188.1221263 -94.25 99.98459888 186.871104 -94.25 99.82896071 185.6241692 -94.25 99.69849812 184.3857437 -94.25 99.58745007 183.1597776 -94.25 99.49259223 181.9497863 -94.25 99.41470428 180.7592444 -94.25 99.3550741 179.5918398 -94.25 99.30893709 178.4509657 -94.25 99.27487635 177.3399139 -94.25 99.24985613 176.261799 -94.25 99.2347325 175.2196346 -94.25 99.232289 174.2163776 -94.25 99.23365746 173.2547891 -94.25 99.23646001 172.3375637 -94.25 99.24664078 171.4673587 -94.25 99.26838826 170.6464582 -94.25 99.2932287 169.8772852 -94.25 99.32485248 169.1619464 -94.25 99.36120464 168.5023694 -94.25 99.40039372 167.900483 -94.25 99.44312063 167.3580703 -94.25 99.48972511 166.876901 -94.25 99.54102451 166.4595091 -94.25 99.603673 166.1170056 -94.25 99.70889454 165.8586591 -94.25 99.8510877 165.6684084 -94.25 99.98105406 165.5367841 -94.25 100.0806497 165.456681 -94.25 100.139047 165.4339304 -94.25 100.161492 165.4547148 -94.25 100.1863592 165.5285412 -94.25 100.2537195 165.6479585 -94.25 100.369807 165.8208258 -94.25 100.5252703 166.0549987 -94.25 100.7091409 166.369391 -94.25 100.8882275 166.7677259 -94.25 101.0384168 167.2367662 -94.25 101.1737087 167.7714044 -94.25 101.2997566 168.3685305 -94.25 101.4183225 169.0281156 -94.25 101.5151149 169.7456348 -94.25 101.6010625 170.5196292 -94.25 101.6657207 171.3477222 -94.25 101.6952253 172.2257522 -94.25 101.7170799 173.1512308 -94.25 101.7266559 174.1212359 -94.25 101.7088187 175.1322926 -94.25 101.6595035 176.1818713 -94.25 101.5954724 177.2661799 -94.25 101.5073123 178.381922 -94.25 101.395568 179.5264778 -94.25 101.2680656 180.6963228 -94.25 101.1228802 181.8887695 -94.25 100.9657184 183.1008429 -94.25 100.7996246 184.3296591 -94.25 100.6283857 185.5749126 -94.25 100.475936 186.8339465 -94.25 100.352982 188.1014386 -94.25 100.2459372 189.374035 -94.25 100.1600038 190.6280591 -97.2 100.1600038 189.3761503 -97.2 99.98459888 188.125128 -97.2 99.82896071 186.8781933 -97.2 99.69849812 185.6397677 -97.2 99.58745007 184.4138017 -97.2 99.49259223 183.2038103 -97.2 99.41470428 182.0132684 -97.2 99.3550741 180.8458638 -97.2 99.30893709 179.7049897 -97.2 99.27487635 178.5939379 -97.2 99.24985613 177.5158231 -97.2 99.2347325 176.4736586 -97.2 99.232289 175.4704017 -97.2 99.23365746 174.5088131 -97.2 99.23646001 173.5915878 -97.2 99.24664078 172.7213827 -97.2 99.26838826 171.9004823 -97.2 99.2932287 171.1313092 -97.2 99.32485248 170.4159705 -97.2 99.36120464 169.7563935 -97.2 99.40039372 169.154507 -97.2 99.44312063 168.6120944 -97.2 99.48972511 168.1309251 -97.2 99.54102451 167.7135332 -97.2 99.603673 167.3710297 -97.2 99.70889454 167.1126832 -97.2 99.8510877 166.9224324 -97.2 99.98105406 166.7908082 -97.2 100.0806497 166.710705 -97.2 100.139047 166.6879545 -97.2 100.161492 166.7087389 -97.2 100.1863592 166.7825652 -97.2 100.2537195 166.9019826 -97.2 100.369807 167.0748498 -97.2 100.5252703 167.3090227 -97.2 100.7091409 167.623415 -97.2 100.8882275 168.02175 -97.2 101.0384168 168.4907902 -97.2 101.1737087 169.0254284 -97.2 101.2997566 169.6225545 -97.2 101.4183225 170.2821397 -97.2 101.5151149 170.9996589 -97.2 101.6010625 171.7736533 -97.2 101.6657207 172.6017462 -97.2 101.6952253 173.4797763 -97.2 101.7170799 174.4052549 -97.2 101.7266559 175.37526 -97.2 101.7088187 176.3863166 -97.2 101.6595035 177.4358953 -97.2 101.5954724 178.5202039 -97.2 101.5073123 179.635946 -97.2 101.395568 180.7805018 -97.2 101.2680656 181.9503468 -97.2 101.1228802 183.1427935 -97.2 100.9657184 184.3548669 -97.2 100.7996246 185.5836831 -97.2 100.6283857 186.8289366 -97.2 100.475936 188.0879705 -97.2 100.352982 189.3554626 -97.2 100.2459372 190.6280591 -97.2 100.1600038 191.8820831 -100.15 100.1600038 190.6301744 -100.15 99.98459888 189.379152 -100.15 99.82896071 188.1322173 -100.15 99.69849812 186.8937917 -100.15 99.58745007 185.6678257 -100.15 99.49259223 184.4578343 -100.15 99.41470428 183.2672924 -100.15 99.3550741 182.0998878 -100.15 99.30893709 180.9590138 -100.15 99.27487635 179.847962 -100.15 99.24985613 178.7698471 -100.15 99.2347325 177.7276826 -100.15 99.232289 176.7244257 -100.15 99.23365746 175.7628372 -100.15 99.23646001 174.8456118 -100.15 99.24664078 173.9754067 -100.15 99.26838826 173.1545063 -100.15 99.2932287 172.3853332 -100.15 99.32485248 171.6699945 -100.15 99.36120464 171.0104175 -100.15 99.40039372 170.4085311 -100.15 99.44312063 169.8661184 -100.15 99.48972511 169.3849491 -100.15 99.54102451 168.9675572 -100.15 99.603673 168.6250537 -100.15 99.70889454 168.3667072 -100.15 99.8510877 168.1764564 -100.15 99.98105406 168.0448322 -100.15 100.0806497 167.964729 -100.15 100.139047 167.9419785 -100.15 100.161492 167.9627629 -100.15 100.1863592 168.0365892 -100.15 100.2537195 168.1560066 -100.15 100.369807 168.3288738 -100.15 100.5252703 168.5630467 -100.15 100.7091409 168.877439 -100.15 100.8882275 169.275774 -100.15 101.0384168 169.7448142 -100.15 101.1737087 170.2794525 -100.15 101.2997566 170.8765786 -100.15 101.4183225 171.5361637 -100.15 101.5151149 172.2536829 -100.15 101.6010625 173.0276773 -100.15 101.6657207 173.8557702 -100.15 101.6952253 174.7338003 -100.15 101.7170799 175.6592789 -100.15 101.7266559 176.629284 -100.15 101.7088187 177.6403407 -100.15 101.6595035 178.6899194 -100.15 101.5954724 179.774228 -100.15 101.5073123 180.88997 -100.15 101.395568 182.0345259 -100.15 101.2680656 183.2043709 -100.15 101.1228802 184.3968175 -100.15 100.9657184 185.608891 -100.15 100.7996246 186.8377072 -100.15 100.6283857 188.0829606 -100.15 100.475936 189.3419946 -100.15 100.352982 190.6094867 -100.15 100.2459372 191.8820831 -100.15 100.1600038 193.1361071 -103.1 100.1600038 191.8841984 -103.1 99.98459888 190.6331761 -103.1 99.82896071 189.3862413 -103.1 99.69849812 188.1478158 -103.1 99.58745007 186.9218497 -103.1 99.49259223 185.7118584 -103.1 99.41470428 184.5213165 -103.1 99.3550741 183.3539119 -103.1 99.30893709 182.2130378 -103.1 99.27487635 181.101986 -103.1 99.24985613 180.0238711 -103.1 99.2347325 178.9817067 -103.1 99.232289 177.9784497 -103.1 99.23365746 177.0168612 -103.1 99.23646001 176.0996359 -103.1 99.24664078 175.2294308 -103.1 99.26838826 174.4085303 -103.1 99.2932287 173.6393573 -103.1 99.32485248 172.9240186 -103.1 99.36120464 172.2644416 -103.1 99.40039372 171.6625551 -103.1 99.44312063 171.1201424 -103.1 99.48972511 170.6389731 -103.1 99.54102451 170.2215812 -103.1 99.603673 169.8790778 -103.1 99.70889454 169.6207312 -103.1 99.8510877 169.4304805 -103.1 99.98105406 169.2988563 -103.1 100.0806497 169.2187531 -103.1 100.139047 169.1960025 -103.1 100.161492 169.2167869 -103.1 100.1863592 169.2906133 -103.1 100.2537195 169.4100306 -103.1 100.369807 169.5828979 -103.1 100.5252703 169.8170708 -103.1 100.7091409 170.1314631 -103.1 100.8882275 170.529798 -103.1 101.0384168 170.9988383 -103.1 101.1737087 171.5334765 -103.1 101.2997566 172.1306026 -103.1 101.4183225 172.7901877 -103.1 101.5151149 173.5077069 -103.1 101.6010625 174.2817013 -103.1 101.6657207 175.1097943 -103.1 101.6952253 175.9878243 -103.1 101.7170799 176.913303 -103.1 101.7266559 177.883308 -103.1 101.7088187 178.8943647 -103.1 101.6595035 179.9439434 -103.1 101.5954724 181.028252 -103.1 101.5073123 182.1439941 -103.1 101.395568 183.2885499 -103.1 101.2680656 184.4583949 -103.1 101.1228802 185.6508416 -103.1 100.9657184 186.862915 -103.1 100.7996246 188.0917312 -103.1 100.6283857 189.3369847 -103.1 100.475936 190.5960186 -103.1 100.352982 191.8635107 -103.1 100.2459372 193.1361071 -103.1 100.1600038 194.3901312 -106.05 100.1600038 193.1382224 -106.05 99.98459888 191.8872001 -106.05 99.82896071 190.6402654 -106.05 99.69849812 189.4018398 -106.05 99.58745007 188.1758738 -106.05 99.49259223 186.9658824 -106.05 99.41470428 185.7753405 -106.05 99.3550741 184.6079359 -106.05 99.30893709 183.4670618 -106.05 99.27487635 182.35601 -106.05 99.24985613 181.2778952 -106.05 99.2347325 180.2357307 -106.05 99.232289 179.2324738 -106.05 99.23365746 178.2708853 -106.05 99.23646001 177.3536599 -106.05 99.24664078 176.4834548 -106.05 99.26838826 175.6625544 -106.05 99.2932287 174.8933813 -106.05 99.32485248 174.1780426 -106.05 99.36120464 173.5184656 -106.05 99.40039372 172.9165792 -106.05 99.44312063 172.3741665 -106.05 99.48972511 171.8929972 -106.05 99.54102451 171.4756053 -106.05 99.603673 171.1331018 -106.05 99.70889454 170.8747553 -106.05 99.8510877 170.6845045 -106.05 99.98105406 170.5528803 -106.05 100.0806497 170.4727771 -106.05 100.139047 170.4500266 -106.05 100.161492 170.470811 -106.05 100.1863592 170.5446373 -106.05 100.2537195 170.6640547 -106.05 100.369807 170.8369219 -106.05 100.5252703 171.0710948 -106.05 100.7091409 171.3854871 -106.05 100.8882275 171.7838221 -106.05 101.0384168 172.2528623 -106.05 101.1737087 172.7875006 -106.05 101.2997566 173.3846266 -106.05 101.4183225 174.0442118 -106.05 101.5151149 174.761731 -106.05 101.6010625 175.5357254 -106.05 101.6657207 176.3638183 -106.05 101.6952253 177.2418484 -106.05 101.7170799 178.167327 -106.05 101.7266559 179.1373321 -106.05 101.7088187 180.1483887 -106.05 101.6595035 181.1979674 -106.05 101.5954724 182.282276 -106.05 101.5073123 183.3980181 -106.05 101.395568 184.542574 -106.05 101.2680656 185.7124189 -106.05 101.1228802 186.9048656 -106.05 100.9657184 188.116939 -106.05 100.7996246 189.3457552 -106.05 100.6283857 190.5910087 -106.05 100.475936 191.8500427 -106.05 100.352982 193.1175347 -106.05 100.2459372 194.3901312 -106.05 100.1600038 195.6441552 -109 100.1600038 194.3922465 -109 99.98459888 193.1412242 -109 99.82896071 191.8942894 -109 99.69849812 190.6558638 -109 99.58745007 189.4298978 -109 99.49259223 188.2199064 -109 99.41470428 187.0293645 -109 99.3550741 185.8619599 -109 99.30893709 184.7210859 -109 99.27487635 183.6100341 -109 99.24985613 182.5319192 -109 99.2347325 181.4897548 -109 99.232289 180.4864978 -109 99.23365746 179.5249093 -109 99.23646001 178.6076839 -109 99.24664078 177.7374788 -109 99.26838826 176.9165784 -109 99.2932287 176.1474054 -109 99.32485248 175.4320666 -109 99.36120464 174.7724896 -109 99.40039372 174.1706032 -109 99.44312063 173.6281905 -109 99.48972511 173.1470212 -109 99.54102451 172.7296293 -109 99.603673 172.3871258 -109 99.70889454 172.1287793 -109 99.8510877 171.9385286 -109 99.98105406 171.8069043 -109 100.0806497 171.7268012 -109 100.139047 171.7040506 -109 100.161492 171.724835 -109 100.1863592 171.7986613 -109 100.2537195 171.9180787 -109 100.369807 172.090946 -109 100.5252703 172.3251189 -109 100.7091409 172.6395111 -109 100.8882275 173.0378461 -109 101.0384168 173.5068863 -109 101.1737087 174.0415246 -109 101.2997566 174.6386507 -109 101.4183225 175.2982358 -109 101.5151149 176.015755 -109 101.6010625 176.7897494 -109 101.6657207 177.6178423 -109 101.6952253 178.4958724 -109 101.7170799 179.421351 -109 101.7266559 180.3913561 -109 101.7088187 181.4024128 -109 101.6595035 182.4519915 -109 101.5954724 183.5363001 -109 101.5073123 184.6520421 -109 101.395568 185.796598 -109 101.2680656 186.966443 -109 101.1228802 188.1588896 -109 100.9657184 189.3709631 -109 100.7996246 190.5997793 -109 100.6283857 191.8450327 -109 100.475936 193.1040667 -109 100.352982 194.3715588 -109 100.2459372 195.6441552 -109 100.1600038 196.8981792 -111.95 100.1600038 195.6462705 -111.95 99.98459888 194.3952482 -111.95 99.82896071 193.1483135 -111.95 99.69849812 191.9098879 -111.95 99.58745007 190.6839218 -111.95 99.49259223 189.4739305 -111.95 99.41470428 188.2833886 -111.95 99.3550741 187.115984 -111.95 99.30893709 185.9751099 -111.95 99.27487635 184.8640581 -111.95 99.24985613 183.7859432 -111.95 99.2347325 182.7437788 -111.95 99.232289 181.7405218 -111.95 99.23365746 180.7789333 -111.95 99.23646001 179.861708 -111.95 99.24664078 178.9915029 -111.95 99.26838826 178.1706024 -111.95 99.2932287 177.4014294 -111.95 99.32485248 176.6860907 -111.95 99.36120464 176.0265137 -111.95 99.40039372 175.4246272 -111.95 99.44312063 174.8822146 -111.95 99.48972511 174.4010453 -111.95 99.54102451 173.9836534 -111.95 99.603673 173.6411499 -111.95 99.70889454 173.3828033 -111.95 99.8510877 173.1925526 -111.95 99.98105406 173.0609284 -111.95 100.0806497 172.9808252 -111.95 100.139047 172.9580746 -111.95 100.161492 172.9788591 -111.95 100.1863592 173.0526854 -111.95 100.2537195 173.1721027 -111.95 100.369807 173.34497 -111.95 100.5252703 173.5791429 -111.95 100.7091409 173.8935352 -111.95 100.8882275 174.2918701 -111.95 101.0384168 174.7609104 -111.95 101.1737087 175.2955486 -111.95 101.2997566 175.8926747 -111.95 101.4183225 176.5522599 -111.95 101.5151149 177.2697791 -111.95 101.6010625 178.0437735 -111.95 101.6657207 178.8718664 -111.95 101.6952253 179.7498964 -111.95 101.7170799 180.6753751 -111.95 101.7266559 181.6453802 -111.95 101.7088187 182.6564368 -111.95 101.6595035 183.7060155 -111.95 101.5954724 184.7903241 -111.95 101.5073123 185.9060662 -111.95 101.395568 187.050622 -111.95 101.2680656 188.220467 -111.95 101.1228802 189.4129137 -111.95 100.9657184 190.6249871 -111.95 100.7996246 191.8538033 -111.95 100.6283857 193.0990568 -111.95 100.475936 194.3580907 -111.95 100.352982 195.6255828 -111.95 100.2459372 196.8981793 -111.95 100.1600038 198.1522033 -114.9 100.1600038 196.9002946 -114.9 99.98459888 195.6492722 -114.9 99.82896071 194.4023375 -114.9 99.69849812 193.1639119 -114.9 99.58745007 191.9379459 -114.9 99.49259223 190.7279545 -114.9 99.41470428 189.5374126 -114.9 99.3550741 188.370008 -114.9 99.30893709 187.2291339 -114.9 99.27487635 186.1180821 -114.9 99.24985613 185.0399673 -114.9 99.2347325 183.9978028 -114.9 99.232289 182.9945459 -114.9 99.23365746 182.0329574 -114.9 99.23646001 181.115732 -114.9 99.24664078 180.2455269 -114.9 99.26838826 179.4246265 -114.9 99.2932287 178.6554534 -114.9 99.32485248 177.9401147 -114.9 99.36120464 177.2805377 -114.9 99.40039372 176.6786513 -114.9 99.44312063 176.1362386 -114.9 99.48972511 175.6550693 -114.9 99.54102451 175.2376774 -114.9 99.603673 174.8951739 -114.9 99.70889454 174.6368274 -114.9 99.8510877 174.4465766 -114.9 99.98105406 174.3149524 -114.9 100.0806497 174.2348492 -114.9 100.139047 174.2120987 -114.9 100.161492 174.2328831 -114.9 100.1863592 174.3067094 -114.9 100.2537195 174.4261268 -114.9 100.369807 174.598994 -114.9 100.5252703 174.8331669 -114.9 100.7091409 175.1475592 -114.9 100.8882275 175.5458942 -114.9 101.0384168 176.0149344 -114.9 101.1737087 176.5495727 -114.9 101.2997566 177.1466988 -114.9 101.4183225 177.8062839 -114.9 101.5151149 178.5238031 -114.9 101.6010625 179.2977975 -114.9 101.6657207 180.1258904 -114.9 101.6952253 181.0039205 -114.9 101.7170799 181.9293991 -114.9 101.7266559 182.8994042 -114.9 101.7088187 183.9104608 -114.9 101.6595035 184.9600395 -114.9 101.5954724 186.0443482 -114.9 101.5073123 187.1600902 -114.9 101.395568 188.3046461 -114.9 101.2680656 189.474491 -114.9 101.1228802 190.6669377 -114.9 100.9657184 191.8790111 -114.9 100.7996246 193.1078273 -114.9 100.6283857 194.3530808 -114.9 100.475936 195.6121148 -114.9 100.352982 196.8796069 -114.9 100.2459372 198.1522033 -114.9 100.1600038 199.4062273 -117.85 100.1600038 198.1543186 -117.85 99.98459888 196.9032963 -117.85 99.82896071 195.6563615 -117.85 99.69849812 194.4179359 -117.85 99.58745007 193.1919699 -117.85 99.49259223 191.9819786 -117.85 99.41470428 190.7914367 -117.85 99.3550741 189.6240321 -117.85 99.30893709 188.483158 -117.85 99.27487635 187.3721062 -117.85 99.24985613 186.2939913 -117.85 99.2347325 185.2518269 -117.85 99.232289 184.2485699 -117.85 99.23365746 183.2869814 -117.85 99.23646001 182.369756 -117.85 99.24664078 181.4995509 -117.85 99.26838826 180.6786505 -117.85 99.2932287 179.9094775 -117.85 99.32485248 179.1941387 -117.85 99.36120464 178.5345617 -117.85 99.40039372 177.9326753 -117.85 99.44312063 177.3902626 -117.85 99.48972511 176.9090933 -117.85 99.54102451 176.4917014 -117.85 99.603673 176.1491979 -117.85 99.70889454 175.8908514 -117.85 99.8510877 175.7006007 -117.85 99.98105406 175.5689764 -117.85 100.0806497 175.4888733 -117.85 100.139047 175.4661227 -117.85 100.161492 175.4869071 -117.85 100.1863592 175.5607335 -117.85 100.2537195 175.6801508 -117.85 100.369807 175.8530181 -117.85 100.5252703 176.087191 -117.85 100.7091409 176.4015833 -117.85 100.8882275 176.7999182 -117.85 101.0384168 177.2689585 -117.85 101.1737087 177.8035967 -117.85 101.2997566 178.4007228 -117.85 101.4183225 179.0603079 -117.85 101.5151149 179.7778271 -117.85 101.6010625 180.5518215 -117.85 101.6657207 181.3799145 -117.85 101.6952253 182.2579445 -117.85 101.7170799 183.1834231 -117.85 101.7266559 184.1534282 -117.85 101.7088187 185.1644849 -117.85 101.6595035 186.2140636 -117.85 101.5954724 187.2983722 -117.85 101.5073123 188.4141142 -117.85 101.395568 189.5586701 -117.85 101.2680656 190.7285151 -117.85 101.1228802 191.9209618 -117.85 100.9657184 193.1330352 -117.85 100.7996246 194.3618514 -117.85 100.6283857 195.6071049 -117.85 100.475936 196.8661388 -117.85 100.352982 198.1336309 -117.85 100.2459372 199.4062273 -117.85 100.1600038 200.6602514 -120.8 100.1600038 199.4083426 -120.8 99.98459888 198.1573203 -120.8 99.82896071 196.9103856 -120.8 99.69849812 195.67196 -120.8 99.58745007 194.445994 -120.8 99.49259223 193.2360026 -120.8 99.41470428 192.0454607 -120.8 99.3550741 190.8780561 -120.8 99.30893709 189.737182 -120.8 99.27487635 188.6261302 -120.8 99.24985613 187.5480153 -120.8 99.2347325 186.5058509 -120.8 99.232289 185.502594 -120.8 99.23365746 184.5410054 -120.8 99.23646001 183.6237801 -120.8 99.24664078 182.753575 -120.8 99.26838826 181.9326746 -120.8 99.2932287 181.1635015 -120.8 99.32485248 180.4481628 -120.8 99.36120464 179.7885858 -120.8 99.40039372 179.1866993 -120.8 99.44312063 178.6442867 -120.8 99.48972511 178.1631174 -120.8 99.54102451 177.7457255 -120.8 99.603673 177.403222 -120.8 99.70889454 177.1448755 -120.8 99.8510877 176.9546247 -120.8 99.98105406 176.8230005 -120.8 100.0806497 176.7428973 -120.8 100.139047 176.7201468 -120.8 100.161492 176.7409312 -120.8 100.1863592 176.8147575 -120.8 100.2537195 176.9341749 -120.8 100.369807 177.1070421 -120.8 100.5252703 177.341215 -120.8 100.7091409 177.6556073 -120.8 100.8882275 178.0539423 -120.8 101.0384168 178.5229825 -120.8 101.1737087 179.0576207 -120.8 101.2997566 179.6547468 -120.8 101.4183225 180.314332 -120.8 101.5151149 181.0318512 -120.8 101.6010625 181.8058456 -120.8 101.6657207 182.6339385 -120.8 101.6952253 183.5119686 -120.8 101.7170799 184.4374472 -120.8 101.7266559 185.4074523 -120.8 101.7088187 186.4185089 -120.8 101.6595035 187.4680876 -120.8 101.5954724 188.5523962 -120.8 101.5073123 189.6681383 -120.8 101.395568 190.8126941 -120.8 101.2680656 191.9825391 -120.8 101.1228802 193.1749858 -120.8 100.9657184 194.3870592 -120.8 100.7996246 195.6158754 -120.8 100.6283857 196.8611289 -120.8 100.475936 198.1201628 -120.8 100.352982 199.3876549 -120.8 100.2459372 200.6602514 -120.8 100.1600038 201.9142754 -123.75 100.1600038 200.6623667 -123.75 99.98459888 199.4113443 -123.75 99.82896071 198.1644096 -123.75 99.69849812 196.925984 -123.75 99.58745007 195.700018 -123.75 99.49259223 194.4900266 -123.75 99.41470428 193.2994847 -123.75 99.3550741 192.1320801 -123.75 99.30893709 190.991206 -123.75 99.27487635 189.8801543 -123.75 99.24985613 188.8020394 -123.75 99.2347325 187.7598749 -123.75 99.232289 186.756618 -123.75 99.23365746 185.7950295 -123.75 99.23646001 184.8778041 -123.75 99.24664078 184.007599 -123.75 99.26838826 183.1866986 -123.75 99.2932287 182.4175255 -123.75 99.32485248 181.7021868 -123.75 99.36120464 181.0426098 -123.75 99.40039372 180.4407234 -123.75 99.44312063 179.8983107 -123.75 99.48972511 179.4171414 -123.75 99.54102451 178.9997495 -123.75 99.603673 178.657246 -123.75 99.70889454 178.3988995 -123.75 99.8510877 178.2086487 -123.75 99.98105406 178.0770245 -123.75 100.0806497 177.9969213 -123.75 100.139047 177.9741708 -123.75 100.161492 177.9949552 -123.75 100.1863592 178.0687815 -123.75 100.2537195 178.1881989 -123.75 100.369807 178.3610661 -123.75 100.5252703 178.595239 -123.75 100.7091409 178.9096313 -123.75 100.8882275 179.3079663 -123.75 101.0384168 179.7770065 -123.75 101.1737087 180.3116448 -123.75 101.2997566 180.9087709 -123.75 101.4183225 181.568356 -123.75 101.5151149 182.2858752 -123.75 101.6010625 183.0598696 -123.75 101.6657207 183.8879625 -123.75 101.6952253 184.7659926 -123.75 101.7170799 185.6914712 -123.75 101.7266559 186.6614763 -123.75 101.7088187 187.672533 -123.75 101.6595035 188.7221117 -123.75 101.5954724 189.8064203 -123.75 101.5073123 190.9221623 -123.75 101.395568 192.0667182 -123.75 101.2680656 193.2365632 -123.75 101.1228802 194.4290098 -123.75 100.9657184 195.6410833 -123.75 100.7996246 196.8698994 -123.75 100.6283857 198.1151529 -123.75 100.475936 199.3741869 -123.75 100.352982 200.641679 -123.75 100.2459372 201.9142754 -123.75 100.1600038 203.1682994 -126.7 100.1600038 201.9163907 -126.7 99.98459888 200.6653684 -126.7 99.82896071 199.4184336 -126.7 99.69849812 198.1800081 -126.7 99.58745007 196.954042 -126.7 99.49259223 195.7440507 -126.7 99.41470428 194.5535088 -126.7 99.3550741 193.3861042 -126.7 99.30893709 192.2452301 -126.7 99.27487635 191.1341783 -126.7 99.24985613 190.0560634 -126.7 99.2347325 189.013899 -126.7 99.232289 188.010642 -126.7 99.23365746 187.0490535 -126.7 99.23646001 186.1318282 -126.7 99.24664078 185.2616231 -126.7 99.26838826 184.4407226 -126.7 99.2932287 183.6715496 -126.7 99.32485248 182.9562108 -126.7 99.36120464 182.2966339 -126.7 99.40039372 181.6947474 -126.7 99.44312063 181.1523347 -126.7 99.48972511 180.6711654 -126.7 99.54102451 180.2537735 -126.7 99.603673 179.91127 -126.7 99.70889454 179.6529235 -126.7 99.8510877 179.4626728 -126.7 99.98105406 179.3310485 -126.7 100.0806497 179.2509454 -126.7 100.139047 179.2281948 -126.7 100.161492 179.2489792 -126.7 100.1863592 179.3228056 -126.7 100.2537195 179.4422229 -126.7 100.369807 179.6150902 -126.7 100.5252703 179.8492631 -126.7 100.7091409 180.1636554 -126.7 100.8882275 180.5619903 -126.7 101.0384168 181.0310306 -126.7 101.1737087 181.5656688 -126.7 101.2997566 182.1627949 -126.7 101.4183225 182.82238 -126.7 101.5151149 183.5398992 -126.7 101.6010625 184.3138936 -126.7 101.6657207 185.1419866 -126.7 101.6952253 186.0200166 -126.7 101.7170799 186.9454953 -126.7 101.7266559 187.9155003 -126.7 101.7088187 188.926557 -126.7 101.6595035 189.9761357 -126.7 101.5954724 191.0604443 -126.7 101.5073123 192.1761864 -126.7 101.395568 193.3207422 -126.7 101.2680656 194.4905872 -126.7 101.1228802 195.6830339 -126.7 100.9657184 196.8951073 -126.7 100.7996246 198.1239235 -126.7 100.6283857 199.369177 -126.7 100.475936 200.6282109 -126.7 100.352982 201.895703 -126.7 100.2459372 203.1682994 -126.7 100.1600038 204.4223235 -129.65 100.1600038 203.1704147 -129.65 99.98459888 201.9193924 -129.65 99.82896071 200.6724577 -129.65 99.69849812 199.4340321 -129.65 99.58745007 198.2080661 -129.65 99.49259223 196.9980747 -129.65 99.41470428 195.8075328 -129.65 99.3550741 194.6401282 -129.65 99.30893709 193.4992541 -129.65 99.27487635 192.3882023 -129.65 99.24985613 191.3100875 -129.65 99.2347325 190.267923 -129.65 99.232289 189.2646661 -129.65 99.23365746 188.3030775 -129.65 99.23646001 187.3858522 -129.65 99.24664078 186.5156471 -129.65 99.26838826 185.6947467 -129.65 99.2932287 184.9255736 -129.65 99.32485248 184.2102349 -129.65 99.36120464 183.5506579 -129.65 99.40039372 182.9487715 -129.65 99.44312063 182.4063588 -129.65 99.48972511 181.9251895 -129.65 99.54102451 181.5077976 -129.65 99.603673 181.1652941 -129.65 99.70889454 180.9069476 -129.65 99.8510877 180.7166968 -129.65 99.98105406 180.5850726 -129.65 100.0806497 180.5049694 -129.65 100.139047 180.4822189 -129.65 100.161492 180.5030033 -129.65 100.1863592 180.5768296 -129.65 100.2537195 180.696247 -129.65 100.369807 180.8691142 -129.65 100.5252703 181.1032871 -129.65 100.7091409 181.4176794 -129.65 100.8882275 181.8160144 -129.65 101.0384168 182.2850546 -129.65 101.1737087 182.8196928 -129.65 101.2997566 183.4168189 -129.65 101.4183225 184.0764041 -129.65 101.5151149 184.7939233 -129.65 101.6010625 185.5679177 -129.65 101.6657207 186.3960106 -129.65 101.6952253 187.2740407 -129.65 101.7170799 188.1995193 -129.65 101.7266559 189.1695244 -129.65 101.7088187 190.180581 -129.65 101.6595035 191.2301597 -129.65 101.5954724 192.3144683 -129.65 101.5073123 193.4302104 -129.65 101.395568 194.5747662 -129.65 101.2680656 195.7446112 -129.65 101.1228802 196.9370579 -129.65 100.9657184 198.1491313 -129.65 100.7996246 199.3779475 -129.65 100.6283857 200.623201 -129.65 100.475936 201.882235 -129.65 100.352982 203.149727 -129.65 100.2459372 204.4223235 -129.65 100.1600038 205.6763475 -132.6 100.1600038 204.4244388 -132.6 99.98459888 203.1734164 -132.6 99.82896071 201.9264817 -132.6 99.69849812 200.6880561 -132.6 99.58745007 199.4620901 -132.6 99.49259223 198.2520987 -132.6 99.41470428 197.0615568 -132.6 99.3550741 195.8941522 -132.6 99.30893709 194.7532782 -132.6 99.27487635 193.6422264 -132.6 99.24985613 192.5641115 -132.6 99.2347325 191.521947 -132.6 99.232289 190.5186901 -132.6 99.23365746 189.5571016 -132.6 99.23646001 188.6398762 -132.6 99.24664078 187.7696711 -132.6 99.26838826 186.9487707 -132.6 99.2932287 186.1795977 -132.6 99.32485248 185.4642589 -132.6 99.36120464 184.8046819 -132.6 99.40039372 184.2027955 -132.6 99.44312063 183.6603828 -132.6 99.48972511 183.1792135 -132.6 99.54102451 182.7618216 -132.6 99.603673 182.4193181 -132.6 99.70889454 182.1609716 -132.6 99.8510877 181.9707208 -132.6 99.98105406 181.8390966 -132.6 100.0806497 181.7589934 -132.6 100.139047 181.7362429 -132.6 100.161492 181.7570273 -132.6 100.1863592 181.8308536 -132.6 100.2537195 181.950271 -132.6 100.369807 182.1231382 -132.6 100.5252703 182.3573111 -132.6 100.7091409 182.6717034 -132.6 100.8882275 183.0700384 -132.6 101.0384168 183.5390786 -132.6 101.1737087 184.0737169 -132.6 101.2997566 184.670843 -132.6 101.4183225 185.3304281 -132.6 101.5151149 186.0479473 -132.6 101.6010625 186.8219417 -132.6 101.6657207 187.6500346 -132.6 101.6952253 188.5280647 -132.6 101.7170799 189.4535433 -132.6 101.7266559 190.4235484 -132.6 101.7088187 191.4346051 -132.6 101.6595035 192.4841838 -132.6 101.5954724 193.5684924 -132.6 101.5073123 194.6842344 -132.6 101.395568 195.8287903 -132.6 101.2680656 196.9986353 -132.6 101.1228802 198.1910819 -132.6 100.9657184 199.4031554 -132.6 100.7996246 200.6319716 -132.6 100.6283857 201.877225 -132.6 100.475936 203.136259 -132.6 100.352982 204.4037511 -132.6 100.2459372 205.6763475 -132.6 100.1600038 206.9303715 -135.55 100.1600038 205.6784628 -135.55 99.98459888 204.4274405 -135.55 99.82896071 203.1805058 -135.55 99.69849812 201.9420802 -135.55 99.58745007 200.7161141 -135.55 99.49259223 199.5061228 -135.55 99.41470428 198.3155809 -135.55 99.3550741 197.1481763 -135.55 99.30893709 196.0073022 -135.55 99.27487635 194.8962504 -135.55 99.24985613 193.8181355 -135.55 99.2347325 192.7759711 -135.55 99.232289 191.7727141 -135.55 99.23365746 190.8111256 -135.55 99.23646001 189.8939003 -135.55 99.24664078 189.0236952 -135.55 99.26838826 188.2027947 -135.55 99.2932287 187.4336217 -135.55 99.32485248 186.718283 -135.55 99.36120464 186.058706 -135.55 99.40039372 185.4568195 -135.55 99.44312063 184.9144068 -135.55 99.48972511 184.4332375 -135.55 99.54102451 184.0158457 -135.55 99.603673 183.6733422 -135.55 99.70889454 183.4149956 -135.55 99.8510877 183.2247449 -135.55 99.98105406 183.0931207 -135.55 100.0806497 183.0130175 -135.55 100.139047 182.9902669 -135.55 100.161492 183.0110513 -135.55 100.1863592 183.0848777 -135.55 100.2537195 183.204295 -135.55 100.369807 183.3771623 -135.55 100.5252703 183.6113352 -135.55 100.7091409 183.9257275 -135.55 100.8882275 184.3240624 -135.55 101.0384168 184.7931027 -135.55 101.1737087 185.3277409 -135.55 101.2997566 185.924867 -135.55 101.4183225 186.5844522 -135.55 101.5151149 187.3019714 -135.55 101.6010625 188.0759658 -135.55 101.6657207 188.9040587 -135.55 101.6952253 189.7820887 -135.55 101.7170799 190.7075674 -135.55 101.7266559 191.6775724 -135.55 101.7088187 192.6886291 -135.55 101.6595035 193.7382078 -135.55 101.5954724 194.8225164 -135.55 101.5073123 195.9382585 -135.55 101.395568 197.0828143 -135.55 101.2680656 198.2526593 -135.55 101.1228802 199.445106 -135.55 100.9657184 200.6571794 -135.55 100.7996246 201.8859956 -135.55 100.6283857 203.1312491 -135.55 100.475936 204.390283 -135.55 100.352982 205.6577751 -135.55 100.2459372 206.9303716 -135.55 100.1600038 208.1843956 -138.5 100.1600038 206.9324868 -138.5 99.98459888 205.6814645 -138.5 99.82896071 204.4345298 -138.5 99.69849812 203.1961042 -138.5 99.58745007 201.9701382 -138.5 99.49259223 200.7601468 -138.5 99.41470428 199.5696049 -138.5 99.3550741 198.4022003 -138.5 99.30893709 197.2613262 -138.5 99.27487635 196.1502744 -138.5 99.24985613 195.0721596 -138.5 99.2347325 194.0299951 -138.5 99.232289 193.0267382 -138.5 99.23365746 192.0651497 -138.5 99.23646001 191.1479243 -138.5 99.24664078 190.2777192 -138.5 99.26838826 189.4568188 -138.5 99.2932287 188.6876457 -138.5 99.32485248 187.972307 -138.5 99.36120464 187.31273 -138.5 99.40039372 186.7108436 -138.5 99.44312063 186.1684309 -138.5 99.48972511 185.6872616 -138.5 99.54102451 185.2698697 -138.5 99.603673 184.9273662 -138.5 99.70889454 184.6690197 -138.5 99.8510877 184.4787689 -138.5 99.98105406 184.3471447 -138.5 100.0806497 184.2670415 -138.5 100.139047 184.244291 -138.5 100.161492 184.2650754 -138.5 100.1863592 184.3389017 -138.5 100.2537195 184.4583191 -138.5 100.369807 184.6311863 -138.5 100.5252703 184.8653592 -138.5 100.7091409 185.1797515 -138.5 100.8882275 185.5780865 -138.5 101.0384168 186.0471267 -138.5 101.1737087 186.581765 -138.5 101.2997566 187.1788911 -138.5 101.4183225 187.8384762 -138.5 101.5151149 188.5559954 -138.5 101.6010625 189.3299898 -138.5 101.6657207 190.1580827 -138.5 101.6952253 191.0361128 -138.5 101.7170799 191.9615914 -138.5 101.7266559 192.9315965 -138.5 101.7088187 193.9426531 -138.5 101.6595035 194.9922318 -138.5 101.5954724 196.0765405 -138.5 101.5073123 197.1922825 -138.5 101.395568 198.3368384 -138.5 101.2680656 199.5066833 -138.5 101.1228802 200.69913 -138.5 100.9657184 201.9112034 -138.5 100.7996246 203.1400196 -138.5 100.6283857 204.3852731 -138.5 100.475936 205.6443071 -138.5 100.352982 206.9117991 -138.5 100.2459372 208.1843956 -138.5 100.1600038 209.4384196 -141.45 100.1600038 208.1865109 -141.45 99.98459888 206.9354886 -141.45 99.82896071 205.6885538 -141.45 99.69849812 204.4501282 -141.45 99.58745007 203.2241622 -141.45 99.49259223 202.0141708 -141.45 99.41470428 200.823629 -141.45 99.3550741 199.6562244 -141.45 99.30893709 198.5153503 -141.45 99.27487635 197.4042985 -141.45 99.24985613 196.3261836 -141.45 99.2347325 195.2840192 -141.45 99.232289 194.2807622 -141.45 99.23365746 193.3191737 -141.45 99.23646001 192.4019483 -141.45 99.24664078 191.5317432 -141.45 99.26838826 190.7108428 -141.45 99.2932287 189.9416698 -141.45 99.32485248 189.226331 -141.45 99.36120464 188.566754 -141.45 99.40039372 187.9648676 -141.45 99.44312063 187.4224549 -141.45 99.48972511 186.9412856 -141.45 99.54102451 186.5238937 -141.45 99.603673 186.1813902 -141.45 99.70889454 185.9230437 -141.45 99.8510877 185.732793 -141.45 99.98105406 185.6011687 -141.45 100.0806497 185.5210656 -141.45 100.139047 185.498315 -141.45 100.161492 185.5190994 -141.45 100.1863592 185.5929258 -141.45 100.2537195 185.7123431 -141.45 100.369807 185.8852104 -141.45 100.5252703 186.1193833 -141.45 100.7091409 186.4337756 -141.45 100.8882275 186.8321105 -141.45 101.0384168 187.3011508 -141.45 101.1737087 187.835789 -141.45 101.2997566 188.4329151 -141.45 101.4183225 189.0925002 -141.45 101.5151149 189.8100194 -141.45 101.6010625 190.5840138 -141.45 101.6657207 191.4121067 -141.45 101.6952253 192.2901368 -141.45 101.7170799 193.2156154 -141.45 101.7266559 194.1856205 -141.45 101.7088187 195.1966772 -141.45 101.6595035 196.2462559 -141.45 101.5954724 197.3305645 -141.45 101.5073123 198.4463065 -141.45 101.395568 199.5908624 -141.45 101.2680656 200.7607074 -141.45 101.1228802 201.9531541 -141.45 100.9657184 203.1652275 -141.45 100.7996246 204.3940437 -141.45 100.6283857 205.6392972 -141.45 100.475936 206.8983311 -141.45 100.352982 208.1658232 -141.45 100.2459372 209.4384196 -141.45 100.1600038 210.6924437 -144.4 100.1600038 209.4405349 -144.4 99.98459888 208.1895126 -144.4 99.82896071 206.9425779 -144.4 99.69849812 205.7041523 -144.4 99.58745007 204.4781862 -144.4 99.49259223 203.2681949 -144.4 99.41470428 202.077653 -144.4 99.3550741 200.9102484 -144.4 99.30893709 199.7693743 -144.4 99.27487635 198.6583225 -144.4 99.24985613 197.5802076 -144.4 99.2347325 196.5380432 -144.4 99.232289 195.5347863 -144.4 99.23365746 194.5731977 -144.4 99.23646001 193.6559724 -144.4 99.24664078 192.7857673 -144.4 99.26838826 191.9648668 -144.4 99.2932287 191.1956938 -144.4 99.32485248 190.4803551 -144.4 99.36120464 189.8207781 -144.4 99.40039372 189.2188916 -144.4 99.44312063 188.676479 -144.4 99.48972511 188.1953097 -144.4 99.54102451 187.7779178 -144.4 99.603673 187.4354143 -144.4 99.70889454 187.1770677 -144.4 99.8510877 186.986817 -144.4 99.98105406 186.8551928 -144.4 100.0806497 186.7750896 -144.4 100.139047 186.752339 -144.4 100.161492 186.7731235 -144.4 100.1863592 186.8469498 -144.4 100.2537195 186.9663671 -144.4 100.369807 187.1392344 -144.4 100.5252703 187.3734073 -144.4 100.7091409 187.6877996 -144.4 100.8882275 188.0861345 -144.4 101.0384168 188.5551748 -144.4 101.1737087 189.089813 -144.4 101.2997566 189.6869391 -144.4 101.4183225 190.3465243 -144.4 101.5151149 191.0640435 -144.4 101.6010625 191.8380379 -144.4 101.6657207 192.6661308 -144.4 101.6952253 193.5441609 -144.4 101.7170799 194.4696395 -144.4 101.7266559 195.4396446 -144.4 101.7088187 196.4507012 -144.4 101.6595035 197.5002799 -144.4 101.5954724 198.5845885 -144.4 101.5073123 199.7003306 -144.4 101.395568 200.8448864 -144.4 101.2680656 202.0147314 -144.4 101.1228802 203.2071781 -144.4 100.9657184 204.4192515 -144.4 100.7996246 205.6480677 -144.4 100.6283857 206.8933212 -144.4 100.475936 208.1523551 -144.4 100.352982 209.4198472 -144.4 100.2459372 210.6924437 -144.4 100.1600038 211.9464677 -147.35 100.1600038 210.694559 -147.35 99.98459888 209.4435366 -147.35 99.82896071 208.1966019 -147.35 99.69849812 206.9581763 -147.35 99.58745007 205.7322103 -147.35 99.49259223 204.5222189 -147.35 99.41470428 203.331677 -147.35 99.3550741 202.1642724 -147.35 99.30893709 201.0233983 -147.35 99.27487635 199.9123465 -147.35 99.24985613 198.8342317 -147.35 99.2347325 197.7920672 -147.35 99.232289 196.7888103 -147.35 99.23365746 195.8272218 -147.35 99.23646001 194.9099964 -147.35 99.24664078 194.0397913 -147.35 99.26838826 193.2188909 -147.35 99.2932287 192.4497178 -147.35 99.32485248 191.7343791 -147.35 99.36120464 191.0748021 -147.35 99.40039372 190.4729157 -147.35 99.44312063 189.930503 -147.35 99.48972511 189.4493337 -147.35 99.54102451 189.0319418 -147.35 99.603673 188.6894383 -147.35 99.70889454 188.4310918 -147.35 99.8510877 188.240841 -147.35 99.98105406 188.1092168 -147.35 100.0806497 188.0291136 -147.35 100.139047 188.0063631 -147.35 100.161492 188.0271475 -147.35 100.1863592 188.1009738 -147.35 100.2537195 188.2203912 -147.35 100.369807 188.3932584 -147.35 100.5252703 188.6274313 -147.35 100.7091409 188.9418236 -147.35 100.8882275 189.3401586 -147.35 101.0384168 189.8091988 -147.35 101.1737087 190.3438371 -147.35 101.2997566 190.9409632 -147.35 101.4183225 191.6005483 -147.35 101.5151149 192.3180675 -147.35 101.6010625 193.0920619 -147.35 101.6657207 193.9201548 -147.35 101.6952253 194.7981849 -147.35 101.7170799 195.7236635 -147.35 101.7266559 196.6936686 -147.35 101.7088187 197.7047253 -147.35 101.6595035 198.754304 -147.35 101.5954724 199.8386126 -147.35 101.5073123 200.9543546 -147.35 101.395568 202.0989105 -147.35 101.2680656 203.2687555 -147.35 101.1228802 204.4612021 -147.35 100.9657184 205.6732755 -147.35 100.7996246 206.9020917 -147.35 100.6283857 208.1473452 -147.35 100.475936 209.4063792 -147.35 100.352982 210.6738713 -147.35 100.2459372 211.9464677 -147.35 100.1600038 213.2004917 -150.3 100.1600038 211.948583 -150.3 99.98459888 210.6975607 -150.3 99.82896071 209.4506259 -150.3 99.69849812 208.2122004 -150.3 99.58745007 206.9862343 -150.3 99.49259223 205.776243 -150.3 99.41470428 204.5857011 -150.3 99.3550741 203.4182965 -150.3 99.30893709 202.2774224 -150.3 99.27487635 201.1663706 -150.3 99.24985613 200.0882557 -150.3 99.2347325 199.0460913 -150.3 99.232289 198.0428343 -150.3 99.23365746 197.0812458 -150.3 99.23646001 196.1640204 -150.3 99.24664078 195.2938154 -150.3 99.26838826 194.4729149 -150.3 99.2932287 193.7037419 -150.3 99.32485248 192.9884031 -150.3 99.36120464 192.3288261 -150.3 99.40039372 191.7269397 -150.3 99.44312063 191.184527 -150.3 99.48972511 190.7033577 -150.3 99.54102451 190.2859658 -150.3 99.603673 189.9434623 -150.3 99.70889454 189.6851158 -150.3 99.8510877 189.4948651 -150.3 99.98105406 189.3632408 -150.3 100.0806497 189.2831377 -150.3 100.139047 189.2603871 -150.3 100.161492 189.2811715 -150.3 100.1863592 189.3549979 -150.3 100.2537195 189.4744152 -150.3 100.369807 189.6472825 -150.3 100.5252703 189.8814554 -150.3 100.7091409 190.1958477 -150.3 100.8882275 190.5941826 -150.3 101.0384168 191.0632229 -150.3 101.1737087 191.5978611 -150.3 101.2997566 192.1949872 -150.3 101.4183225 192.8545723 -150.3 101.5151149 193.5720915 -150.3 101.6010625 194.3460859 -150.3 101.6657207 195.1741789 -150.3 101.6952253 196.0522089 -150.3 101.7170799 196.9776875 -150.3 101.7266559 197.9476926 -150.3 101.7088187 198.9587493 -150.3 101.6595035 200.008328 -150.3 101.5954724 201.0926366 -150.3 101.5073123 202.2083787 -150.3 101.395568 203.3529345 -150.3 101.2680656 204.5227795 -150.3 101.1228802 205.7152262 -150.3 100.9657184 206.9272996 -150.3 100.7996246 208.1561158 -150.3 100.6283857 209.4013693 -150.3 100.475936 210.6604032 -150.3 100.352982 211.9278953 -150.3 100.2459372 213.2004917 -150.3 100.1600038 214.4545158 -153.25 100.1600038 213.202607 -153.25 99.98459888 211.9515847 -153.25 99.82896071 210.70465 -153.25 99.69849812 209.4662244 -153.25 99.58745007 208.2402584 -153.25 99.49259223 207.030267 -153.25 99.41470428 205.8397251 -153.25 99.3550741 204.6723205 -153.25 99.30893709 203.5314464 -153.25 99.27487635 202.4203946 -153.25 99.24985613 201.3422798 -153.25 99.2347325 200.3001153 -153.25 99.232289 199.2968584 -153.25 99.23365746 198.3352698 -153.25 99.23646001 197.4180445 -153.25 99.24664078 196.5478394 -153.25 99.26838826 195.726939 -153.25 99.2932287 194.9577659 -153.25 99.32485248 194.2424272 -153.25 99.36120464 193.5828502 -153.25 99.40039372 192.9809637 -153.25 99.44312063 192.4385511 -153.25 99.48972511 191.9573818 -153.25 99.54102451 191.5399899 -153.25 99.603673 191.1974864 -153.25 99.70889454 190.9391399 -153.25 99.8510877 190.7488891 -153.25 99.98105406 190.6172649 -153.25 100.0806497 190.5371617 -153.25 100.139047 190.5144112 -153.25 100.161492 190.5351956 -153.25 100.1863592 190.6090219 -153.25 100.2537195 190.7284393 -153.25 100.369807 190.9013065 -153.25 100.5252703 191.1354794 -153.25 100.7091409 191.4498717 -153.25 100.8882275 191.8482067 -153.25 101.0384168 192.3172469 -153.25 101.1737087 192.8518851 -153.25 101.2997566 193.4490112 -153.25 101.4183225 194.1085964 -153.25 101.5151149 194.8261156 -153.25 101.6010625 195.60011 -153.25 101.6657207 196.4282029 -153.25 101.6952253 197.306233 -153.25 101.7170799 198.2317116 -153.25 101.7266559 199.2017167 -153.25 101.7088187 200.2127733 -153.25 101.6595035 201.262352 -153.25 101.5954724 202.3466606 -153.25 101.5073123 203.4624027 -153.25 101.395568 204.6069585 -153.25 101.2680656 205.7768035 -153.25 101.1228802 206.9692502 -153.25 100.9657184 208.1813236 -153.25 100.7996246 209.4101398 -153.25 100.6283857 210.6553933 -153.25 100.475936 211.9144272 -153.25 100.352982 213.1819193 -153.25 100.2459372 214.4545158 -153.25 100.1600038 215.7085398 -156.2 100.1600038 214.4566311 -156.2 99.98459888 213.2056087 -156.2 99.82896071 211.958674 -156.2 99.69849812 210.7202484 -156.2 99.58745007 209.4942824 -156.2 99.49259223 208.284291 -156.2 99.41470428 207.0937491 -156.2 99.3550741 205.9263445 -156.2 99.30893709 204.7854705 -156.2 99.27487635 203.6744187 -156.2 99.24985613 202.5963038 -156.2 99.2347325 201.5541393 -156.2 99.232289 200.5508824 -156.2 99.23365746 199.5892939 -156.2 99.23646001 198.6720685 -156.2 99.24664078 197.8018634 -156.2 99.26838826 196.980963 -156.2 99.2932287 196.2117899 -156.2 99.32485248 195.4964512 -156.2 99.36120464 194.8368742 -156.2 99.40039372 194.2349878 -156.2 99.44312063 193.6925751 -156.2 99.48972511 193.2114058 -156.2 99.54102451 192.7940139 -156.2 99.603673 192.4515104 -156.2 99.70889454 192.1931639 -156.2 99.8510877 192.0029131 -156.2 99.98105406 191.8712889 -156.2 100.0806497 191.7911857 -156.2 100.139047 191.7684352 -156.2 100.161492 191.7892196 -156.2 100.1863592 191.8630459 -156.2 100.2537195 191.9824633 -156.2 100.369807 192.1553305 -156.2 100.5252703 192.3895034 -156.2 100.7091409 192.7038957 -156.2 100.8882275 193.1022307 -156.2 101.0384168 193.5712709 -156.2 101.1737087 194.1059092 -156.2 101.2997566 194.7030353 -156.2 101.4183225 195.3626204 -156.2 101.5151149 196.0801396 -156.2 101.6010625 196.854134 -156.2 101.6657207 197.6822269 -156.2 101.6952253 198.560257 -156.2 101.7170799 199.4857356 -156.2 101.7266559 200.4557407 -156.2 101.7088187 201.4667974 -156.2 101.6595035 202.5163761 -156.2 101.5954724 203.6006847 -156.2 101.5073123 204.7164267 -156.2 101.395568 205.8609826 -156.2 101.2680656 207.0308276 -156.2 101.1228802 208.2232742 -156.2 100.9657184 209.4353477 -156.2 100.7996246 210.6641639 -156.2 100.6283857 211.9094173 -156.2 100.475936 213.1684513 -156.2 100.352982 214.4359434 -156.2 100.2459372 215.7085398 -156.2 100.1600038 216.9625638 -159.15 100.1600038 215.7106551 -159.15 99.98459888 214.4596328 -159.15 99.82896071 213.212698 -159.15 99.69849812 211.9742725 -159.15 99.58745007 210.7483064 -159.15 99.49259223 209.5383151 -159.15 99.41470428 208.3477732 -159.15 99.3550741 207.1803686 -159.15 99.30893709 206.0394945 -159.15 99.27487635 204.9284427 -159.15 99.24985613 203.8503278 -159.15 99.2347325 202.8081634 -159.15 99.232289 201.8049064 -159.15 99.23365746 200.8433179 -159.15 99.23646001 199.9260926 -159.15 99.24664078 199.0558875 -159.15 99.26838826 198.234987 -159.15 99.2932287 197.465814 -159.15 99.32485248 196.7504753 -159.15 99.36120464 196.0908983 -159.15 99.40039372 195.4890118 -159.15 99.44312063 194.9465991 -159.15 99.48972511 194.4654298 -159.15 99.54102451 194.0480379 -159.15 99.603673 193.7055345 -159.15 99.70889454 193.4471879 -159.15 99.8510877 193.2569372 -159.15 99.98105406 193.125313 -159.15 100.0806497 193.0452098 -159.15 100.139047 193.0224592 -159.15 100.161492 193.0432436 -159.15 100.1863592 193.11707 -159.15 100.2537195 193.2364873 -159.15 100.369807 193.4093546 -159.15 100.5252703 193.6435275 -159.15 100.7091409 193.9579198 -159.15 100.8882275 194.3562547 -159.15 101.0384168 194.825295 -159.15 101.1737087 195.3599332 -159.15 101.2997566 195.9570593 -159.15 101.4183225 196.6166444 -159.15 101.5151149 197.3341636 -159.15 101.6010625 198.108158 -159.15 101.6657207 198.936251 -159.15 101.6952253 199.814281 -159.15 101.7170799 200.7397597 -159.15 101.7266559 201.7097647 -159.15 101.7088187 202.7208214 -159.15 101.6595035 203.7704001 -159.15 101.5954724 204.8547087 -159.15 101.5073123 205.9704508 -159.15 101.395568 207.1150066 -159.15 101.2680656 208.2848516 -159.15 101.1228802 209.4772983 -159.15 100.9657184 210.6893717 -159.15 100.7996246 211.9181879 -159.15 100.6283857 213.1634414 -159.15 100.475936 214.4224753 -159.15 100.352982 215.6899674 -159.15 100.2459372 216.9625638 -159.15 100.1600038 218.2165879 -162.1 100.1600038 216.9646791 -162.1 99.98459888 215.7136568 -162.1 99.82896071 214.4667221 -162.1 99.69849812 213.2282965 -162.1 99.58745007 212.0023305 -162.1 99.49259223 210.7923391 -162.1 99.41470428 209.6017972 -162.1 99.3550741 208.4343926 -162.1 99.30893709 207.2935185 -162.1 99.27487635 206.1824667 -162.1 99.24985613 205.1043519 -162.1 99.2347325 204.0621874 -162.1 99.232289 203.0589305 -162.1 99.23365746 202.097342 -162.1 99.23646001 201.1801166 -162.1 99.24664078 200.3099115 -162.1 99.26838826 199.4890111 -162.1 99.2932287 198.719838 -162.1 99.32485248 198.0044993 -162.1 99.36120464 197.3449223 -162.1 99.40039372 196.7430359 -162.1 99.44312063 196.2006232 -162.1 99.48972511 195.7194539 -162.1 99.54102451 195.302062 -162.1 99.603673 194.9595585 -162.1 99.70889454 194.701212 -162.1 99.8510877 194.5109612 -162.1 99.98105406 194.379337 -162.1 100.0806497 194.2992338 -162.1 100.139047 194.2764833 -162.1 100.161492 194.2972677 -162.1 100.1863592 194.371094 -162.1 100.2537195 194.4905114 -162.1 100.369807 194.6633786 -162.1 100.5252703 194.8975515 -162.1 100.7091409 195.2119438 -162.1 100.8882275 195.6102788 -162.1 101.0384168 196.079319 -162.1 101.1737087 196.6139573 -162.1 101.2997566 197.2110833 -162.1 101.4183225 197.8706685 -162.1 101.5151149 198.5881877 -162.1 101.6010625 199.3621821 -162.1 101.6657207 200.190275 -162.1 101.6952253 201.0683051 -162.1 101.7170799 201.9937837 -162.1 101.7266559 202.9637888 -162.1 101.7088187 203.9748454 -162.1 101.6595035 205.0244241 -162.1 101.5954724 206.1087327 -162.1 101.5073123 207.2244748 -162.1 101.395568 208.3690307 -162.1 101.2680656 209.5388756 -162.1 101.1228802 210.7313223 -162.1 100.9657184 211.9433957 -162.1 100.7996246 213.1722119 -162.1 100.6283857 214.4174654 -162.1 100.475936 215.6764994 -162.1 100.352982 216.9439914 -162.1 100.2459372 218.2165879 -162.1 100.1600038 219.4706119 -165.05 100.1600038 218.2187032 -165.05 99.98459888 216.9676809 -165.05 99.82896071 215.7207461 -165.05 99.69849812 214.4823205 -165.05 99.58745007 213.2563545 -165.05 99.49259223 212.0463631 -165.05 99.41470428 210.8558212 -165.05 99.3550741 209.6884166 -165.05 99.30893709 208.5475426 -165.05 99.27487635 207.4364908 -165.05 99.24985613 206.3583759 -165.05 99.2347325 205.3162115 -165.05 99.232289 204.3129545 -165.05 99.23365746 203.351366 -165.05 99.23646001 202.4341406 -165.05 99.24664078 201.5639355 -165.05 99.26838826 200.7430351 -165.05 99.2932287 199.9738621 -165.05 99.32485248 199.2585233 -165.05 99.36120464 198.5989463 -165.05 99.40039372 197.9970599 -165.05 99.44312063 197.4546472 -165.05 99.48972511 196.9734779 -165.05 99.54102451 196.556086 -165.05 99.603673 196.2135825 -165.05 99.70889454 195.955236 -165.05 99.8510877 195.7649853 -165.05 99.98105406 195.633361 -165.05 100.0806497 195.5532579 -165.05 100.139047 195.5305073 -165.05 100.161492 195.5512917 -165.05 100.1863592 195.625118 -165.05 100.2537195 195.7445354 -165.05 100.369807 195.9174027 -165.05 100.5252703 196.1515756 -165.05 100.7091409 196.4659678 -165.05 100.8882275 196.8643028 -165.05 101.0384168 197.333343 -165.05 101.1737087 197.8679813 -165.05 101.2997566 198.4651074 -165.05 101.4183225 199.1246925 -165.05 101.5151149 199.8422117 -165.05 101.6010625 200.6162061 -165.05 101.6657207 201.444299 -165.05 101.6952253 202.3223291 -165.05 101.7170799 203.2478077 -165.05 101.7266559 204.2178128 -165.05 101.7088187 205.2288695 -165.05 101.6595035 206.2784482 -165.05 101.5954724 207.3627568 -165.05 101.5073123 208.4784988 -165.05 101.395568 209.6230547 -165.05 101.2680656 210.7928997 -165.05 101.1228802 211.9853463 -165.05 100.9657184 213.1974198 -165.05 100.7996246 214.426236 -165.05 100.6283857 215.6714894 -165.05 100.475936 216.9305234 -165.05 100.352982 218.1980155 -165.05 100.2459372 219.4706119 -165.05 100.1600038 220.7246359 -168 100.1600038 219.4727272 -168 99.98459888 218.2217049 -168 99.82896071 216.9747702 -168 99.69849812 215.7363446 -168 99.58745007 214.5103785 -168 99.49259223 213.3003872 -168 99.41470428 212.1098453 -168 99.3550741 210.9424407 -168 99.30893709 209.8015666 -168 99.27487635 208.6905148 -168 99.24985613 207.6123999 -168 99.2347325 206.5702355 -168 99.232289 205.5669785 -168 99.23365746 204.60539 -168 99.23646001 203.6881647 -168 99.24664078 202.8179596 -168 99.26838826 201.9970591 -168 99.2932287 201.2278861 -168 99.32485248 200.5125474 -168 99.36120464 199.8529704 -168 99.40039372 199.2510839 -168 99.44312063 198.7086713 -168 99.48972511 198.227502 -168 99.54102451 197.8101101 -168 99.603673 197.4676066 -168 99.70889454 197.20926 -168 99.8510877 197.0190093 -168 99.98105406 196.8873851 -168 100.0806497 196.8072819 -168 100.139047 196.7845313 -168 100.161492 196.8053158 -168 100.1863592 196.8791421 -168 100.2537195 196.9985594 -168 100.369807 197.1714267 -168 100.5252703 197.4055996 -168 100.7091409 197.7199919 -168 100.8882275 198.1183268 -168 101.0384168 198.5873671 -168 101.1737087 199.1220053 -168 101.2997566 199.7191314 -168 101.4183225 200.3787166 -168 101.5151149 201.0962358 -168 101.6010625 201.8702302 -168 101.6657207 202.6983231 -168 101.6952253 203.5763531 -168 101.7170799 204.5018318 -168 101.7266559 205.4718369 -168 101.7088187 206.4828935 -168 101.6595035 207.5324722 -168 101.5954724 208.6167808 -168 101.5073123 209.7325229 -168 101.395568 210.8770787 -168 101.2680656 212.0469237 -168 101.1228802 213.2393704 -168 100.9657184 214.4514438 -168 100.7996246 215.68026 -168 100.6283857 216.9255135 -168 100.475936 218.1845474 -168 100.352982 219.4520395 -168 100.2459372 220.724636 -168 100.1600038</DataArray></Points>
    <Cells>
      <DataArray type="Int32" Name="connectivity" format="ascii">7381 7442 7443 7382 7382 7443 7444 7383 7383 7444 7445 7384 7384 7445 7446 7385 7385 7446 7447 7386 7386 7447 7448 7387 7387 7448 7449 7388 7388 7449 7450 7389 7389 7450 7451 7390 7390 7451 7452 7391 7391 7452 7453 7392 7392 7453 7454 7393 7393 7454 7455 7394 7394 7455 7456 7395 7395 7456 7457 7396 7396 7457 7458 7397 7397 7458 7459 7398 7398 7459 7460 7399 7399 7460 7461 7400 7400 7461 7462 7401 7401 7462 7463 7402 7402 7463 7464 7403 7403 7464 7465 7404 7404 7465 7466 7405 7405 7466 7467 7406 7406 7467 7468 7407 7407 7468 7469 7408 7408 7469 7470 7409 7409 7470 7471 7410 7410 7471 7472 7411 7411 7472 7473 7412 7412 7473 7474 7413 7413 7474 7475 7414 7414 7475 7476 7415 7415 7476 7477 7416 7416 7477 7478 7417 7417 7478 7479 7418 7418 7479 7480 7419 7419 7480 7481 7420 7420 7481 7482 7421 7421 7482 7483 7422 7422 7483 7484 7423 7423 7484 7485 7424 7424 7485 7486 7425 7425 7486 7487 7426 7426 7487 7488 7427 7427 7488 7489 7428 7428 7489 7490 7429 7429 7490 7491 7430 7430 7491 7492 7431 7431 7492 7493 7432 7432 7493 7494 7433 7433 7494 7495 7434 7434 7495 7496 7435 7435 7496 7497 7436 7436 7497 7498 7437 7437 7498 7499 7438 7438 7499 7500 7439 7439 7500 7501 7440 7440 7501 7502 7441 7320 7381 7382 7321 7321 7382 7383 7322 7322 7383 7384 7323 7323 7384 7385 7324 7324 7385 7386 7325 7325 7386 7387 7326 7326 7387 7388 7327 7327 7388 7389 7328 7328 7389 7390 7329 7329 7390 7391 7330 7330 7391 7392 7331 7331 7392 7393 7332 7332 7393 7394 7333 7333 7394 7395 7334 7334 7395 7396 7335 7335 7396 7397 7336 7336 7397 7398 7337 7337 7398 7399 7338 7338 7399 7400 7339 7339 7400 7401 7340 7340 7401 7402 7341 7341 7402 7403 7342 7342 7403 7404 7343 7343 7404 7405 7344 7344 7405 7406 7345 7345 7406 7407 7346 7346 7407 7408 7347 7347 7408 7409 7348 7348 7409 7410 7349 7349 7410 7411 7350 7350 7411 7412 7351 7351 7412 7413 7352 7352 7413 7414 7353 7353 7414 7415 7354 7354 7415 7416 7355 7355 7416 7417 7356 7356 7417 7418 7357 7357 7418 7419 7358 7358 7419 7420 7359 7359 7420 7421 7360 7360 7421 7422 7361 7361 7422 7423 7362 7362 7423 7424 7363 7363 7424 7425 7364 7364 7425 7426 7365 7365 7426 7427 7366 7366 7427 7428 7367 7367 7428 7429 7368 7368 7429 7430 7369 7369 7430 7431 7370 7370 7431 7432 7371 7371 7432 7433 7372 7372 7433 7434 7373 7373 7434 7435 7374 7374 7435 7436 7375 7375 7436 7437 7376 7376 7437 7438 7377 7377 7438 7439 7378 7378 7439 7440 7379 7379 7440 7441 7380 7259 7320 7321 7260 7260 7321 7322 7261 7261 7322 7323 7262 7262 7323 7324 7263 7263 7324 7325 7264 7264 7325 7326 7265 7265 7326 7327 7266 7266 7327 7328 7267 7267 7328 7329 7268 7268 7329 7330 7269 7269 7330 7331 7270 7270 7331 7332 7271 7271 7332 7333 7272 7272 7333 7334 7273 7273 7334 7335 7274 7274 7335 7336 7275 7275 7336 7337 7276 7276 7337 7338 7277 7277 7338 7339 7278 7278 7339 7340 7279 7279 7340 7341 7280 7280 7341 7342 7281 7281 7342 7343 7282 7282 7343 7344 7283 7283 7344 7345 7284 7284 7345 7346 7285 7285 7346 7347 7286 7286 7347 7348 7287 7287 7348 7349 7288 7288 7349 7350 7289 7289 7350 7351 7290 7290 7351 7352 7291 7291 7352 7353 7292 7292 7353 7354 7293 7293 7354 7355 7294 7294 7355 7356 7295 7295 7356 7357 7296 7296 7357 7358 7297 7297 7358 7359 7298 7298 7359 7360 7299 7299 7360 7361 7300 7300 7361 7362 7301 7301 7362 7363 7302 7302 7363 7364 7303 7303 7364 7365 7304 7304 7365 7366 7305 7305 7366 7367 7306 7306 7367 7368 7307 7307 7368 7369 7308 7308 7369 7370 7309 7309 7370 7371 7310 7310 7371 7372 7311 7311 7372 7373 7312 7312 7373 7374 7313 7313 7374 7375 7314 7314 7375 7376 7315 7315 7376 7377 7316 7316 7377 7378 7317 7317 7378 7379 7318 7318 7379 7380 7319 7198 7259 7260 7199 7199 7260 7261 7200 7200 7261 7262 7201 7201 7262 7263 7202 7202 7263 7264 7203 7203 7264 7265 7204 7204 7265 7266 7205 7205 7266 7267 7206 7206 7267 7268 7207 7207 7268 7269 7208 7208 7269 7270 7209 7209 7270 7271 7210 7210 7271 7272 7211 7211 7272 7273 7212 7212 7273 7274 7213 7213 7274 7275 7214 7214 7275 7276 7215 7215 7276 7277 7216 7216 7277 7278 7217 7217 7278 7279 7218 7218 7279 7280 7219 7219 7280 7281 7220 7220 7281 7282 7221 7221 7282 7283 7222 7222 7283 7284 7223 7223 7284 7285 7224 7224 7285 7286 7225 7225 7286 7287 7226 7226 7287 7288 7227 7227 7288 7289 7228 7228 7289 7290 7229 7229 7290 7291 7230 7230 7291 7292 7231 7231 7292 7293 7232 7232 7293 7294 7233 7233 7294 7295 7234 7234 7295 7296 7235 7235 7296 7297 7236 7236 7297 7298 7237 7237 7298 7299 7238 7238 7299 7300 7239 7239 7300 7301 7240 7240 7301 7302 7241 7241 7302 7303 7242 7242 7303 7304 7243 7243 7304 7305 7244 7244 7305 7306 7245 7245 7306 7307 7246 7246 7307 7308 7247 7247 7308 7309 7248 7248 7309 7310 7249 7249 7310 7311 7250 7250 7311 7312 7251 7251 7312 7313 7252 7252 7313 7314 7253 7253 7314 7315 7254 7254 7315 7316 7255 7255 7316 7317 7256 7256 7317 7318 7257 7257 7318 7319 7258 7137 7198 7199 7138 7138 7199 7200 7139 7139 7200 7201 7140 7140 7201 7202 7141 7141 7202 7203 7142 7142 7203 7204 7143 7143 7204 7205 7144 7144 7205 7206 7145 7145 7206 7207 7146 7146 7207 7208 7147 7147 7208 7209 7148 7148 7209 7210 7149 7149 7210 7211 7150 7150 7211 7212 7151 7151 7212 7213 7152 7152 7213 7214 7153 7153 7214 7215 7154 7154 7215 7216 7155 7155 7216 7217 7156 7156 7217 7218 7157 7157 7218 7219 7158 7158 7219 7220 7159 7159 7220 7221 7160 7160 7221 7222 7161 7161 7222 7223 7162 7162 7223 7224 7163 7163 7224 7225 7164 7164 7225 7226 7165 7165 7226 7227 7166 7166 7227 7228 7167 7167 7228 7229 7168 7168 7229 7230 7169 7169 7230 7231 7170 7170 7231 7232 7171 7171 7232 7233 7172 7172 7233 7234 7173 7173 7234 7235 7174 7174 7235 7236 7175 7175 7236 7237 7176 7176 7237 7238 7177 7177 7238 7239 7178 7178 7239 7240 7179 7179 7240 7241 7180 7180 7241 7242 7181 7181 7242 7243 7182 7182 7243 7244 7183 7183 7244 7245 7184 7184 7245 7246 7185 7185 7246 7247 7186 7186 7247 7248 7187 7187 7248 7249 7188 7188 7249 7250 7189 7189 7250 7251 7190 7190 7251 7252 7191 7191 7252 7253 7192 7192 7253 7254 7193 7193 7254 7255 7194 7194 7255 7256 7195 7195 7256 7257 7196 7196 7257 7258 7197 7076 7137 7138 7077 7077 7138 7139 7078 7078 7139 7140 7079 7079 7140 7141 7080 7080 7141 7142 7081 7081 7142 7143 7082 7082 7143 7144 7083 7083 7144 7145 7084 7084 7145 7146 7085 7085 7146 7147 7086 7086 7147 7148 7087 7087 7148 7149 7088 7088 7149 7150 7089 7089 7150 7151 7090 7090 7151 7152 7091 7091 7152 7153 7092 7092 7153 7154 7093 7093 7154 7155 7094 7094 7155 7156 7095 7095 7156 7157 7096 7096 7157 7158 7097 7097 7158 7159 7098 7098 7159 7160 7099 7099 7160 7161 7100 7100 7161 7162 7101 7101 7162 7163 7102 7102 7163 7164 7103 7103 7164 7165 7104 7104 7165 7166 7105 7105 7166 7167 7106 7106 7167 7168 7107 7107 7168 7169 7108 7108 7169 7170 7109 7109 7170 7171 7110 7110 7171 7172 7111 7111 7172 7173 7112 7112 7173 7174 7113 7113 7174 7175 7114 7114 7175 7176 7115 7115 7176 7177 7116 7116 7177 7178 7117 7117 7178 7179 7118 7118 7179 7180 7119 7119 7180 7181 7120 7120 7181 7182 7121 7121 7182 7183 7122 7122 7183 7184 7123 7123 7184 7185 7124 7124 7185 7186 7125 7125 7186 7187 7126 7126 7187 7188 7127 7127 7188 7189 7128 7128 7189 7190 7129 7129 7190 7191 7130 7130 7191 7192 7131 7131 7192 7193 7132 7132 7193 7194 7133 7133 7194 7195 7134 7134 7195 7196 7135 7135 7196 7197 7136 7015 7076 7077 7016 7016 7077 7078 7017 7017 7078 7079 7018 7018 7079 7080 7019 7019 7080 7081 7020 7020 7081 7082 7021 7021 7082 7083 7022 7022 7083 7084 7023 7023 7084 7085 7024 7024 7085 7086 7025 7025 7086 7087 7026 7026 7087 7088 7027 7027 7088 7089 7028 7028 7089 7090 7029 7029 7090 7091 7030 7030 7091 7092 7031 7031 7092 7093 7032 7032 7093 7094 7033 7033 7094 7095 7034 7034 7095 7096 7035 7035 7096 7097 7036 7036 7097 7098 7037 7037 7098 7099 7038 7038 7099 7100 7039 7039 7100 7101 7040 7040 7101 7102 7041 7041 7102 7103 7042 7042 7103 7104 7043 7043 7104 7105 7044 7044 7105 7106 7045 7045 7106 7107 7046 7046 7107 7108 7047 7047 7108 7109 7048 7048 7109 7110 7049 7049 7110 7111 7050 7050 7111 7112 7051 7051 7112 7113 7052 7052 7113 7114 7053 7053 7114 7115 7054 7054 7115 7116 7055 7055 7116 7117 7056 7056 7117 7118 7057 7057 7118 7119 7058 7058 7119 7120 7059 7059 7120 7121 7060 7060 7121 7122 7061 7061 7122 7123 7062 7062 7123 7124 7063 7063 7124 7125 7064 7064 7125 7126 7065 7065 7126 7127 7066 7066 7127 7128 7067 7067 7128 7129 7068 7068 7129 7130 7069 7069 7130 7131 7070 7070 7131 7132 7071 7071 7132 7133 7072 7072 7133 7134 7073 7073 7134 7135 7074 7074 7135 7136 7075 6954 7015 7016 6955 6955 7016 7017 6956 6956 7017 7018 6957 6957 7018 7019 6958 6958 7019 7020 6959 6959 7020 7021 6960 6960 7021 7022 6961 6961 7022 7023 6962 6962 7023 7024 6963 6963 7024 7025 6964 6964 7025 7026 6965 6965 7026 7027 6966 6966 7027 7028 6967 6967 7028 7029 6968 6968 7029 7030 6969 6969 7030 7031 6970 6970 7031 7032 6971 6971 7032 7033 6972 6972 7033 7034 6973 6973 7034 7035 6974 6974 7035 7036 6975 6975 7036 7037 6976 6976 7037 7038 6977 6977 7038 7039 6978 6978 7039 7040 6979 6979 7040 7041 6980 6980 7041 7042 6981 6981 7042 7043 6982 6982 7043 7044 6983 6983 7044 7045 6984 6984 7045 7046 6985 6985 7046 7047 6986 6986 7047 7048 6987 6987 7048 7049 6988 6988 7049 7050 6989 6989 7050 7051 6990 6990 7051 7052 6991 6991 7052 7053 6992 6992 7053 7054 6993 6993 7054 7055 6994 6994 7055 7056 6995 6995 7056 7057 6996 6996 7057 7058 6997 6997 7058 7059 6998 6998 7059 7060 6999 6999 7060 7061 7000 7000 7061 7062 7001 7001 7062 7063 7002 7002 7063 7064 7003 7003 7064 7065 7004 7004 7065 7066 7005 7005 7066 7067 7006 7006 7067 7068 7007 7007 7068 7069 7008 7008 7069 7070 7009 7009 7070 7071 7010 7010 7071 7072 7011 7011 7072 7073 7012 7012 7073 7074 7013 7013 7074 7075 7014 6893 6954 6955 6894 6894 6955 6956 6895 6895 6956 6957 6896 6896 6957 6958 6897 6897 6958 6959 6898 6898 6959 6960 6899 6899 6960 6961 6900 6900 6961 6962 6901 6901 6962 6963 6902 6902 6963 6964 6903 6903 6964 6965 6904 6904 6965 6966 6905 6905 6966 6967 6906 6906 6967 6968 6907 6907 6968 6969 6908 6908 6969 6970 6909 6909 6970 6971 6910 6910 6971 6972 6911 6911 6972 6973 6912 6912 6973 6974 6913 6913 6974 6975 6914 6914 6975 6976 6915 6915 6976 6977 6916 6916 6977 6978 6917 6917 6978 6979 6918 6918 6979 6980 6919 6919 6980 6981 6920 6920 6981 6982 6921 6921 6982 6983 6922 6922 6983 6984 6923 6923 6984 6985 6924 6924 6985 6986 6925 6925 6986 6987 6926 6926 6987 6988 6927 6927 6988 6989 6928 6928 6989 6990 6929 6929 6990 6991 6930 6930 6991 6992 6931 6931 6992 6993 6932 6932 6993 6994 6933 6933 6994 6995 6934 6934 6995 6996 6935 6935 6996 6997 6936 6936 6997 6998 6937 6937 6998 6999 6938 6938 6999 7000 6939 6939 7000 7001 6940 6940 7001 7002 6941 6941 7002 7003 6942 6942 7003 7004 6943 6943 7004 7005 6944 6944 7005 7006 6945 6945 7006 7007 6946 6946 7007 7008 6947 6947 7008 7009 6948 6948 7009 7010 6949 6949 7010 7011 6950 6950 7011 7012 6951 6951 7012 7013 6952 6952 7013 7014 6953 6832 6893 6894 6833 6833 6894 6895 6834 6834 6895 6896 6835 6835 6896 6897 6836 6836 6897 6898 6837 6837 6898 6899 6838 6838 6899 6900 6839 6839 6900 6901 6840 6840 6901 6902 6841 6841 6902 6903 6842 6842 6903 6904 6843 6843 6904 6905 6844 6844 6905 6906 6845 6845 6906 6907 6846 6846 6907 6908 6847 6847 6908 6909 6848 6848 6909 6910 6849 6849 6910 6911 6850 6850 6911 6912 6851 6851 6912 6913 6852 6852 6913 6914 6853 6853 6914 6915 6854 6854 6915 6916 6855 6855 6916 6917 6856 6856 6917 6918 6857 6857 6918 6919 6858 6858 6919 6920 6859 6859 6920 6921 6860 6860 6921 6922 6861 6861 6922 6923 6862 6862 6923 6924 6863 6863 6924 6925 6864 6864 6925 6926 6865 6865 6926 6927 6866 6866 6927 6928 6867 6867 6928 6929 6868 6868 6929 6930 6869 6869 6930 6931 6870 6870 6931 6932 6871 6871 6932 6933 6872 6872 6933 6934 6873 6873 6934 6935 6874 6874 6935 6936 6875 6875 6936 6937 6876 6876 6937 6938 6877 6877 6938 6939 6878 6878 6939 6940 6879 6879 6940 6941 6880 6880 6941 6942 6881 6881 6942 6943 6882 6882 6943 6944 6883 6883 6944 6945 6884 6884 6945 6946 6885 6885 6946 6947 6886 6886 6947 6948 6887 6887 6948 6949 6888 6888 6949 6950 6889 6889 6950 6951 6890 6890 6951 6952 6891 6891 6952 6953 6892 6771 6832 6833 6772 6772 6833 6834 6773 6773 6834 6835 6774 6774 6835 6836 6775 6775 6836 6837 6776 6776 6837 6838 6777 6777 6838 6839 6778 6778 6839 6840 6779 6779 6840 6841 6780 6780 6841 6842 6781 6781 6842 6843 6782 6782 6843 6844 6783 6783 6844 6845 6784 6784 6845 6846 6785 6785 6846 6847 6786 6786 6847 6848 6787 6787 6848 6849 6788 6788 6849 6850 6789 6789 6850 6851 6790 6790 6851 6852 6791 6791 6852 6853 6792 6792 6853 6854 6793 6793 6854 6855 6794 6794 6855 6856 6795 6795 6856 6857 6796 6796 6857 6858 6797 6797 6858 6859 6798 6798 6859 6860 6799 6799 6860 6861 6800 6800 6861 6862 6801 6801 6862 6863 6802 6802 6863 6864 6803 6803 6864 6865 6804 6804 6865 6866 6805 6805 6866 6867 6806 6806 6867 6868 6807 6807 6868 6869 6808 6808 6869 6870 6809 6809 6870 6871 6810 6810 6871 6872 6811 6811 6872 6873 6812 6812 6873 6874 6813 6813 6874 6875 6814 6814 6875 6876 6815 6815 6876 6877 6816 6816 6877 6878 6817 6817 6878 6879 6818 6818 6879 6880 6819 6819 6880 6881 6820 6820 6881 6882 6821 6821 6882 6883 6822 6822 6883 6884 6823 6823 6884 6885 6824 6824 6885 6886 6825 6825 6886 6887 6826 6826 6887 6888 6827 6827 6888 6889 6828 6828 6889 6890 6829 6829 6890 6891 6830 6830 6891 6892 6831 6710 6771 6772 6711 6711 6772 6773 6712 6712 6773 6774 6713 6713 6774 6775 6714 6714 6775 6776 6715 6715 6776 6777 6716 6716 6777 6778 6717 6717 6778 6779 6718 6718 6779 6780 6719 6719 6780 6781 6720 6720 6781 6782 6721 6721 6782 6783 6722 6722 6783 6784 6723 6723 6784 6785 6724 6724 6785 6786 6725 6725 6786 6787 6726 6726 6787 6788 6727 6727 6788 6789 6728 6728 6789 6790 6729 6729 6790 6791 6730 6730 6791 6792 6731 6731 6792 6793 6732 6732 6793 6794 6733 6733 6794 6795 6734 6734 6795 6796 6735 6735 6796 6797 6736 6736 6797 6798 6737 6737 6798 6799 6738 6738 6799 6800 6739 6739 6800 6801 6740 6740 6801 6802 6741 6741 6802 6803 6742 6742 6803 6804 6743 6743 6804 6805 6744 6744 6805 6806 6745 6745 6806 6807 6746 6746 6807 6808 6747 6747 6808 6809 6748 6748 6809 6810 6749 6749 6810 6811 6750 6750 6811 6812 6751 6751 6812 6813 6752 6752 6813 6814 6753 6753 6814 6815 6754 6754 6815 6816 6755 6755 6816 6817 6756 6756 6817 6818 6757 6757 6818 6819 6758 6758 6819 6820 6759 6759 6820 6821 6760 6760 6821 6822 6761 6761 6822 6823 6762 6762 6823 6824 6763 6763 6824 6825 6764 6764 6825 6826 6765 6765 6826 6827 6766 6766 6827 6828 6767 6767 6828 6829 6768 6768 6829 6830 6769 6769 6830 6831 6770 6649 6710 6711 6650 6650 6711 6712 6651 6651 6712 6713 6652 6652 6713 6714 6653 6653 6714 6715 6654 6654 6715 6716 6655 6655 6716 6717 6656 6656 6717 6718 6657 6657 6718 6719 6658 6658 6719 6720 6659 6659 6720 6721 6660 6660 6721 6722 6661 6661 6722 6723 6662 6662 6723 6724 6663 6663 6724 6725 6664 6664 6725 6726 6665 6665 6726 6727 6666 6666 6727 6728 6667 6667 6728 6729 6668 6668 6729 6730 6669 6669 6730 6731 6670 6670 6731 6732 6671 6671 6732 6733 6672 6672 6733 6734 6673 6673 6734 6735 6674 6674 6735 6736 6675 6675 6736 6737 6676 6676 6737 6738 6677 6677 6738 6739 6678 6678 6739 6740 6679 6679 6740 6741 6680 6680 6741 6742 6681 6681 6742 6743 6682 6682 6743 6744 6683 6683 6744 6745 6684 6684 6745 6746 6685 6685 6746 6747 6686 6686 6747 6748 6687 6687 6748 6749 6688 6688 6749 6750 6689 6689 6750 6751 6690 6690 6751 6752 6691 6691 6752 6753 6692 6692 6753 6754 6693 6693 6754 6755 6694 6694 6755 6756 6695 6695 6756 6757 6696 6696 6757 6758 6697 6697 6758 6759 6698 6698 6759 6760 6699 6699 6760 6761 6700 6700 6761 6762 6701 6701 6762 6763 6702 6702 6763 6764 6703 6703 6764 6765 6704 6704 6765 6766 6705 6705 6766 6767 6706 6706 6767 6768 6707 6707 6768 6769 6708 6708 6769 6770 6709 6588 6649 6650 6589 6589 6650 6651 6590 6590 6651 6652 6591 6591 6652 6653 6592 6592 6653 6654 6593 6593 6654 6655 6594 6594 6655 6656 6595 6595 6656 6657 6596 6596 6657 6658 6597 6597 6658 6659 6598 6598 6659 6660 6599 6599 6660 6661 6600 6600 6661 6662 6601 6601 6662 6663 6602 6602 6663 6664 6603 6603 6664 6665 6604 6604 6665 6666 6605 6605 6666 6667 6606 6606 6667 6668 6607 6607 6668 6669 6608 6608 6669 6670 6609 6609 6670 6671 6610 6610 6671 6672 6611 6611 6672 6673 6612 6612 6673 6674 6613 6613 6674 6675 6614 6614 6675 6676 6615 6615 6676 6677 6616 6616 6677 6678 6617 6617 6678 6679 6618 6618 6679 6680 6619 6619 6680 6681 6620 6620 6681 6682 6621 6621 6682 6683 6622 6622 6683 6684 6623 6623 6684 6685 6624 6624 6685 6686 6625 6625 6686 6687 6626 6626 6687 6688 6627 6627 6688 6689 6628 6628 6689 6690 6629 6629 6690 6691 6630 6630 6691 6692 6631 6631 6692 6693 6632 6632 6693 6694 6633 6633 6694 6695 6634 6634 6695 6696 6635 6635 6696 6697 6636 6636 6697 6698 6637 6637 6698 6699 6638 6638 6699 6700 6639 6639 6700 6701 6640 6640 6701 6702 6641 6641 6702 6703 6642 6642 6703 6704 6643 6643 6704 6705 6644 6644 6705 6706 6645 6645 6706 6707 6646 6646 6707 6708 6647 6647 6708 6709 6648 6527 6588 6589 6528 6528 6589 6590 6529 6529 6590 6591 6530 6530 6591 6592 6531 6531 6592 6593 6532 6532 6593 6594 6533 6533 6594 6595 6534 6534 6595 6596 6535 6535 6596 6597 6536 6536 6597 6598 6537 6537 6598 6599 6538 6538 6599 6600 6539 6539 6600 6601 6540 6540 6601 6602 6541 6541 6602 6603 6542 6542 6603 6604 6543 6543 6604 6605 6544 6544 6605 6606 6545 6545 6606 6607 6546 6546 6607 6608 6547 6547 6608 6609 6548 6548 6609 6610 6549 6549 6610 6611 6550 6550 6611 6612 6551 6551 6612 6613 6552 6552 6613 6614 6553 6553 6614 6615 6554 6554 6615 6616 6555 6555 6616 6617 6556 6556 6617 6618 6557 6557 6618 6619 6558 6558 6619 6620 6559 6559 6620 6621 6560 6560 6621 6622 6561 6561 6622 6623 6562 6562 6623 6624 6563 6563 6624 6625 6564 6564 6625 6626 6565 6565 6626 6627 6566 6566 6627 6628 6567 6567 6628 6629 6568 6568 6629 6630 6569 6569 6630 6631 6570 6570 6631 6632 6571 6571 6632 6633 6572 6572 6633 6634 6573 6573 6634 6635 6574 6574 6635 6636 6575 6575 6636 6637 6576 6576 6637 6638 6577 6577 6638 6639 6578 6578 6639 6640 6579 6579 6640 6641 6580 6580 6641 6642 6581 6581 6642 6643 6582 6582 6643 6644 6583 6583 6644 6645 6584 6584 6645 6646 6585 6585 6646 6647 6586 6586 6647 6648 6587 6466 6527 6528 6467 6467 6528 6529 6468 6468 6529 6530 6469 6469 6530 6531 6470 6470 6531 6532 6471 6471 6532 6533 6472 6472 6533 6534 6473 6473 6534 6535 6474 6474 6535 6536 6475 6475 6536 6537 6476 6476 6537 6538 6477 6477 6538 6539 6478 6478 6539 6540 6479 6479 6540 6541 6480 6480 6541 6542 6481 6481 6542 6543 6482 6482 6543 6544 6483 6483 6544 6545 6484 6484 6545 6546 6485 6485 6546 6547 6486 6486 6547 6548 6487 6487 6548 6549 6488 6488 6549 6550 6489 6489 6550 6551 6490 6490 6551 6552 6491 6491 6552 6553 6492 6492 6553 6554 6493 6493 6554 6555 6494 6494 6555 6556 6495 6495 6556 6557 6496 6496 6557 6558 6497 6497 6558 6559 6498 6498 6559 6560 6499 6499 6560 6561 6500 6500 6561 6562 6501 6501 6562 6563 6502 6502 6563 6564 6503 6503 6564 6565 6504 6504 6565 6566 6505 6505 6566 6567 6506 6506 6567 6568 6507 6507 6568 6569 6508 6508 6569 6570 6509 6509 6570 6571 6510 6510 6571 6572 6511 6511 6572 6573 6512 6512 6573 6574 6513 6513 6574 6575 6514 6514 6575 6576 6515 6515 6576 6577 6516 6516 6577 6578 6517 6517 6578 6579 6518 6518 6579 6580 6519 6519 6580 6581 6520 6520 6581 6582 6521 6521 6582 6583 6522 6522 6583 6584 6523 6523 6584 6585 6524 6524 6585 6586 6525 6525 6586 6587 6526 6405 6466 6467 6406 6406 6467 6468 6407 6407 6468 6469 6408 6408 6469 6470 6409 6409 6470 6471 6410 6410 6471 6472 6411 6411 6472 6473 6412 6412 6473 6474 6413 6413 6474 6475 6414 6414 6475 6476 6415 6415 6476 6477 6416 6416 6477 6478 6417 6417 6478 6479 6418 6418 6479 6480 6419 6419 6480 6481 6420 6420 6481 6482 6421 6421 6482 6483 6422 6422 6483 6484 6423 6423 6484 6485 6424 6424 6485 6486 6425 6425 6486 6487 6426 6426 6487 6488 6427 6427 6488 6489 6428 6428 6489 6490 6429 6429 6490 6491 6430 6430 6491 6492 6431 6431 6492 6493 6432 6432 6493 6494 6433 6433 6494 6495 6434 6434 6495 6496 6435 6435 6496 6497 6436 6436 6497 6498 6437 6437 6498 6499 6438 6438 6499 6500 6439 6439 6500 6501 6440 6440 6501 6502 6441 6441 6502 6503 6442 6442 6503 6504 6443 6443 6504 6505 6444 6444 6505 6506 6445 6445 6506 6507 6446 6446 6507 6508 6447 6447 6508 6509 6448 6448 6509 6510 6449 6449 6510 6511 6450 6450 6511 6512 6451 6451 6512 6513 6452 6452 6513 6514 6453 6453 6514 6515 6454 6454 6515 6516 6455 6455 6516 6517 6456 6456 6517 6518 6457 6457 6518 6519 6458 6458 6519 6520 6459 6459 6520 6521 6460 6460 6521 6522 6461 6461 6522 6523 6462 6462 6523 6524 6463 6463 6524 6525 6464 6464 6525 6526 6465 6344 6405 6406 6345 6345 6406 6407 6346 6346 6407 6408 6347 6347 6408 6409 6348 6348 6409 6410 6349 6349 6410 6411 6350 6350 6411 6412 6351 6351 6412 6413 6352 6352 6413 6414 6353 6353 6414 6415 6354 6354 6415 6416 6355 6355 6416 6417 6356 6356 6417 6418 6357 6357 6418 6419 6358 6358 6419 6420 6359 6359 6420 6421 6360 6360 6421 6422 6361 6361 6422 6423 6362 6362 6423 6424 6363 6363 6424 6425 6364 6364 6425 6426 6365 6365 6426 6427 6366 6366 6427 6428 6367 6367 6428 6429 6368 6368 6429 6430 6369 6369 6430 6431 6370 6370 6431 6432 6371 6371 6432 6433 6372 6372 6433 6434 6373 6373 6434 6435 6374 6374 6435 6436 6375 6375 6436 6437 6376 6376 6437 6438 6377 6377 6438 6439 6378 6378 6439 6440 6379 6379 6440 6441 6380 6380 6441 6442 6381 6381 6442 6443 6382 6382 6443 6444 6383 6383 6444 6445 6384 6384 6445 6446 6385 6385 6446 6447 6386 6386 6447 6448 6387 6387 6448 6449 6388 6388 6449 6450 6389 6389 6450 6451 6390 6390 6451 6452 6391 6391 6452 6453 6392 6392 6453 6454 6393 6393 6454 6455 6394 6394 6455 6456 6395 6395 6456 6457 6396 6396 6457 6458 6397 6397 6458 6459 6398 6398 6459 6460 6399 6399 6460 6461 6400 6400 6461 6462 6401 6401 6462 6463 6402 6402 6463 6464 6403 6403 6464 6465 6404 6283 6344 6345 6284 6284 6345 6346 6285 6285 6346 6347 6286 6286 6347 6348 6287 6287 6348 6349 6288 6288 6349 6350 6289 6289 6350 6351 6290 6290 6351 6352 6291 6291 6352 6353 6292 6292 6353 6354 6293 6293 6354 6355 6294 6294 6355 6356 6295 6295 6356 6357 6296 6296 6357 6358 6297 6297 6358 6359 6298 6298 6359 6360 6299 6299 6360 6361 6300 6300 6361 6362 6301 6301 6362 6363 6302 6302 6363 6364 6303 6303 6364 6365 6304 6304 6365 6366 6305 6305 6366 6367 6306 6306 6367 6368 6307 6307 6368 6369 6308 6308 6369 6370 6309 6309 6370 6371 6310 6310 6371 6372 6311 6311 6372 6373 6312 6312 6373 6374 6313 6313 6374 6375 6314 6314 6375 6376 6315 6315 6376 6377 6316 6316 6377 6378 6317 6317 6378 6379 6318 6318 6379 6380 6319 6319 6380 6381 6320 6320 6381 6382 6321 6321 6382 6383 6322 6322 6383 6384 6323 6323 6384 6385 6324 6324 6385 6386 6325 6325 6386 6387 6326 6326 6387 6388 6327 6327 6388 6389 6328 6328 6389 6390 6329 6329 6390 6391 6330 6330 6391 6392 6331 6331 6392 6393 6332 6332 6393 6394 6333 6333 6394 6395 6334 6334 6395 6396 6335 6335 6396 6397 6336 6336 6397 6398 6337 6337 6398 6399 6338 6338 6399 6400 6339 6339 6400 6401 6340 6340 6401 6402 6341 6341 6402 6403 6342 6342 6403 6404 6343 6222 6283 6284 6223 6223 6284 6285 6224 6224 6285 6286 6225 6225 6286 6287 6226 6226 6287 6288 6227 6227 6288 6289 6228 6228 6289 6290 6229 6229 6290 6291 6230 6230 6291 6292 6231 6231 6292 6293 6232 6232 6293 6294 6233 6233 6294 6295 6234 6234 6295 6296 6235 6235 6296 6297 6236 6236 6297 6298 6237 6237 6298 6299 6238 6238 6299 6300 6239 6239 6300 6301 6240 6240 6301 6302 6241 6241 6302 6303 6242 6242 6303 6304 6243 6243 6304 6305 6244 6244 6305 6306 6245 6245 6306 6307 6246 6246 6307 6308 6247 6247 6308 6309 6248 6248 6309 6310 6249 6249 6310 6311 6250 6250 6311 6312 6251 6251 6312 6313 6252 6252 6313 6314 6253 6253 6314 6315 6254 6254 6315 6316 6255 6255 6316 6317 6256 6256 6317 6318 6257 6257 6318 6319 6258 6258 6319 6320 6259 6259 6320 6321 6260 6260 6321 6322 6261 6261 6322 6323 6262 6262 6323 6324 6263 6263 6324 6325 6264 6264 6325 6326 6265 6265 6326 6327 6266 6266 6327 6328 6267 6267 6328 6329 6268 6268 6329 6330 6269 6269 6330 6331 6270 6270 6331 6332 6271 6271 6332 6333 6272 6272 6333 6334 6273 6273 6334 6335 6274 6274 6335 6336 6275 6275 6336 6337 6276 6276 6337 6338 6277 6277 6338 6339 6278 6278 6339 6340 6279 6279 6340 6341 6280 6280 6341 6342 6281 6281 6342 6343 6282 6161 6222 6223 6162 6162 6223 6224 6163 6163 6224 6225 6164 6164 6225 6226 6165 6165 6226 6227 6166 6166 6227 6228 6167 6167 6228 6229 6168 6168 6229 6230 6169 6169 6230 6231 6170 6170 6231 6232 6171 6171 6232 6233 6172 6172 6233 6234 6173 6173 6234 6235 6174 6174 6235 6236 6175 6175 6236 6237 6176 6176 6237 6238 6177 6177 6238 6239 6178 6178 6239 6240 6179 6179 6240 6241 6180 6180 6241 6242 6181 6181 6242 6243 6182 6182 6243 6244 6183 6183 6244 6245 6184 6184 6245 6246 6185 6185 6246 6247 6186 6186 6247 6248 6187 6187 6248 6249 6188 6188 6249 6250 6189 6189 6250 6251 6190 6190 6251 6252 6191 6191 6252 6253 6192 6192 6253 6254 6193 6193 6254 6255 6194 6194 6255 6256 6195 6195 6256 6257 6196 6196 6257 6258 6197 6197 6258 6259 6198 6198 6259 6260 6199 6199 6260 6261 6200 6200 6261 6262 6201 6201 6262 6263 6202 6202 6263 6264 6203 6203 6264 6265 6204 6204 6265 6266 6205 6205 6266 6267 6206 6206 6267 6268 6207 6207 6268 6269 6208 6208 6269 6270 6209 6209 6270 6271 6210 6210 6271 6272 6211 6211 6272 6273 6212 6212 6273 6274 6213 6213 6274 6275 6214 6214 6275 6276 6215 6215 6276 6277 6216 6216 6277 6278 6217 6217 6278 6279 6218 6218 6279 6280 6219 6219 6280 6281 6220 6220 6281 6282 6221 6100 6161 6162 6101 6101 6162 6163 6102 6102 6163 6164 6103 6103 6164 6165 6104 6104 6165 6166 6105 6105 6166 6167 6106 6106 6167 6168 6107 6107 6168 6169 6108 6108 6169 6170 6109 6109 6170 6171 6110 6110 6171 6172 6111 6111 6172 6173 6112 6112 6173 6174 6113 6113 6174 6175 6114 6114 6175 6176 6115 6115 6176 6177 6116 6116 6177 6178 6117 6117 6178 6179 6118 6118 6179 6180 6119 6119 6180 6181 6120 6120 6181 6182 6121 6121 6182 6183 6122 6122 6183 6184 6123 6123 6184 6185 6124 6124 6185 6186 6125 6125 6186 6187 6126 6126 6187 6188 6127 6127 6188 6189 6128 6128 6189 6190 6129 6129 6190 6191 6130 6130 6191 6192 6131 6131 6192 6193 6132 6132 6193 6194 6133 6133 6194 6195 6134 6134 6195 6196 6135 6135 6196 6197 6136 6136 6197 6198 6137 6137 6198 6199 6138 6138 6199 6200 6139 6139 6200 6201 6140 6140 6201 6202 6141 6141 6202 6203 6142 6142 6203 6204 6143 6143 6204 6205 6144 6144 6205 6206 6145 6145 6206 6207 6146 6146 6207 6208 6147 6147 6208 6209 6148 6148 6209 6210 6149 6149 6210 6211 6150 6150 6211 6212 6151 6151 6212 6213 6152 6152 6213 6214 6153 6153 6214 6215 6154 6154 6215 6216 6155 6155 6216 6217 6156 6156 6217 6218 6157 6157 6218 6219 6158 6158 6219 6220 6159 6159 6220 6221 6160 6039 6100 6101 6040 6040 6101 6102 6041 6041 6102 6103 6042 6042 6103 6104 6043 6043 6104 6105 6044 6044 6105 6106 6045 6045 6106 6107 6046 6046 6107 6108 6047 6047 6108 6109 6048 6048 6109 6110 6049 6049 6110 6111 6050 6050 6111 6112 6051 6051 6112 6113 6052 6052 6113 6114 6053 6053 6114 6115 6054 6054 6115 6116 6055 6055 6116 6117 6056 6056 6117 6118 6057 6057 6118 6119 6058 6058 6119 6120 6059 6059 6120 6121 6060 6060 6121 6122 6061 6061 6122 6123 6062 6062 6123 6124 6063 6063 6124 6125 6064 6064 6125 6126 6065 6065 6126 6127 6066 6066 6127 6128 6067 6067 6128 6129 6068 6068 6129 6130 6069 6069 6130 6131 6070 6070 6131 6132 6071 6071 6132 6133 6072 6072 6133 6134 6073 6073 6134 6135 6074 6074 6135 6136 6075 6075 6136 6137 6076 6076 6137 6138 6077 6077 6138 6139 6078 6078 6139 6140 6079 6079 6140 6141 6080 6080 6141 6142 6081 6081 6142 6143 6082 6082 6143 6144 6083 6083 6144 6145 6084 6084 6145 6146 6085 6085 6146 6147 6086 6086 6147 6148 6087 6087 6148 6149 6088 6088 6149 6150 6089 6089 6150 6151 6090 6090 6151 6152 6091 6091 6152 6153 6092 6092 6153 6154 6093 6093 6154 6155 6094 6094 6155 6156 6095 6095 6156 6157 6096 6096 6157 6158 6097 6097 6158 6159 6098 6098 6159 6160 6099 5978 6039 6040 5979 5979 6040 6041 5980 5980 6041 6042 5981 5981 6042 6043 5982 5982 6043 6044 5983 5983 6044 6045 5984 5984 6045 6046 5985 5985 6046 6047 5986 5986 6047 6048 5987 5987 6048 6049 5988 5988 6049 6050 5989 5989 6050 6051 5990 5990 6051 6052 5991 5991 6052 6053 5992 5992 6053 6054 5993 5993 6054 6055 5994 5994 6055 6056 5995 5995 6056 6057 5996 5996 6057 6058 5997 5997 6058 6059 5998 5998 6059 6060 5999 5999 6060 6061 6000 6000 6061 6062 6001 6001 6062 6063 6002 6002 6063 6064 6003 6003 6064 6065 6004 6004 6065 6066 6005 6005 6066 6067 6006 6006 6067 6068 6007 6007 6068 6069 6008 6008 6069 6070 6009 6009 6070 6071 6010 6010 6071 6072 6011 6011 6072 6073 6012 6012 6073 6074 6013 6013 6074 6075 6014 6014 6075 6076 6015 6015 6076 6077 6016 6016 6077 6078 6017 6017 6078 6079 6018 6018 6079 6080 6019 6019 6080 6081 6020 6020 6081 6082 6021 6021 6082 6083 6022 6022 6083 6084 6023 6023 6084 6085 6024 6024 6085 6086 6025 6025 6086 6087 6026 6026 6087 6088 6027 6027 6088 6089 6028 6028 6089 6090 6029 6029 6090 6091 6030 6030 6091 6092 6031 6031 6092 6093 6032 6032 6093 6094 6033 6033 6094 6095 6034 6034 6095 6096 6035 6035 6096 6097 6036 6036 6097 6098 6037 6037 6098 6099 6038 5917 5978 5979 5918 5918 5979 5980 5919 5919 5980 5981 5920 5920 5981 5982 5921 5921 5982 5983 5922 5922 5983 5984 5923 5923 5984 5985 5924 5924 5985 5986 5925 5925 5986 5987 5926 5926 5987 5988 5927 5927 5988 5989 5928 5928 5989 5990 5929 5929 5990 5991 5930 5930 5991 5992 5931 5931 5992 5993 5932 5932 5993 5994 5933 5933 5994 5995 5934 5934 5995 5996 5935 5935 5996 5997 5936 5936 5997 5998 5937 5937 5998 5999 5938 5938 5999 6000 5939 5939 6000 6001 5940 5940 6001 6002 5941 5941 6002 6003 5942 5942 6003 6004 5943 5943 6004 6005 5944 5944 6005 6006 5945 5945 6006 6007 5946 5946 6007 6008 5947 5947 6008 6009 5948 5948 6009 6010 5949 5949 6010 6011 5950 5950 6011 6012 5951 5951 6012 6013 5952 5952 6013 6014 5953 5953 6014 6015 5954 5954 6015 6016 5955 5955 6016 6017 5956 5956 6017 6018 5957 5957 6018 6019 5958 5958 6019 6020 5959 5959 6020 6021 5960 5960 6021 6022 5961 5961 6022 6023 5962 5962 6023 6024 5963 5963 6024 6025 5964 5964 6025 6026 5965 5965 6026 6027 5966 5966 6027 6028 5967 5967 6028 6029 5968 5968 6029 6030 5969 5969 6030 6031 5970 5970 6031 6032 5971 5971 6032 6033 5972 5972 6033 6034 5973 5973 6034 6035 5974 5974 6035 6036 5975 5975 6036 6037 5976 5976 6037 6038 5977 5856 5917 5918 5857 5857 5918 5919 5858 5858 5919 5920 5859 5859 5920 5921 5860 5860 5921 5922 5861 5861 5922 5923 5862 5862 5923 5924 5863 5863 5924 5925 5864 5864 5925 5926 5865 5865 5926 5927 5866 5866 5927 5928 5867 5867 5928 5929 5868 5868 5929 5930 5869 5869 5930 5931 5870 5870 5931 5932 5871 5871 5932 5933 5872 5872 5933 5934 5873 5873 5934 5935 5874 5874 5935 5936 5875 5875 5936 5937 5876 5876 5937 5938 5877 5877 5938 5939 5878 5878 5939 5940 5879 5879 5940 5941 5880 5880 5941 5942 5881 5881 5942 5943 5882 5882 5943 5944 5883 5883 5944 5945 5884 5884 5945 5946 5885 5885 5946 5947 5886 5886 5947 5948 5887 5887 5948 5949 5888 5888 5949 5950 5889 5889 5950 5951 5890 5890 5951 5952 5891 5891 5952 5953 5892 5892 5953 5954 5893 5893 5954 5955 5894 5894 5955 5956 5895 5895 5956 5957 5896 5896 5957 5958 5897 5897 5958 5959 5898 5898 5959 5960 5899 5899 5960 5961 5900 5900 5961 5962 5901 5901 5962 5963 5902 5902 5963 5964 5903 5903 5964 5965 5904 5904 5965 5966 5905 5905 5966 5967 5906 5906 5967 5968 5907 5907 5968 5969 5908 5908 5969 5970 5909 5909 5970 5971 5910 5910 5971 5972 5911 5911 5972 5973 5912 5912 5973 5974 5913 5913 5974 5975 5914 5914 5975 5976 5915 5915 5976 5977 5916 5795 5856 5857 5796 5796 5857 5858 5797 5797 5858 5859 5798 5798 5859 5860 5799 5799 5860 5861 5800 5800 5861 5862 5801 5801 5862 5863 5802 5802 5863 5864 5803 5803 5864 5865 5804 5804 5865 5866 5805 5805 5866 5867 5806 5806 5867 5868 5807 5807 5868 5869 5808 5808 5869 5870 5809 5809 5870 5871 5810 5810 5871 5872 5811 5811 5872 5873 5812 5812 5873 5874 5813 5813 5874 5875 5814 5814 5875 5876 5815 5815 5876 5877 5816 5816 5877 5878 5817 5817 5878 5879 5818 5818 5879 5880 5819 5819 5880 5881 5820 5820 5881 5882 5821 5821 5882 5883 5822 5822 5883 5884 5823 5823 5884 5885 5824 5824 5885 5886 5825 5825 5886 5887 5826 5826 5887 5888 5827 5827 5888 5889 5828 5828 5889 5890 5829 5829 5890 5891 5830 5830 5891 5892 5831 5831 5892 5893 5832 5832 5893 5894 5833 5833 5894 5895 5834 5834 5895 5896 5835 5835 5896 5897 5836 5836 5897 5898 5837 5837 5898 5899 5838 5838 5899 5900 5839 5839 5900 5901 5840 5840 5901 5902 5841 5841 5902 5903 5842 5842 5903 5904 5843 5843 5904 5905 5844 5844 5905 5906 5845 5845 5906 5907 5846 5846 5907 5908 5847 5847 5908 5909 5848 5848 5909 5910 5849 5849 5910 5911 5850 5850 5911 5912 5851 5851 5912 5913 5852 5852 5913 5914 5853 5853 5914 5915 5854 5854 5915 5916 5855 5734 5795 5796 5735 5735 5796 5797 5736 5736 5797 5798 5737 5737 5798 5799 5738 5738 5799 5800 5739 5739 5800 5801 5740 5740 5801 5802 5741 5741 5802 5803 5742 5742 5803 5804 5743 5743 5804 5805 5744 5744 5805 5806 5745 5745 5806 5807 5746 5746 5807 5808 5747 5747 5808 5809 5748 5748 5809 5810 5749 5749 5810 5811 5750 5750 5811 5812 5751 5751 5812 5813 5752 5752 5813 5814 5753 5753 5814 5815 5754 5754 5815 5816 5755 5755 5816 5817 5756 5756 5817 5818 5757 5757 5818 5819 5758 5758 5819 5820 5759 5759 5820 5821 5760 5760 5821 5822 5761 5761 5822 5823 5762 5762 5823 5824 5763 5763 5824 5825 5764 5764 5825 5826 5765 5765 5826 5827 5766 5766 5827 5828 5767 5767 5828 5829 5768 5768 5829 5830 5769 5769 5830 5831 5770 5770 5831 5832 5771 5771 5832 5833 5772 5772 5833 5834 5773 5773 5834 5835 5774 5774 5835 5836 5775 5775 5836 5837 5776 5776 5837 5838 5777 5777 5838 5839 5778 5778 5839 5840 5779 5779 5840 5841 5780 5780 5841 5842 5781 5781 5842 5843 5782 5782 5843 5844 5783 5783 5844 5845 5784 5784 5845 5846 5785 5785 5846 5847 5786 5786 5847 5848 5787 5787 5848 5849 5788 5788 5849 5850 5789 5789 5850 5851 5790 5790 5851 5852 5791 5791 5852 5853 5792 5792 5853 5854 5793 5793 5854 5855 5794 5673 5734 5735 5674 5674 5735 5736 5675 5675 5736 5737 5676 5676 5737 5738 5677 5677 5738 5739 5678 5678 5739 5740 5679 5679 5740 5741 5680 5680 5741 5742 5681 5681 5742 5743 5682 5682 5743 5744 5683 5683 5744 5745 5684 5684 5745 5746 5685 5685 5746 5747 5686 5686 5747 5748 5687 5687 5748 5749 5688 5688 5749 5750 5689 5689 5750 5751 5690 5690 5751 5752 5691 5691 5752 5753 5692 5692 5753 5754 5693 5693 5754 5755 5694 5694 5755 5756 5695 5695 5756 5757 5696 5696 5757 5758 5697 5697 5758 5759 5698 5698 5759 5760 5699 5699 5760 5761 5700 5700 5761 5762 5701 5701 5762 5763 5702 5702 5763 5764 5703 5703 5764 5765 5704 5704 5765 5766 5705 5705 5766 5767 5706 5706 5767 5768 5707 5707 5768 5769 5708 5708 5769 5770 5709 5709 5770 5771 5710 5710 5771 5772 5711 5711 5772 5773 5712 5712 5773 5774 5713 5713 5774 5775 5714 5714 5775 5776 5715 5715 5776 5777 5716 5716 5777 5778 5717 5717 5778 5779 5718 5718 5779 5780 5719 5719 5780 5781 5720 5720 5781 5782 5721 5721 5782 5783 5722 5722 5783 5784 5723 5723 5784 5785 5724 5724 5785 5786 5725 5725 5786 5787 5726 5726 5787 5788 5727 5727 5788 5789 5728 5728 5789 5790 5729 5729 5790 5791 5730 5730 5791 5792 5731 5731 5792 5793 5732 5732 5793 5794 5733 5612 5673 5674 5613 5613 5674 5675 5614 5614 5675 5676 5615 5615 5676 5677 5616 5616 5677 5678 5617 5617 5678 5679 5618 5618 5679 5680 5619 5619 5680 5681 5620 5620 5681 5682 5621 5621 5682 5683 5622 5622 5683 5684 5623 5623 5684 5685 5624 5624 5685 5686 5625 5625 5686 5687 5626 5626 5687 5688 5627 5627 5688 5689 5628 5628 5689 5690 5629 5629 5690 5691 5630 5630 5691 5692 5631 5631 5692 5693 5632 5632 5693 5694 5633 5633 5694 5695 5634 5634 5695 5696 5635 5635 5696 5697 5636 5636 5697 5698 5637 5637 5698 5699 5638 5638 5699 5700 5639 5639 5700 5701 5640 5640 5701 5702 5641 5641 5702 5703 5642 5642 5703 5704 5643 5643 5704 5705 5644 5644 5705 5706 5645 5645 5706 5707 5646 5646 5707 5708 5647 5647 5708 5709 5648 5648 5709 5710 5649 5649 5710 5711 5650 5650 5711 5712 5651 5651 5712 5713 5652 5652 5713 5714 5653 5653 5714 5715 5654 5654 5715 5716 5655 5655 5716 5717 5656 5656 5717 5718 5657 5657 5718 5719 5658 5658 5719 5720 5659 5659 5720 5721 5660 5660 5721 5722 5661 5661 5722 5723 5662 5662 5723 5724 5663 5663 5724 5725 5664 5664 5725 5726 5665 5665 5726 5727 5666 5666 5727 5728 5667 5667 5728 5729 5668 5668 5729 5730 5669 5669 5730 5731 5670 5670 5731 5732 5671 5671 5732 5733 5672 5551 5612 5613 5552 5552 5613 5614 5553 5553 5614 5615 5554 5554 5615 5616 5555 5555 5616 5617 5556 5556 5617 5618 5557 5557 5618 5619 5558 5558 5619 5620 5559 5559 5620 5621 5560 5560 5621 5622 5561 5561 5622 5623 5562 5562 5623 5624 5563 5563 5624 5625 5564 5564 5625 5626 5565 5565 5626 5627 5566 5566 5627 5628 5567 5567 5628 5629 5568 5568 5629 5630 5569 5569 5630 5631 5570 5570 5631 5632 5571 5571 5632 5633 5572 5572 5633 5634 5573 5573 5634 5635 5574 5574 5635 5636 5575 5575 5636 5637 5576 5576 5637 5638 5577 5577 5638 5639 5578 5578 5639 5640 5579 5579 5640 5641 5580 5580 5641 5642 5581 5581 5642 5643 5582 5582 5643 5644 5583 5583 5644 5645 5584 5584 5645 5646 5585 5585 5646 5647 5586 5586 5647 5648 5587 5587 5648 5649 5588 5588 5649 5650 5589 5589 5650 5651 5590 5590 5651 5652 5591 5591 5652 5653 5592 5592 5653 5654 5593 5593 5654 5655 5594 5594 5655 5656 5595 5595 5656 5657 5596 5596 5657 5658 5597 5597 5658 5659 5598 5598 5659 5660 5599 5599 5660 5661 5600 5600 5661 5662 5601 5601 5662 5663 5602 5602 5663 5664 5603 5603 5664 5665 5604 5604 5665 5666 5605 5605 5666 5667 5606 5606 5667 5668 5607 5607 5668 5669 5608 5608 5669 5670 5609 5609 5670 5671 5610 5610 5671 5672 5611 5490 5551 5552 5491 5491 5552 5553 5492 5492 5553 5554 5493 5493 5554 5555 5494 5494 5555 5556 5495 5495 5556 5557 5496 5496 5557 5558 5497 5497 5558 5559 5498 5498 5559 5560 5499 5499 5560 5561 5500 5500 5561 5562 5501 5501 5562 5563 5502 5502 5563 5564 5503 5503 5564 5565 5504 5504 5565 5566 5505 5505 5566 5567 5506 5506 5567 5568 5507 5507 5568 5569 5508 5508 5569 5570 5509 5509 5570 5571 5510 5510 5571 5572 5511 5511 5572 5573 5512 5512 5573 5574 5513 5513 5574 5575 5514 5514 5575 5576 5515 5515 5576 5577 5516 5516 5577 5578 5517 5517 5578 5579 5518 5518 5579 5580 5519 5519 5580 5581 5520 5520 5581 5582 5521 5521 5582 5583 5522 5522 5583 5584 5523 5523 5584 5585 5524 5524 5585 5586 5525 5525 5586 5587 5526 5526 5587 5588 5527 5527 5588 5589 5528 5528 5589 5590 5529 5529 5590 5591 5530 5530 5591 5592 5531 5531 5592 5593 5532 5532 5593 5594 5533 5533 5594 5595 5534 5534 5595 5596 5535 5535 5596 5597 5536 5536 5597 5598 5537 5537 5598 5599 5538 5538 5599 5600 5539 5539 5600 5601 5540 5540 5601 5602 5541 5541 5602 5603 5542 5542 5603 5604 5543 5543 5604 5605 5544 5544 5605 5606 5545 5545 5606 5607 5546 5546 5607 5608 5547 5547 5608 5609 5548 5548 5609 5610 5549 5549 5610 5611 5550 5429 5490 5491 5430 5430 5491 5492 5431 5431 5492 5493 5432 5432 5493 5494 5433 5433 5494 5495 5434 5434 5495 5496 5435 5435 5496 5497 5436 5436 5497 5498 5437 5437 5498 5499 5438 5438 5499 5500 5439 5439 5500 5501 5440 5440 5501 5502 5441 5441 5502 5503 5442 5442 5503 5504 5443 5443 5504 5505 5444 5444 5505 5506 5445 5445 5506 5507 5446 5446 5507 5508 5447 5447 5508 5509 5448 5448 5509 5510 5449 5449 5510 5511 5450 5450 5511 5512 5451 5451 5512 5513 5452 5452 5513 5514 5453 5453 5514 5515 5454 5454 5515 5516 5455 5455 5516 5517 5456 5456 5517 5518 5457 5457 5518 5519 5458 5458 5519 5520 5459 5459 5520 5521 5460 5460 5521 5522 5461 5461 5522 5523 5462 5462 5523 5524 5463 5463 5524 5525 5464 5464 5525 5526 5465 5465 5526 5527 5466 5466 5527 5528 5467 5467 5528 5529 5468 5468 5529 5530 5469 5469 5530 5531 5470 5470 5531 5532 5471 5471 5532 5533 5472 5472 5533 5534 5473 5473 5534 5535 5474 5474 5535 5536 5475 5475 5536 5537 5476 5476 5537 5538 5477 5477 5538 5539 5478 5478 5539 5540 5479 5479 5540 5541 5480 5480 5541 5542 5481 5481 5542 5543 5482 5482 5543 5544 5483 5483 5544 5545 5484 5484 5545 5546 5485 5485 5546 5547 5486 5486 5547 5548 5487 5487 5548 5549 5488 5488 5549 5550 5489 5368 5429 5430 5369 5369 5430 5431 5370 5370 5431 5432 5371 5371 5432 5433 5372 5372 5433 5434 5373 5373 5434 5435 5374 5374 5435 5436 5375 5375 5436 5437 5376 5376 5437 5438 5377 5377 5438 5439 5378 5378 5439 5440 5379 5379 5440 5441 5380 5380 5441 5442 5381 5381 5442 5443 5382 5382 5443 5444 5383 5383 5444 5445 5384 5384 5445 5446 5385 5385 5446 5447 5386 5386 5447 5448 5387 5387 5448 5449 5388 5388 5449 5450 5389 5389 5450 5451 5390 5390 5451 5452 5391 5391 5452 5453 5392 5392 5453 5454 5393 5393 5454 5455 5394 5394 5455 5456 5395 5395 5456 5457 5396 5396 5457 5458 5397 5397 5458 5459 5398 5398 5459 5460 5399 5399 5460 5461 5400 5400 5461 5462 5401 5401 5462 5463 5402 5402 5463 5464 5403 5403 5464 5465 5404 5404 5465 5466 5405 5405 5466 5467 5406 5406 5467 5468 5407 5407 5468 5469 5408 5408 5469 5470 5409 5409 5470 5471 5410 5410 5471 5472 5411 5411 5472 5473 5412 5412 5473 5474 5413 5413 5474 5475 5414 5414 5475 5476 5415 5415 5476 5477 5416 5416 5477 5478 5417 5417 5478 5479 5418 5418 5479 5480 5419 5419 5480 5481 5420 5420 5481 5482 5421 5421 5482 5483 5422 5422 5483 5484 5423 5423 5484 5485 5424 5424 5485 5486 5425 5425 5486 5487 5426 5426 5487 5488 5427 5427 5488 5489 5428 5307 5368 5369 5308 5308 5369 5370 5309 5309 5370 5371 5310 5310 5371 5372 5311 5311 5372 5373 5312 5312 5373 5374 5313 5313 5374 5375 5314 5314 5375 5376 5315 5315 5376 5377 5316 5316 5377 5378 5317 5317 5378 5379 5318 5318 5379 5380 5319 5319 5380 5381 5320 5320 5381 5382 5321 5321 5382 5383 5322 5322 5383 5384 5323 5323 5384 5385 5324 5324 5385 5386 5325 5325 5386 5387 5326 5326 5387 5388 5327 5327 5388 5389 5328 5328 5389 5390 5329 5329 5390 5391 5330 5330 5391 5392 5331 5331 5392 5393 5332 5332 5393 5394 5333 5333 5394 5395 5334 5334 5395 5396 5335 5335 5396 5397 5336 5336 5397 5398 5337 5337 5398 5399 5338 5338 5399 5400 5339 5339 5400 5401 5340 5340 5401 5402 5341 5341 5402 5403 5342 5342 5403 5404 5343 5343 5404 5405 5344 5344 5405 5406 5345 5345 5406 5407 5346 5346 5407 5408 5347 5347 5408 5409 5348 5348 5409 5410 5349 5349 5410 5411 5350 5350 5411 5412 5351 5351 5412 5413 5352 5352 5413 5414 5353 5353 5414 5415 5354 5354 5415 5416 5355 5355 5416 5417 5356 5356 5417 5418 5357 5357 5418 5419 5358 5358 5419 5420 5359 5359 5420 5421 5360 5360 5421 5422 5361 5361 5422 5423 5362 5362 5423 5424 5363 5363 5424 5425 5364 5364 5425 5426 5365 5365 5426 5427 5366 5366 5427 5428 5367 5246 5307 5308 5247 5247 5308 5309 5248 5248 5309 5310 5249 5249 5310 5311 5250 5250 5311 5312 5251 5251 5312 5313 5252 5252 5313 5314 5253 5253 5314 5315 5254 5254 5315 5316 5255 5255 5316 5317 5256 5256 5317 5318 5257 5257 5318 5319 5258 5258 5319 5320 5259 5259 5320 5321 5260 5260 5321 5322 5261 5261 5322 5323 5262 5262 5323 5324 5263 5263 5324 5325 5264 5264 5325 5326 5265 5265 5326 5327 5266 5266 5327 5328 5267 5267 5328 5329 5268 5268 5329 5330 5269 5269 5330 5331 5270 5270 5331 5332 5271 5271 5332 5333 5272 5272 5333 5334 5273 5273 5334 5335 5274 5274 5335 5336 5275 5275 5336 5337 5276 5276 5337 5338 5277 5277 5338 5339 5278 5278 5339 5340 5279 5279 5340 5341 5280 5280 5341 5342 5281 5281 5342 5343 5282 5282 5343 5344 5283 5283 5344 5345 5284 5284 5345 5346 5285 5285 5346 5347 5286 5286 5347 5348 5287 5287 5348 5349 5288 5288 5349 5350 5289 5289 5350 5351 5290 5290 5351 5352 5291 5291 5352 5353 5292 5292 5353 5354 5293 5293 5354 5355 5294 5294 5355 5356 5295 5295 5356 5357 5296 5296 5357 5358 5297 5297 5358 5359 5298 5298 5359 5360 5299 5299 5360 5361 5300 5300 5361 5362 5301 5301 5362 5363 5302 5302 5363 5364 5303 5303 5364 5365 5304 5304 5365 5366 5305 5305 5366 5367 5306 5185 5246 5247 5186 5186 5247 5248 5187 5187 5248 5249 5188 5188 5249 5250 5189 5189 5250 5251 5190 5190 5251 5252 5191 5191 5252 5253 5192 5192 5253 5254 5193 5193 5254 5255 5194 5194 5255 5256 5195 5195 5256 5257 5196 5196 5257 5258 5197 5197 5258 5259 5198 5198 5259 5260 5199 5199 5260 5261 5200 5200 5261 5262 5201 5201 5262 5263 5202 5202 5263 5264 5203 5203 5264 5265 5204 5204 5265 5266 5205 5205 5266 5267 5206 5206 5267 5268 5207 5207 5268 5269 5208 5208 5269 5270 5209 5209 5270 5271 5210 5210 5271 5272 5211 5211 5272 5273 5212 5212 5273 5274 5213 5213 5274 5275 5214 5214 5275 5276 5215 5215 5276 5277 5216 5216 5277 5278 5217 5217 5278 5279 5218 5218 5279 5280 5219 5219 5280 5281 5220 5220 5281 5282 5221 5221 5282 5283 5222 5222 5283 5284 5223 5223 5284 5285 5224 5224 5285 5286 5225 5225 5286 5287 5226 5226 5287 5288 5227 5227 5288 5289 5228 5228 5289 5290 5229 5229 5290 5291 5230 5230 5291 5292 5231 5231 5292 5293 5232 5232 5293 5294 5233 5233 5294 5295 5234 5234 5295 5296 5235 5235 5296 5297 5236 5236 5297 5298 5237 5237 5298 5299 5238 5238 5299 5300 5239 5239 5300 5301 5240 5240 5301 5302 5241 5241 5302 5303 5242 5242 5303 5304 5243 5243 5304 5305 5244 5244 5305 5306 5245 5124 5185 5186 5125 5125 5186 5187 5126 5126 5187 5188 5127 5127 5188 5189 5128 5128 5189 5190 5129 5129 5190 5191 5130 5130 5191 5192 5131 5131 5192 5193 5132 5132 5193 5194 5133 5133 5194 5195 5134 5134 5195 5196 5135 5135 5196 5197 5136 5136 5197 5198 5137 5137 5198 5199 5138 5138 5199 5200 5139 5139 5200 5201 5140 5140 5201 5202 5141 5141 5202 5203 5142 5142 5203 5204 5143 5143 5204 5205 5144 5144 5205 5206 5145 5145 5206 5207 5146 5146 5207 5208 5147 5147 5208 5209 5148 5148 5209 5210 5149 5149 5210 5211 5150 5150 5211 5212 5151 5151 5212 5213 5152 5152 5213 5214 5153 5153 5214 5215 5154 5154 5215 5216 5155 5155 5216 5217 5156 5156 5217 5218 5157 5157 5218 5219 5158 5158 5219 5220 5159 5159 5220 5221 5160 5160 5221 5222 5161 5161 5222 5223 5162 5162 5223 5224 5163 5163 5224 5225 5164 5164 5225 5226 5165 5165 5226 5227 5166 5166 5227 5228 5167 5167 5228 5229 5168 5168 5229 5230 5169 5169 5230 5231 5170 5170 5231 5232 5171 5171 5232 5233 5172 5172 5233 5234 5173 5173 5234 5235 5174 5174 5235 5236 5175 5175 5236 5237 5176 5176 5237 5238 5177 5177 5238 5239 5178 5178 5239 5240 5179 5179 5240 5241 5180 5180 5241 5242 5181 5181 5242 5243 5182 5182 5243 5244 5183 5183 5244 5245 5184 5063 5124 5125 5064 5064 5125 5126 5065 5065 5126 5127 5066 5066 5127 5128 5067 5067 5128 5129 5068 5068 5129 5130 5069 5069 5130 5131 5070 5070 5131 5132 5071 5071 5132 5133 5072 5072 5133 5134 5073 5073 5134 5135 5074 5074 5135 5136 5075 5075 5136 5137 5076 5076 5137 5138 5077 5077 5138 5139 5078 5078 5139 5140 5079 5079 5140 5141 5080 5080 5141 5142 5081 5081 5142 5143 5082 5082 5143 5144 5083 5083 5144 5145 5084 5084 5145 5146 5085 5085 5146 5147 5086 5086 5147 5148 5087 5087 5148 5149 5088 5088 5149 5150 5089 5089 5150 5151 5090 5090 5151 5152 5091 5091 5152 5153 5092 5092 5153 5154 5093 5093 5154 5155 5094 5094 5155 5156 5095 5095 5156 5157 5096 5096 5157 5158 5097 5097 5158 5159 5098 5098 5159 5160 5099 5099 5160 5161 5100 5100 5161 5162 5101 5101 5162 5163 5102 5102 5163 5164 5103 5103 5164 5165 5104 5104 5165 5166 5105 5105 5166 5167 5106 5106 5167 5168 5107 5107 5168 5169 5108 5108 5169 5170 5109 5109 5170 5171 5110 5110 5171 5172 5111 5111 5172 5173 5112 5112 5173 5174 5113 5113 5174 5175 5114 5114 5175 5176 5115 5115 5176 5177 5116 5116 5177 5178 5117 5117 5178 5179 5118 5118 5179 5180 5119 5119 5180 5181 5120 5120 5181 5182 5121 5121 5182 5183 5122 5122 5183 5184 5123 5002 5063 5064 5003 5003 5064 5065 5004 5004 5065 5066 5005 5005 5066 5067 5006 5006 5067 5068 5007 5007 5068 5069 5008 5008 5069 5070 5009 5009 5070 5071 5010 5010 5071 5072 5011 5011 5072 5073 5012 5012 5073 5074 5013 5013 5074 5075 5014 5014 5075 5076 5015 5015 5076 5077 5016 5016 5077 5078 5017 5017 5078 5079 5018 5018 5079 5080 5019 5019 5080 5081 5020 5020 5081 5082 5021 5021 5082 5083 5022 5022 5083 5084 5023 5023 5084 5085 5024 5024 5085 5086 5025 5025 5086 5087 5026 5026 5087 5088 5027 5027 5088 5089 5028 5028 5089 5090 5029 5029 5090 5091 5030 5030 5091 5092 5031 5031 5092 5093 5032 5032 5093 5094 5033 5033 5094 5095 5034 5034 5095 5096 5035 5035 5096 5097 5036 5036 5097 5098 5037 5037 5098 5099 5038 5038 5099 5100 5039 5039 5100 5101 5040 5040 5101 5102 5041 5041 5102 5103 5042 5042 5103 5104 5043 5043 5104 5105 5044 5044 5105 5106 5045 5045 5106 5107 5046 5046 5107 5108 5047 5047 5108 5109 5048 5048 5109 5110 5049 5049 5110 5111 5050 5050 5111 5112 5051 5051 5112 5113 5052 5052 5113 5114 5053 5053 5114 5115 5054 5054 5115 5116 5055 5055 5116 5117 5056 5056 5117 5118 5057 5057 5118 5119 5058 5058 5119 5120 5059 5059 5120 5121 5060 5060 5121 5122 5061 5061 5122 5123 5062 4941 5002 5003 4942 4942 5003 5004 4943 4943 5004 5005 4944 4944 5005 5006 4945 4945 5006 5007 4946 4946 5007 5008 4947 4947 5008 5009 4948 4948 5009 5010 4949 4949 5010 5011 4950 4950 5011 5012 4951 4951 5012 5013 4952 4952 5013 5014 4953 4953 5014 5015 4954 4954 5015 5016 4955 4955 5016 5017 4956 4956 5017 5018 4957 4957 5018 5019 4958 4958 5019 5020 4959 4959 5020 5021 4960 4960 5021 5022 4961 4961 5022 5023 4962 4962 5023 5024 4963 4963 5024 5025 4964 4964 5025 5026 4965 4965 5026 5027 4966 4966 5027 5028 4967 4967 5028 5029 4968 4968 5029 5030 4969 4969 5030 5031 4970 4970 5031 5032 4971 4971 5032 5033 4972 4972 5033 5034 4973 4973 5034 5035 4974 4974 5035 5036 4975 4975 5036 5037 4976 4976 5037 5038 4977 4977 5038 5039 4978 4978 5039 5040 4979 4979 5040 5041 4980 4980 5041 5042 4981 4981 5042 5043 4982 4982 5043 5044 4983 4983 5044 5045 4984 4984 5045 5046 4985 4985 5046 5047 4986 4986 5047 5048 4987 4987 5048 5049 4988 4988 5049 5050 4989 4989 5050 5051 4990 4990 5051 5052 4991 4991 5052 5053 4992 4992 5053 5054 4993 4993 5054 5055 4994 4994 5055 5056 4995 4995 5056 5057 4996 4996 5057 5058 4997 4997 5058 5059 4998 4998 5059 5060 4999 4999 5060 5061 5000 5000 5061 5062 5001 4880 4941 4942 4881 4881 4942 4943 4882 4882 4943 4944 4883 4883 4944 4945 4884 4884 4945 4946 4885 4885 4946 4947 4886 4886 4947 4948 4887 4887 4948 4949 4888 4888 4949 4950 4889 4889 4950 4951 4890 4890 4951 4952 4891 4891 4952 4953 4892 4892 4953 4954 4893 4893 4954 4955 4894 4894 4955 4956 4895 4895 4956 4957 4896 4896 4957 4958 4897 4897 4958 4959 4898 4898 4959 4960 4899 4899 4960 4961 4900 4900 4961 4962 4901 4901 4962 4963 4902 4902 4963 4964 4903 4903 4964 4965 4904 4904 4965 4966 4905 4905 4966 4967 4906 4906 4967 4968 4907 4907 4968 4969 4908 4908 4969 4970 4909 4909 4970 4971 4910 4910 4971 4972 4911 4911 4972 4973 4912 4912 4973 4974 4913 4913 4974 4975 4914 4914 4975 4976 4915 4915 4976 4977 4916 4916 4977 4978 4917 4917 4978 4979 4918 4918 4979 4980 4919 4919 4980 4981 4920 4920 4981 4982 4921 4921 4982 4983 4922 4922 4983 4984 4923 4923 4984 4985 4924 4924 4985 4986 4925 4925 4986 4987 4926 4926 4987 4988 4927 4927 4988 4989 4928 4928 4989 4990 4929 4929 4990 4991 4930 4930 4991 4992 4931 4931 4992 4993 4932 4932 4993 4994 4933 4933 4994 4995 4934 4934 4995 4996 4935 4935 4996 4997 4936 4936 4997 4998 4937 4937 4998 4999 4938 4938 4999 5000 4939 4939 5000 5001 4940 4819 4880 4881 4820 4820 4881 4882 4821 4821 4882 4883 4822 4822 4883 4884 4823 4823 4884 4885 4824 4824 4885 4886 4825 4825 4886 4887 4826 4826 4887 4888 4827 4827 4888 4889 4828 4828 4889 4890 4829 4829 4890 4891 4830 4830 4891 4892 4831 4831 4892 4893 4832 4832 4893 4894 4833 4833 4894 4895 4834 4834 4895 4896 4835 4835 4896 4897 4836 4836 4897 4898 4837 4837 4898 4899 4838 4838 4899 4900 4839 4839 4900 4901 4840 4840 4901 4902 4841 4841 4902 4903 4842 4842 4903 4904 4843 4843 4904 4905 4844 4844 4905 4906 4845 4845 4906 4907 4846 4846 4907 4908 4847 4847 4908 4909 4848 4848 4909 4910 4849 4849 4910 4911 4850 4850 4911 4912 4851 4851 4912 4913 4852 4852 4913 4914 4853 4853 4914 4915 4854 4854 4915 4916 4855 4855 4916 4917 4856 4856 4917 4918 4857 4857 4918 4919 4858 4858 4919 4920 4859 4859 4920 4921 4860 4860 4921 4922 4861 4861 4922 4923 4862 4862 4923 4924 4863 4863 4924 4925 4864 4864 4925 4926 4865 4865 4926 4927 4866 4866 4927 4928 4867 4867 4928 4929 4868 4868 4929 4930 4869 4869 4930 4931 4870 4870 4931 4932 4871 4871 4932 4933 4872 4872 4933 4934 4873 4873 4934 4935 4874 4874 4935 4936 4875 4875 4936 4937 4876 4876 4937 4938 4877 4877 4938 4939 4878 4878 4939 4940 4879 4758 4819 4820 4759 4759 4820 4821 4760 4760 4821 4822 4761 4761 4822 4823 4762 4762 4823 4824 4763 4763 4824 4825 4764 4764 4825 4826 4765 4765 4826 4827 4766 4766 4827 4828 4767 4767 4828 4829 4768 4768 4829 4830 4769 4769 4830 4831 4770 4770 4831 4832 4771 4771 4832 4833 4772 4772 4833 4834 4773 4773 4834 4835 4774 4774 4835 4836 4775 4775 4836 4837 4776 4776 4837 4838 4777 4777 4838 4839 4778 4778 4839 4840 4779 4779 4840 4841 4780 4780 4841 4842 4781 4781 4842 4843 4782 4782 4843 4844 4783 4783 4844 4845 4784 4784 4845 4846 4785 4785 4846 4847 4786 4786 4847 4848 4787 4787 4848 4849 4788 4788 4849 4850 4789 4789 4850 4851 4790 4790 4851 4852 4791 4791 4852 4853 4792 4792 4853 4854 4793 4793 4854 4855 4794 4794 4855 4856 4795 4795 4856 4857 4796 4796 4857 4858 4797 4797 4858 4859 4798 4798 4859 4860 4799 4799 4860 4861 4800 4800 4861 4862 4801 4801 4862 4863 4802 4802 4863 4864 4803 4803 4864 4865 4804 4804 4865 4866 4805 4805 4866 4867 4806 4806 4867 4868 4807 4807 4868 4869 4808 4808 4869 4870 4809 4809 4870 4871 4810 4810 4871 4872 4811 4811 4872 4873 4812 4812 4873 4874 4813 4813 4874 4875 4814 4814 4875 4876 4815 4815 4876 4877 4816 4816 4877 4878 4817 4817 4878 4879 4818 4697 4758 4759 4698 4698 4759 4760 4699 4699 4760 4761 4700 4700 4761 4762 4701 4701 4762 4763 4702 4702 4763 4764 4703 4703 4764 4765 4704 4704 4765 4766 4705 4705 4766 4767 4706 4706 4767 4768 4707 4707 4768 4769 4708 4708 4769 4770 4709 4709 4770 4771 4710 4710 4771 4772 4711 4711 4772 4773 4712 4712 4773 4774 4713 4713 4774 4775 4714 4714 4775 4776 4715 4715 4776 4777 4716 4716 4777 4778 4717 4717 4778 4779 4718 4718 4779 4780 4719 4719 4780 4781 4720 4720 4781 4782 4721 4721 4782 4783 4722 4722 4783 4784 4723 4723 4784 4785 4724 4724 4785 4786 4725 4725 4786 4787 4726 4726 4787 4788 4727 4727 4788 4789 4728 4728 4789 4790 4729 4729 4790 4791 4730 4730 4791 4792 4731 4731 4792 4793 4732 4732 4793 4794 4733 4733 4794 4795 4734 4734 4795 4796 4735 4735 4796 4797 4736 4736 4797 4798 4737 4737 4798 4799 4738 4738 4799 4800 4739 4739 4800 4801 4740 4740 4801 4802 4741 4741 4802 4803 4742 4742 4803 4804 4743 4743 4804 4805 4744 4744 4805 4806 4745 4745 4806 4807 4746 4746 4807 4808 4747 4747 4808 4809 4748 4748 4809 4810 4749 4749 4810 4811 4750 4750 4811 4812 4751 4751 4812 4813 4752 4752 4813 4814 4753 4753 4814 4815 4754 4754 4815 4816 4755 4755 4816 4817 4756 4756 4817 4818 4757 4636 4697 4698 4637 4637 4698 4699 4638 4638 4699 4700 4639 4639 4700 4701 4640 4640 4701 4702 4641 4641 4702 4703 4642 4642 4703 4704 4643 4643 4704 4705 4644 4644 4705 4706 4645 4645 4706 4707 4646 4646 4707 4708 4647 4647 4708 4709 4648 4648 4709 4710 4649 4649 4710 4711 4650 4650 4711 4712 4651 4651 4712 4713 4652 4652 4713 4714 4653 4653 4714 4715 4654 4654 4715 4716 4655 4655 4716 4717 4656 4656 4717 4718 4657 4657 4718 4719 4658 4658 4719 4720 4659 4659 4720 4721 4660 4660 4721 4722 4661 4661 4722 4723 4662 4662 4723 4724 4663 4663 4724 4725 4664 4664 4725 4726 4665 4665 4726 4727 4666 4666 4727 4728 4667 4667 4728 4729 4668 4668 4729 4730 4669 4669 4730 4731 4670 4670 4731 4732 4671 4671 4732 4733 4672 4672 4733 4734 4673 4673 4734 4735 4674 4674 4735 4736 4675 4675 4736 4737 4676 4676 4737 4738 4677 4677 4738 4739 4678 4678 4739 4740 4679 4679 4740 4741 4680 4680 4741 4742 4681 4681 4742 4743 4682 4682 4743 4744 4683 4683 4744 4745 4684 4684 4745 4746 4685 4685 4746 4747 4686 4686 4747 4748 4687 4687 4748 4749 4688 4688 4749 4750 4689 4689 4750 4751 4690 4690 4751 4752 4691 4691 4752 4753 4692 4692 4753 4754 4693 4693 4754 4755 4694 4694 4755 4756 4695 4695 4756 4757 4696 4575 4636 4637 4576 4576 4637 4638 4577 4577 4638 4639 4578 4578 4639 4640 4579 4579 4640 4641 4580 4580 4641 4642 4581 4581 4642 4643 4582 4582 4643 4644 4583 4583 4644 4645 4584 4584 4645 4646 4585 4585 4646 4647 4586 4586 4647 4648 4587 4587 4648 4649 4588 4588 4649 4650 4589 4589 4650 4651 4590 4590 4651 4652 4591 4591 4652 4653 4592 4592 4653 4654 4593 4593 4654 4655 4594 4594 4655 4656 4595 4595 4656 4657 4596 4596 4657 4658 4597 4597 4658 4659 4598 4598 4659 4660 4599 4599 4660 4661 4600 4600 4661 4662 4601 4601 4662 4663 4602 4602 4663 4664 4603 4603 4664 4665 4604 4604 4665 4666 4605 4605 4666 4667 4606 4606 4667 4668 4607 4607 4668 4669 4608 4608 4669 4670 4609 4609 4670 4671 4610 4610 4671 4672 4611 4611 4672 4673 4612 4612 4673 4674 4613 4613 4674 4675 4614 4614 4675 4676 4615 4615 4676 4677 4616 4616 4677 4678 4617 4617 4678 4679 4618 4618 4679 4680 4619 4619 4680 4681 4620 4620 4681 4682 4621 4621 4682 4683 4622 4622 4683 4684 4623 4623 4684 4685 4624 4624 4685 4686 4625 4625 4686 4687 4626 4626 4687 4688 4627 4627 4688 4689 4628 4628 4689 4690 4629 4629 4690 4691 4630 4630 4691 4692 4631 4631 4692 4693 4632 4632 4693 4694 4633 4633 4694 4695 4634 4634 4695 4696 4635 4514 4575 4576 4515 4515 4576 4577 4516 4516 4577 4578 4517 4517 4578 4579 4518 4518 4579 4580 4519 4519 4580 4581 4520 4520 4581 4582 4521 4521 4582 4583 4522 4522 4583 4584 4523 4523 4584 4585 4524 4524 4585 4586 4525 4525 4586 4587 4526 4526 4587 4588 4527 4527 4588 4589 4528 4528 4589 4590 4529 4529 4590 4591 4530 4530 4591 4592 4531 4531 4592 4593 4532 4532 4593 4594 4533 4533 4594 4595 4534 4534 4595 4596 4535 4535 4596 4597 4536 4536 4597 4598 4537 4537 4598 4599 4538 4538 4599 4600 4539 4539 4600 4601 4540 4540 4601 4602 4541 4541 4602 4603 4542 4542 4603 4604 4543 4543 4604 4605 4544 4544 4605 4606 4545 4545 4606 4607 4546 4546 4607 4608 4547 4547 4608 4609 4548 4548 4609 4610 4549 4549 4610 4611 4550 4550 4611 4612 4551 4551 4612 4613 4552 4552 4613 4614 4553 4553 4614 4615 4554 4554 4615 4616 4555 4555 4616 4617 4556 4556 4617 4618 4557 4557 4618 4619 4558 4558 4619 4620 4559 4559 4620 4621 4560 4560 4621 4622 4561 4561 4622 4623 4562 4562 4623 4624 4563 4563 4624 4625 4564 4564 4625 4626 4565 4565 4626 4627 4566 4566 4627 4628 4567 4567 4628 4629 4568 4568 4629 4630 4569 4569 4630 4631 4570 4570 4631 4632 4571 4571 4632 4633 4572 4572 4633 4634 4573 4573 4634 4635 4574 4453 4514 4515 4454 4454 4515 4516 4455 4455 4516 4517 4456 4456 4517 4518 4457 4457 4518 4519 4458 4458 4519 4520 4459 4459 4520 4521 4460 4460 4521 4522 4461 4461 4522 4523 4462 4462 4523 4524 4463 4463 4524 4525 4464 4464 4525 4526 4465 4465 4526 4527 4466 4466 4527 4528 4467 4467 4528 4529 4468 4468 4529 4530 4469 4469 4530 4531 4470 4470 4531 4532 4471 4471 4532 4533 4472 4472 4533 4534 4473 4473 4534 4535 4474 4474 4535 4536 4475 4475 4536 4537 4476 4476 4537 4538 4477 4477 4538 4539 4478 4478 4539 4540 4479 4479 4540 4541 4480 4480 4541 4542 4481 4481 4542 4543 4482 4482 4543 4544 4483 4483 4544 4545 4484 4484 4545 4546 4485 4485 4546 4547 4486 4486 4547 4548 4487 4487 4548 4549 4488 4488 4549 4550 4489 4489 4550 4551 4490 4490 4551 4552 4491 4491 4552 4553 4492 4492 4553 4554 4493 4493 4554 4555 4494 4494 4555 4556 4495 4495 4556 4557 4496 4496 4557 4558 4497 4497 4558 4559 4498 4498 4559 4560 4499 4499 4560 4561 4500 4500 4561 4562 4501 4501 4562 4563 4502 4502 4563 4564 4503 4503 4564 4565 4504 4504 4565 4566 4505 4505 4566 4567 4506 4506 4567 4568 4507 4507 4568 4569 4508 4508 4569 4570 4509 4509 4570 4571 4510 4510 4571 4572 4511 4511 4572 4573 4512 4512 4573 4574 4513 4392 4453 4454 4393 4393 4454 4455 4394 4394 4455 4456 4395 4395 4456 4457 4396 4396 4457 4458 4397 4397 4458 4459 4398 4398 4459 4460 4399 4399 4460 4461 4400 4400 4461 4462 4401 4401 4462 4463 4402 4402 4463 4464 4403 4403 4464 4465 4404 4404 4465 4466 4405 4405 4466 4467 4406 4406 4467 4468 4407 4407 4468 4469 4408 4408 4469 4470 4409 4409 4470 4471 4410 4410 4471 4472 4411 4411 4472 4473 4412 4412 4473 4474 4413 4413 4474 4475 4414 4414 4475 4476 4415 4415 4476 4477 4416 4416 4477 4478 4417 4417 4478 4479 4418 4418 4479 4480 4419 4419 4480 4481 4420 4420 4481 4482 4421 4421 4482 4483 4422 4422 4483 4484 4423 4423 4484 4485 4424 4424 4485 4486 4425 4425 4486 4487 4426 4426 4487 4488 4427 4427 4488 4489 4428 4428 4489 4490 4429 4429 4490 4491 4430 4430 4491 4492 4431 4431 4492 4493 4432 4432 4493 4494 4433 4433 4494 4495 4434 4434 4495 4496 4435 4435 4496 4497 4436 4436 4497 4498 4437 4437 4498 4499 4438 4438 4499 4500 4439 4439 4500 4501 4440 4440 4501 4502 4441 4441 4502 4503 4442 4442 4503 4504 4443 4443 4504 4505 4444 4444 4505 4506 4445 4445 4506 4507 4446 4446 4507 4508 4447 4447 4508 4509 4448 4448 4509 4510 4449 4449 4510 4511 4450 4450 4511 4512 4451 4451 4512 4513 4452 4331 4392 4393 4332 4332 4393 4394 4333 4333 4394 4395 4334 4334 4395 4396 4335 4335 4396 4397 4336 4336 4397 4398 4337 4337 4398 4399 4338 4338 4399 4400 4339 4339 4400 4401 4340 4340 4401 4402 4341 4341 4402 4403 4342 4342 4403 4404 4343 4343 4404 4405 4344 4344 4405 4406 4345 4345 4406 4407 4346 4346 4407 4408 4347 4347 4408 4409 4348 4348 4409 4410 4349 4349 4410 4411 4350 4350 4411 4412 4351 4351 4412 4413 4352 4352 4413 4414 4353 4353 4414 4415 4354 4354 4415 4416 4355 4355 4416 4417 4356 4356 4417 4418 4357 4357 4418 4419 4358 4358 4419 4420 4359 4359 4420 4421 4360 4360 4421 4422 4361 4361 4422 4423 4362 4362 4423 4424 4363 4363 4424 4425 4364 4364 4425 4426 4365 4365 4426 4427 4366 4366 4427 4428 4367 4367 4428 4429 4368 4368 4429 4430 4369 4369 4430 4431 4370 4370 4431 4432 4371 4371 4432 4433 4372 4372 4433 4434 4373 4373 4434 4435 4374 4374 4435 4436 4375 4375 4436 4437 4376 4376 4437 4438 4377 4377 4438 4439 4378 4378 4439 4440 4379 4379 4440 4441 4380 4380 4441 4442 4381 4381 4442 4443 4382 4382 4443 4444 4383 4383 4444 4445 4384 4384 4445 4446 4385 4385 4446 4447 4386 4386 4447 4448 4387 4387 4448 4449 4388 4388 4449 4450 4389 4389 4450 4451 4390 4390 4451 4452 4391 4270 4331 4332 4271 4271 4332 4333 4272 4272 4333 4334 4273 4273 4334 4335 4274 4274 4335 4336 4275 4275 4336 4337 4276 4276 4337 4338 4277 4277 4338 4339 4278 4278 4339 4340 4279 4279 4340 4341 4280 4280 4341 4342 4281 4281 4342 4343 4282 4282 4343 4344 4283 4283 4344 4345 4284 4284 4345 4346 4285 4285 4346 4347 4286 4286 4347 4348 4287 4287 4348 4349 4288 4288 4349 4350 4289 4289 4350 4351 4290 4290 4351 4352 4291 4291 4352 4353 4292 4292 4353 4354 4293 4293 4354 4355 4294 4294 4355 4356 4295 4295 4356 4357 4296 4296 4357 4358 4297 4297 4358 4359 4298 4298 4359 4360 4299 4299 4360 4361 4300 4300 4361 4362 4301 4301 4362 4363 4302 4302 4363 4364 4303 4303 4364 4365 4304 4304 4365 4366 4305 4305 4366 4367 4306 4306 4367 4368 4307 4307 4368 4369 4308 4308 4369 4370 4309 4309 4370 4371 4310 4310 4371 4372 4311 4311 4372 4373 4312 4312 4373 4374 4313 4313 4374 4375 4314 4314 4375 4376 4315 4315 4376 4377 4316 4316 4377 4378 4317 4317 4378 4379 4318 4318 4379 4380 4319 4319 4380 4381 4320 4320 4381 4382 4321 4321 4382 4383 4322 4322 4383 4384 4323 4323 4384 4385 4324 4324 4385 4386 4325 4325 4386 4387 4326 4326 4387 4388 4327 4327 4388 4389 4328 4328 4389 4390 4329 4329 4390 4391 4330 4209 4270 4271 4210 4210 4271 4272 4211 4211 4272 4273 4212 4212 4273 4274 4213 4213 4274 4275 4214 4214 4275 4276 4215 4215 4276 4277 4216 4216 4277 4278 4217 4217 4278 4279 4218 4218 4279 4280 4219 4219 4280 4281 4220 4220 4281 4282 4221 4221 4282 4283 4222 4222 4283 4284 4223 4223 4284 4285 4224 4224 4285 4286 4225 4225 4286 4287 4226 4226 4287 4288 4227 4227 4288 4289 4228 4228 4289 4290 4229 4229 4290 4291 4230 4230 4291 4292 4231 4231 4292 4293 4232 4232 4293 4294 4233 4233 4294 4295 4234 4234 4295 4296 4235 4235 4296 4297 4236 4236 4297 4298 4237 4237 4298 4299 4238 4238 4299 4300 4239 4239 4300 4301 4240 4240 4301 4302 4241 4241 4302 4303 4242 4242 4303 4304 4243 4243 4304 4305 4244 4244 4305 4306 4245 4245 4306 4307 4246 4246 4307 4308 4247 4247 4308 4309 4248 4248 4309 4310 4249 4249 4310 4311 4250 4250 4311 4312 4251 4251 4312 4313 4252 4252 4313 4314 4253 4253 4314 4315 4254 4254 4315 4316 4255 4255 4316 4317 4256 4256 4317 4318 4257 4257 4318 4319 4258 4258 4319 4320 4259 4259 4320 4321 4260 4260 4321 4322 4261 4261 4322 4323 4262 4262 4323 4324 4263 4263 4324 4325 4264 4264 4325 4326 4265 4265 4326 4327 4266 4266 4327 4328 4267 4267 4328 4329 4268 4268 4329 4330 4269 4148 4209 4210 4149 4149 4210 4211 4150 4150 4211 4212 4151 4151 4212 4213 4152 4152 4213 4214 4153 4153 4214 4215 4154 4154 4215 4216 4155 4155 4216 4217 4156 4156 4217 4218 4157 4157 4218 4219 4158 4158 4219 4220 4159 4159 4220 4221 4160 4160 4221 4222 4161 4161 4222 4223 4162 4162 4223 4224 4163 4163 4224 4225 4164 4164 4225 4226 4165 4165 4226 4227 4166 4166 4227 4228 4167 4167 4228 4229 4168 4168 4229 4230 4169 4169 4230 4231 4170 4170 4231 4232 4171 4171 4232 4233 4172 4172 4233 4234 4173 4173 4234 4235 4174 4174 4235 4236 4175 4175 4236 4237 4176 4176 4237 4238 4177 4177 4238 4239 4178 4178 4239 4240 4179 4179 4240 4241 4180 4180 4241 4242 4181 4181 4242 4243 4182 4182 4243 4244 4183 4183 4244 4245 4184 4184 4245 4246 4185 4185 4246 4247 4186 4186 4247 4248 4187 4187 4248 4249 4188 4188 4249 4250 4189 4189 4250 4251 4190 4190 4251 4252 4191 4191 4252 4253 4192 4192 4253 4254 4193 4193 4254 4255 4194 4194 4255 4256 4195 4195 4256 4257 4196 4196 4257 4258 4197 4197 4258 4259 4198 4198 4259 4260 4199 4199 4260 4261 4200 4200 4261 4262 4201 4201 4262 4263 4202 4202 4263 4264 4203 4203 4264 4265 4204 4204 4265 4266 4205 4205 4266 4267 4206 4206 4267 4268 4207 4207 4268 4269 4208 4087 4148 4149 4088 4088 4149 4150 4089 4089 4150 4151 4090 4090 4151 4152 4091 4091 4152 4153 4092 4092 4153 4154 4093 4093 4154 4155 4094 4094 4155 4156 4095 4095 4156 4157 4096 4096 4157 4158 4097 4097 4158 4159 4098 4098 4159 4160 4099 4099 4160 4161 4100 4100 4161 4162 4101 4101 4162 4163 4102 4102 4163 4164 4103 4103 4164 4165 4104 4104 4165 4166 4105 4105 4166 4167 4106 4106 4167 4168 4107 4107 4168 4169 4108 4108 4169 4170 4109 4109 4170 4171 4110 4110 4171 4172 4111 4111 4172 4173 4112 4112 4173 4174 4113 4113 4174 4175 4114 4114 4175 4176 4115 4115 4176 4177 4116 4116 4177 4178 4117 4117 4178 4179 4118 4118 4179 4180 4119 4119 4180 4181 4120 4120 4181 4182 4121 4121 4182 4183 4122 4122 4183 4184 4123 4123 4184 4185 4124 4124 4185 4186 4125 4125 4186 4187 4126 4126 4187 4188 4127 4127 4188 4189 4128 4128 4189 4190 4129 4129 4190 4191 4130 4130 4191 4192 4131 4131 4192 4193 4132 4132 4193 4194 4133 4133 4194 4195 4134 4134 4195 4196 4135 4135 4196 4197 4136 4136 4197 4198 4137 4137 4198 4199 4138 4138 4199 4200 4139 4139 4200 4201 4140 4140 4201 4202 4141 4141 4202 4203 4142 4142 4203 4204 4143 4143 4204 4205 4144 4144 4205 4206 4145 4145 4206 4207 4146 4146 4207 4208 4147 4026 4087 4088 4027 4027 4088 4089 4028 4028 4089 4090 4029 4029 4090 4091 4030 4030 4091 4092 4031 4031 4092 4093 4032 4032 4093 4094 4033 4033 4094 4095 4034 4034 4095 4096 4035 4035 4096 4097 4036 4036 4097 4098 4037 4037 4098 4099 4038 4038 4099 4100 4039 4039 4100 4101 4040 4040 4101 4102 4041 4041 4102 4103 4042 4042 4103 4104 4043 4043 4104 4105 4044 4044 4105 4106 4045 4045 4106 4107 4046 4046 4107 4108 4047 4047 4108 4109 4048 4048 4109 4110 4049 4049 4110 4111 4050 4050 4111 4112 4051 4051 4112 4113 4052 4052 4113 4114 4053 4053 4114 4115 4054 4054 4115 4116 4055 4055 4116 4117 4056 4056 4117 4118 4057 4057 4118 4119 4058 4058 4119 4120 4059 4059 4120 4121 4060 4060 4121 4122 4061 4061 4122 4123 4062 4062 4123 4124 4063 4063 4124 4125 4064 4064 4125 4126 4065 4065 4126 4127 4066 4066 4127 4128 4067 4067 4128 4129 4068 4068 4129 4130 4069 4069 4130 4131 4070 4070 4131 4132 4071 4071 4132 4133 4072 4072 4133 4134 4073 4073 4134 4135 4074 4074 4135 4136 4075 4075 4136 4137 4076 4076 4137 4138 4077 4077 4138 4139 4078 4078 4139 4140 4079 4079 4140 4141 4080 4080 4141 4142 4081 4081 4142 4143 4082 4082 4143 4144 4083 4083 4144 4145 4084 4084 4145 4146 4085 4085 4146 4147 4086 3965 4026 4027 3966 3966 4027 4028 3967 3967 4028 4029 3968 3968 4029 4030 3969 3969 4030 4031 3970 3970 4031 4032 3971 3971 4032 4033 3972 3972 4033 4034 3973 3973 4034 4035 3974 3974 4035 4036 3975 3975 4036 4037 3976 3976 4037 4038 3977 3977 4038 4039 3978 3978 4039 4040 3979 3979 4040 4041 3980 3980 4041 4042 3981 3981 4042 4043 3982 3982 4043 4044 3983 3983 4044 4045 3984 3984 4045 4046 3985 3985 4046 4047 3986 3986 4047 4048 3987 3987 4048 4049 3988 3988 4049 4050 3989 3989 4050 4051 3990 3990 4051 4052 3991 3991 4052 4053 3992 3992 4053 4054 3993 3993 4054 4055 3994 3994 4055 4056 3995 3995 4056 4057 3996 3996 4057 4058 3997 3997 4058 4059 3998 3998 4059 4060 3999 3999 4060 4061 4000 4000 4061 4062 4001 4001 4062 4063 4002 4002 4063 4064 4003 4003 4064 4065 4004 4004 4065 4066 4005 4005 4066 4067 4006 4006 4067 4068 4007 4007 4068 4069 4008 4008 4069 4070 4009 4009 4070 4071 4010 4010 4071 4072 4011 4011 4072 4073 4012 4012 4073 4074 4013 4013 4074 4075 4014 4014 4075 4076 4015 4015 4076 4077 4016 4016 4077 4078 4017 4017 4078 4079 4018 4018 4079 4080 4019 4019 4080 4081 4020 4020 4081 4082 4021 4021 4082 4083 4022 4022 4083 4084 4023 4023 4084 4085 4024 4024 4085 4086 4025 3904 3965 3966 3905 3905 3966 3967 3906 3906 3967 3968 3907 3907 3968 3969 3908 3908 3969 3970 3909 3909 3970 3971 3910 3910 3971 3972 3911 3911 3972 3973 3912 3912 3973 3974 3913 3913 3974 3975 3914 3914 3975 3976 3915 3915 3976 3977 3916 3916 3977 3978 3917 3917 3978 3979 3918 3918 3979 3980 3919 3919 3980 3981 3920 3920 3981 3982 3921 3921 3982 3983 3922 3922 3983 3984 3923 3923 3984 3985 3924 3924 3985 3986 3925 3925 3986 3987 3926 3926 3987 3988 3927 3927 3988 3989 3928 3928 3989 3990 3929 3929 3990 3991 3930 3930 3991 3992 3931 3931 3992 3993 3932 3932 3993 3994 3933 3933 3994 3995 3934 3934 3995 3996 3935 3935 3996 3997 3936 3936 3997 3998 3937 3937 3998 3999 3938 3938 3999 4000 3939 3939 4000 4001 3940 3940 4001 4002 3941 3941 4002 4003 3942 3942 4003 4004 3943 3943 4004 4005 3944 3944 4005 4006 3945 3945 4006 4007 3946 3946 4007 4008 3947 3947 4008 4009 3948 3948 4009 4010 3949 3949 4010 4011 3950 3950 4011 4012 3951 3951 4012 4013 3952 3952 4013 4014 3953 3953 4014 4015 3954 3954 4015 4016 3955 3955 4016 4017 3956 3956 4017 4018 3957 3957 4018 4019 3958 3958 4019 4020 3959 3959 4020 4021 3960 3960 4021 4022 3961 3961 4022 4023 3962 3962 4023 4024 3963 3963 4024 4025 3964 3843 3904 3905 3844 3844 3905 3906 3845 3845 3906 3907 3846 3846 3907 3908 3847 3847 3908 3909 3848 3848 3909 3910 3849 3849 3910 3911 3850 3850 3911 3912 3851 3851 3912 3913 3852 3852 3913 3914 3853 3853 3914 3915 3854 3854 3915 3916 3855 3855 3916 3917 3856 3856 3917 3918 3857 3857 3918 3919 3858 3858 3919 3920 3859 3859 3920 3921 3860 3860 3921 3922 3861 3861 3922 3923 3862 3862 3923 3924 3863 3863 3924 3925 3864 3864 3925 3926 3865 3865 3926 3927 3866 3866 3927 3928 3867 3867 3928 3929 3868 3868 3929 3930 3869 3869 3930 3931 3870 3870 3931 3932 3871 3871 3932 3933 3872 3872 3933 3934 3873 3873 3934 3935 3874 3874 3935 3936 3875 3875 3936 3937 3876 3876 3937 3938 3877 3877 3938 3939 3878 3878 3939 3940 3879 3879 3940 3941 3880 3880 3941 3942 3881 3881 3942 3943 3882 3882 3943 3944 3883 3883 3944 3945 3884 3884 3945 3946 3885 3885 3946 3947 3886 3886 3947 3948 3887 3887 3948 3949 3888 3888 3949 3950 3889 3889 3950 3951 3890 3890 3951 3952 3891 3891 3952 3953 3892 3892 3953 3954 3893 3893 3954 3955 3894 3894 3955 3956 3895 3895 3956 3957 3896 3896 3957 3958 3897 3897 3958 3959 3898 3898 3959 3960 3899 3899 3960 3961 3900 3900 3961 3962 3901 3901 3962 3963 3902 3902 3963 3964 3903 3782 3843 3844 3783 3783 3844 3845 3784 3784 3845 3846 3785 3785 3846 3847 3786 3786 3847 3848 3787 3787 3848 3849 3788 3788 3849 3850 3789 3789 3850 3851 3790 3790 3851 3852 3791 3791 3852 3853 3792 3792 3853 3854 3793 3793 3854 3855 3794 3794 3855 3856 3795 3795 3856 3857 3796 3796 3857 3858 3797 3797 3858 3859 3798 3798 3859 3860 3799 3799 3860 3861 3800 3800 3861 3862 3801 3801 3862 3863 3802 3802 3863 3864 3803 3803 3864 3865 3804 3804 3865 3866 3805 3805 3866 3867 3806 3806 3867 3868 3807 3807 3868 3869 3808 3808 3869 3870 3809 3809 3870 3871 3810 3810 3871 3872 3811 3811 3872 3873 3812 3812 3873 3874 3813 3813 3874 3875 3814 3814 3875 3876 3815 3815 3876 3877 3816 3816 3877 3878 3817 3817 3878 3879 3818 3818 3879 3880 3819 3819 3880 3881 3820 3820 3881 3882 3821 3821 3882 3883 3822 3822 3883 3884 3823 3823 3884 3885 3824 3824 3885 3886 3825 3825 3886 3887 3826 3826 3887 3888 3827 3827 3888 3889 3828 3828 3889 3890 3829 3829 3890 3891 3830 3830 3891 3892 3831 3831 3892 3893 3832 3832 3893 3894 3833 3833 3894 3895 3834 3834 3895 3896 3835 3835 3896 3897 3836 3836 3897 3898 3837 3837 3898 3899 3838 3838 3899 3900 3839 3839 3900 3901 3840 3840 3901 3902 3841 3841 3902 3903 3842 0 3782 3783 1 1 3783 3784 2 2 3784 3785 3 3 3785 3786 4 4 3786 3787 5 5 3787 3788 6 6 3788 3789 7 7 3789 3790 8 8 3790 3791 9 9 3791 3792 10 10 3792 3793 11 11 3793 3794 12 12 3794 3795 13 13 3795 3796 14 14 3796 3797 15 15 3797 3798 16 16 3798 3799 17 17 3799 3800 18 18 3800 3801 19 19 3801 3802 20 20 3802 3803 21 21 3803 3804 22 22 3804 3805 23 23 3805 3806 24 24 3806 3807 25 25 3807 3808 26 26 3808 3809 27 27 3809 3810 28 28 3810 3811 29 29 3811 3812 30 30 3812 3813 31 31 3813 3814 32 32 3814 3815 33 33 3815 3816 34 34 3816 3817 35 35 3817 3818 36 36 3818 3819 37 37 3819 3820 38 38 3820 3821 39 39 3821 3822 40 40 3822 3823 41 41 3823 3824 42 42 3824 3825 43 43 3825 3826 44 44 3826 3827 45 45 3827 3828 46 46 3828 3829 47 47 3829 3830 48 48 3830 3831 49 49 3831 3832 50 50 3832 3833 51 51 3833 3834 52 52 3834 3835 53 53 3835 3836 54 54 3836 3837 55 55 3837 3838 56 56 3838 3839 57 57 3839 3840 58 58 3840 3841 59 59 3841 3842 60 61 0 1 62 62 1 2 63 63 2 3 64 64 3 4 65 65 4 5 66 66 5 6 67 67 6 7 68 68 7 8 69 69 8 9 70 70 9 10 71 71 10 11 72 72 11 12 73 73 12 13 74 74 13 14 75 75 14 15 76 76 15 16 77 77 16 17 78 78 17 18 79 79 18 19 80 80 19 20 81 81 20 21 82 82 21 22 83 83 22 23 84 84 23 24 85 85 24 25 86 86 25 26 87 87 26 27 88 88 27 28 89 89 28 29 90 90 29 30 91 91 30 31 92 92 31 32 93 93 32 33 94 94 33 34 95 95 34 35 96 96 35 36 97 97 36 37 98 98 37 38 99 99 38 39 100 100 39 40 101 101 40 41 102 102 41 42 103 103 42 43 104 104 43 44 105 105 44 45 106 106 45 46 107 107 46 47 108 108 47 48 109 109 48 49 110 110 49 50 111 111 50 51 112 112 51 52 113 113 52 53 114 114 53 54 115 115 54 55 116 116 55 56 117 117 56 57 118 118 57 58 119 119 58 59 120 120 59 60 121 122 61 62 123 123 62 63 124 124 63 64 125 125 64 65 126 126 65 66 127 127 66 67 128 128 67 68 129 129 68 69 130 130 69 70 131 131 70 71 132 132 71 72 133 133 72 73 134 134 73 74 135 135 74 75 136 136 75 76 137 137 76 77 138 138 77 78 139 139 78 79 140 140 79 80 141 141 80 81 142 142 81 82 143 143 82 83 144 144 83 84 145 145 84 85 146 146 85 86 147 147 86 87 148 148 87 88 149 149 88 89 150 150 89 90 151 151 90 91 152 152 91 92 153 153 92 93 154 154 93 94 155 155 94 95 156 156 95 96 157 157 96 97 158 158 97 98 159 159 98 99 160 160 99 100 161 161 100 101 162 162 101 102 163 163 102 103 164 164 103 104 165 165 104 105 166 166 105 106 167 167 106 107 168 168 107 108 169 169 108 109 170 170 109 110 171 171 110 111 172 172 111 112 173 173 112 113 174 174 113 114 175 175 114 115 176 176 115 116 177 177 116 117 178 178 117 118 179 179 118 119 180 180 119 120 181 181 120 121 182 183 122 123 184 184 123 124 185 185 124 125 186 186 125 126 187 187 126 127 188 188 127 128 189 189 128 129 190 190 129 130 191 191 130 131 192 192 131 132 193 193 132 133 194 194 133 134 195 195 134 135 196 196 135 136 197 197 136 137 198 198 137 138 199 199 138 139 200 200 139 140 201 201 140 141 202 202 141 142 203 203 142 143 204 204 143 144 205 205 144 145 206 206 145 146 207 207 146 147 208 208 147 148 209 209 148 149 210 210 149 150 211 211 150 151 212 212 151 152 213 213 152 153 214 214 153 154 215 215 154 155 216 216 155 156 217 217 156 157 218 218 157 158 219 219 158 159 220 220 159 160 221 221 160 161 222 222 161 162 223 223 162 163 224 224 163 164 225 225 164 165 226 226 165 166 227 227 166 167 228 228 167 168 229 229 168 169 230 230 169 170 231 231 170 171 232 232 171 172 233 233 172 173 234 234 173 174 235 235 174 175 236 236 175 176 237 237 176 177 238 238 177 178 239 239 178 179 240 240 179 180 241 241 180 181 242 242 181 182 243 244 183 184 245 245 184 185 246 246 185 186 247 247 186 187 248 248 187 188 249 249 188 189 250 250 189 190 251 251 190 191 252 252 191 192 253 253 192 193 254 254 193 194 255 255 194 195 256 256 195 196 257 257 196 197 258 258 197 198 259 259 198 199 260 260 199 200 261 261 200 201 262 262 201 202 263 263 202 203 264 264 203 204 265 265 204 205 266 266 205 206 267 267 206 207 268 268 207 208 269 269 208 209 270 270 209 210 271 271 210 211 272 272 211 212 273 273 212 213 274 274 213 214 275 275 214 215 276 276 215 216 277 277 216 217 278 278 217 218 279 279 218 219 280 280 219 220 281 281 220 221 282 282 221 222 283 283 222 223 284 284 223 224 285 285 224 225 286 286 225 226 287 287 226 227 288 288 227 228 289 289 228 229 290 290 229 230 291 291 230 231 292 292 231 232 293 293 232 233 294 294 233 234 295 295 234 235 296 296 235 236 297 297 236 237 298 298 237 238 299 299 238 239 300 300 239 240 301 301 240 241 302 302 241 242 303 303 242 243 304 305 244 245 306 306 245 246 307 307 246 247 308 308 247 248 309 309 248 249 310 310 249 250 311 311 250 251 312 312 251 252 313 313 252 253 314 314 253 254 315 315 254 255 316 316 255 256 317 317 256 257 318 318 257 258 319 319 258 259 320 320 259 260 321 321 260 261 322 322 261 262 323 323 262 263 324 324 263 264 325 325 264 265 326 326 265 266 327 327 266 267 328 328 267 268 329 329 268 269 330 330 269 270 331 331 270 271 332 332 271 272 333 333 272 273 334 334 273 274 335 335 274 275 336 336 275 276 337 337 276 277 338 338 277 278 339 339 278 279 340 340 279 280 341 341 280 281 342 342 281 282 343 343 282 283 344 344 283 284 345 345 284 285 346 346 285 286 347 347 286 287 348 348 287 288 349 349 288 289 350 350 289 290 351 351 290 291 352 352 291 292 353 353 292 293 354 354 293 294 355 355 294 295 356 356 295 296 357 357 296 297 358 358 297 298 359 359 298 299 360 360 299 300 361 361 300 301 362 362 301 302 363 363 302 303 364 364 303 304 365 366 305 306 367 367 306 307 368 368 307 308 369 369 308 309 370 370 309 310 371 371 310 311 372 372 311 312 373 373 312 313 374 374 313 314 375 375 314 315 376 376 315 316 377 377 316 317 378 378 317 318 379 379 318 319 380 380 319 320 381 381 320 321 382 382 321 322 383 383 322 323 384 384 323 324 385 385 324 325 386 386 325 326 387 387 326 327 388 388 327 328 389 389 328 329 390 390 329 330 391 391 330 331 392 392 331 332 393 393 332 333 394 394 333 334 395 395 334 335 396 396 335 336 397 397 336 337 398 398 337 338 399 399 338 339 400 400 339 340 401 401 340 341 402 402 341 342 403 403 342 343 404 404 343 344 405 405 344 345 406 406 345 346 407 407 346 347 408 408 347 348 409 409 348 349 410 410 349 350 411 411 350 351 412 412 351 352 413 413 352 353 414 414 353 354 415 415 354 355 416 416 355 356 417 417 356 357 418 418 357 358 419 419 358 359 420 420 359 360 421 421 360 361 422 422 361 362 423 423 362 363 424 424 363 364 425 425 364 365 426 427 366 367 428 428 367 368 429 429 368 369 430 430 369 370 431 431 370 371 432 432 371 372 433 433 372 373 434 434 373 374 435 435 374 375 436 436 375 376 437 437 376 377 438 438 377 378 439 439 378 379 440 440 379 380 441 441 380 381 442 442 381 382 443 443 382 383 444 444 383 384 445 445 384 385 446 446 385 386 447 447 386 387 448 448 387 388 449 449 388 389 450 450 389 390 451 451 390 391 452 452 391 392 453 453 392 393 454 454 393 394 455 455 394 395 456 456 395 396 457 457 396 397 458 458 397 398 459 459 398 399 460 460 399 400 461 461 400 401 462 462 401 402 463 463 402 403 464 464 403 404 465 465 404 405 466 466 405 406 467 467 406 407 468 468 407 408 469 469 408 409 470 470 409 410 471 471 410 411 472 472 411 412 473 473 412 413 474 474 413 414 475 475 414 415 476 476 415 416 477 477 416 417 478 478 417 418 479 479 418 419 480 480 419 420 481 481 420 421 482 482 421 422 483 483 422 423 484 484 423 424 485 485 424 425 486 486 425 426 487 488 427 428 489 489 428 429 490 490 429 430 491 491 430 431 492 492 431 432 493 493 432 433 494 494 433 434 495 495 434 435 496 496 435 436 497 497 436 437 498 498 437 438 499 499 438 439 500 500 439 440 501 501 440 441 502 502 441 442 503 503 442 443 504 504 443 444 505 505 444 445 506 506 445 446 507 507 446 447 508 508 447 448 509 509 448 449 510 510 449 450 511 511 450 451 512 512 451 452 513 513 452 453 514 514 453 454 515 515 454 455 516 516 455 456 517 517 456 457 518 518 457 458 519 519 458 459 520 520 459 460 521 521 460 461 522 522 461 462 523 523 462 463 524 524 463 464 525 525 464 465 526 526 465 466 527 527 466 467 528 528 467 468 529 529 468 469 530 530 469 470 531 531 470 471 532 532 471 472 533 533 472 473 534 534 473 474 535 535 474 475 536 536 475 476 537 537 476 477 538 538 477 478 539 539 478 479 540 540 479 480 541 541 480 481 542 542 481 482 543 543 482 483 544 544 483 484 545 545 484 485 546 546 485 486 547 547 486 487 548 549 488 489 550 550 489 490 551 551 490 491 552 552 491 492 553 553 492 493 554 554 493 494 555 555 494 495 556 556 495 496 557 557 496 497 558 558 497 498 559 559 498 499 560 560 499 500 561 561 500 501 562 562 501 502 563 563 502 503 564 564 503 504 565 565 504 505 566 566 505 506 567 567 506 507 568 568 507 508 569 569 508 509 570 570 509 510 571 571 510 511 572 572 511 512 573 573 512 513 574 574 513 514 575 575 514 515 576 576 515 516 577 577 516 517 578 578 517 518 579 579 518 519 580 580 519 520 581 581 520 521 582 582 521 522 583 583 522 523 584 584 523 524 585 585 524 525 586 586 525 526 587 587 526 527 588 588 527 528 589 589 528 529 590 590 529 530 591 591 530 531 592 592 531 532 593 593 532 533 594 594 533 534 595 595 534 535 596 596 535 536 597 597 536 537 598 598 537 538 599 599 538 539 600 600 539 540 601 601 540 541 602 602 541 542 603 603 542 543 604 604 543 544 605 605 544 545 606 606 545 546 607 607 546 547 608 608 547 548 609 610 549 550 611 611 550 551 612 612 551 552 613 613 552 553 614 614 553 554 615 615 554 555 616 616 555 556 617 617 556 557 618 618 557 558 619 619 558 559 620 620 559 560 621 621 560 561 622 622 561 562 623 623 562 563 624 624 563 564 625 625 564 565 626 626 565 566 627 627 566 567 628 628 567 568 629 629 568 569 630 630 569 570 631 631 570 571 632 632 571 572 633 633 572 573 634 634 573 574 635 635 574 575 636 636 575 576 637 637 576 577 638 638 577 578 639 639 578 579 640 640 579 580 641 641 580 581 642 642 581 582 643 643 582 583 644 644 583 584 645 645 584 585 646 646 585 586 647 647 586 587 648 648 587 588 649 649 588 589 650 650 589 590 651 651 590 591 652 652 591 592 653 653 592 593 654 654 593 594 655 655 594 595 656 656 595 596 657 657 596 597 658 658 597 598 659 659 598 599 660 660 599 600 661 661 600 601 662 662 601 602 663 663 602 603 664 664 603 604 665 665 604 605 666 666 605 606 667 667 606 607 668 668 607 608 669 669 608 609 670 671 610 611 672 672 611 612 673 673 612 613 674 674 613 614 675 675 614 615 676 676 615 616 677 677 616 617 678 678 617 618 679 679 618 619 680 680 619 620 681 681 620 621 682 682 621 622 683 683 622 623 684 684 623 624 685 685 624 625 686 686 625 626 687 687 626 627 688 688 627 628 689 689 628 629 690 690 629 630 691 691 630 631 692 692 631 632 693 693 632 633 694 694 633 634 695 695 634 635 696 696 635 636 697 697 636 637 698 698 637 638 699 699 638 639 700 700 639 640 701 701 640 641 702 702 641 642 703 703 642 643 704 704 643 644 705 705 644 645 706 706 645 646 707 707 646 647 708 708 647 648 709 709 648 649 710 710 649 650 711 711 650 651 712 712 651 652 713 713 652 653 714 714 653 654 715 715 654 655 716 716 655 656 717 717 656 657 718 718 657 658 719 719 658 659 720 720 659 660 721 721 660 661 722 722 661 662 723 723 662 663 724 724 663 664 725 725 664 665 726 726 665 666 727 727 666 667 728 728 667 668 729 729 668 669 730 730 669 670 731 732 671 672 733 733 672 673 734 734 673 674 735 735 674 675 736 736 675 676 737 737 676 677 738 738 677 678 739 739 678 679 740 740 679 680 741 741 680 681 742 742 681 682 743 743 682 683 744 744 683 684 745 745 684 685 746 746 685 686 747 747 686 687 748 748 687 688 749 749 688 689 750 750 689 690 751 751 690 691 752 752 691 692 753 753 692 693 754 754 693 694 755 755 694 695 756 756 695 696 757 757 696 697 758 758 697 698 759 759 698 699 760 760 699 700 761 761 700 701 762 762 701 702 763 763 702 703 764 764 703 704 765 765 704 705 766 766 705 706 767 767 706 707 768 768 707 708 769 769 708 709 770 770 709 710 771 771 710 711 772 772 711 712 773 773 712 713 774 774 713 714 775 775 714 715 776 776 715 716 777 777 716 717 778 778 717 718 779 779 718 719 780 780 719 720 781 781 720 721 782 782 721 722 783 783 722 723 784 784 723 724 785 785 724 725 786 786 725 726 787 787 726 727 788 788 727 728 789 789 728 729 790 790 729 730 791 791 730 731 792 793 732 733 794 794 733 734 795 795 734 735 796 796 735 736 797 797 736 737 798 798 737 738 799 799 738 739 800 800 739 740 801 801 740 741 802 802 741 742 803 803 742 743 804 804 743 744 805 805 744 745 806 806 745 746 807 807 746 747 808 808 747 748 809 809 748 749 810 810 749 750 811 811 750 751 812 812 751 752 813 813 752 753 814 814 753 754 815 815 754 755 816 816 755 756 817 817 756 757 818 818 757 758 819 819 758 759 820 820 759 760 821 821 760 761 822 822 761 762 823 823 762 763 824 824 763 764 825 825 764 765 826 826 765 766 827 827 766 767 828 828 767 768 829 829 768 769 830 830 769 770 831 831 770 771 832 832 771 772 833 833 772 773 834 834 773 774 835 835 774 775 836 836 775 776 837 837 776 777 838 838 777 778 839 839 778 779 840 840 779 780 841 841 780 781 842 842 781 782 843 843 782 783 844 844 783 784 845 845 784 785 846 846 785 786 847 847 786 787 848 848 787 788 849 849 788 789 850 850 789 790 851 851 790 791 852 852 791 792 853 854 793 794 855 855 794 795 856 856 795 796 857 857 796 797 858 858 797 798 859 859 798 799 860 860 799 800 861 861 800 801 862 862 801 802 863 863 802 803 864 864 803 804 865 865 804 805 866 866 805 806 867 867 806 807 868 868 807 808 869 869 808 809 870 870 809 810 871 871 810 811 872 872 811 812 873 873 812 813 874 874 813 814 875 875 814 815 876 876 815 816 877 877 816 817 878 878 817 818 879 879 818 819 880 880 819 820 881 881 820 821 882 882 821 822 883 883 822 823 884 884 823 824 885 885 824 825 886 886 825 826 887 887 826 827 888 888 827 828 889 889 828 829 890 890 829 830 891 891 830 831 892 892 831 832 893 893 832 833 894 894 833 834 895 895 834 835 896 896 835 836 897 897 836 837 898 898 837 838 899 899 838 839 900 900 839 840 901 901 840 841 902 902 841 842 903 903 842 843 904 904 843 844 905 905 844 845 906 906 845 846 907 907 846 847 908 908 847 848 909 909 848 849 910 910 849 850 911 911 850 851 912 912 851 852 913 913 852 853 914 915 854 855 916 916 855 856 917 917 856 857 918 918 857 858 919 919 858 859 920 920 859 860 921 921 860 861 922 922 861 862 923 923 862 863 924 924 863 864 925 925 864 865 926 926 865 866 927 927 866 867 928 928 867 868 929 929 868 869 930 930 869 870 931 931 870 871 932 932 871 872 933 933 872 873 934 934 873 874 935 935 874 875 936 936 875 876 937 937 876 877 938 938 877 878 939 939 878 879 940 940 879 880 941 941 880 881 942 942 881 882 943 943 882 883 944 944 883 884 945 945 884 885 946 946 885 886 947 947 886 887 948 948 887 888 949 949 888 889 950 950 889 890 951 951 890 891 952 952 891 892 953 953 892 893 954 954 893 894 955 955 894 895 956 956 895 896 957 957 896 897 958 958 897 898 959 959 898 899 960 960 899 900 961 961 900 901 962 962 901 902 963 963 902 903 964 964 903 904 965 965 904 905 966 966 905 906 967 967 906 907 968 968 907 908 969 969 908 909 970 970 909 910 971 971 910 911 972 972 911 912 973 973 912 913 974 974 913 914 975 976 915 916 977 977 916 917 978 978 917 918 979 979 918 919 980 980 919 920 981 981 920 921 982 982 921 922 983 983 922 923 984 984 923 924 985 985 924 925 986 986 925 926 987 987 926 927 988 988 927 928 989 989 928 929 990 990 929 930 991 991 930 931 992 992 931 932 993 993 932 933 994 994 933 934 995 995 934 935 996 996 935 936 997 997 936 937 998 998 937 938 999 999 938 939 1000 1000 939 940 1001 1001 940 941 1002 1002 941 942 1003 1003 942 943 1004 1004 943 944 1005 1005 944 945 1006 1006 945 946 1007 1007 946 947 1008 1008 947 948 1009 1009 948 949 1010 1010 949 950 1011 1011 950 951 1012 1012 951 952 1013 1013 952 953 1014 1014 953 954 1015 1015 954 955 1016 1016 955 956 1017 1017 956 957 1018 1018 957 958 1019 1019 958 959 1020 1020 959 960 1021 1021 960 961 1022 1022 961 962 1023 1023 962 963 1024 1024 963 964 1025 1025 964 965 1026 1026 965 966 1027 1027 966 967 1028 1028 967 968 1029 1029 968 969 1030 1030 969 970 1031 1031 970 971 1032 1032 971 972 1033 1033 972 973 1034 1034 973 974 1035 1035 974 975 1036 1037 976 977 1038 1038 977 978 1039 1039 978 979 1040 1040 979 980 1041 1041 980 981 1042 1042 981 982 1043 1043 982 983 1044 1044 983 984 1045 1045 984 985 1046 1046 985 986 1047 1047 986 987 1048 1048 987 988 1049 1049 988 989 1050 1050 989 990 1051 1051 990 991 1052 1052 991 992 1053 1053 992 993 1054 1054 993 994 1055 1055 994 995 1056 1056 995 996 1057 1057 996 997 1058 1058 997 998 1059 1059 998 999 1060 1060 999 1000 1061 1061 1000 1001 1062 1062 1001 1002 1063 1063 1002 1003 1064 1064 1003 1004 1065 1065 1004 1005 1066 1066 1005 1006 1067 1067 1006 1007 1068 1068 1007 1008 1069 1069 1008 1009 1070 1070 1009 1010 1071 1071 1010 1011 1072 1072 1011 1012 1073 1073 1012 1013 1074 1074 1013 1014 1075 1075 1014 1015 1076 1076 1015 1016 1077 1077 1016 1017 1078 1078 1017 1018 1079 1079 1018 1019 1080 1080 1019 1020 1081 1081 1020 1021 1082 1082 1021 1022 1083 1083 1022 1023 1084 1084 1023 1024 1085 1085 1024 1025 1086 1086 1025 1026 1087 1087 1026 1027 1088 1088 1027 1028 1089 1089 1028 1029 1090 1090 1029 1030 1091 1091 1030 1031 1092 1092 1031 1032 1093 1093 1032 1033 1094 1094 1033 1034 1095 1095 1034 1035 1096 1096 1035 1036 1097 1098 1037 1038 1099 1099 1038 1039 1100 1100 1039 1040 1101 1101 1040 1041 1102 1102 1041 1042 1103 1103 1042 1043 1104 1104 1043 1044 1105 1105 1044 1045 1106 1106 1045 1046 1107 1107 1046 1047 1108 1108 1047 1048 1109 1109 1048 1049 1110 1110 1049 1050 1111 1111 1050 1051 1112 1112 1051 1052 1113 1113 1052 1053 1114 1114 1053 1054 1115 1115 1054 1055 1116 1116 1055 1056 1117 1117 1056 1057 1118 1118 1057 1058 1119 1119 1058 1059 1120 1120 1059 1060 1121 1121 1060 1061 1122 1122 1061 1062 1123 1123 1062 1063 1124 1124 1063 1064 1125 1125 1064 1065 1126 1126 1065 1066 1127 1127 1066 1067 1128 1128 1067 1068 1129 1129 1068 1069 1130 1130 1069 1070 1131 1131 1070 1071 1132 1132 1071 1072 1133 1133 1072 1073 1134 1134 1073 1074 1135 1135 1074 1075 1136 1136 1075 1076 1137 1137 1076 1077 1138 1138 1077 1078 1139 1139 1078 1079 1140 1140 1079 1080 1141 1141 1080 1081 1142 1142 1081 1082 1143 1143 1082 1083 1144 1144 1083 1084 1145 1145 1084 1085 1146 1146 1085 1086 1147 1147 1086 1087 1148 1148 1087 1088 1149 1149 1088 1089 1150 1150 1089 1090 1151 1151 1090 1091 1152 1152 1091 1092 1153 1153 1092 1093 1154 1154 1093 1094 1155 1155 1094 1095 1156 1156 1095 1096 1157 1157 1096 1097 1158 1159 1098 1099 1160 1160 1099 1100 1161 1161 1100 1101 1162 1162 1101 1102 1163 1163 1102 1103 1164 1164 1103 1104 1165 1165 1104 1105 1166 1166 1105 1106 1167 1167 1106 1107 1168 1168 1107 1108 1169 1169 1108 1109 1170 1170 1109 1110 1171 1171 1110 1111 1172 1172 1111 1112 1173 1173 1112 1113 1174 1174 1113 1114 1175 1175 1114 1115 1176 1176 1115 1116 1177 1177 1116 1117 1178 1178 1117 1118 1179 1179 1118 1119 1180 1180 1119 1120 1181 1181 1120 1121 1182 1182 1121 1122 1183 1183 1122 1123 1184 1184 1123 1124 1185 1185 1124 1125 1186 1186 1125 1126 1187 1187 1126 1127 1188 1188 1127 1128 1189 1189 1128 1129 1190 1190 1129 1130 1191 1191 1130 1131 1192 1192 1131 1132 1193 1193 1132 1133 1194 1194 1133 1134 1195 1195 1134 1135 1196 1196 1135 1136 1197 1197 1136 1137 1198 1198 1137 1138 1199 1199 1138 1139 1200 1200 1139 1140 1201 1201 1140 1141 1202 1202 1141 1142 1203 1203 1142 1143 1204 1204 1143 1144 1205 1205 1144 1145 1206 1206 1145 1146 1207 1207 1146 1147 1208 1208 1147 1148 1209 1209 1148 1149 1210 1210 1149 1150 1211 1211 1150 1151 1212 1212 1151 1152 1213 1213 1152 1153 1214 1214 1153 1154 1215 1215 1154 1155 1216 1216 1155 1156 1217 1217 1156 1157 1218 1218 1157 1158 1219 1220 1159 1160 1221 1221 1160 1161 1222 1222 1161 1162 1223 1223 1162 1163 1224 1224 1163 1164 1225 1225 1164 1165 1226 1226 1165 1166 1227 1227 1166 1167 1228 1228 1167 1168 1229 1229 1168 1169 1230 1230 1169 1170 1231 1231 1170 1171 1232 1232 1171 1172 1233 1233 1172 1173 1234 1234 1173 1174 1235 1235 1174 1175 1236 1236 1175 1176 1237 1237 1176 1177 1238 1238 1177 1178 1239 1239 1178 1179 1240 1240 1179 1180 1241 1241 1180 1181 1242 1242 1181 1182 1243 1243 1182 1183 1244 1244 1183 1184 1245 1245 1184 1185 1246 1246 1185 1186 1247 1247 1186 1187 1248 1248 1187 1188 1249 1249 1188 1189 1250 1250 1189 1190 1251 1251 1190 1191 1252 1252 1191 1192 1253 1253 1192 1193 1254 1254 1193 1194 1255 1255 1194 1195 1256 1256 1195 1196 1257 1257 1196 1197 1258 1258 1197 1198 1259 1259 1198 1199 1260 1260 1199 1200 1261 1261 1200 1201 1262 1262 1201 1202 1263 1263 1202 1203 1264 1264 1203 1204 1265 1265 1204 1205 1266 1266 1205 1206 1267 1267 1206 1207 1268 1268 1207 1208 1269 1269 1208 1209 1270 1270 1209 1210 1271 1271 1210 1211 1272 1272 1211 1212 1273 1273 1212 1213 1274 1274 1213 1214 1275 1275 1214 1215 1276 1276 1215 1216 1277 1277 1216 1217 1278 1278 1217 1218 1279 1279 1218 1219 1280 1281 1220 1221 1282 1282 1221 1222 1283 1283 1222 1223 1284 1284 1223 1224 1285 1285 1224 1225 1286 1286 1225 1226 1287 1287 1226 1227 1288 1288 1227 1228 1289 1289 1228 1229 1290 1290 1229 1230 1291 1291 1230 1231 1292 1292 1231 1232 1293 1293 1232 1233 1294 1294 1233 1234 1295 1295 1234 1235 1296 1296 1235 1236 1297 1297 1236 1237 1298 1298 1237 1238 1299 1299 1238 1239 1300 1300 1239 1240 1301 1301 1240 1241 1302 1302 1241 1242 1303 1303 1242 1243 1304 1304 1243 1244 1305 1305 1244 1245 1306 1306 1245 1246 1307 1307 1246 1247 1308 1308 1247 1248 1309 1309 1248 1249 1310 1310 1249 1250 1311 1311 1250 1251 1312 1312 1251 1252 1313 1313 1252 1253 1314 1314 1253 1254 1315 1315 1254 1255 1316 1316 1255 1256 1317 1317 1256 1257 1318 1318 1257 1258 1319 1319 1258 1259 1320 1320 1259 1260 1321 1321 1260 1261 1322 1322 1261 1262 1323 1323 1262 1263 1324 1324 1263 1264 1325 1325 1264 1265 1326 1326 1265 1266 1327 1327 1266 1267 1328 1328 1267 1268 1329 1329 1268 1269 1330 1330 1269 1270 1331 1331 1270 1271 1332 1332 1271 1272 1333 1333 1272 1273 1334 1334 1273 1274 1335 1335 1274 1275 1336 1336 1275 1276 1337 1337 1276 1277 1338 1338 1277 1278 1339 1339 1278 1279 1340 1340 1279 1280 1341 1342 1281 1282 1343 1343 1282 1283 1344 1344 1283 1284 1345 1345 1284 1285 1346 1346 1285 1286 1347 1347 1286 1287 1348 1348 1287 1288 1349 1349 1288 1289 1350 1350 1289 1290 1351 1351 1290 1291 1352 1352 1291 1292 1353 1353 1292 1293 1354 1354 1293 1294 1355 1355 1294 1295 1356 1356 1295 1296 1357 1357 1296 1297 1358 1358 1297 1298 1359 1359 1298 1299 1360 1360 1299 1300 1361 1361 1300 1301 1362 1362 1301 1302 1363 1363 1302 1303 1364 1364 1303 1304 1365 1365 1304 1305 1366 1366 1305 1306 1367 1367 1306 1307 1368 1368 1307 1308 1369 1369 1308 1309 1370 1370 1309 1310 1371 1371 1310 1311 1372 1372 1311 1312 1373 1373 1312 1313 1374 1374 1313 1314 1375 1375 1314 1315 1376 1376 1315 1316 1377 1377 1316 1317 1378 1378 1317 1318 1379 1379 1318 1319 1380 1380 1319 1320 1381 1381 1320 1321 1382 1382 1321 1322 1383 1383 1322 1323 1384 1384 1323 1324 1385 1385 1324 1325 1386 1386 1325 1326 1387 1387 1326 1327 1388 1388 1327 1328 1389 1389 1328 1329 1390 1390 1329 1330 1391 1391 1330 1331 1392 1392 1331 1332 1393 1393 1332 1333 1394 1394 1333 1334 1395 1395 1334 1335 1396 1396 1335 1336 1397 1397 1336 1337 1398 1398 1337 1338 1399 1399 1338 1339 1400 1400 1339 1340 1401 1401 1340 1341 1402 1403 1342 1343 1404 1404 1343 1344 1405 1405 1344 1345 1406 1406 1345 1346 1407 1407 1346 1347 1408 1408 1347 1348 1409 1409 1348 1349 1410 1410 1349 1350 1411 1411 1350 1351 1412 1412 1351 1352 1413 1413 1352 1353 1414 1414 1353 1354 1415 1415 1354 1355 1416 1416 1355 1356 1417 1417 1356 1357 1418 1418 1357 1358 1419 1419 1358 1359 1420 1420 1359 1360 1421 1421 1360 1361 1422 1422 1361 1362 1423 1423 1362 1363 1424 1424 1363 1364 1425 1425 1364 1365 1426 1426 1365 1366 1427 1427 1366 1367 1428 1428 1367 1368 1429 1429 1368 1369 1430 1430 1369 1370 1431 1431 1370 1371 1432 1432 1371 1372 1433 1433 1372 1373 1434 1434 1373 1374 1435 1435 1374 1375 1436 1436 1375 1376 1437 1437 1376 1377 1438 1438 1377 1378 1439 1439 1378 1379 1440 1440 1379 1380 1441 1441 1380 1381 1442 1442 1381 1382 1443 1443 1382 1383 1444 1444 1383 1384 1445 1445 1384 1385 1446 1446 1385 1386 1447 1447 1386 1387 1448 1448 1387 1388 1449 1449 1388 1389 1450 1450 1389 1390 1451 1451 1390 1391 1452 1452 1391 1392 1453 1453 1392 1393 1454 1454 1393 1394 1455 1455 1394 1395 1456 1456 1395 1396 1457 1457 1396 1397 1458 1458 1397 1398 1459 1459 1398 1399 1460 1460 1399 1400 1461 1461 1400 1401 1462 1462 1401 1402 1463 1464 1403 1404 1465 1465 1404 1405 1466 1466 1405 1406 1467 1467 1406 1407 1468 1468 1407 1408 1469 1469 1408 1409 1470 1470 1409 1410 1471 1471 1410 1411 1472 1472 1411 1412 1473 1473 1412 1413 1474 1474 1413 1414 1475 1475 1414 1415 1476 1476 1415 1416 1477 1477 1416 1417 1478 1478 1417 1418 1479 1479 1418 1419 1480 1480 1419 1420 1481 1481 1420 1421 1482 1482 1421 1422 1483 1483 1422 1423 1484 1484 1423 1424 1485 1485 1424 1425 1486 1486 1425 1426 1487 1487 1426 1427 1488 1488 1427 1428 1489 1489 1428 1429 1490 1490 1429 1430 1491 1491 1430 1431 1492 1492 1431 1432 1493 1493 1432 1433 1494 1494 1433 1434 1495 1495 1434 1435 1496 1496 1435 1436 1497 1497 1436 1437 1498 1498 1437 1438 1499 1499 1438 1439 1500 1500 1439 1440 1501 1501 1440 1441 1502 1502 1441 1442 1503 1503 1442 1443 1504 1504 1443 1444 1505 1505 1444 1445 1506 1506 1445 1446 1507 1507 1446 1447 1508 1508 1447 1448 1509 1509 1448 1449 1510 1510 1449 1450 1511 1511 1450 1451 1512 1512 1451 1452 1513 1513 1452 1453 1514 1514 1453 1454 1515 1515 1454 1455 1516 1516 1455 1456 1517 1517 1456 1457 1518 1518 1457 1458 1519 1519 1458 1459 1520 1520 1459 1460 1521 1521 1460 1461 1522 1522 1461 1462 1523 1523 1462 1463 1524 1525 1464 1465 1526 1526 1465 1466 1527 1527 1466 1467 1528 1528 1467 1468 1529 1529 1468 1469 1530 1530 1469 1470 1531 1531 1470 1471 1532 1532 1471 1472 1533 1533 1472 1473 1534 1534 1473 1474 1535 1535 1474 1475 1536 1536 1475 1476 1537 1537 1476 1477 1538 1538 1477 1478 1539 1539 1478 1479 1540 1540 1479 1480 1541 1541 1480 1481 1542 1542 1481 1482 1543 1543 1482 1483 1544 1544 1483 1484 1545 1545 1484 1485 1546 1546 1485 1486 1547 1547 1486 1487 1548 1548 1487 1488 1549 1549 1488 1489 1550 1550 1489 1490 1551 1551 1490 1491 1552 1552 1491 1492 1553 1553 1492 1493 1554 1554 1493 1494 1555 1555 1494 1495 1556 1556 1495 1496 1557 1557 1496 1497 1558 1558 1497 1498 1559 1559 1498 1499 1560 1560 1499 1500 1561 1561 1500 1501 1562 1562 1501 1502 1563 1563 1502 1503 1564 1564 1503 1504 1565 1565 1504 1505 1566 1566 1505 1506 1567 1567 1506 1507 1568 1568 1507 1508 1569 1569 1508 1509 1570 1570 1509 1510 1571 1571 1510 1511 1572 1572 1511 1512 1573 1573 1512 1513 1574 1574 1513 1514 1575 1575 1514 1515 1576 1576 1515 1516 1577 1577 1516 1517 1578 1578 1517 1518 1579 1579 1518 1519 1580 1580 1519 1520 1581 1581 1520 1521 1582 1582 1521 1522 1583 1583 1522 1523 1584 1584 1523 1524 1585 1586 1525 1526 1587 1587 1526 1527 1588 1588 1527 1528 1589 1589 1528 1529 1590 1590 1529 1530 1591 1591 1530 1531 1592 1592 1531 1532 1593 1593 1532 1533 1594 1594 1533 1534 1595 1595 1534 1535 1596 1596 1535 1536 1597 1597 1536 1537 1598 1598 1537 1538 1599 1599 1538 1539 1600 1600 1539 1540 1601 1601 1540 1541 1602 1602 1541 1542 1603 1603 1542 1543 1604 1604 1543 1544 1605 1605 1544 1545 1606 1606 1545 1546 1607 1607 1546 1547 1608 1608 1547 1548 1609 1609 1548 1549 1610 1610 1549 1550 1611 1611 1550 1551 1612 1612 1551 1552 1613 1613 1552 1553 1614 1614 1553 1554 1615 1615 1554 1555 1616 1616 1555 1556 1617 1617 1556 1557 1618 1618 1557 1558 1619 1619 1558 1559 1620 1620 1559 1560 1621 1621 1560 1561 1622 1622 1561 1562 1623 1623 1562 1563 1624 1624 1563 1564 1625 1625 1564 1565 1626 1626 1565 1566 1627 1627 1566 1567 1628 1628 1567 1568 1629 1629 1568 1569 1630 1630 1569 1570 1631 1631 1570 1571 1632 1632 1571 1572 1633 1633 1572 1573 1634 1634 1573 1574 1635 1635 1574 1575 1636 1636 1575 1576 1637 1637 1576 1577 1638 1638 1577 1578 1639 1639 1578 1579 1640 1640 1579 1580 1641 1641 1580 1581 1642 1642 1581 1582 1643 1643 1582 1583 1644 1644 1583 1584 1645 1645 1584 1585 1646 1647 1586 1587 1648 1648 1587 1588 1649 1649 1588 1589 1650 1650 1589 1590 1651 1651 1590 1591 1652 1652 1591 1592 1653 1653 1592 1593 1654 1654 1593 1594 1655 1655 1594 1595 1656 1656 1595 1596 1657 1657 1596 1597 1658 1658 1597 1598 1659 1659 1598 1599 1660 1660 1599 1600 1661 1661 1600 1601 1662 1662 1601 1602 1663 1663 1602 1603 1664 1664 1603 1604 1665 1665 1604 1605 1666 1666 1605 1606 1667 1667 1606 1607 1668 1668 1607 1608 1669 1669 1608 1609 1670 1670 1609 1610 1671 1671 1610 1611 1672 1672 1611 1612 1673 1673 1612 1613 1674 1674 1613 1614 1675 1675 1614 1615 1676 1676 1615 1616 1677 1677 1616 1617 1678 1678 1617 1618 1679 1679 1618 1619 1680 1680 1619 1620 1681 1681 1620 1621 1682 1682 1621 1622 1683 1683 1622 1623 1684 1684 1623 1624 1685 1685 1624 1625 1686 1686 1625 1626 1687 1687 1626 1627 1688 1688 1627 1628 1689 1689 1628 1629 1690 1690 1629 1630 1691 1691 1630 1631 1692 1692 1631 1632 1693 1693 1632 1633 1694 1694 1633 1634 1695 1695 1634 1635 1696 1696 1635 1636 1697 1697 1636 1637 1698 1698 1637 1638 1699 1699 1638 1639 1700 1700 1639 1640 1701 1701 1640 1641 1702 1702 1641 1642 1703 1703 1642 1643 1704 1704 1643 1644 1705 1705 1644 1645 1706 1706 1645 1646 1707 1708 1647 1648 1709 1709 1648 1649 1710 1710 1649 1650 1711 1711 1650 1651 1712 1712 1651 1652 1713 1713 1652 1653 1714 1714 1653 1654 1715 1715 1654 1655 1716 1716 1655 1656 1717 1717 1656 1657 1718 1718 1657 1658 1719 1719 1658 1659 1720 1720 1659 1660 1721 1721 1660 1661 1722 1722 1661 1662 1723 1723 1662 1663 1724 1724 1663 1664 1725 1725 1664 1665 1726 1726 1665 1666 1727 1727 1666 1667 1728 1728 1667 1668 1729 1729 1668 1669 1730 1730 1669 1670 1731 1731 1670 1671 1732 1732 1671 1672 1733 1733 1672 1673 1734 1734 1673 1674 1735 1735 1674 1675 1736 1736 1675 1676 1737 1737 1676 1677 1738 1738 1677 1678 1739 1739 1678 1679 1740 1740 1679 1680 1741 1741 1680 1681 1742 1742 1681 1682 1743 1743 1682 1683 1744 1744 1683 1684 1745 1745 1684 1685 1746 1746 1685 1686 1747 1747 1686 1687 1748 1748 1687 1688 1749 1749 1688 1689 1750 1750 1689 1690 1751 1751 1690 1691 1752 1752 1691 1692 1753 1753 1692 1693 1754 1754 1693 1694 1755 1755 1694 1695 1756 1756 1695 1696 1757 1757 1696 1697 1758 1758 1697 1698 1759 1759 1698 1699 1760 1760 1699 1700 1761 1761 1700 1701 1762 1762 1701 1702 1763 1763 1702 1703 1764 1764 1703 1704 1765 1765 1704 1705 1766 1766 1705 1706 1767 1767 1706 1707 1768 1769 1708 1709 1770 1770 1709 1710 1771 1771 1710 1711 1772 1772 1711 1712 1773 1773 1712 1713 1774 1774 1713 1714 1775 1775 1714 1715 1776 1776 1715 1716 1777 1777 1716 1717 1778 1778 1717 1718 1779 1779 1718 1719 1780 1780 1719 1720 1781 1781 1720 1721 1782 1782 1721 1722 1783 1783 1722 1723 1784 1784 1723 1724 1785 1785 1724 1725 1786 1786 1725 1726 1787 1787 1726 1727 1788 1788 1727 1728 1789 1789 1728 1729 1790 1790 1729 1730 1791 1791 1730 1731 1792 1792 1731 1732 1793 1793 1732 1733 1794 1794 1733 1734 1795 1795 1734 1735 1796 1796 1735 1736 1797 1797 1736 1737 1798 1798 1737 1738 1799 1799 1738 1739 1800 1800 1739 1740 1801 1801 1740 1741 1802 1802 1741 1742 1803 1803 1742 1743 1804 1804 1743 1744 1805 1805 1744 1745 1806 1806 1745 1746 1807 1807 1746 1747 1808 1808 1747 1748 1809 1809 1748 1749 1810 1810 1749 1750 1811 1811 1750 1751 1812 1812 1751 1752 1813 1813 1752 1753 1814 1814 1753 1754 1815 1815 1754 1755 1816 1816 1755 1756 1817 1817 1756 1757 1818 1818 1757 1758 1819 1819 1758 1759 1820 1820 1759 1760 1821 1821 1760 1761 1822 1822 1761 1762 1823 1823 1762 1763 1824 1824 1763 1764 1825 1825 1764 1765 1826 1826 1765 1766 1827 1827 1766 1767 1828 1828 1767 1768 1829 1830 1769 1770 1831 1831 1770 1771 1832 1832 1771 1772 1833 1833 1772 1773 1834 1834 1773 1774 1835 1835 1774 1775 1836 1836 1775 1776 1837 1837 1776 1777 1838 1838 1777 1778 1839 1839 1778 1779 1840 1840 1779 1780 1841 1841 1780 1781 1842 1842 1781 1782 1843 1843 1782 1783 1844 1844 1783 1784 1845 1845 1784 1785 1846 1846 1785 1786 1847 1847 1786 1787 1848 1848 1787 1788 1849 1849 1788 1789 1850 1850 1789 1790 1851 1851 1790 1791 1852 1852 1791 1792 1853 1853 1792 1793 1854 1854 1793 1794 1855 1855 1794 1795 1856 1856 1795 1796 1857 1857 1796 1797 1858 1858 1797 1798 1859 1859 1798 1799 1860 1860 1799 1800 1861 1861 1800 1801 1862 1862 1801 1802 1863 1863 1802 1803 1864 1864 1803 1804 1865 1865 1804 1805 1866 1866 1805 1806 1867 1867 1806 1807 1868 1868 1807 1808 1869 1869 1808 1809 1870 1870 1809 1810 1871 1871 1810 1811 1872 1872 1811 1812 1873 1873 1812 1813 1874 1874 1813 1814 1875 1875 1814 1815 1876 1876 1815 1816 1877 1877 1816 1817 1878 1878 1817 1818 1879 1879 1818 1819 1880 1880 1819 1820 1881 1881 1820 1821 1882 1882 1821 1822 1883 1883 1822 1823 1884 1884 1823 1824 1885 1885 1824 1825 1886 1886 1825 1826 1887 1887 1826 1827 1888 1888 1827 1828 1889 1889 1828 1829 1890 1891 1830 1831 1892 1892 1831 1832 1893 1893 1832 1833 1894 1894 1833 1834 1895 1895 1834 1835 1896 1896 1835 1836 1897 1897 1836 1837 1898 1898 1837 1838 1899 1899 1838 1839 1900 1900 1839 1840 1901 1901 1840 1841 1902 1902 1841 1842 1903 1903 1842 1843 1904 1904 1843 1844 1905 1905 1844 1845 1906 1906 1845 1846 1907 1907 1846 1847 1908 1908 1847 1848 1909 1909 1848 1849 1910 1910 1849 1850 1911 1911 1850 1851 1912 1912 1851 1852 1913 1913 1852 1853 1914 1914 1853 1854 1915 1915 1854 1855 1916 1916 1855 1856 1917 1917 1856 1857 1918 1918 1857 1858 1919 1919 1858 1859 1920 1920 1859 1860 1921 1921 1860 1861 1922 1922 1861 1862 1923 1923 1862 1863 1924 1924 1863 1864 1925 1925 1864 1865 1926 1926 1865 1866 1927 1927 1866 1867 1928 1928 1867 1868 1929 1929 1868 1869 1930 1930 1869 1870 1931 1931 1870 1871 1932 1932 1871 1872 1933 1933 1872 1873 1934 1934 1873 1874 1935 1935 1874 1875 1936 1936 1875 1876 1937 1937 1876 1877 1938 1938 1877 1878 1939 1939 1878 1879 1940 1940 1879 1880 1941 1941 1880 1881 1942 1942 1881 1882 1943 1943 1882 1883 1944 1944 1883 1884 1945 1945 1884 1885 1946 1946 1885 1886 1947 1947 1886 1887 1948 1948 1887 1888 1949 1949 1888 1889 1950 1950 1889 1890 1951 1952 1891 1892 1953 1953 1892 1893 1954 1954 1893 1894 1955 1955 1894 1895 1956 1956 1895 1896 1957 1957 1896 1897 1958 1958 1897 1898 1959 1959 1898 1899 1960 1960 1899 1900 1961 1961 1900 1901 1962 1962 1901 1902 1963 1963 1902 1903 1964 1964 1903 1904 1965 1965 1904 1905 1966 1966 1905 1906 1967 1967 1906 1907 1968 1968 1907 1908 1969 1969 1908 1909 1970 1970 1909 1910 1971 1971 1910 1911 1972 1972 1911 1912 1973 1973 1912 1913 1974 1974 1913 1914 1975 1975 1914 1915 1976 1976 1915 1916 1977 1977 1916 1917 1978 1978 1917 1918 1979 1979 1918 1919 1980 1980 1919 1920 1981 1981 1920 1921 1982 1982 1921 1922 1983 1983 1922 1923 1984 1984 1923 1924 1985 1985 1924 1925 1986 1986 1925 1926 1987 1987 1926 1927 1988 1988 1927 1928 1989 1989 1928 1929 1990 1990 1929 1930 1991 1991 1930 1931 1992 1992 1931 1932 1993 1993 1932 1933 1994 1994 1933 1934 1995 1995 1934 1935 1996 1996 1935 1936 1997 1997 1936 1937 1998 1998 1937 1938 1999 1999 1938 1939 2000 2000 1939 1940 2001 2001 1940 1941 2002 2002 1941 1942 2003 2003 1942 1943 2004 2004 1943 1944 2005 2005 1944 1945 2006 2006 1945 1946 2007 2007 1946 1947 2008 2008 1947 1948 2009 2009 1948 1949 2010 2010 1949 1950 2011 2011 1950 1951 2012 2013 1952 1953 2014 2014 1953 1954 2015 2015 1954 1955 2016 2016 1955 1956 2017 2017 1956 1957 2018 2018 1957 1958 2019 2019 1958 1959 2020 2020 1959 1960 2021 2021 1960 1961 2022 2022 1961 1962 2023 2023 1962 1963 2024 2024 1963 1964 2025 2025 1964 1965 2026 2026 1965 1966 2027 2027 1966 1967 2028 2028 1967 1968 2029 2029 1968 1969 2030 2030 1969 1970 2031 2031 1970 1971 2032 2032 1971 1972 2033 2033 1972 1973 2034 2034 1973 1974 2035 2035 1974 1975 2036 2036 1975 1976 2037 2037 1976 1977 2038 2038 1977 1978 2039 2039 1978 1979 2040 2040 1979 1980 2041 2041 1980 1981 2042 2042 1981 1982 2043 2043 1982 1983 2044 2044 1983 1984 2045 2045 1984 1985 2046 2046 1985 1986 2047 2047 1986 1987 2048 2048 1987 1988 2049 2049 1988 1989 2050 2050 1989 1990 2051 2051 1990 1991 2052 2052 1991 1992 2053 2053 1992 1993 2054 2054 1993 1994 2055 2055 1994 1995 2056 2056 1995 1996 2057 2057 1996 1997 2058 2058 1997 1998 2059 2059 1998 1999 2060 2060 1999 2000 2061 2061 2000 2001 2062 2062 2001 2002 2063 2063 2002 2003 2064 2064 2003 2004 2065 2065 2004 2005 2066 2066 2005 2006 2067 2067 2006 2007 2068 2068 2007 2008 2069 2069 2008 2009 2070 2070 2009 2010 2071 2071 2010 2011 2072 2072 2011 2012 2073 2074 2013 2014 2075 2075 2014 2015 2076 2076 2015 2016 2077 2077 2016 2017 2078 2078 2017 2018 2079 2079 2018 2019 2080 2080 2019 2020 2081 2081 2020 2021 2082 2082 2021 2022 2083 2083 2022 2023 2084 2084 2023 2024 2085 2085 2024 2025 2086 2086 2025 2026 2087 2087 2026 2027 2088 2088 2027 2028 2089 2089 2028 2029 2090 2090 2029 2030 2091 2091 2030 2031 2092 2092 2031 2032 2093 2093 2032 2033 2094 2094 2033 2034 2095 2095 2034 2035 2096 2096 2035 2036 2097 2097 2036 2037 2098 2098 2037 2038 2099 2099 2038 2039 2100 2100 2039 2040 2101 2101 2040 2041 2102 2102 2041 2042 2103 2103 2042 2043 2104 2104 2043 2044 2105 2105 2044 2045 2106 2106 2045 2046 2107 2107 2046 2047 2108 2108 2047 2048 2109 2109 2048 2049 2110 2110 2049 2050 2111 2111 2050 2051 2112 2112 2051 2052 2113 2113 2052 2053 2114 2114 2053 2054 2115 2115 2054 2055 2116 2116 2055 2056 2117 2117 2056 2057 2118 2118 2057 2058 2119 2119 2058 2059 2120 2120 2059 2060 2121 2121 2060 2061 2122 2122 2061 2062 2123 2123 2062 2063 2124 2124 2063 2064 2125 2125 2064 2065 2126 2126 2065 2066 2127 2127 2066 2067 2128 2128 2067 2068 2129 2129 2068 2069 2130 2130 2069 2070 2131 2131 2070 2071 2132 2132 2071 2072 2133 2133 2072 2073 2134 2135 2074 2075 2136 2136 2075 2076 2137 2137 2076 2077 2138 2138 2077 2078 2139 2139 2078 2079 2140 2140 2079 2080 2141 2141 2080 2081 2142 2142 2081 2082 2143 2143 2082 2083 2144 2144 2083 2084 2145 2145 2084 2085 2146 2146 2085 2086 2147 2147 2086 2087 2148 2148 2087 2088 2149 2149 2088 2089 2150 2150 2089 2090 2151 2151 2090 2091 2152 2152 2091 2092 2153 2153 2092 2093 2154 2154 2093 2094 2155 2155 2094 2095 2156 2156 2095 2096 2157 2157 2096 2097 2158 2158 2097 2098 2159 2159 2098 2099 2160 2160 2099 2100 2161 2161 2100 2101 2162 2162 2101 2102 2163 2163 2102 2103 2164 2164 2103 2104 2165 2165 2104 2105 2166 2166 2105 2106 2167 2167 2106 2107 2168 2168 2107 2108 2169 2169 2108 2109 2170 2170 2109 2110 2171 2171 2110 2111 2172 2172 2111 2112 2173 2173 2112 2113 2174 2174 2113 2114 2175 2175 2114 2115 2176 2176 2115 2116 2177 2177 2116 2117 2178 2178 2117 2118 2179 2179 2118 2119 2180 2180 2119 2120 2181 2181 2120 2121 2182 2182 2121 2122 2183 2183 2122 2123 2184 2184 2123 2124 2185 2185 2124 2125 2186 2186 2125 2126 2187 2187 2126 2127 2188 2188 2127 2128 2189 2189 2128 2129 2190 2190 2129 2130 2191 2191 2130 2131 2192 2192 2131 2132 2193 2193 2132 2133 2194 2194 2133 2134 2195 2196 2135 2136 2197 2197 2136 2137 2198 2198 2137 2138 2199 2199 2138 2139 2200 2200 2139 2140 2201 2201 2140 2141 2202 2202 2141 2142 2203 2203 2142 2143 2204 2204 2143 2144 2205 2205 2144 2145 2206 2206 2145 2146 2207 2207 2146 2147 2208 2208 2147 2148 2209 2209 2148 2149 2210 2210 2149 2150 2211 2211 2150 2151 2212 2212 2151 2152 2213 2213 2152 2153 2214 2214 2153 2154 2215 2215 2154 2155 2216 2216 2155 2156 2217 2217 2156 2157 2218 2218 2157 2158 2219 2219 2158 2159 2220 2220 2159 2160 2221 2221 2160 2161 2222 2222 2161 2162 2223 2223 2162 2163 2224 2224 2163 2164 2225 2225 2164 2165 2226 2226 2165 2166 2227 2227 2166 2167 2228 2228 2167 2168 2229 2229 2168 2169 2230 2230 2169 2170 2231 2231 2170 2171 2232 2232 2171 2172 2233 2233 2172 2173 2234 2234 2173 2174 2235 2235 2174 2175 2236 2236 2175 2176 2237 2237 2176 2177 2238 2238 2177 2178 2239 2239 2178 2179 2240 2240 2179 2180 2241 2241 2180 2181 2242 2242 2181 2182 2243 2243 2182 2183 2244 2244 2183 2184 2245 2245 2184 2185 2246 2246 2185 2186 2247 2247 2186 2187 2248 2248 2187 2188 2249 2249 2188 2189 2250 2250 2189 2190 2251 2251 2190 2191 2252 2252 2191 2192 2253 2253 2192 2193 2254 2254 2193 2194 2255 2255 2194 2195 2256 2257 2196 2197 2258 2258 2197 2198 2259 2259 2198 2199 2260 2260 2199 2200 2261 2261 2200 2201 2262 2262 2201 2202 2263 2263 2202 2203 2264 2264 2203 2204 2265 2265 2204 2205 2266 2266 2205 2206 2267 2267 2206 2207 2268 2268 2207 2208 2269 2269 2208 2209 2270 2270 2209 2210 2271 2271 2210 2211 2272 2272 2211 2212 2273 2273 2212 2213 2274 2274 2213 2214 2275 2275 2214 2215 2276 2276 2215 2216 2277 2277 2216 2217 2278 2278 2217 2218 2279 2279 2218 2219 2280 2280 2219 2220 2281 2281 2220 2221 2282 2282 2221 2222 2283 2283 2222 2223 2284 2284 2223 2224 2285 2285 2224 2225 2286 2286 2225 2226 2287 2287 2226 2227 2288 2288 2227 2228 2289 2289 2228 2229 2290 2290 2229 2230 2291 2291 2230 2231 2292 2292 2231 2232 2293 2293 2232 2233 2294 2294 2233 2234 2295 2295 2234 2235 2296 2296 2235 2236 2297 2297 2236 2237 2298 2298 2237 2238 2299 2299 2238 2239 2300 2300 2239 2240 2301 2301 2240 2241 2302 2302 2241 2242 2303 2303 2242 2243 2304 2304 2243 2244 2305 2305 2244 2245 2306 2306 2245 2246 2307 2307 2246 2247 2308 2308 2247 2248 2309 2309 2248 2249 2310 2310 2249 2250 2311 2311 2250 2251 2312 2312 2251 2252 2313 2313 2252 2253 2314 2314 2253 2254 2315 2315 2254 2255 2316 2316 2255 2256 2317 2318 2257 2258 2319 2319 2258 2259 2320 2320 2259 2260 2321 2321 2260 2261 2322 2322 2261 2262 2323 2323 2262 2263 2324 2324 2263 2264 2325 2325 2264 2265 2326 2326 2265 2266 2327 2327 2266 2267 2328 2328 2267 2268 2329 2329 2268 2269 2330 2330 2269 2270 2331 2331 2270 2271 2332 2332 2271 2272 2333 2333 2272 2273 2334 2334 2273 2274 2335 2335 2274 2275 2336 2336 2275 2276 2337 2337 2276 2277 2338 2338 2277 2278 2339 2339 2278 2279 2340 2340 2279 2280 2341 2341 2280 2281 2342 2342 2281 2282 2343 2343 2282 2283 2344 2344 2283 2284 2345 2345 2284 2285 2346 2346 2285 2286 2347 2347 2286 2287 2348 2348 2287 2288 2349 2349 2288 2289 2350 2350 2289 2290 2351 2351 2290 2291 2352 2352 2291 2292 2353 2353 2292 2293 2354 2354 2293 2294 2355 2355 2294 2295 2356 2356 2295 2296 2357 2357 2296 2297 2358 2358 2297 2298 2359 2359 2298 2299 2360 2360 2299 2300 2361 2361 2300 2301 2362 2362 2301 2302 2363 2363 2302 2303 2364 2364 2303 2304 2365 2365 2304 2305 2366 2366 2305 2306 2367 2367 2306 2307 2368 2368 2307 2308 2369 2369 2308 2309 2370 2370 2309 2310 2371 2371 2310 2311 2372 2372 2311 2312 2373 2373 2312 2313 2374 2374 2313 2314 2375 2375 2314 2315 2376 2376 2315 2316 2377 2377 2316 2317 2378 2379 2318 2319 2380 2380 2319 2320 2381 2381 2320 2321 2382 2382 2321 2322 2383 2383 2322 2323 2384 2384 2323 2324 2385 2385 2324 2325 2386 2386 2325 2326 2387 2387 2326 2327 2388 2388 2327 2328 2389 2389 2328 2329 2390 2390 2329 2330 2391 2391 2330 2331 2392 2392 2331 2332 2393 2393 2332 2333 2394 2394 2333 2334 2395 2395 2334 2335 2396 2396 2335 2336 2397 2397 2336 2337 2398 2398 2337 2338 2399 2399 2338 2339 2400 2400 2339 2340 2401 2401 2340 2341 2402 2402 2341 2342 2403 2403 2342 2343 2404 2404 2343 2344 2405 2405 2344 2345 2406 2406 2345 2346 2407 2407 2346 2347 2408 2408 2347 2348 2409 2409 2348 2349 2410 2410 2349 2350 2411 2411 2350 2351 2412 2412 2351 2352 2413 2413 2352 2353 2414 2414 2353 2354 2415 2415 2354 2355 2416 2416 2355 2356 2417 2417 2356 2357 2418 2418 2357 2358 2419 2419 2358 2359 2420 2420 2359 2360 2421 2421 2360 2361 2422 2422 2361 2362 2423 2423 2362 2363 2424 2424 2363 2364 2425 2425 2364 2365 2426 2426 2365 2366 2427 2427 2366 2367 2428 2428 2367 2368 2429 2429 2368 2369 2430 2430 2369 2370 2431 2431 2370 2371 2432 2432 2371 2372 2433 2433 2372 2373 2434 2434 2373 2374 2435 2435 2374 2375 2436 2436 2375 2376 2437 2437 2376 2377 2438 2438 2377 2378 2439 2440 2379 2380 2441 2441 2380 2381 2442 2442 2381 2382 2443 2443 2382 2383 2444 2444 2383 2384 2445 2445 2384 2385 2446 2446 2385 2386 2447 2447 2386 2387 2448 2448 2387 2388 2449 2449 2388 2389 2450 2450 2389 2390 2451 2451 2390 2391 2452 2452 2391 2392 2453 2453 2392 2393 2454 2454 2393 2394 2455 2455 2394 2395 2456 2456 2395 2396 2457 2457 2396 2397 2458 2458 2397 2398 2459 2459 2398 2399 2460 2460 2399 2400 2461 2461 2400 2401 2462 2462 2401 2402 2463 2463 2402 2403 2464 2464 2403 2404 2465 2465 2404 2405 2466 2466 2405 2406 2467 2467 2406 2407 2468 2468 2407 2408 2469 2469 2408 2409 2470 2470 2409 2410 2471 2471 2410 2411 2472 2472 2411 2412 2473 2473 2412 2413 2474 2474 2413 2414 2475 2475 2414 2415 2476 2476 2415 2416 2477 2477 2416 2417 2478 2478 2417 2418 2479 2479 2418 2419 2480 2480 2419 2420 2481 2481 2420 2421 2482 2482 2421 2422 2483 2483 2422 2423 2484 2484 2423 2424 2485 2485 2424 2425 2486 2486 2425 2426 2487 2487 2426 2427 2488 2488 2427 2428 2489 2489 2428 2429 2490 2490 2429 2430 2491 2491 2430 2431 2492 2492 2431 2432 2493 2493 2432 2433 2494 2494 2433 2434 2495 2495 2434 2435 2496 2496 2435 2436 2497 2497 2436 2437 2498 2498 2437 2438 2499 2499 2438 2439 2500 2501 2440 2441 2502 2502 2441 2442 2503 2503 2442 2443 2504 2504 2443 2444 2505 2505 2444 2445 2506 2506 2445 2446 2507 2507 2446 2447 2508 2508 2447 2448 2509 2509 2448 2449 2510 2510 2449 2450 2511 2511 2450 2451 2512 2512 2451 2452 2513 2513 2452 2453 2514 2514 2453 2454 2515 2515 2454 2455 2516 2516 2455 2456 2517 2517 2456 2457 2518 2518 2457 2458 2519 2519 2458 2459 2520 2520 2459 2460 2521 2521 2460 2461 2522 2522 2461 2462 2523 2523 2462 2463 2524 2524 2463 2464 2525 2525 2464 2465 2526 2526 2465 2466 2527 2527 2466 2467 2528 2528 2467 2468 2529 2529 2468 2469 2530 2530 2469 2470 2531 2531 2470 2471 2532 2532 2471 2472 2533 2533 2472 2473 2534 2534 2473 2474 2535 2535 2474 2475 2536 2536 2475 2476 2537 2537 2476 2477 2538 2538 2477 2478 2539 2539 2478 2479 2540 2540 2479 2480 2541 2541 2480 2481 2542 2542 2481 2482 2543 2543 2482 2483 2544 2544 2483 2484 2545 2545 2484 2485 2546 2546 2485 2486 2547 2547 2486 2487 2548 2548 2487 2488 2549 2549 2488 2489 2550 2550 2489 2490 2551 2551 2490 2491 2552 2552 2491 2492 2553 2553 2492 2493 2554 2554 2493 2494 2555 2555 2494 2495 2556 2556 2495 2496 2557 2557 2496 2497 2558 2558 2497 2498 2559 2559 2498 2499 2560 2560 2499 2500 2561 2562 2501 2502 2563 2563 2502 2503 2564 2564 2503 2504 2565 2565 2504 2505 2566 2566 2505 2506 2567 2567 2506 2507 2568 2568 2507 2508 2569 2569 2508 2509 2570 2570 2509 2510 2571 2571 2510 2511 2572 2572 2511 2512 2573 2573 2512 2513 2574 2574 2513 2514 2575 2575 2514 2515 2576 2576 2515 2516 2577 2577 2516 2517 2578 2578 2517 2518 2579 2579 2518 2519 2580 2580 2519 2520 2581 2581 2520 2521 2582 2582 2521 2522 2583 2583 2522 2523 2584 2584 2523 2524 2585 2585 2524 2525 2586 2586 2525 2526 2587 2587 2526 2527 2588 2588 2527 2528 2589 2589 2528 2529 2590 2590 2529 2530 2591 2591 2530 2531 2592 2592 2531 2532 2593 2593 2532 2533 2594 2594 2533 2534 2595 2595 2534 2535 2596 2596 2535 2536 2597 2597 2536 2537 2598 2598 2537 2538 2599 2599 2538 2539 2600 2600 2539 2540 2601 2601 2540 2541 2602 2602 2541 2542 2603 2603 2542 2543 2604 2604 2543 2544 2605 2605 2544 2545 2606 2606 2545 2546 2607 2607 2546 2547 2608 2608 2547 2548 2609 2609 2548 2549 2610 2610 2549 2550 2611 2611 2550 2551 2612 2612 2551 2552 2613 2613 2552 2553 2614 2614 2553 2554 2615 2615 2554 2555 2616 2616 2555 2556 2617 2617 2556 2557 2618 2618 2557 2558 2619 2619 2558 2559 2620 2620 2559 2560 2621 2621 2560 2561 2622 2623 2562 2563 2624 2624 2563 2564 2625 2625 2564 2565 2626 2626 2565 2566 2627 2627 2566 2567 2628 2628 2567 2568 2629 2629 2568 2569 2630 2630 2569 2570 2631 2631 2570 2571 2632 2632 2571 2572 2633 2633 2572 2573 2634 2634 2573 2574 2635 2635 2574 2575 2636 2636 2575 2576 2637 2637 2576 2577 2638 2638 2577 2578 2639 2639 2578 2579 2640 2640 2579 2580 2641 2641 2580 2581 2642 2642 2581 2582 2643 2643 2582 2583 2644 2644 2583 2584 2645 2645 2584 2585 2646 2646 2585 2586 2647 2647 2586 2587 2648 2648 2587 2588 2649 2649 2588 2589 2650 2650 2589 2590 2651 2651 2590 2591 2652 2652 2591 2592 2653 2653 2592 2593 2654 2654 2593 2594 2655 2655 2594 2595 2656 2656 2595 2596 2657 2657 2596 2597 2658 2658 2597 2598 2659 2659 2598 2599 2660 2660 2599 2600 2661 2661 2600 2601 2662 2662 2601 2602 2663 2663 2602 2603 2664 2664 2603 2604 2665 2665 2604 2605 2666 2666 2605 2606 2667 2667 2606 2607 2668 2668 2607 2608 2669 2669 2608 2609 2670 2670 2609 2610 2671 2671 2610 2611 2672 2672 2611 2612 2673 2673 2612 2613 2674 2674 2613 2614 2675 2675 2614 2615 2676 2676 2615 2616 2677 2677 2616 2617 2678 2678 2617 2618 2679 2679 2618 2619 2680 2680 2619 2620 2681 2681 2620 2621 2682 2682 2621 2622 2683 2684 2623 2624 2685 2685 2624 2625 2686 2686 2625 2626 2687 2687 2626 2627 2688 2688 2627 2628 2689 2689 2628 2629 2690 2690 2629 2630 2691 2691 2630 2631 2692 2692 2631 2632 2693 2693 2632 2633 2694 2694 2633 2634 2695 2695 2634 2635 2696 2696 2635 2636 2697 2697 2636 2637 2698 2698 2637 2638 2699 2699 2638 2639 2700 2700 2639 2640 2701 2701 2640 2641 2702 2702 2641 2642 2703 2703 2642 2643 2704 2704 2643 2644 2705 2705 2644 2645 2706 2706 2645 2646 2707 2707 2646 2647 2708 2708 2647 2648 2709 2709 2648 2649 2710 2710 2649 2650 2711 2711 2650 2651 2712 2712 2651 2652 2713 2713 2652 2653 2714 2714 2653 2654 2715 2715 2654 2655 2716 2716 2655 2656 2717 2717 2656 2657 2718 2718 2657 2658 2719 2719 2658 2659 2720 2720 2659 2660 2721 2721 2660 2661 2722 2722 2661 2662 2723 2723 2662 2663 2724 2724 2663 2664 2725 2725 2664 2665 2726 2726 2665 2666 2727 2727 2666 2667 2728 2728 2667 2668 2729 2729 2668 2669 2730 2730 2669 2670 2731 2731 2670 2671 2732 2732 2671 2672 2733 2733 2672 2673 2734 2734 2673 2674 2735 2735 2674 2675 2736 2736 2675 2676 2737 2737 2676 2677 2738 2738 2677 2678 2739 2739 2678 2679 2740 2740 2679 2680 2741 2741 2680 2681 2742 2742 2681 2682 2743 2743 2682 2683 2744 2745 2684 2685 2746 2746 2685 2686 2747 2747 2686 2687 2748 2748 2687 2688 2749 2749 2688 2689 2750 2750 2689 2690 2751 2751 2690 2691 2752 2752 2691 2692 2753 2753 2692 2693 2754 2754 2693 2694 2755 2755 2694 2695 2756 2756 2695 2696 2757 2757 2696 2697 2758 2758 2697 2698 2759 2759 2698 2699 2760 2760 2699 2700 2761 2761 2700 2701 2762 2762 2701 2702 2763 2763 2702 2703 2764 2764 2703 2704 2765 2765 2704 2705 2766 2766 2705 2706 2767 2767 2706 2707 2768 2768 2707 2708 2769 2769 2708 2709 2770 2770 2709 2710 2771 2771 2710 2711 2772 2772 2711 2712 2773 2773 2712 2713 2774 2774 2713 2714 2775 2775 2714 2715 2776 2776 2715 2716 2777 2777 2716 2717 2778 2778 2717 2718 2779 2779 2718 2719 2780 2780 2719 2720 2781 2781 2720 2721 2782 2782 2721 2722 2783 2783 2722 2723 2784 2784 2723 2724 2785 2785 2724 2725 2786 2786 2725 2726 2787 2787 2726 2727 2788 2788 2727 2728 2789 2789 2728 2729 2790 2790 2729 2730 2791 2791 2730 2731 2792 2792 2731 2732 2793 2793 2732 2733 2794 2794 2733 2734 2795 2795 2734 2735 2796 2796 2735 2736 2797 2797 2736 2737 2798 2798 2737 2738 2799 2799 2738 2739 2800 2800 2739 2740 2801 2801 2740 2741 2802 2802 2741 2742 2803 2803 2742 2743 2804 2804 2743 2744 2805 2806 2745 2746 2807 2807 2746 2747 2808 2808 2747 2748 2809 2809 2748 2749 2810 2810 2749 2750 2811 2811 2750 2751 2812 2812 2751 2752 2813 2813 2752 2753 2814 2814 2753 2754 2815 2815 2754 2755 2816 2816 2755 2756 2817 2817 2756 2757 2818 2818 2757 2758 2819 2819 2758 2759 2820 2820 2759 2760 2821 2821 2760 2761 2822 2822 2761 2762 2823 2823 2762 2763 2824 2824 2763 2764 2825 2825 2764 2765 2826 2826 2765 2766 2827 2827 2766 2767 2828 2828 2767 2768 2829 2829 2768 2769 2830 2830 2769 2770 2831 2831 2770 2771 2832 2832 2771 2772 2833 2833 2772 2773 2834 2834 2773 2774 2835 2835 2774 2775 2836 2836 2775 2776 2837 2837 2776 2777 2838 2838 2777 2778 2839 2839 2778 2779 2840 2840 2779 2780 2841 2841 2780 2781 2842 2842 2781 2782 2843 2843 2782 2783 2844 2844 2783 2784 2845 2845 2784 2785 2846 2846 2785 2786 2847 2847 2786 2787 2848 2848 2787 2788 2849 2849 2788 2789 2850 2850 2789 2790 2851 2851 2790 2791 2852 2852 2791 2792 2853 2853 2792 2793 2854 2854 2793 2794 2855 2855 2794 2795 2856 2856 2795 2796 2857 2857 2796 2797 2858 2858 2797 2798 2859 2859 2798 2799 2860 2860 2799 2800 2861 2861 2800 2801 2862 2862 2801 2802 2863 2863 2802 2803 2864 2864 2803 2804 2865 2865 2804 2805 2866 2867 2806 2807 2868 2868 2807 2808 2869 2869 2808 2809 2870 2870 2809 2810 2871 2871 2810 2811 2872 2872 2811 2812 2873 2873 2812 2813 2874 2874 2813 2814 2875 2875 2814 2815 2876 2876 2815 2816 2877 2877 2816 2817 2878 2878 2817 2818 2879 2879 2818 2819 2880 2880 2819 2820 2881 2881 2820 2821 2882 2882 2821 2822 2883 2883 2822 2823 2884 2884 2823 2824 2885 2885 2824 2825 2886 2886 2825 2826 2887 2887 2826 2827 2888 2888 2827 2828 2889 2889 2828 2829 2890 2890 2829 2830 2891 2891 2830 2831 2892 2892 2831 2832 2893 2893 2832 2833 2894 2894 2833 2834 2895 2895 2834 2835 2896 2896 2835 2836 2897 2897 2836 2837 2898 2898 2837 2838 2899 2899 2838 2839 2900 2900 2839 2840 2901 2901 2840 2841 2902 2902 2841 2842 2903 2903 2842 2843 2904 2904 2843 2844 2905 2905 2844 2845 2906 2906 2845 2846 2907 2907 2846 2847 2908 2908 2847 2848 2909 2909 2848 2849 2910 2910 2849 2850 2911 2911 2850 2851 2912 2912 2851 2852 2913 2913 2852 2853 2914 2914 2853 2854 2915 2915 2854 2855 2916 2916 2855 2856 2917 2917 2856 2857 2918 2918 2857 2858 2919 2919 2858 2859 2920 2920 2859 2860 2921 2921 2860 2861 2922 2922 2861 2862 2923 2923 2862 2863 2924 2924 2863 2864 2925 2925 2864 2865 2926 2926 2865 2866 2927 2928 2867 2868 2929 2929 2868 2869 2930 2930 2869 2870 2931 2931 2870 2871 2932 2932 2871 2872 2933 2933 2872 2873 2934 2934 2873 2874 2935 2935 2874 2875 2936 2936 2875 2876 2937 2937 2876 2877 2938 2938 2877 2878 2939 2939 2878 2879 2940 2940 2879 2880 2941 2941 2880 2881 2942 2942 2881 2882 2943 2943 2882 2883 2944 2944 2883 2884 2945 2945 2884 2885 2946 2946 2885 2886 2947 2947 2886 2887 2948 2948 2887 2888 2949 2949 2888 2889 2950 2950 2889 2890 2951 2951 2890 2891 2952 2952 2891 2892 2953 2953 2892 2893 2954 2954 2893 2894 2955 2955 2894 2895 2956 2956 2895 2896 2957 2957 2896 2897 2958 2958 2897 2898 2959 2959 2898 2899 2960 2960 2899 2900 2961 2961 2900 2901 2962 2962 2901 2902 2963 2963 2902 2903 2964 2964 2903 2904 2965 2965 2904 2905 2966 2966 2905 2906 2967 2967 2906 2907 2968 2968 2907 2908 2969 2969 2908 2909 2970 2970 2909 2910 2971 2971 2910 2911 2972 2972 2911 2912 2973 2973 2912 2913 2974 2974 2913 2914 2975 2975 2914 2915 2976 2976 2915 2916 2977 2977 2916 2917 2978 2978 2917 2918 2979 2979 2918 2919 2980 2980 2919 2920 2981 2981 2920 2921 2982 2982 2921 2922 2983 2983 2922 2923 2984 2984 2923 2924 2985 2985 2924 2925 2986 2986 2925 2926 2987 2987 2926 2927 2988 2989 2928 2929 2990 2990 2929 2930 2991 2991 2930 2931 2992 2992 2931 2932 2993 2993 2932 2933 2994 2994 2933 2934 2995 2995 2934 2935 2996 2996 2935 2936 2997 2997 2936 2937 2998 2998 2937 2938 2999 2999 2938 2939 3000 3000 2939 2940 3001 3001 2940 2941 3002 3002 2941 2942 3003 3003 2942 2943 3004 3004 2943 2944 3005 3005 2944 2945 3006 3006 2945 2946 3007 3007 2946 2947 3008 3008 2947 2948 3009 3009 2948 2949 3010 3010 2949 2950 3011 3011 2950 2951 3012 3012 2951 2952 3013 3013 2952 2953 3014 3014 2953 2954 3015 3015 2954 2955 3016 3016 2955 2956 3017 3017 2956 2957 3018 3018 2957 2958 3019 3019 2958 2959 3020 3020 2959 2960 3021 3021 2960 2961 3022 3022 2961 2962 3023 3023 2962 2963 3024 3024 2963 2964 3025 3025 2964 2965 3026 3026 2965 2966 3027 3027 2966 2967 3028 3028 2967 2968 3029 3029 2968 2969 3030 3030 2969 2970 3031 3031 2970 2971 3032 3032 2971 2972 3033 3033 2972 2973 3034 3034 2973 2974 3035 3035 2974 2975 3036 3036 2975 2976 3037 3037 2976 2977 3038 3038 2977 2978 3039 3039 2978 2979 3040 3040 2979 2980 3041 3041 2980 2981 3042 3042 2981 2982 3043 3043 2982 2983 3044 3044 2983 2984 3045 3045 2984 2985 3046 3046 2985 2986 3047 3047 2986 2987 3048 3048 2987 2988 3049 3050 2989 2990 3051 3051 2990 2991 3052 3052 2991 2992 3053 3053 2992 2993 3054 3054 2993 2994 3055 3055 2994 2995 3056 3056 2995 2996 3057 3057 2996 2997 3058 3058 2997 2998 3059 3059 2998 2999 3060 3060 2999 3000 3061 3061 3000 3001 3062 3062 3001 3002 3063 3063 3002 3003 3064 3064 3003 3004 3065 3065 3004 3005 3066 3066 3005 3006 3067 3067 3006 3007 3068 3068 3007 3008 3069 3069 3008 3009 3070 3070 3009 3010 3071 3071 3010 3011 3072 3072 3011 3012 3073 3073 3012 3013 3074 3074 3013 3014 3075 3075 3014 3015 3076 3076 3015 3016 3077 3077 3016 3017 3078 3078 3017 3018 3079 3079 3018 3019 3080 3080 3019 3020 3081 3081 3020 3021 3082 3082 3021 3022 3083 3083 3022 3023 3084 3084 3023 3024 3085 3085 3024 3025 3086 3086 3025 3026 3087 3087 3026 3027 3088 3088 3027 3028 3089 3089 3028 3029 3090 3090 3029 3030 3091 3091 3030 3031 3092 3092 3031 3032 3093 3093 3032 3033 3094 3094 3033 3034 3095 3095 3034 3035 3096 3096 3035 3036 3097 3097 3036 3037 3098 3098 3037 3038 3099 3099 3038 3039 3100 3100 3039 3040 3101 3101 3040 3041 3102 3102 3041 3042 3103 3103 3042 3043 3104 3104 3043 3044 3105 3105 3044 3045 3106 3106 3045 3046 3107 3107 3046 3047 3108 3108 3047 3048 3109 3109 3048 3049 3110 3111 3050 3051 3112 3112 3051 3052 3113 3113 3052 3053 3114 3114 3053 3054 3115 3115 3054 3055 3116 3116 3055 3056 3117 3117 3056 3057 3118 3118 3057 3058 3119 3119 3058 3059 3120 3120 3059 3060 3121 3121 3060 3061 3122 3122 3061 3062 3123 3123 3062 3063 3124 3124 3063 3064 3125 3125 3064 3065 3126 3126 3065 3066 3127 3127 3066 3067 3128 3128 3067 3068 3129 3129 3068 3069 3130 3130 3069 3070 3131 3131 3070 3071 3132 3132 3071 3072 3133 3133 3072 3073 3134 3134 3073 3074 3135 3135 3074 3075 3136 3136 3075 3076 3137 3137 3076 3077 3138 3138 3077 3078 3139 3139 3078 3079 3140 3140 3079 3080 3141 3141 3080 3081 3142 3142 3081 3082 3143 3143 3082 3083 3144 3144 3083 3084 3145 3145 3084 3085 3146 3146 3085 3086 3147 3147 3086 3087 3148 3148 3087 3088 3149 3149 3088 3089 3150 3150 3089 3090 3151 3151 3090 3091 3152 3152 3091 3092 3153 3153 3092 3093 3154 3154 3093 3094 3155 3155 3094 3095 3156 3156 3095 3096 3157 3157 3096 3097 3158 3158 3097 3098 3159 3159 3098 3099 3160 3160 3099 3100 3161 3161 3100 3101 3162 3162 3101 3102 3163 3163 3102 3103 3164 3164 3103 3104 3165 3165 3104 3105 3166 3166 3105 3106 3167 3167 3106 3107 3168 3168 3107 3108 3169 3169 3108 3109 3170 3170 3109 3110 3171 3172 3111 3112 3173 3173 3112 3113 3174 3174 3113 3114 3175 3175 3114 3115 3176 3176 3115 3116 3177 3177 3116 3117 3178 3178 3117 3118 3179 3179 3118 3119 3180 3180 3119 3120 3181 3181 3120 3121 3182 3182 3121 3122 3183 3183 3122 3123 3184 3184 3123 3124 3185 3185 3124 3125 3186 3186 3125 3126 3187 3187 3126 3127 3188 3188 3127 3128 3189 3189 3128 3129 3190 3190 3129 3130 3191 3191 3130 3131 3192 3192 3131 3132 3193 3193 3132 3133 3194 3194 3133 3134 3195 3195 3134 3135 3196 3196 3135 3136 3197 3197 3136 3137 3198 3198 3137 3138 3199 3199 3138 3139 3200 3200 3139 3140 3201 3201 3140 3141 3202 3202 3141 3142 3203 3203 3142 3143 3204 3204 3143 3144 3205 3205 3144 3145 3206 3206 3145 3146 3207 3207 3146 3147 3208 3208 3147 3148 3209 3209 3148 3149 3210 3210 3149 3150 3211 3211 3150 3151 3212 3212 3151 3152 3213 3213 3152 3153 3214 3214 3153 3154 3215 3215 3154 3155 3216 3216 3155 3156 3217 3217 3156 3157 3218 3218 3157 3158 3219 3219 3158 3159 3220 3220 3159 3160 3221 3221 3160 3161 3222 3222 3161 3162 3223 3223 3162 3163 3224 3224 3163 3164 3225 3225 3164 3165 3226 3226 3165 3166 3227 3227 3166 3167 3228 3228 3167 3168 3229 3229 3168 3169 3230 3230 3169 3170 3231 3231 3170 3171 3232 3233 3172 3173 3234 3234 3173 3174 3235 3235 3174 3175 3236 3236 3175 3176 3237 3237 3176 3177 3238 3238 3177 3178 3239 3239 3178 3179 3240 3240 3179 3180 3241 3241 3180 3181 3242 3242 3181 3182 3243 3243 3182 3183 3244 3244 3183 3184 3245 3245 3184 3185 3246 3246 3185 3186 3247 3247 3186 3187 3248 3248 3187 3188 3249 3249 3188 3189 3250 3250 3189 3190 3251 3251 3190 3191 3252 3252 3191 3192 3253 3253 3192 3193 3254 3254 3193 3194 3255 3255 3194 3195 3256 3256 3195 3196 3257 3257 3196 3197 3258 3258 3197 3198 3259 3259 3198 3199 3260 3260 3199 3200 3261 3261 3200 3201 3262 3262 3201 3202 3263 3263 3202 3203 3264 3264 3203 3204 3265 3265 3204 3205 3266 3266 3205 3206 3267 3267 3206 3207 3268 3268 3207 3208 3269 3269 3208 3209 3270 3270 3209 3210 3271 3271 3210 3211 3272 3272 3211 3212 3273 3273 3212 3213 3274 3274 3213 3214 3275 3275 3214 3215 3276 3276 3215 3216 3277 3277 3216 3217 3278 3278 3217 3218 3279 3279 3218 3219 3280 3280 3219 3220 3281 3281 3220 3221 3282 3282 3221 3222 3283 3283 3222 3223 3284 3284 3223 3224 3285 3285 3224 3225 3286 3286 3225 3226 3287 3287 3226 3227 3288 3288 3227 3228 3289 3289 3228 3229 3290 3290 3229 3230 3291 3291 3230 3231 3292 3292 3231 3232 3293 3294 3233 3234 3295 3295 3234 3235 3296 3296 3235 3236 3297 3297 3236 3237 3298 3298 3237 3238 3299 3299 3238 3239 3300 3300 3239 3240 3301 3301 3240 3241 3302 3302 3241 3242 3303 3303 3242 3243 3304 3304 3243 3244 3305 3305 3244 3245 3306 3306 3245 3246 3307 3307 3246 3247 3308 3308 3247 3248 3309 3309 3248 3249 3310 3310 3249 3250 3311 3311 3250 3251 3312 3312 3251 3252 3313 3313 3252 3253 3314 3314 3253 3254 3315 3315 3254 3255 3316 3316 3255 3256 3317 3317 3256 3257 3318 3318 3257 3258 3319 3319 3258 3259 3320 3320 3259 3260 3321 3321 3260 3261 3322 3322 3261 3262 3323 3323 3262 3263 3324 3324 3263 3264 3325 3325 3264 3265 3326 3326 3265 3266 3327 3327 3266 3267 3328 3328 3267 3268 3329 3329 3268 3269 3330 3330 3269 3270 3331 3331 3270 3271 3332 3332 3271 3272 3333 3333 3272 3273 3334 3334 3273 3274 3335 3335 3274 3275 3336 3336 3275 3276 3337 3337 3276 3277 3338 3338 3277 3278 3339 3339 3278 3279 3340 3340 3279 3280 3341 3341 3280 3281 3342 3342 3281 3282 3343 3343 3282 3283 3344 3344 3283 3284 3345 3345 3284 3285 3346 3346 3285 3286 3347 3347 3286 3287 3348 3348 3287 3288 3349 3349 3288 3289 3350 3350 3289 3290 3351 3351 3290 3291 3352 3352 3291 3292 3353 3353 3292 3293 3354 3355 3294 3295 3356 3356 3295 3296 3357 3357 3296 3297 3358 3358 3297 3298 3359 3359 3298 3299 3360 3360 3299 3300 3361 3361 3300 3301 3362 3362 3301 3302 3363 3363 3302 3303 3364 3364 3303 3304 3365 3365 3304 3305 3366 3366 3305 3306 3367 3367 3306 3307 3368 3368 3307 3308 3369 3369 3308 3309 3370 3370 3309 3310 3371 3371 3310 3311 3372 3372 3311 3312 3373 3373 3312 3313 3374 3374 3313 3314 3375 3375 3314 3315 3376 3376 3315 3316 3377 3377 3316 3317 3378 3378 3317 3318 3379 3379 3318 3319 3380 3380 3319 3320 3381 3381 3320 3321 3382 3382 3321 3322 3383 3383 3322 3323 3384 3384 3323 3324 3385 3385 3324 3325 3386 3386 3325 3326 3387 3387 3326 3327 3388 3388 3327 3328 3389 3389 3328 3329 3390 3390 3329 3330 3391 3391 3330 3331 3392 3392 3331 3332 3393 3393 3332 3333 3394 3394 3333 3334 3395 3395 3334 3335 3396 3396 3335 3336 3397 3397 3336 3337 3398 3398 3337 3338 3399 3399 3338 3339 3400 3400 3339 3340 3401 3401 3340 3341 3402 3402 3341 3342 3403 3403 3342 3343 3404 3404 3343 3344 3405 3405 3344 3345 3406 3406 3345 3346 3407 3407 3346 3347 3408 3408 3347 3348 3409 3409 3348 3349 3410 3410 3349 3350 3411 3411 3350 3351 3412 3412 3351 3352 3413 3413 3352 3353 3414 3414 3353 3354 3415 3416 3355 3356 3417 3417 3356 3357 3418 3418 3357 3358 3419 3419 3358 3359 3420 3420 3359 3360 3421 3421 3360 3361 3422 3422 3361 3362 3423 3423 3362 3363 3424 3424 3363 3364 3425 3425 3364 3365 3426 3426 3365 3366 3427 3427 3366 3367 3428 3428 3367 3368 3429 3429 3368 3369 3430 3430 3369 3370 3431 3431 3370 3371 3432 3432 3371 3372 3433 3433 3372 3373 3434 3434 3373 3374 3435 3435 3374 3375 3436 3436 3375 3376 3437 3437 3376 3377 3438 3438 3377 3378 3439 3439 3378 3379 3440 3440 3379 3380 3441 3441 3380 3381 3442 3442 3381 3382 3443 3443 3382 3383 3444 3444 3383 3384 3445 3445 3384 3385 3446 3446 3385 3386 3447 3447 3386 3387 3448 3448 3387 3388 3449 3449 3388 3389 3450 3450 3389 3390 3451 3451 3390 3391 3452 3452 3391 3392 3453 3453 3392 3393 3454 3454 3393 3394 3455 3455 3394 3395 3456 3456 3395 3396 3457 3457 3396 3397 3458 3458 3397 3398 3459 3459 3398 3399 3460 3460 3399 3400 3461 3461 3400 3401 3462 3462 3401 3402 3463 3463 3402 3403 3464 3464 3403 3404 3465 3465 3404 3405 3466 3466 3405 3406 3467 3467 3406 3407 3468 3468 3407 3408 3469 3469 3408 3409 3470 3470 3409 3410 3471 3471 3410 3411 3472 3472 3411 3412 3473 3473 3412 3413 3474 3474 3413 3414 3475 3475 3414 3415 3476 3477 3416 3417 3478 3478 3417 3418 3479 3479 3418 3419 3480 3480 3419 3420 3481 3481 3420 3421 3482 3482 3421 3422 3483 3483 3422 3423 3484 3484 3423 3424 3485 3485 3424 3425 3486 3486 3425 3426 3487 3487 3426 3427 3488 3488 3427 3428 3489 3489 3428 3429 3490 3490 3429 3430 3491 3491 3430 3431 3492 3492 3431 3432 3493 3493 3432 3433 3494 3494 3433 3434 3495 3495 3434 3435 3496 3496 3435 3436 3497 3497 3436 3437 3498 3498 3437 3438 3499 3499 3438 3439 3500 3500 3439 3440 3501 3501 3440 3441 3502 3502 3441 3442 3503 3503 3442 3443 3504 3504 3443 3444 3505 3505 3444 3445 3506 3506 3445 3446 3507 3507 3446 3447 3508 3508 3447 3448 3509 3509 3448 3449 3510 3510 3449 3450 3511 3511 3450 3451 3512 3512 3451 3452 3513 3513 3452 3453 3514 3514 3453 3454 3515 3515 3454 3455 3516 3516 3455 3456 3517 3517 3456 3457 3518 3518 3457 3458 3519 3519 3458 3459 3520 3520 3459 3460 3521 3521 3460 3461 3522 3522 3461 3462 3523 3523 3462 3463 3524 3524 3463 3464 3525 3525 3464 3465 3526 3526 3465 3466 3527 3527 3466 3467 3528 3528 3467 3468 3529 3529 3468 3469 3530 3530 3469 3470 3531 3531 3470 3471 3532 3532 3471 3472 3533 3533 3472 3473 3534 3534 3473 3474 3535 3535 3474 3475 3536 3536 3475 3476 3537 3538 3477 3478 3539 3539 3478 3479 3540 3540 3479 3480 3541 3541 3480 3481 3542 3542 3481 3482 3543 3543 3482 3483 3544 3544 3483 3484 3545 3545 3484 3485 3546 3546 3485 3486 3547 3547 3486 3487 3548 3548 3487 3488 3549 3549 3488 3489 3550 3550 3489 3490 3551 3551 3490 3491 3552 3552 3491 3492 3553 3553 3492 3493 3554 3554 3493 3494 3555 3555 3494 3495 3556 3556 3495 3496 3557 3557 3496 3497 3558 3558 3497 3498 3559 3559 3498 3499 3560 3560 3499 3500 3561 3561 3500 3501 3562 3562 3501 3502 3563 3563 3502 3503 3564 3564 3503 3504 3565 3565 3504 3505 3566 3566 3505 3506 3567 3567 3506 3507 3568 3568 3507 3508 3569 3569 3508 3509 3570 3570 3509 3510 3571 3571 3510 3511 3572 3572 3511 3512 3573 3573 3512 3513 3574 3574 3513 3514 3575 3575 3514 3515 3576 3576 3515 3516 3577 3577 3516 3517 3578 3578 3517 3518 3579 3579 3518 3519 3580 3580 3519 3520 3581 3581 3520 3521 3582 3582 3521 3522 3583 3583 3522 3523 3584 3584 3523 3524 3585 3585 3524 3525 3586 3586 3525 3526 3587 3587 3526 3527 3588 3588 3527 3528 3589 3589 3528 3529 3590 3590 3529 3530 3591 3591 3530 3531 3592 3592 3531 3532 3593 3593 3532 3533 3594 3594 3533 3534 3595 3595 3534 3535 3596 3596 3535 3536 3597 3597 3536 3537 3598 3599 3538 3539 3600 3600 3539 3540 3601 3601 3540 3541 3602 3602 3541 3542 3603 3603 3542 3543 3604 3604 3543 3544 3605 3605 3544 3545 3606 3606 3545 3546 3607 3607 3546 3547 3608 3608 3547 3548 3609 3609 3548 3549 3610 3610 3549 3550 3611 3611 3550 3551 3612 3612 3551 3552 3613 3613 3552 3553 3614 3614 3553 3554 3615 3615 3554 3555 3616 3616 3555 3556 3617 3617 3556 3557 3618 3618 3557 3558 3619 3619 3558 3559 3620 3620 3559 3560 3621 3621 3560 3561 3622 3622 3561 3562 3623 3623 3562 3563 3624 3624 3563 3564 3625 3625 3564 3565 3626 3626 3565 3566 3627 3627 3566 3567 3628 3628 3567 3568 3629 3629 3568 3569 3630 3630 3569 3570 3631 3631 3570 3571 3632 3632 3571 3572 3633 3633 3572 3573 3634 3634 3573 3574 3635 3635 3574 3575 3636 3636 3575 3576 3637 3637 3576 3577 3638 3638 3577 3578 3639 3639 3578 3579 3640 3640 3579 3580 3641 3641 3580 3581 3642 3642 3581 3582 3643 3643 3582 3583 3644 3644 3583 3584 3645 3645 3584 3585 3646 3646 3585 3586 3647 3647 3586 3587 3648 3648 3587 3588 3649 3649 3588 3589 3650 3650 3589 3590 3651 3651 3590 3591 3652 3652 3591 3592 3653 3653 3592 3593 3654 3654 3593 3594 3655 3655 3594 3595 3656 3656 3595 3596 3657 3657 3596 3597 3658 3658 3597 3598 3659 3660 3599 3600 3661 3661 3600 3601 3662 3662 3601 3602 3663 3663 3602 3603 3664 3664 3603 3604 3665 3665 3604 3605 3666 3666 3605 3606 3667 3667 3606 3607 3668 3668 3607 3608 3669 3669 3608 3609 3670 3670 3609 3610 3671 3671 3610 3611 3672 3672 3611 3612 3673 3673 3612 3613 3674 3674 3613 3614 3675 3675 3614 3615 3676 3676 3615 3616 3677 3677 3616 3617 3678 3678 3617 3618 3679 3679 3618 3619 3680 3680 3619 3620 3681 3681 3620 3621 3682 3682 3621 3622 3683 3683 3622 3623 3684 3684 3623 3624 3685 3685 3624 3625 3686 3686 3625 3626 3687 3687 3626 3627 3688 3688 3627 3628 3689 3689 3628 3629 3690 3690 3629 3630 3691 3691 3630 3631 3692 3692 3631 3632 3693 3693 3632 3633 3694 3694 3633 3634 3695 3695 3634 3635 3696 3696 3635 3636 3697 3697 3636 3637 3698 3698 3637 3638 3699 3699 3638 3639 3700 3700 3639 3640 3701 3701 3640 3641 3702 3702 3641 3642 3703 3703 3642 3643 3704 3704 3643 3644 3705 3705 3644 3645 3706 3706 3645 3646 3707 3707 3646 3647 3708 3708 3647 3648 3709 3709 3648 3649 3710 3710 3649 3650 3711 3711 3650 3651 3712 3712 3651 3652 3713 3713 3652 3653 3714 3714 3653 3654 3715 3715 3654 3655 3716 3716 3655 3656 3717 3717 3656 3657 3718 3718 3657 3658 3719 3719 3658 3659 3720 3721 3660 3661 3722 3722 3661 3662 3723 3723 3662 3663 3724 3724 3663 3664 3725 3725 3664 3665 3726 3726 3665 3666 3727 3727 3666 3667 3728 3728 3667 3668 3729 3729 3668 3669 3730 3730 3669 3670 3731 3731 3670 3671 3732 3732 3671 3672 3733 3733 3672 3673 3734 3734 3673 3674 3735 3735 3674 3675 3736 3736 3675 3676 3737 3737 3676 3677 3738 3738 3677 3678 3739 3739 3678 3679 3740 3740 3679 3680 3741 3741 3680 3681 3742 3742 3681 3682 3743 3743 3682 3683 3744 3744 3683 3684 3745 3745 3684 3685 3746 3746 3685 3686 3747 3747 3686 3687 3748 3748 3687 3688 3749 3749 3688 3689 3750 3750 3689 3690 3751 3751 3690 3691 3752 3752 3691 3692 3753 3753 3692 3693 3754 3754 3693 3694 3755 3755 3694 3695 3756 3756 3695 3696 3757 3757 3696 3697 3758 3758 3697 3698 3759 3759 3698 3699 3760 3760 3699 3700 3761 3761 3700 3701 3762 3762 3701 3702 3763 3763 3702 3703 3764 3764 3703 3704 3765 3765 3704 3705 3766 3766 3705 3706 3767 3767 3706 3707 3768 3768 3707 3708 3769 3769 3708 3709 3770 3770 3709 3710 3771 3771 3710 3711 3772 3772 3711 3712 3773 3773 3712 3713 3774 3774 3713 3714 3775 3775 3714 3715 3776 3776 3715 3716 3777 3777 3716 3717 3778 3778 3717 3718 3779 3779 3718 3719 3780 3780 3719 3720 3781</DataArray>
      <DataArray type="Int32" Name="offsets" format="ascii">4 8 12 16 20 24 28 32 36 40 44 48 52 56 60 64 68 72 76 80 84 88 92 96 100 104 108 112 116 120 124 128 132 136 140 144 148 152 156 160 164 168 172 176 180 184 188 192 196 200 204 208 212 216 220 224 228 232 236 240 244 248 252 256 260 264 268 272 276 280 284 288 292 296 300 304 308 312 316 320 324 328 332 336 340 344 348 352 356 360 364 368 372 376 380 384 388 392 396 400 404 408 412 416 420 424 428 432 436 440 444 448 452 456 460 464 468 472 476 480 484 488 492 496 500 504 508 512 516 520 524 528 532 536 540 544 548 552 556 560 564 568 572 576 580 584 588 592 596 600 604 608 612 616 620 624 628 632 636 640 644 648 652 656 660 664 668 672 676 680 684 688 692 696 700 704 708 712 716 720 724 728 732 736 740 744 748 752 756 760 764 768 772 776 780 784 788 792 796 800 804 808 812 816 820 824 828 832 836 840 844 848 852 856 860 864 868 872 876 880 884 888 892 896 900 904 908 912 916 920 924 928 932 936 940 944 948 952 956 960 964 968 972 976 980 984 988 992 996 1000 1004 1008 1012 1016 1020 1024 1028 1032 1036 1040 1044 1048 1052 1056 1060 1064 1068 1072 1076 1080 1084 1088 1092 1096 1100 1104 1108 1112 1116 1120 1124 1128 1132 1136 1140 1144 1148 1152 1156 1160 1164 1168 1172 1176 1180 1184 1188 1192 1196 1200 1204 1208 1212 1216 1220 1224 1228 1232 1236 1240 1244 1248 1252 1256 1260 1264 1268 1272 1276 1280 1284 1288 1292 1296 1300 1304 1308 1312 1316 1320 1324 1328 1332 1336 1340 1344 1348 1352 1356 1360 1364 1368 1372 1376 1380 1384 1388 1392 1396 1400 1404 1408 1412 1416 1420 1424 1428 1432 1436 1440 1444 1448 1452 1456 1460 1464 1468 1472 1476 1480 1484 1488 1492 1496 1500 1504 1508 1512 1516 1520 1524 1528 1532 1536 1540 1544 1548 1552 1556 1560 1564 1568 1572 1576 1580 1584 1588 1592 1596 1600 1604 1608 1612 1616 1620 1624 1628 1632 1636 1640 1644 1648 1652 1656 1660 1664 1668 1672 1676 1680 1684 1688 1692 1696 1700 1704 1708 1712 1716 1720 1724 1728 1732 1736 1740 1744 1748 1752 1756 1760 1764 1768 1772 1776 1780 1784 1788 1792 1796 1800 1804 1808 1812 1816 1820 1824 1828 1832 1836 1840 1844 1848 1852 1856 1860 1864 1868 1872 1876 1880 1884 1888 1892 1896 1900 1904 1908 1912 1916 1920 1924 1928 1932 1936 1940 1944 1948 1952 1956 1960 1964 1968 1972 1976 1980 1984 1988 1992 1996 2000 2004 2008 2012 2016 2020 2024 2028 2032 2036 2040 2044 2048 2052 2056 2060 2064 2068 2072 2076 2080 2084 2088 2092 2096 2100 2104 2108 2112 2116 2120 2124 2128 2132 2136 2140 2144 2148 2152 2156 2160 2164 2168 2172 2176 2180 2184 2188 2192 2196 2200 2204 2208 2212 2216 2220 2224 2228 2232 2236 2240 2244 2248 2252 2256 2260 2264 2268 2272 2276 2280 2284 2288 2292 2296 2300 2304 2308 2312 2316 2320 2324 2328 2332 2336 2340 2344 2348 2352 2356 2360 2364 2368 2372 2376 2380 2384 2388 2392 2396 2400 2404 2408 2412 2416 2420 2424 2428 2432 2436 2440 2444 2448 2452 2456 2460 2464 2468 2472 2476 2480 2484 2488 2492 2496 2500 2504 2508 2512 2516 2520 2524 2528 2532 2536 2540 2544 2548 2552 2556 2560 2564 2568 2572 2576 2580 2584 2588 2592 2596 2600 2604 2608 2612 2616 2620 2624 2628 2632 2636 2640 2644 2648 2652 2656 2660 2664 2668 2672 2676 2680 2684 2688 2692 2696 2700 2704 2708 2712 2716 2720 2724 2728 2732 2736 2740 2744 2748 2752 2756 2760 2764 2768 2772 2776 2780 2784 2788 2792 2796 2800 2804 2808 2812 2816 2820 2824 2828 2832 2836 2840 2844 2848 2852 2856 2860 2864 2868 2872 2876 2880 2884 2888 2892 2896 2900 2904 2908 2912 2916 2920 2924 2928 2932 2936 2940 2944 2948 2952 2956 2960 2964 2968 2972 2976 2980 2984 2988 2992 2996 3000 3004 3008 3012 3016 3020 3024 3028 3032 3036 3040 3044 3048 3052 3056 3060 3064 3068 3072 3076 3080 3084 3088 3092 3096 3100 3104 3108 3112 3116 3120 3124 3128 3132 3136 3140 3144 3148 3152 3156 3160 3164 3168 3172 3176 3180 3184 3188 3192 3196 3200 3204 3208 3212 3216 3220 3224 3228 3232 3236 3240 3244 3248 3252 3256 3260 3264 3268 3272 3276 3280 3284 3288 3292 3296 3300 3304 3308 3312 3316 3320 3324 3328 3332 3336 3340 3344 3348 3352 3356 3360 3364 3368 3372 3376 3380 3384 3388 3392 3396 3400 3404 3408 3412 3416 3420 3424 3428 3432 3436 3440 3444 3448 3452 3456 3460 3464 3468 3472 3476 3480 3484 3488 3492 3496 3500 3504 3508 3512 3516 3520 3524 3528 3532 3536 3540 3544 3548 3552 3556 3560 3564 3568 3572 3576 3580 3584 3588 3592 3596 3600 3604 3608 3612 3616 3620 3624 3628 3632 3636 3640 3644 3648 3652 3656 3660 3664 3668 3672 3676 3680 3684 3688 3692 3696 3700 3704 3708 3712 3716 3720 3724 3728 3732 3736 3740 3744 3748 3752 3756 3760 3764 3768 3772 3776 3780 3784 3788 3792 3796 3800 3804 3808 3812 3816 3820 3824 3828 3832 3836 3840 3844 3848 3852 3856 3860 3864 3868 3872 3876 3880 3884 3888 3892 3896 3900 3904 3908 3912 3916 3920 3924 3928 3932 3936 3940 3944 3948 3952 3956 3960 3964 3968 3972 3976 3980 3984 3988 3992 3996 4000 4004 4008 4012 4016 4020 4024 4028 4032 4036 4040 4044 4048 4052 4056 4060 4064 4068 4072 4076 4080 4084 4088 4092 4096 4100 4104 4108 4112 4116 4120 4124 4128 4132 4136 4140 4144 4148 4152 4156 4160 4164 4168 4172 4176 4180 4184 4188 4192 4196 4200 4204 4208 4212 4216 4220 4224 4228 4232 4236 4240 4244 4248 4252 4256 4260 4264 4268 4272 4276 4280 4284 4288 4292 4296 4300 4304 4308 4312 4316 4320 4324 4328 4332 4336 4340 4344 4348 4352 4356 4360 4364 4368 4372 4376 4380 4384 4388 4392 4396 4400 4404 4408 4412 4416 4420 4424 4428 4432 4436 4440 4444 4448 4452 4456 4460 4464 4468 4472 4476 4480 4484 4488 4492 4496 4500 4504 4508 4512 4516 4520 4524 4528 4532 4536 4540 4544 4548 4552 4556 4560 4564 4568 4572 4576 4580 4584 4588 4592 4596 4600 4604 4608 4612 4616 4620 4624 4628 4632 4636 4640 4644 4648 4652 4656 4660 4664 4668 4672 4676 4680 4684 4688 4692 4696 4700 4704 4708 4712 4716 4720 4724 4728 4732 4736 4740 4744 4748 4752 4756 4760 4764 4768 4772 4776 4780 4784 4788 4792 4796 4800 4804 4808 4812 4816 4820 4824 4828 4832 4836 4840 4844 4848 4852 4856 4860 4864 4868 4872 4876 4880 4884 4888 4892 4896 4900 4904 4908 4912 4916 4920 4924 4928 4932 4936 4940 4944 4948 4952 4956 4960 4964 4968 4972 4976 4980 4984 4988 4992 4996 5000 5004 5008 5012 5016 5020 5024 5028 5032 5036 5040 5044 5048 5052 5056 5060 5064 5068 5072 5076 5080 5084 5088 5092 5096 5100 5104 5108 5112 5116 5120 5124 5128 5132 5136 5140 5144 5148 5152 5156 5160 5164 5168 5172 5176 5180 5184 5188 5192 5196 5200 5204 5208 5212 5216 5220 5224 5228 5232 5236 5240 5244 5248 5252 5256 5260 5264 5268 5272 5276 5280 5284 5288 5292 5296 5300 5304 5308 5312 5316 5320 5324 5328 5332 5336 5340 5344 5348 5352 5356 5360 5364 5368 5372 5376 5380 5384 5388 5392 5396 5400 5404 5408 5412 5416 5420 5424 5428 5432 5436 5440 5444 5448 5452 5456 5460 5464 5468 5472 5476 5480 5484 5488 5492 5496 5500 5504 5508 5512 5516 5520 5524 5528 5532 5536 5540 5544 5548 5552 5556 5560 5564 5568 5572 5576 5580 5584 5588 5592 5596 5600 5604 5608 5612 5616 5620 5624 5628 5632 5636 5640 5644 5648 5652 5656 5660 5664 5668 5672 5676 5680 5684 5688 5692 5696 5700 5704 5708 5712 5716 5720 5724 5728 5732 5736 5740 5744 5748 5752 5756 5760 5764 5768 5772 5776 5780 5784 5788 5792 5796 5800 5804 5808 5812 5816 5820 5824 5828 5832 5836 5840 5844 5848 5852 5856 5860 5864 5868 5872 5876 5880 5884 5888 5892 5896 5900 5904 5908 5912 5916 5920 5924 5928 5932 5936 5940 5944 5948 5952 5956 5960 5964 5968 5972 5976 5980 5984 5988 5992 5996 6000 6004 6008 6012 6016 6020 6024 6028 6032 6036 6040 6044 6048 6052 6056 6060 6064 6068 6072 6076 6080 6084 6088 6092 6096 6100 6104 6108 6112 6116 6120 6124 6128 6132 6136 6140 6144 6148 6152 6156 6160 6164 6168 6172 6176 6180 6184 6188 6192 6196 6200 6204 6208 6212 6216 6220 6224 6228 6232 6236 6240 6244 6248 6252 6256 6260 6264 6268 6272 6276 6280 6284 6288 6292 6296 6300 6304 6308 6312 6316 6320 6324 6328 6332 6336 6340 6344 6348 6352 6356 6360 6364 6368 6372 6376 6380 6384 6388 6392 6396 6400 6404 6408 6412 6416 6420 6424 6428 6432 6436 6440 6444 6448 6452 6456 6460 6464 6468 6472 6476 6480 6484 6488 6492 6496 6500 6504 6508 6512 6516 6520 6524 6528 6532 6536 6540 6544 6548 6552 6556 6560 6564 6568 6572 6576 6580 6584 6588 6592 6596 6600 6604 6608 6612 6616 6620 6624 6628 6632 6636 6640 6644 6648 6652 6656 6660 6664 6668 6672 6676 6680 6684 6688 6692 6696 6700 6704 6708 6712 6716 6720 6724 6728 6732 6736 6740 6744 6748 6752 6756 6760 6764 6768 6772 6776 6780 6784 6788 6792 6796 6800 6804 6808 6812 6816 6820 6824 6828 6832 6836 6840 6844 6848 6852 6856 6860 6864 6868 6872 6876 6880 6884 6888 6892 6896 6900 6904 6908 6912 6916 6920 6924 6928 6932 6936 6940 6944 6948 6952 6956 6960 6964 6968 6972 6976 6980 6984 6988 6992 6996 7000 7004 7008 7012 7016 7020 7024 7028 7032 7036 7040 7044 7048 7052 7056 7060 7064 7068 7072 7076 7080 7084 7088 7092 7096 7100 7104 7108 7112 7116 7120 7124 7128 7132 7136 7140 7144 7148 7152 7156 7160 7164 7168 7172 7176 7180 7184 7188 7192 7196 7200 7204 7208 7212 7216 7220 7224 7228 7232 7236 7240 7244 7248 7252 7256 7260 7264 7268 7272 7276 7280 7284 7288 7292 7296 7300 7304 7308 7312 7316 7320 7324 7328 7332 7336 7340 7344 7348 7352 7356 7360 7364 7368 7372 7376 7380 7384 7388 7392 7396 7400 7404 7408 7412 7416 7420 7424 7428 7432 7436 7440 7444 7448 7452 7456 7460 7464 7468 7472 7476 7480 7484 7488 7492 7496 7500 7504 7508 7512 7516 7520 7524 7528 7532 7536 7540 7544 7548 7552 7556 7560 7564 7568 7572 7576 7580 7584 7588 7592 7596 7600 7604 7608 7612 7616 7620 7624 7628 7632 7636 7640 7644 7648 7652 7656 7660 7664 7668 7672 7676 7680 7684 7688 7692 7696 7700 7704 7708 7712 7716 7720 7724 7728 7732 7736 7740 7744 7748 7752 7756 7760 7764 7768 7772 7776 7780 7784 7788 7792 7796 7800 7804 7808 7812 7816 7820 7824 7828 7832 7836 7840 7844 7848 7852 7856 7860 7864 7868 7872 7876 7880 7884 7888 7892 7896 7900 7904 7908 7912 7916 7920 7924 7928 7932 7936 7940 7944 7948 7952 7956 7960 7964 7968 7972 7976 7980 7984 7988 7992 7996 8000 8004 8008 8012 8016 8020 8024 8028 8032 8036 8040 8044 8048 8052 8056 8060 8064 8068 8072 8076 8080 8084 8088 8092 8096 8100 8104 8108 8112 8116 8120 8124 8128 8132 8136 8140 8144 8148 8152 8156 8160 8164 8168 8172 8176 8180 8184 8188 8192 8196 8200 8204 8208 8212 8216 8220 8224 8228 8232 8236 8240 8244 8248 8252 8256 8260 8264 8268 8272 8276 8280 8284 8288 8292 8296 8300 8304 8308 8312 8316 8320 8324 8328 8332 8336 8340 8344 8348 8352 8356 8360 8364 8368 8372 8376 8380 8384 8388 8392 8396 8400 8404 8408 8412 8416 8420 8424 8428 8432 8436 8440 8444 8448 8452 8456 8460 8464 8468 8472 8476 8480 8484 8488 8492 8496 8500 8504 8508 8512 8516 8520 8524 8528 8532 8536 8540 8544 8548 8552 8556 8560 8564 8568 8572 8576 8580 8584 8588 8592 8596 8600 8604 8608 8612 8616 8620 8624 8628 8632 8636 8640 8644 8648 8652 8656 8660 8664 8668 8672 8676 8680 8684 8688 8692 8696 8700 8704 8708 8712 8716 8720 8724 8728 8732 8736 8740 8744 8748 8752 8756 8760 8764 8768 8772 8776 8780 8784 8788 8792 8796 8800 8804 8808 8812 8816 8820 8824 8828 8832 8836 8840 8844 8848 8852 8856 8860 8864 8868 8872 8876 8880 8884 8888 8892 8896 8900 8904 8908 8912 8916 8920 8924 8928 8932 8936 8940 8944 8948 8952 8956 8960 8964 8968 8972 8976 8980 8984 8988 8992 8996 9000 9004 9008 9012 9016 9020 9024 9028 9032 9036 9040 9044 9048 9052 9056 9060 9064 9068 9072 9076 9080 9084 9088 9092 9096 9100 9104 9108 9112 9116 9120 9124 9128 9132 9136 9140 9144 9148 9152 9156 9160 9164 9168 9172 9176 9180 9184 9188 9192 9196 9200 9204 9208 9212 9216 9220 9224 9228 9232 9236 9240 9244 9248 9252 9256 9260 9264 9268 9272 9276 9280 9284 9288 9292 9296 9300 9304 9308 9312 9316 9320 9324 9328 9332 9336 9340 9344 9348 9352 9356 9360 9364 9368 9372 9376 9380 9384 9388 9392 9396 9400 9404 9408 9412 9416 9420 9424 9428 9432 9436 9440 9444 9448 9452 9456 9460 9464 9468 9472 9476 9480 9484 9488 9492 9496 9500 9504 9508 9512 9516 9520 9524 9528 9532 9536 9540 9544 9548 9552 9556 9560 9564 9568 9572 9576 9580 9584 9588 9592 9596 9600 9604 9608 9612 9616 9620 9624 9628 9632 9636 9640 9644 9648 9652 9656 9660 9664 9668 9672 9676 9680 9684 9688 9692 9696 9700 9704 9708 9712 9716 9720 9724 9728 9732 9736 9740 9744 9748 9752 9756 9760 9764 9768 9772 9776 9780 9784 9788 9792 9796 9800 9804 9808 9812 9816 9820 9824 9828 9832 9836 9840 9844 9848 9852 9856 9860 9864 9868 9872 9876 9880 9884 9888 9892 9896 9900 9904 9908 9912 9916 9920 9924 9928 9932 9936 9940 9944 9948 9952 9956 9960 9964 9968 9972 9976 9980 9984 9988 9992 9996 10000 10004 10008 10012 10016 10020 10024 10028 10032 10036 10040 10044 10048 10052 10056 10060 10064 10068 10072 10076 10080 10084 10088 10092 10096 10100 10104 10108 10112 10116 10120 10124 10128 10132 10136 10140 10144 10148 10152 10156 10160 10164 10168 10172 10176 10180 10184 10188 10192 10196 10200 10204 10208 10212 10216 10220 10224 10228 10232 10236 10240 10244 10248 10252 10256 10260 10264 10268 10272 10276 10280 10284 10288 10292 10296 10300 10304 10308 10312 10316 10320 10324 10328 10332 10336 10340 10344 10348 10352 10356 10360 10364 10368 10372 10376 10380 10384 10388 10392 10396 10400 10404 10408 10412 10416 10420 10424 10428 10432 10436 10440 10444 10448 10452 10456 10460 10464 10468 10472 10476 10480 10484 10488 10492 10496 10500 10504 10508 10512 10516 10520 10524 10528 10532 10536 10540 10544 10548 10552 10556 10560 10564 10568 10572 10576 10580 10584 10588 10592 10596 10600 10604 10608 10612 10616 10620 10624 10628 10632 10636 10640 10644 10648 10652 10656 10660 10664 10668 10672 10676 10680 10684 10688 10692 10696 10700 10704 10708 10712 10716 10720 10724 10728 10732 10736 10740 10744 10748 10752 10756 10760 10764 10768 10772 10776 10780 10784 10788 10792 10796 10800 10804 10808 10812 10816 10820 10824 10828 10832 10836 10840 10844 10848 10852 10856 10860 10864 10868 10872 10876 10880 10884 10888 10892 10896 10900 10904 10908 10912 10916 10920 10924 10928 10932 10936 10940 10944 10948 10952 10956 10960 10964 10968 10972 10976 10980 10984 10988 10992 10996 11000 11004 11008 11012 11016 11020 11024 11028 11032 11036 11040 11044 11048 11052 11056 11060 11064 11068 11072 11076 11080 11084 11088 11092 11096 11100 11104 11108 11112 11116 11120 11124 11128 11132 11136 11140 11144 11148 11152 11156 11160 11164 11168 11172 11176 11180 11184 11188 11192 11196 11200 11204 11208 11212 11216 11220 11224 11228 11232 11236 11240 11244 11248 11252 11256 11260 11264 11268 11272 11276 11280 11284 11288 11292 11296 11300 11304 11308 11312 11316 11320 11324 11328 11332 11336 11340 11344 11348 11352 11356 11360 11364 11368 11372 11376 11380 11384 11388 11392 11396 11400 11404 11408 11412 11416 11420 11424 11428 11432 11436 11440 11444 11448 11452 11456 11460 11464 11468 11472 11476 11480 11484 11488 11492 11496 11500 11504 11508 11512 11516 11520 11524 11528 11532 11536 11540 11544 11548 11552 11556 11560 11564 11568 11572 11576 11580 11584 11588 11592 11596 11600 11604 11608 11612 11616 11620 11624 11628 11632 11636 11640 11644 11648 11652 11656 11660 11664 11668 11672 11676 11680 11684 11688 11692 11696 11700 11704 11708 11712 11716 11720 11724 11728 11732 11736 11740 11744 11748 11752 11756 11760 11764 11768 11772 11776 11780 11784 11788 11792 11796 11800 11804 11808 11812 11816 11820 11824 11828 11832 11836 11840 11844 11848 11852 11856 11860 11864 11868 11872 11876 11880 11884 11888 11892 11896 11900 11904 11908 11912 11916 11920 11924 11928 11932 11936 11940 11944 11948 11952 11956 11960 11964 11968 11972 11976 11980 11984 11988 11992 11996 12000 12004 12008 12012 12016 12020 12024 12028 12032 12036 12040 12044 12048 12052 12056 12060 12064 12068 12072 12076 12080 12084 12088 12092 12096 12100 12104 12108 12112 12116 12120 12124 12128 12132 12136 12140 12144 12148 12152 12156 12160 12164 12168 12172 12176 12180 12184 12188 12192 12196 12200 12204 12208 12212 12216 12220 12224 12228 12232 12236 12240 12244 12248 12252 12256 12260 12264 12268 12272 12276 12280 12284 12288 12292 12296 12300 12304 12308 12312 12316 12320 12324 12328 12332 12336 12340 12344 12348 12352 12356 12360 12364 12368 12372 12376 12380 12384 12388 12392 12396 12400 12404 12408 12412 12416 12420 12424 12428 12432 12436 12440 12444 12448 12452 12456 12460 12464 12468 12472 12476 12480 12484 12488 12492 12496 12500 12504 12508 12512 12516 12520 12524 12528 12532 12536 12540 12544 12548 12552 12556 12560 12564 12568 12572 12576 12580 12584 12588 12592 12596 12600 12604 12608 12612 12616 12620 12624 12628 12632 12636 12640 12644 12648 12652 12656 12660 12664 12668 12672 12676 12680 12684 12688 12692 12696 12700 12704 12708 12712 12716 12720 12724 12728 12732 12736 12740 12744 12748 12752 12756 12760 12764 12768 12772 12776 12780 12784 12788 12792 12796 12800 12804 12808 12812 12816 12820 12824 12828 12832 12836 12840 12844 12848 12852 12856 12860 12864 12868 12872 12876 12880 12884 12888 12892 12896 12900 12904 12908 12912 12916 12920 12924 12928 12932 12936 12940 12944 12948 12952 12956 12960 12964 12968 12972 12976 12980 12984 12988 12992 12996 13000 13004 13008 13012 13016 13020 13024 13028 13032 13036 13040 13044 13048 13052 13056 13060 13064 13068 13072 13076 13080 13084 13088 13092 13096 13100 13104 13108 13112 13116 13120 13124 13128 13132 13136 13140 13144 13148 13152 13156 13160 13164 13168 13172 13176 13180 13184 13188 13192 13196 13200 13204 13208 13212 13216 13220 13224 13228 13232 13236 13240 13244 13248 13252 13256 13260 13264 13268 13272 13276 13280 13284 13288 13292 13296 13300 13304 13308 13312 13316 13320 13324 13328 13332 13336 13340 13344 13348 13352 13356 13360 13364 13368 13372 13376 13380 13384 13388 13392 13396 13400 13404 13408 13412 13416 13420 13424 13428 13432 13436 13440 13444 13448 13452 13456 13460 13464 13468 13472 13476 13480 13484 13488 13492 13496 13500 13504 13508 13512 13516 13520 13524 13528 13532 13536 13540 13544 13548 13552 13556 13560 13564 13568 13572 13576 13580 13584 13588 13592 13596 13600 13604 13608 13612 13616 13620 13624 13628 13632 13636 13640 13644 13648 13652 13656 13660 13664 13668 13672 13676 13680 13684 13688 13692 13696 13700 13704 13708 13712 13716 13720 13724 13728 13732 13736 13740 13744 13748 13752 13756 13760 13764 13768 13772 13776 13780 13784 13788 13792 13796 13800 13804 13808 13812 13816 13820 13824 13828 13832 13836 13840 13844 13848 13852 13856 13860 13864 13868 13872 13876 13880 13884 13888 13892 13896 13900 13904 13908 13912 13916 13920 13924 13928 13932 13936 13940 13944 13948 13952 13956 13960 13964 13968 13972 13976 13980 13984 13988 13992 13996 14000 14004 14008 14012 14016 14020 14024 14028 14032 14036 14040 14044 14048 14052 14056 14060 14064 14068 14072 14076 14080 14084 14088 14092 14096 14100 14104 14108 14112 14116 14120 14124 14128 14132 14136 14140 14144 14148 14152 14156 14160 14164 14168 14172 14176 14180 14184 14188 14192 14196 14200 14204 14208 14212 14216 14220 14224 14228 14232 14236 14240 14244 14248 14252 14256 14260 14264 14268 14272 14276 14280 14284 14288 14292 14296 14300 14304 14308 14312 14316 14320 14324 14328 14332 14336 14340 14344 14348 14352 14356 14360 14364 14368 14372 14376 14380 14384 14388 14392 14396 14400 14404 14408 14412 14416 14420 14424 14428 14432 14436 14440 14444 14448 14452 14456 14460 14464 14468 14472 14476 14480 14484 14488 14492 14496 14500 14504 14508 14512 14516 14520 14524 14528 14532 14536 14540 14544 14548 14552 14556 14560 14564 14568 14572 14576 14580 14584 14588 14592 14596 14600 14604 14608 14612 14616 14620 14624 14628 14632 14636 14640 14644 14648 14652 14656 14660 14664 14668 14672 14676 14680 14684 14688 14692 14696 14700 14704 14708 14712 14716 14720 14724 14728 14732 14736 14740 14744 14748 14752 14756 14760 14764 14768 14772 14776 14780 14784 14788 14792 14796 14800 14804 14808 14812 14816 14820 14824 14828 14832 14836 14840 14844 14848 14852 14856 14860 14864 14868 14872 14876 14880 14884 14888 14892 14896 14900 14904 14908 14912 14916 14920 14924 14928 14932 14936 14940 14944 14948 14952 14956 14960 14964 14968 14972 14976 14980 14984 14988 14992 14996 15000 15004 15008 15012 15016 15020 15024 15028 15032 15036 15040 15044 15048 15052 15056 15060 15064 15068 15072 15076 15080 15084 15088 15092 15096 15100 15104 15108 15112 15116 15120 15124 15128 15132 15136 15140 15144 15148 15152 15156 15160 15164 15168 15172 15176 15180 15184 15188 15192 15196 15200 15204 15208 15212 15216 15220 15224 15228 15232 15236 15240 15244 15248 15252 15256 15260 15264 15268 15272 15276 15280 15284 15288 15292 15296 15300 15304 15308 15312 15316 15320 15324 15328 15332 15336 15340 15344 15348 15352 15356 15360 15364 15368 15372 15376 15380 15384 15388 15392 15396 15400 15404 15408 15412 15416 15420 15424 15428 15432 15436 15440 15444 15448 15452 15456 15460 15464 15468 15472 15476 15480 15484 15488 15492 15496 15500 15504 15508 15512 15516 15520 15524 15528 15532 15536 15540 15544 15548 15552 15556 15560 15564 15568 15572 15576 15580 15584 15588 15592 15596 15600 15604 15608 15612 15616 15620 15624 15628 15632 15636 15640 15644 15648 15652 15656 15660 15664 15668 15672 15676 15680 15684 15688 15692 15696 15700 15704 15708 15712 15716 15720 15724 15728 15732 15736 15740 15744 15748 15752 15756 15760 15764 15768 15772 15776 15780 15784 15788 15792 15796 15800 15804 15808 15812 15816 15820 15824 15828 15832 15836 15840 15844 15848 15852 15856 15860 15864 15868 15872 15876 15880 15884 15888 15892 15896 15900 15904 15908 15912 15916 15920 15924 15928 15932 15936 15940 15944 15948 15952 15956 15960 15964 15968 15972 15976 15980 15984 15988 15992 15996 16000 16004 16008 16012 16016 16020 16024 16028 16032 16036 16040 16044 16048 16052 16056 16060 16064 16068 16072 16076 16080 16084 16088 16092 16096 16100 16104 16108 16112 16116 16120 16124 16128 16132 16136 16140 16144 16148 16152 16156 16160 16164 16168 16172 16176 16180 16184 16188 16192 16196 16200 16204 16208 16212 16216 16220 16224 16228 16232 16236 16240 16244 16248 16252 16256 16260 16264 16268 16272 16276 16280 16284 16288 16292 16296 16300 16304 16308 16312 16316 16320 16324 16328 16332 16336 16340 16344 16348 16352 16356 16360 16364 16368 16372 16376 16380 16384 16388 16392 16396 16400 16404 16408 16412 16416 16420 16424 16428 16432 16436 16440 16444 16448 16452 16456 16460 16464 16468 16472 16476 16480 16484 16488 16492 16496 16500 16504 16508 16512 16516 16520 16524 16528 16532 16536 16540 16544 16548 16552 16556 16560 16564 16568 16572 16576 16580 16584 16588 16592 16596 16600 16604 16608 16612 16616 16620 16624 16628 16632 16636 16640 16644 16648 16652 16656 16660 16664 16668 16672 16676 16680 16684 16688 16692 16696 16700 16704 16708 16712 16716 16720 16724 16728 16732 16736 16740 16744 16748 16752 16756 16760 16764 16768 16772 16776 16780 16784 16788 16792 16796 16800 16804 16808 16812 16816 16820 16824 16828 16832 16836 16840 16844 16848 16852 16856 16860 16864 16868 16872 16876 16880 16884 16888 16892 16896 16900 16904 16908 16912 16916 16920 16924 16928 16932 16936 16940 16944 16948 16952 16956 16960 16964 16968 16972 16976 16980 16984 16988 16992 16996 17000 17004 17008 17012 17016 17020 17024 17028 17032 17036 17040 17044 17048 17052 17056 17060 17064 17068 17072 17076 17080 17084 17088 17092 17096 17100 17104 17108 17112 17116 17120 17124 17128 17132 17136 17140 17144 17148 17152 17156 17160 17164 17168 17172 17176 17180 17184 17188 17192 17196 17200 17204 17208 17212 17216 17220 17224 17228 17232 17236 17240 17244 17248 17252 17256 17260 17264 17268 17272 17276 17280 17284 17288 17292 17296 17300 17304 17308 17312 17316 17320 17324 17328 17332 17336 17340 17344 17348 17352 17356 17360 17364 17368 17372 17376 17380 17384 17388 17392 17396 17400 17404 17408 17412 17416 17420 17424 17428 17432 17436 17440 17444 17448 17452 17456 17460 17464 17468 17472 17476 17480 17484 17488 17492 17496 17500 17504 17508 17512 17516 17520 17524 17528 17532 17536 17540 17544 17548 17552 17556 17560 17564 17568 17572 17576 17580 17584 17588 17592 17596 17600 17604 17608 17612 17616 17620 17624 17628 17632 17636 17640 17644 17648 17652 17656 17660 17664 17668 17672 17676 17680 17684 17688 17692 17696 17700 17704 17708 17712 17716 17720 17724 17728 17732 17736 17740 17744 17748 17752 17756 17760 17764 17768 17772 17776 17780 17784 17788 17792 17796 17800 17804 17808 17812 17816 17820 17824 17828 17832 17836 17840 17844 17848 17852 17856 17860 17864 17868 17872 17876 17880 17884 17888 17892 17896 17900 17904 17908 17912 17916 17920 17924 17928 17932 17936 17940 17944 17948 17952 17956 17960 17964 17968 17972 17976 17980 17984 17988 17992 17996 18000 18004 18008 18012 18016 18020 18024 18028 18032 18036 18040 18044 18048 18052 18056 18060 18064 18068 18072 18076 18080 18084 18088 18092 18096 18100 18104 18108 18112 18116 18120 18124 18128 18132 18136 18140 18144 18148 18152 18156 18160 18164 18168 18172 18176 18180 18184 18188 18192 18196 18200 18204 18208 18212 18216 18220 18224 18228 18232 18236 18240 18244 18248 18252 18256 18260 18264 18268 18272 18276 18280 18284 18288 18292 18296 18300 18304 18308 18312 18316 18320 18324 18328 18332 18336 18340 18344 18348 18352 18356 18360 18364 18368 18372 18376 18380 18384 18388 18392 18396 18400 18404 18408 18412 18416 18420 18424 18428 18432 18436 18440 18444 18448 18452 18456 18460 18464 18468 18472 18476 18480 18484 18488 18492 18496 18500 18504 18508 18512 18516 18520 18524 18528 18532 18536 18540 18544 18548 18552 18556 18560 18564 18568 18572 18576 18580 18584 18588 18592 18596 18600 18604 18608 18612 18616 18620 18624 18628 18632 18636 18640 18644 18648 18652 18656 18660 18664 18668 18672 18676 18680 18684 18688 18692 18696 18700 18704 18708 18712 18716 18720 18724 18728 18732 18736 18740 18744 18748 18752 18756 18760 18764 18768 18772 18776 18780 18784 18788 18792 18796 18800 18804 18808 18812 18816 18820 18824 18828 18832 18836 18840 18844 18848 18852 18856 18860 18864 18868 18872 18876 18880 18884 18888 18892 18896 18900 18904 18908 18912 18916 18920 18924 18928 18932 18936 18940 18944 18948 18952 18956 18960 18964 18968 18972 18976 18980 18984 18988 18992 18996 19000 19004 19008 19012 19016 19020 19024 19028 19032 19036 19040 19044 19048 19052 19056 19060 19064 19068 19072 19076 19080 19084 19088 19092 19096 19100 19104 19108 19112 19116 19120 19124 19128 19132 19136 19140 19144 19148 19152 19156 19160 19164 19168 19172 19176 19180 19184 19188 19192 19196 19200 19204 19208 19212 19216 19220 19224 19228 19232 19236 19240 19244 19248 19252 19256 19260 19264 19268 19272 19276 19280 19284 19288 19292 19296 19300 19304 19308 19312 19316 19320 19324 19328 19332 19336 19340 19344 19348 19352 19356 19360 19364 19368 19372 19376 19380 19384 19388 19392 19396 19400 19404 19408 19412 19416 19420 19424 19428 19432 19436 19440 19444 19448 19452 19456 19460 19464 19468 19472 19476 19480 19484 19488 19492 19496 19500 19504 19508 19512 19516 19520 19524 19528 19532 19536 19540 19544 19548 19552 19556 19560 19564 19568 19572 19576 19580 19584 19588 19592 19596 19600 19604 19608 19612 19616 19620 19624 19628 19632 19636 19640 19644 19648 19652 19656 19660 19664 19668 19672 19676 19680 19684 19688 19692 19696 19700 19704 19708 19712 19716 19720 19724 19728 19732 19736 19740 19744 19748 19752 19756 19760 19764 19768 19772 19776 19780 19784 19788 19792 19796 19800 19804 19808 19812 19816 19820 19824 19828 19832 19836 19840 19844 19848 19852 19856 19860 19864 19868 19872 19876 19880 19884 19888 19892 19896 19900 19904 19908 19912 19916 19920 19924 19928 19932 19936 19940 19944 19948 19952 19956 19960 19964 19968 19972 19976 19980 19984 19988 19992 19996 20000 20004 20008 20012 20016 20020 20024 20028 20032 20036 20040 20044 20048 20052 20056 20060 20064 20068 20072 20076 20080 20084 20088 20092 20096 20100 20104 20108 20112 20116 20120 20124 20128 20132 20136 20140 20144 20148 20152 20156 20160 20164 20168 20172 20176 20180 20184 20188 20192 20196 20200 20204 20208 20212 20216 20220 20224 20228 20232 20236 20240 20244 20248 20252 20256 20260 20264 20268 20272 20276 20280 20284 20288 20292 20296 20300 20304 20308 20312 20316 20320 20324 20328 20332 20336 20340 20344 20348 20352 20356 20360 20364 20368 20372 20376 20380 20384 20388 20392 20396 20400 20404 20408 20412 20416 20420 20424 20428 20432 20436 20440 20444 20448 20452 20456 20460 20464 20468 20472 20476 20480 20484 20488 20492 20496 20500 20504 20508 20512 20516 20520 20524 20528 20532 20536 20540 20544 20548 20552 20556 20560 20564 20568 20572 20576 20580 20584 20588 20592 20596 20600 20604 20608 20612 20616 20620 20624 20628 20632 20636 20640 20644 20648 20652 20656 20660 20664 20668 20672 20676 20680 20684 20688 20692 20696 20700 20704 20708 20712 20716 20720 20724 20728 20732 20736 20740 20744 20748 20752 20756 20760 20764 20768 20772 20776 20780 20784 20788 20792 20796 20800 20804 20808 20812 20816 20820 20824 20828 20832 20836 20840 20844 20848 20852 20856 20860 20864 20868 20872 20876 20880 20884 20888 20892 20896 20900 20904 20908 20912 20916 20920 20924 20928 20932 20936 20940 20944 20948 20952 20956 20960 20964 20968 20972 20976 20980 20984 20988 20992 20996 21000 21004 21008 21012 21016 21020 21024 21028 21032 21036 21040 21044 21048 21052 21056 21060 21064 21068 21072 21076 21080 21084 21088 21092 21096 21100 21104 21108 21112 21116 21120 21124 21128 21132 21136 21140 21144 21148 21152 21156 21160 21164 21168 21172 21176 21180 21184 21188 21192 21196 21200 21204 21208 21212 21216 21220 21224 21228 21232 21236 21240 21244 21248 21252 21256 21260 21264 21268 21272 21276 21280 21284 21288 21292 21296 21300 21304 21308 21312 21316 21320 21324 21328 21332 21336 21340 21344 21348 21352 21356 21360 21364 21368 21372 21376 21380 21384 21388 21392 21396 21400 21404 21408 21412 21416 21420 21424 21428 21432 21436 21440 21444 21448 21452 21456 21460 21464 21468 21472 21476 21480 21484 21488 21492 21496 21500 21504 21508 21512 21516 21520 21524 21528 21532 21536 21540 21544 21548 21552 21556 21560 21564 21568 21572 21576 21580 21584 21588 21592 21596 21600 21604 21608 21612 21616 21620 21624 21628 21632 21636 21640 21644 21648 21652 21656 21660 21664 21668 21672 21676 21680 21684 21688 21692 21696 21700 21704 21708 21712 21716 21720 21724 21728 21732 21736 21740 21744 21748 21752 21756 21760 21764 21768 21772 21776 21780 21784 21788 21792 21796 21800 21804 21808 21812 21816 21820 21824 21828 21832 21836 21840 21844 21848 21852 21856 21860 21864 21868 21872 21876 21880 21884 21888 21892 21896 21900 21904 21908 21912 21916 21920 21924 21928 21932 21936 21940 21944 21948 21952 21956 21960 21964 21968 21972 21976 21980 21984 21988 21992 21996 22000 22004 22008 22012 22016 22020 22024 22028 22032 22036 22040 22044 22048 22052 22056 22060 22064 22068 22072 22076 22080 22084 22088 22092 22096 22100 22104 22108 22112 22116 22120 22124 22128 22132 22136 22140 22144 22148 22152 22156 22160 22164 22168 22172 22176 22180 22184 22188 22192 22196 22200 22204 22208 22212 22216 22220 22224 22228 22232 22236 22240 22244 22248 22252 22256 22260 22264 22268 22272 22276 22280 22284 22288 22292 22296 22300 22304 22308 22312 22316 22320 22324 22328 22332 22336 22340 22344 22348 22352 22356 22360 22364 22368 22372 22376 22380 22384 22388 22392 22396 22400 22404 22408 22412 22416 22420 22424 22428 22432 22436 22440 22444 22448 22452 22456 22460 22464 22468 22472 22476 22480 22484 22488 22492 22496 22500 22504 22508 22512 22516 22520 22524 22528 22532 22536 22540 22544 22548 22552 22556 22560 22564 22568 22572 22576 22580 22584 22588 22592 22596 22600 22604 22608 22612 22616 22620 22624 22628 22632 22636 22640 22644 22648 22652 22656 22660 22664 22668 22672 22676 22680 22684 22688 22692 22696 22700 22704 22708 22712 22716 22720 22724 22728 22732 22736 22740 22744 22748 22752 22756 22760 22764 22768 22772 22776 22780 22784 22788 22792 22796 22800 22804 22808 22812 22816 22820 22824 22828 22832 22836 22840 22844 22848 22852 22856 22860 22864 22868 22872 22876 22880 22884 22888 22892 22896 22900 22904 22908 22912 22916 22920 22924 22928 22932 22936 22940 22944 22948 22952 22956 22960 22964 22968 22972 22976 22980 22984 22988 22992 22996 23000 23004 23008 23012 23016 23020 23024 23028 23032 23036 23040 23044 23048 23052 23056 23060 23064 23068 23072 23076 23080 23084 23088 23092 23096 23100 23104 23108 23112 23116 23120 23124 23128 23132 23136 23140 23144 23148 23152 23156 23160 23164 23168 23172 23176 23180 23184 23188 23192 23196 23200 23204 23208 23212 23216 23220 23224 23228 23232 23236 23240 23244 23248 23252 23256 23260 23264 23268 23272 23276 23280 23284 23288 23292 23296 23300 23304 23308 23312 23316 23320 23324 23328 23332 23336 23340 23344 23348 23352 23356 23360 23364 23368 23372 23376 23380 23384 23388 23392 23396 23400 23404 23408 23412 23416 23420 23424 23428 23432 23436 23440 23444 23448 23452 23456 23460 23464 23468 23472 23476 23480 23484 23488 23492 23496 23500 23504 23508 23512 23516 23520 23524 23528 23532 23536 23540 23544 23548 23552 23556 23560 23564 23568 23572 23576 23580 23584 23588 23592 23596 23600 23604 23608 23612 23616 23620 23624 23628 23632 23636 23640 23644 23648 23652 23656 23660 23664 23668 23672 23676 23680 23684 23688 23692 23696 23700 23704 23708 23712 23716 23720 23724 23728 23732 23736 23740 23744 23748 23752 23756 23760 23764 23768 23772 23776 23780 23784 23788 23792 23796 23800 23804 23808 23812 23816 23820 23824 23828 23832 23836 23840 23844 23848 23852 23856 23860 23864 23868 23872 23876 23880 23884 23888 23892 23896 23900 23904 23908 23912 23916 23920 23924 23928 23932 23936 23940 23944 23948 23952 23956 23960 23964 23968 23972 23976 23980 23984 23988 23992 23996 24000 24004 24008 24012 24016 24020 24024 24028 24032 24036 24040 24044 24048 24052 24056 24060 24064 24068 24072 24076 24080 24084 24088 24092 24096 24100 24104 24108 24112 24116 24120 24124 24128 24132 24136 24140 24144 24148 24152 24156 24160 24164 24168 24172 24176 24180 24184 24188 24192 24196 24200 24204 24208 24212 24216 24220 24224 24228 24232 24236 24240 24244 24248 24252 24256 24260 24264 24268 24272 24276 24280 24284 24288 24292 24296 24300 24304 24308 24312 24316 24320 24324 24328 24332 24336 24340 24344 24348 24352 24356 24360 24364 24368 24372 24376 24380 24384 24388 24392 24396 24400 24404 24408 24412 24416 24420 24424 24428 24432 24436 24440 24444 24448 24452 24456 24460 24464 24468 24472 24476 24480 24484 24488 24492 24496 24500 24504 24508 24512 24516 24520 24524 24528 24532 24536 24540 24544 24548 24552 24556 24560 24564 24568 24572 24576 24580 24584 24588 24592 24596 24600 24604 24608 24612 24616 24620 24624 24628 24632 24636 24640 24644 24648 24652 24656 24660 24664 24668 24672 24676 24680 24684 24688 24692 24696 24700 24704 24708 24712 24716 24720 24724 24728 24732 24736 24740 24744 24748 24752 24756 24760 24764 24768 24772 24776 24780 24784 24788 24792 24796 24800 24804 24808 24812 24816 24820 24824 24828 24832 24836 24840 24844 24848 24852 24856 24860 24864 24868 24872 24876 24880 24884 24888 24892 24896 24900 24904 24908 24912 24916 24920 24924 24928 24932 24936 24940 24944 24948 24952 24956 24960 24964 24968 24972 24976 24980 24984 24988 24992 24996 25000 25004 25008 25012 25016 25020 25024 25028 25032 25036 25040 25044 25048 25052 25056 25060 25064 25068 25072 25076 25080 25084 25088 25092 25096 25100 25104 25108 25112 25116 25120 25124 25128 25132 25136 25140 25144 25148 25152 25156 25160 25164 25168 25172 25176 25180 25184 25188 25192 25196 25200 25204 25208 25212 25216 25220 25224 25228 25232 25236 25240 25244 25248 25252 25256 25260 25264 25268 25272 25276 25280 25284 25288 25292 25296 25300 25304 25308 25312 25316 25320 25324 25328 25332 25336 25340 25344 25348 25352 25356 25360 25364 25368 25372 25376 25380 25384 25388 25392 25396 25400 25404 25408 25412 25416 25420 25424 25428 25432 25436 25440 25444 25448 25452 25456 25460 25464 25468 25472 25476 25480 25484 25488 25492 25496 25500 25504 25508 25512 25516 25520 25524 25528 25532 25536 25540 25544 25548 25552 25556 25560 25564 25568 25572 25576 25580 25584 25588 25592 25596 25600 25604 25608 25612 25616 25620 25624 25628 25632 25636 25640 25644 25648 25652 25656 25660 25664 25668 25672 25676 25680 25684 25688 25692 25696 25700 25704 25708 25712 25716 25720 25724 25728 25732 25736 25740 25744 25748 25752 25756 25760 25764 25768 25772 25776 25780 25784 25788 25792 25796 25800 25804 25808 25812 25816 25820 25824 25828 25832 25836 25840 25844 25848 25852 25856 25860 25864 25868 25872 25876 25880 25884 25888 25892 25896 25900 25904 25908 25912 25916 25920 25924 25928 25932 25936 25940 25944 25948 25952 25956 25960 25964 25968 25972 25976 25980 25984 25988 25992 25996 26000 26004 26008 26012 26016 26020 26024 26028 26032 26036 26040 26044 26048 26052 26056 26060 26064 26068 26072 26076 26080 26084 26088 26092 26096 26100 26104 26108 26112 26116 26120 26124 26128 26132 26136 26140 26144 26148 26152 26156 26160 26164 26168 26172 26176 26180 26184 26188 26192 26196 26200 26204 26208 26212 26216 26220 26224 26228 26232 26236 26240 26244 26248 26252 26256 26260 26264 26268 26272 26276 26280 26284 26288 26292 26296 26300 26304 26308 26312 26316 26320 26324 26328 26332 26336 26340 26344 26348 26352 26356 26360 26364 26368 26372 26376 26380 26384 26388 26392 26396 26400 26404 26408 26412 26416 26420 26424 26428 26432 26436 26440 26444 26448 26452 26456 26460 26464 26468 26472 26476 26480 26484 26488 26492 26496 26500 26504 26508 26512 26516 26520 26524 26528 26532 26536 26540 26544 26548 26552 26556 26560 26564 26568 26572 26576 26580 26584 26588 26592 26596 26600 26604 26608 26612 26616 26620 26624 26628 26632 26636 26640 26644 26648 26652 26656 26660 26664 26668 26672 26676 26680 26684 26688 26692 26696 26700 26704 26708 26712 26716 26720 26724 26728 26732 26736 26740 26744 26748 26752 26756 26760 26764 26768 26772 26776 26780 26784 26788 26792 26796 26800 26804 26808 26812 26816 26820 26824 26828 26832 26836 26840 26844 26848 26852 26856 26860 26864 26868 26872 26876 26880 26884 26888 26892 26896 26900 26904 26908 26912 26916 26920 26924 26928 26932 26936 26940 26944 26948 26952 26956 26960 26964 26968 26972 26976 26980 26984 26988 26992 26996 27000 27004 27008 27012 27016 27020 27024 27028 27032 27036 27040 27044 27048 27052 27056 27060 27064 27068 27072 27076 27080 27084 27088 27092 27096 27100 27104 27108 27112 27116 27120 27124 27128 27132 27136 27140 27144 27148 27152 27156 27160 27164 27168 27172 27176 27180 27184 27188 27192 27196 27200 27204 27208 27212 27216 27220 27224 27228 27232 27236 27240 27244 27248 27252 27256 27260 27264 27268 27272 27276 27280 27284 27288 27292 27296 27300 27304 27308 27312 27316 27320 27324 27328 27332 27336 27340 27344 27348 27352 27356 27360 27364 27368 27372 27376 27380 27384 27388 27392 27396 27400 27404 27408 27412 27416 27420 27424 27428 27432 27436 27440 27444 27448 27452 27456 27460 27464 27468 27472 27476 27480 27484 27488 27492 27496 27500 27504 27508 27512 27516 27520 27524 27528 27532 27536 27540 27544 27548 27552 27556 27560 27564 27568 27572 27576 27580 27584 27588 27592 27596 27600 27604 27608 27612 27616 27620 27624 27628 27632 27636 27640 27644 27648 27652 27656 27660 27664 27668 27672 27676 27680 27684 27688 27692 27696 27700 27704 27708 27712 27716 27720 27724 27728 27732 27736 27740 27744 27748 27752 27756 27760 27764 27768 27772 27776 27780 27784 27788 27792 27796 27800 27804 27808 27812 27816 27820 27824 27828 27832 27836 27840 27844 27848 27852 27856 27860 27864 27868 27872 27876 27880 27884 27888 27892 27896 27900 27904 27908 27912 27916 27920 27924 27928 27932 27936 27940 27944 27948 27952 27956 27960 27964 27968 27972 27976 27980 27984 27988 27992 27996 28000 28004 28008 28012 28016 28020 28024 28028 28032 28036 28040 28044 28048 28052 28056 28060 28064 28068 28072 28076 28080 28084 28088 28092 28096 28100 28104 28108 28112 28116 28120 28124 28128 28132 28136 28140 28144 28148 28152 28156 28160 28164 28168 28172 28176 28180 28184 28188 28192 28196 28200 28204 28208 28212 28216 28220 28224 28228 28232 28236 28240 28244 28248 28252 28256 28260 28264 28268 28272 28276 28280 28284 28288 28292 28296 28300 28304 28308 28312 28316 28320 28324 28328 28332 28336 28340 28344 28348 28352 28356 28360 28364 28368 28372 28376 28380 28384 28388 28392 28396 28400 28404 28408 28412 28416 28420 28424 28428 28432 28436 28440 28444 28448 28452 28456 28460 28464 28468 28472 28476 28480 28484 28488 28492 28496 28500 28504 28508 28512 28516 28520 28524 28528 28532 28536 28540 28544 28548 28552 28556 28560 28564 28568 28572 28576 28580 28584 28588 28592 28596 28600 28604 28608 28612 28616 28620 28624 28628 28632 28636 28640 28644 28648 28652 28656 28660 28664 28668 28672 28676 28680 28684 28688 28692 28696 28700 28704 28708 28712 28716 28720 28724 28728 28732 28736 28740 28744 28748 28752 28756 28760 28764 28768 28772 28776 28780 28784 28788 28792 28796 28800 28804 28808 28812 28816 28820 28824 28828 28832 28836 28840 28844 28848 28852 28856 28860 28864 28868 28872 28876 28880 28884 28888 28892 28896 28900 28904 28908 28912 28916 28920 28924 28928 28932 28936 28940 28944 28948 28952 28956 28960 28964 28968 28972 28976 28980 28984 28988 28992 28996 29000 29004 29008 29012 29016 29020 29024 29028 29032 29036 29040 29044 29048 29052 29056 29060 29064 29068 29072 29076 29080 29084 29088 29092 29096 29100 29104 29108 29112 29116 29120 29124 29128 29132 29136 29140 29144 29148 29152 29156 29160 29164 29168 29172 29176 29180 29184 29188 29192 29196 29200 29204 29208 29212 29216 29220 29224 29228 29232 29236 29240 29244 29248 29252 29256 29260 29264 29268 29272 29276 29280</DataArray>
      <DataArray type="UInt8" Name="types" format="ascii">9 9 9 9 9 9 9 9 9 9 9 9 9 9 9 9 9 9 9 9 9 9 9 9 9 9 9 9 9 9 9 9 9 9 9 9 9 9 9 9 9 9 9 9 9 9 9 9 9 9 9 9 9 9 9 9 9 9 9 9 9 9 9 9 9 9 9 9 9 9 9 9 9 9 9 9 9 9 9 9 9 9 9 9 9 9 9 9 9 9 9 9 9 9 9 9 9 9 9 9 9 9 9 9 9 9 9 9 9 9 9 9 9 9 9 9 9 9 9 9 9 9 9 9 9 9 9 9 9 9 9 9 9 9 9 9 9 9 9 9 9 9 9 9 9 9 9 9 9 9 9 9 9 9 9 9 9 9 9 9 9 9 9 9 9 9 9 9 9 9 9 9 9 9 9 9 9 9 9 9 9 9 9 9 9 9 9 9 9 9 9 9 9 9 9 9 9 9 9 9 9 9 9 9 9 9 9 9 9 9 9 9 9 9 9 9 9 9 9 9 9 9 9 9 9 9 9 9 9 9 9 9 9 9 9 9 9 9 9 9 9 9 9 9 9 9 9 9 9 9 9 9 9 9 9 9 9 9 9 9 9 9 9 9 9 9 9 9 9 9 9 9 9 9 9 9 9 9 9 9 9 9 9 9 9 9 9 9 9 9 9 9 9 9 9 9 9 9 9 9 9 9 9 9 9 9 9 9 9 9 9 9 9 9 9 9 9 9 9 9 9 9 9 9 9 9 9 9 9 9 9 9 9 9 9 9 9 9 9 9 9 9 9 9 9 9 9 9 9 9 9 9 9 9 9 9 9 9 9 9 9 9 9 9 9 9 9 9 9 9 9 9 9 9 9 9 9 9 9 9 9 9 9 9 9 9 9 9 9 9 9 9 9 9 9 9 9 9 9 9 9 9 9 9 9 9 9 9 9 9 9 9 9 9 9 9 9 9 9 9 9 9 9 9 9 9 9 9 9 9 9 9 9 9 9 9 9 9 9 9 9 9 9 9 9 9 9 9 9 9 9 9 9 9 9 9 9 9 9 9 9 9 9 9 9 9 9 9 9 9 9 9 9 9 9 9 9 9 9 9 9 9 9 9 9 9 9 9 9 9 9 9 9 9 9 9 9 9 9 9 9 9 9 9 9 9 9 9 9 9 9 9 9 9 9 9 9 9 9 9 9 9 9 9 9 9 9 9 9 9 9 9 9 9 9 9 9 9 9 9 9 9 9 9 9 9 9 9 9 9 9 9 9 9 9 9 9 9 9 9 9 9 9 9 9 9 9 9 9 9 9 9 9 9 9 9 9 9 9 9 9 9 9 9 9 9 9 9 9 9 9 9 9 9 9 9 9 9 9 9 9 9 9 9 9 9 9 9 9 9 9 9 9 9 9 9 9 9 9 9 9 9 9 9 9 9 9 9 9 9 9 9 9 9 9 9 9 9 9 9 9 9 9 9 9 9 9 9 9 9 9 9 9 9 9 9 9 9 9 9 9 9 9 9 9 9 9 9 9 9 9 9 9 9 9 9 9 9 9 9 9 9 9 9 9 9 9 9 9 9 9 9 9 9 9 9 9 9 9 9 9 9 9 9 9 9 9 9 9 9 9 9 9 9 9 9 9 9 9 9 9 9 9 9 9 9 9 9 9 9 9 9 9 9 9 9 9 9 9 9 9 9 9 9 9 9 9 9 9 9 9 9 9 9 9 9 9 9 9 9 9 9 9 9 9 9 9 9 9 9 9 9 9 9 9 9 9 9 9 9 9 9 9 9 9 9 9 9 9 9 9 9 9 9 9 9 9 9 9 9 9 9 9 9 9 9 9 9 9 9 9 9 9 9 9 9 9 9 9 9 9 9 9 9 9 9 9 9 9 9 9 9 9 9 9 9 9 9 9 9 9 9 9 9 9 9 9 9 9 9 9 9 9 9 9 9 9 9 9 9 9 9 9 9 9 9 9 9 9 9 9 9 9 9 9 9 9 9 9 9 9 9 9 9 9 9 9 9 9 9 9 9 9 9 9 9 9 9 9 9 9 9 9 9 9 9 9 9 9 9 9 9 9 9 9 9 9 9 9 9 9 9 9 9 9 9 9 9 9 9 9 9 9 9 9 9 9 9 9 9 9 9 9 9 9 9 9 9 9 9 9 9 9 9 9 9 9 9 9 9 9 9 9 9 9 9 9 9 9 9 9 9 9 9 9 9 9 9 9 9 9 9 9 9 9 9 9 9 9 9 9 9 9 9 9 9 9 9 9 9 9 9 9 9 9 9 9 9 9 9 9 9 9 9 9 9 9 9 9 9 9 9 9 9 9 9 9 9 9 9 9 9 9 9 9 9 9 9 9 9 9 9 9 9 9 9 9 9 9 9 9 9 9 9 9 9 9 9 9 9 9 9 9 9 9 9 9 9 9 9 9 9 9 9 9 9 9 9 9 9 9 9 9 9 9 9 9 9 9 9 9 9 9 9 9 9 9 9 9 9 9 9 9 9 9 9 9 9 9 9 9 9 9 9 9 9 9 9 9 9 9 9 9 9 9 9 9 9 9 9 9 9 9 9 9 9 9 9 9 9 9 9 9 9 9 9 9 9 9 9 9 9 9 9 9 9 9 9 9 9 9 9 9 9 9 9 9 9 9 9 9 9 9 9 9 9 9 9 9 9 9 9 9 9 9 9 9 9 9 9 9 9 9 9 9 9 9 9 9 9 9 9 9 9 9 9 9 9 9 9 9 9 9 9 9 9 9 9 9 9 9 9 9 9 9 9 9 9 9 9 9 9 9 9 9 9 9 9 9 9 9 9 9 9 9 9 9 9 9 9 9 9 9 9 9 9 9 9 9 9 9 9 9 9 9 9 9 9 9 9 9 9 9 9 9 9 9 9 9 9 9 9 9 9 9 9 9 9 9 9 9 9 9 9 9 9 9 9 9 9 9 9 9 9 9 9 9 9 9 9 9 9 9 9 9 9 9 9 9 9 9 9 9 9 9 9 9 9 9 9 9 9 9 9 9 9 9 9 9 9 9 9 9 9 9 9 9 9 9 9 9 9 9 9 9 9 9 9 9 9 9 9 9 9 9 9 9 9 9 9 9 9 9 9 9 9 9 9 9 9 9 9 9 9 9 9 9 9 9 9 9 9 9 9 9 9 9 9 9 9 9 9 9 9 9 9 9 9 9 9 9 9 9 9 9 9 9 9 9 9 9 9 9 9 9 9 9 9 9 9 9 9 9 9 9 9 9 9 9 9 9 9 9 9 9 9 9 9 9 9 9 9 9 9 9 9 9 9 9 9 9 9 9 9 9 9 9 9 9 9 9 9 9 9 9 9 9 9 9 9 9 9 9 9 9 9 9 9 9 9 9 9 9 9 9 9 9 9 9 9 9 9 9 9 9 9 9 9 9 9 9 9 9 9 9 9 9 9 9 9 9 9 9 9 9 9 9 9 9 9 9 9 9 9 9 9 9 9 9 9 9 9 9 9 9 9 9 9 9 9 9 9 9 9 9 9 9 9 9 9 9 9 9 9 9 9 9 9 9 9 9 9 9 9 9 9 9 9 9 9 9 9 9 9 9 9 9 9 9 9 9 9 9 9 9 9 9 9 9 9 9 9 9 9 9 9 9 9 9 9 9 9 9 9 9 9 9 9 9 9 9 9 9 9 9 9 9 9 9 9 9 9 9 9 9 9 9 9 9 9 9 9 9 9 9 9 9 9 9 9 9 9 9 9 9 9 9 9 9 9 9 9 9 9 9 9 9 9 9 9 9 9 9 9 9 9 9 9 9 9 9 9 9 9 9 9 9 9 9 9 9 9 9 9 9 9 9 9 9 9 9 9 9 9 9 9 9 9 9 9 9 9 9 9 9 9 9 9 9 9 9 9 9 9 9 9 9 9 9 9 9 9 9 9 9 9 9 9 9 9 9 9 9 9 9 9 9 9 9 9 9 9 9 9 9 9 9 9 9 9 9 9 9 9 9 9 9 9 9 9 9 9 9 9 9 9 9 9 9 9 9 9 9 9 9 9 9 9 9 9 9 9 9 9 9 9 9 9 9 9 9 9 9 9 9 9 9 9 9 9 9 9 9 9 9 9 9 9 9 9 9 9 9 9 9 9 9 9 9 9 9 9 9 9 9 9 9 9 9 9 9 9 9 9 9 9 9 9 9 9 9 9 9 9 9 9 9 9 9 9 9 9 9 9 9 9 9 9 9 9 9 9 9 9 9 9 9 9 9 9 9 9 9 9 9 9 9 9 9 9 9 9 9 9 9 9 9 9 9 9 9 9 9 9 9 9 9 9 9 9 9 9 9 9 9 9 9 9 9 9 9 9 9 9 9 9 9 9 9 9 9 9 9 9 9 9 9 9 9 9 9 9 9 9 9 9 9 9 9 9 9 9 9 9 9 9 9 9 9 9 9 9 9 9 9 9 9 9 9 9 9 9 9 9 9 9 9 9 9 9 9 9 9 9 9 9 9 9 9 9 9 9 9 9 9 9 9 9 9 9 9 9 9 9 9 9 9 9 9 9 9 9 9 9 9 9 9 9 9 9 9 9 9 9 9 9 9 9 9 9 9 9 9 9 9 9 9 9 9 9 9 9 9 9 9 9 9 9 9 9 9 9 9 9 9 9 9 9 9 9 9 9 9 9 9 9 9 9 9 9 9 9 9 9 9 9 9 9 9 9 9 9 9 9 9 9 9 9 9 9 9 9 9 9 9 9 9 9 9 9 9 9 9 9 9 9 9 9 9 9 9 9 9 9 9 9 9 9 9 9 9 9 9 9 9 9 9 9 9 9 9 9 9 9 9 9 9 9 9 9 9 9 9 9 9 9 9 9 9 9 9 9 9 9 9 9 9 9 9 9 9 9 9 9 9 9 9 9 9 9 9 9 9 9 9 9 9 9 9 9 9 9 9 9 9 9 9 9 9 9 9 9 9 9 9 9 9 9 9 9 9 9 9 9 9 9 9 9 9 9 9 9 9 9 9 9 9 9 9 9 9 9 9 9 9 9 9 9 9 9 9 9 9 9 9 9 9 9 9 9 9 9 9 9 9 9 9 9 9 9 9 9 9 9 9 9 9 9 9 9 9 9 9 9 9 9 9 9 9 9 9 9 9 9 9 9 9 9 9 9 9 9 9 9 9 9 9 9 9 9 9 9 9 9 9 9 9 9 9 9 9 9 9 9 9 9 9 9 9 9 9 9 9 9 9 9 9 9 9 9 9 9 9 9 9 9 9 9 9 9 9 9 9 9 9 9 9 9 9 9 9 9 9 9 9 9 9 9 9 9 9 9 9 9 9 9 9 9 9 9 9 9 9 9 9 9 9 9 9 9 9 9 9 9 9 9 9 9 9 9 9 9 9 9 9 9 9 9 9 9 9 9 9 9 9 9 9 9 9 9 9 9 9 9 9 9 9 9 9 9 9 9 9 9 9 9 9 9 9 9 9 9 9 9 9 9 9 9 9 9 9 9 9 9 9 9 9 9 9 9 9 9 9 9 9 9 9 9 9 9 9 9 9 9 9 9 9 9 9 9 9 9 9 9 9 9 9 9 9 9 9 9 9 9 9 9 9 9 9 9 9 9 9 9 9 9 9 9 9 9 9 9 9 9 9 9 9 9 9 9 9 9 9 9 9 9 9 9 9 9 9 9 9 9 9 9 9 9 9 9 9 9 9 9 9 9 9 9 9 9 9 9 9 9 9 9 9 9 9 9 9 9 9 9 9 9 9 9 9 9 9 9 9 9 9 9 9 9 9 9 9 9 9 9 9 9 9 9 9 9 9 9 9 9 9 9 9 9 9 9 9 9 9 9 9 9 9 9 9 9 9 9 9 9 9 9 9 9 9 9 9 9 9 9 9 9 9 9 9 9 9 9 9 9 9 9 9 9 9 9 9 9 9 9 9 9 9 9 9 9 9 9 9 9 9 9 9 9 9 9 9 9 9 9 9 9 9 9 9 9 9 9 9 9 9 9 9 9 9 9 9 9 9 9 9 9 9 9 9 9 9 9 9 9 9 9 9 9 9 9 9 9 9 9 9 9 9 9 9 9 9 9 9 9 9 9 9 9 9 9 9 9 9 9 9 9 9 9 9 9 9 9 9 9 9 9 9 9 9 9 9 9 9 9 9 9 9 9 9 9 9 9 9 9 9 9 9 9 9 9 9 9 9 9 9 9 9 9 9 9 9 9 9 9 9 9 9 9 9 9 9 9 9 9 9 9 9 9 9 9 9 9 9 9 9 9 9 9 9 9 9 9 9 9 9 9 9 9 9 9 9 9 9 9 9 9 9 9 9 9 9 9 9 9 9 9 9 9 9 9 9 9 9 9 9 9 9 9 9 9 9 9 9 9 9 9 9 9 9 9 9 9 9 9 9 9 9 9 9 9 9 9 9 9 9 9 9 9 9 9 9 9 9 9 9 9 9 9 9 9 9 9 9 9 9 9 9 9 9 9 9 9 9 9 9 9 9 9 9 9 9 9 9 9 9 9 9 9 9 9 9 9 9 9 9 9 9 9 9 9 9 9 9 9 9 9 9 9 9 9 9 9 9 9 9 9 9 9 9 9 9 9 9 9 9 9 9 9 9 9 9 9 9 9 9 9 9 9 9 9 9 9 9 9 9 9 9 9 9 9 9 9 9 9 9 9 9 9 9 9 9 9 9 9 9 9 9 9 9 9 9 9 9 9 9 9 9 9 9 9 9 9 9 9 9 9 9 9 9 9 9 9 9 9 9 9 9 9 9 9 9 9 9 9 9 9 9 9 9 9 9 9 9 9 9 9 9 9 9 9 9 9 9 9 9 9 9 9 9 9 9 9 9 9 9 9 9 9 9 9 9 9 9 9 9 9 9 9 9 9 9 9 9 9 9 9 9 9 9 9 9 9 9 9 9 9 9 9 9 9 9 9 9 9 9 9 9 9 9 9 9 9 9 9 9 9 9 9 9 9 9 9 9 9 9 9 9 9 9 9 9 9 9 9 9 9 9 9 9 9 9 9 9 9 9 9 9 9 9 9 9 9 9 9 9 9 9 9 9 9 9 9 9 9 9 9 9 9 9 9 9 9 9 9 9 9 9 9 9 9 9 9 9 9 9 9 9 9 9 9 9 9 9 9 9 9 9 9 9 9 9 9 9 9 9 9 9 9 9 9 9 9 9 9 9 9 9 9 9 9 9 9 9 9 9 9 9 9 9 9 9 9 9 9 9 9 9 9 9 9 9 9 9 9 9 9 9 9 9 9 9 9 9 9 9 9 9 9 9 9 9 9 9 9 9 9 9 9 9 9 9 9 9 9 9 9 9 9 9 9 9 9 9 9 9 9 9 9 9 9 9 9 9 9 9 9 9 9 9 9 9 9 9 9 9 9 9 9 9 9 9 9 9 9 9 9 9 9 9 9 9 9 9 9 9 9 9 9 9 9 9 9 9 9 9 9 9 9 9 9 9 9 9 9 9 9 9 9 9 9 9 9 9 9 9 9 9 9 9 9 9 9 9 9 9 9 9 9 9 9 9 9 9 9 9 9 9 9 9 9 9 9 9 9 9 9 9 9 9 9 9 9 9 9 9 9 9 9 9 9 9 9 9 9 9 9 9 9 9 9 9 9 9 9 9 9 9 9 9 9 9 9 9 9 9 9 9 9 9 9 9 9 9 9 9 9 9 9 9 9 9 9 9 9 9 9 9 9 9 9 9 9 9 9 9 9 9 9 9 9 9 9 9 9 9 9 9 9 9 9 9 9 9 9 9 9 9 9 9 9 9 9 9 9 9 9 9 9 9 9 9 9 9 9 9 9 9 9 9 9 9 9 9 9 9 9 9 9 9 9 9 9 9 9 9 9 9 9 9 9 9 9 9 9 9 9 9 9 9 9 9 9 9 9 9 9 9 9 9 9 9 9 9 9 9 9 9 9 9 9 9 9 9 9 9 9 9 9 9 9 9 9 9 9 9 9 9 9 9 9 9 9 9 9 9 9 9 9 9 9 9 9 9 9 9 9 9 9 9 9 9 9 9 9 9 9 9 9 9 9 9 9 9 9 9 9 9 9 9 9 9 9 9 9 9 9 9 9 9 9 9 9 9 9 9 9 9 9 9 9 9 9 9 9 9 9 9 9 9 9 9 9 9 9 9 9 9 9 9 9 9 9 9 9 9 9 9 9 9 9 9 9 9 9 9 9 9 9 9 9 9 9 9 9 9 9 9 9 9 9 9 9 9 9 9 9 9 9 9 9 9 9 9 9 9 9 9 9 9 9 9 9 9 9 9 9 9 9 9 9 9 9 9 9 9 9 9 9 9 9 9 9 9 9 9 9 9 9 9 9 9 9 9 9 9 9 9 9 9 9 9 9 9 9 9 9 9 9 9 9 9 9 9 9 9 9 9 9 9 9 9 9 9 9 9 9 9 9 9 9 9 9 9 9 9 9 9 9 9 9 9 9 9 9 9 9 9 9 9 9 9 9 9 9 9 9 9 9 9 9 9 9 9 9 9 9 9 9 9 9 9 9 9 9 9 9 9 9 9 9 9 9 9 9 9 9 9 9 9 9 9 9 9 9 9 9 9 9 9 9 9 9 9 9 9 9 9 9 9 9 9 9 9 9 9 9 9 9 9 9 9 9 9 9 9 9 9 9 9 9 9 9 9 9 9 9 9 9 9 9 9 9 9 9 9 9 9 9 9 9 9 9 9 9 9 9 9 9 9 9 9 9 9 9 9 9 9 9 9 9 9 9 9 9 9 9 9 9 9 9 9 9 9 9 9 9 9 9 9 9 9 9 9 9 9 9 9 9 9 9 9 9 9 9 9 9 9 9 9 9 9 9 9 9 9 9 9 9 9 9 9 9 9 9 9 9 9 9 9 9 9 9 9 9 9 9 9 9 9 9 9 9 9 9 9 9 9 9 9 9 9 9 9 9 9 9 9 9 9 9 9 9 9 9 9 9 9 9 9 9 9 9 9 9 9 9 9 9 9 9 9 9 9 9 9 9 9 9 9 9 9 9 9 9 9 9 9 9 9 9 9 9 9 9 9 9 9 9 9 9 9 9 9 9 9 9 9 9 9 9 9 9 9 9 9 9 9 9 9 9 9 9 9 9 9 9 9 9 9 9 9 9 9 9 9 9 9 9 9 9 9 9 9 9 9 9 9 9 9 9 9 9 9 9 9 9 9 9 9 9 9 9 9 9 9 9 9 9 9 9 9 9 9 9 9 9 9 9 9 9 9 9 9 9 9 9 9 9 9 9 9 9 9 9 9 9 9 9 9 9 9 9 9 9 9 9 9 9 9 9 9 9 9 9 9 9 9 9 9 9 9 9 9 9 9 9 9 9 9 9 9 9 9 9 9 9 9 9 9 9 9 9 9 9 9 9 9 9 9 9 9 9 9 9 9 9 9 9 9 9 9 9 9 9 9 9 9 9 9 9 9 9 9 9 9 9 9 9 9 9 9 9 9 9 9 9 9 9 9 9 9 9 9 9 9 9 9 9 9 9 9 9 9 9 9 9 9 9 9 9 9 9 9 9 9 9 9 9 9 9 9 9 9 9 9 9 9 9 9 9 9 9 9 9 9 9 9 9 9 9 9 9 9 9 9 9 9 9 9 9 9 9 9 9 9 9 9 9 9 9 9 9 9 9 9 9 9 9 9 9 9 9 9 9 9 9 9 9 9 9 9 9 9 9 9 9 9 9 9 9 9 9 9 9 9 9 9 9 9 9 9 9 9 9 9 9 9 9 9 9 9 9 9 9 9 9 9 9 9 9 9 9 9 9 9 9 9 9 9 9 9 9 9 9 9 9 9 9 9 9 9 9 9 9 9 9 9 9 9 9 9 9 9 9 9 9 9 9 9 9 9 9 9 9 9 9 9 9 9 9 9 9 9 9 9 9 9 9 9 9 9 9 9 9 9 9 9 9 9 9 9 9 9 9 9 9 9 9 9 9 9 9 9 9 9 9 9 9 9 9 9 9 9 9 9 9 9 9 9 9 9 9 9 9 9 9 9 9 9 9 9 9 9 9 9 9 9 9 9 9 9 9 9 9 9 9 9 9 9 9 9 9 9 9 9 9 9 9 9 9 9 9 9 9 9 9 9 9 9 9 9 9 9 9 9 9 9 9 9 9 9 9 9 9 9 9 9 9 9 9 9 9 9 9 9 9 9 9 9 9 9 9 9 9 9 9 9 9 9 9 9 9 9 9 9 9 9 9 9 9 9 9 9 9 9 9 9 9 9 9 9 9 9 9 9 9 9 9 9 9 9 9 9 9 9 9 9 9 9 9 9 9 9 9 9 9 9 9 9 9 9 9 9 9 9 9 9 9 9 9 9 9 9 9 9 9 9 9 9 9 9 9 9 9 9 9 9 9 9 9 9 9 9 9 9 9 9 9 9 9 9 9 9 9 9 9 9 9 9 9 9 9 9 9 9 9 9 9 9 9 9 9 9 9 9 9 9 9 9 9 9 9 9 9 9 9 9 9 9 9 9 9 9 9 9 9 9 9 9 9 9 9 9 9 9 9 9 9 9 9 9 9 9 9 9 9 9 9 9 9 9 9 9 9 9 9 9 9 9 9 9 9 9 9 9 9 9 9 9 9 9 9 9 9 9 9 9 9 9 9 9 9 9 9 9 9 9 9 9 9 9 9 9 9 9 9 9 9 9 9 9 9 9 9 9 9 9 9 9 9 9 9 9 9 9 9 9 9 9 9 9 9 9 9 9 9 9 9 9 9 9 9 9 9 9 9 9 9 9 9 9 9 9 9 9 9 9 9 9 9 9 9 9 9 9 9 9 9 9 9 9 9 9 9 9 9 9 9 9 9 9 9 9 9 9 9 9 9 9 9 9 9 9 9 9 9 9 9 9 9 9 9 9 9 9 9 9 9 9 9 9 9 9 9 9 9 9 9 9 9 9 9 9 9 9 9 9 9 9 9 9 9 9 9 9 9 9 9 9 9 9 9 9 9 9 9 9 9 9 9 9 9 9 9 9 9 9 9 9 9 9 9 9 9 9 9 9 9 9 9 9 9 9 9 9 9 9 9 9 9 9 9 9 9 9 9 9 9 9 9 9 9 9 9 9 9 9 9 9 9 9 9 9 9 9 9 9 9 9 9 9 9 9 9 9 9 9 9 9 9 9 9 9 9 9 9 9 9 9 9 9 9 9 9 9 9 9 9 9 9 9 9 9 9 9 9 9 9 9 9 9 9 9 9 9 9 9 9 9 9 9 9 9 9 9 9 9 9 9 9 9 9 9 9 9 9 9 9 9 9 9 9 9 9 9 9 9 9 9 9 9 9 9 9 9 9 9 9 9 9 9 9 9 9 9 9 9 9 9 9 9 9 9 9 9 9 9 9 9 9 9 9 9 9 9 9 9 9 9 9 9 9 9 9 9 9 9 9 9 9 9 9 9 9 9 9 9 9 9 9 9 9 9 9 9 9 9 9 9 9 9 9 9 9 9 9 9 9 9 9 9 9 9 9 9 9 9 9 9 9 9 9 9 9 9 9 9 9 9 9 9 9 9 9 9 9 9 9 9 9 9 9 9 9 9 9 9 9 9 9 9 9 9 9 9 9 9 9 9 9 9 9 9 9 9 9 9 9 9 9 9 9 9 9 9 9 9 9 9 9 9 9 9 9 9 9 9 9 9 9 9 9 9 9 9 9 9 9 9 9 9 9 9 9 9 9 9 9 9 9 9 9 9 9 9 9 9 9 9 9 9 9 9 9 9 9 9 9 9 9 9 9 9 9 9 9 9 9 9 9 9 9 9 9 9 9 9 9 9 9 9 9 9 9 9 9 9 9 9 9 9 9 9 9 9 9 9 9 9 9 9 9 9 9 9 9 9 9 9 9 9 9 9 9 9 9 9 9 9 9 9 9 9 9 9 9 9 9 9 9 9 9 9 9 9 9 9 9 9 9 9 9 9 9 9 9 9 9 9 9 9 9 9 9 9 9 9 9 9 9 9 9 9 9 9 9 9 9 9 9 9 9 9 9 9 9 9 9 9 9 9 9 9 9 9 9 9 9 9 9 9 9 9 9 9 9 9 9 9 9 9 9 9 9 9 9 9 9 9 9 9 9 9 9 9 9 9 9 9 9 9 9 9 9 9 9 9 9 9 9 9 9 9 9 9 9 9 9 9 9 9 9 9 9 9 9 9 9 9 9 9 9 9 9 9 9 9 9 9 9 9 9 9 9 9 9 9 9 9 9 9 9 9 9 9 9 9 9 9 9 9 9 9 9 9 9 9 9 9 9 9 9 9 9 9 9 9 9 9 9 9 9 9 9 9 9 9 9 9 9 9 9 9 9 9 9 9 9 9 9 9 9 9 9 9 9 9 9 9 9 9 9 9 9 9 9 9 9 9 9 9 9 9 9 9 9 9 9 9 9 9 9 9 9 9 9 9 9 9 9 9 9 9 9 9 9 9 9 9 9 9 9 9 9 9 9 9 9 9 9 9 9 9 9 9 9 9 9 9 9 9 9 9 9 9 9 9 9 9 9 9 9 9 9 9 9 9 9 9 9 9 9 9 9 9 9 9 9 9 9 9 9 9 9 9 9 9 9 9 9 9 9 9 9 9 9 9 9 9 9 9 9 9 9 9 9 9 9 9 9 9 9 9 9 9 9 9 9 9 9 9 9 9 9 9 9 9 9 9 9 9 9 9 9 9 9 9 9 9 9 9 9 9 9 9 9 9 9 9 9 9 9 9 9 9 9 9 9 9 9 9 9 9 9 9 9 9 9 9 9 9 9 9 9 9 9 9 9 9 9 9 9 9 9 9 9 9 9 9 9 9 9 9 9 9 9 9 9 9 9 9 9 9 9 9 9 9 9 9 9 9 9 9 9 9 9 9 9 9 9 9 9 9 9 9 9 9 9 9 9 9 9 9 9 9 9 9 9 9 9 9 9 9 9 9 9 9 9 9 9 9 9 9 9 9 9 9 9 9 9 9 9 9 9 9 9 9 9 9 9 9 9 9 9 9 9 9 9 9 9 9 9 9 9 9 9 9 9 9 9 9 9 9 9 9 9 9 9 9 9 9 9 9 9 9 9 9 9 9 9 9 9 9 9 9 9 9 9 9 9 9 9 9 9 9 9 9 9 9 9 9 9 9 9 9 9 9 9 9 9 9 9 9 9 9 9 9 9 9 9 9 9 9 9 9 9 9 9 9 9 9 9 9 9 9 9 9 9 9 9 9 9 9 9 9 9 9 9 9 9 9 9 9 9 9 9 9 9 9 9 9 9 9 9 9 9 9 9 9 9 9 9 9 9 9 9 9 9 9 9 9 9 9 9 9 9 9 9 9 9 9 9 9 9 9 9 9 9 9 9 9 9 9 9 9 9 9 9 9 9 9 9 9 9 9 9 9 9 9 9 9 9 9 9 9 9 9 9 9 9 9 9 9 9 9 9 9 9 9 9 9 9 9 9 9 9 9 9 9 9 9 9 9 9 9 9 9 9 9 9 9 9 9 9 9 9 9 9 9 9 9 9 9 9 9 9 9 9 9 9 9 9 9 9 9 9 9 9 9 9 9 9 9 9 9 9 9 9 9 9 9 9 9 9 9 9 9 9 9 9 9 9 9 9 9 9 9 9 9 9 9 9 9 9 9 9 9 9 9 9 9 9 9 9 9 9 9 9 9 9 9 9 9 9 9 9 9 9 9 9 9 9 9 9 9 9 9 9 9 9 9 9 9 9 9 9 9 9 9 9 9 9 9 9 9 9 9 9 9 9 9 9 9 9 9 9 9 9 9 9 9 9 9 9 9 9 9 9 9 9 9 9 9 9 9 9 9 9 9 9 9 9 9 9 9 9 9 9 9 9 9 9 9 9 9 9 9 9 9 9 9 9 9 9 9 9 9 9 9 9 9 9 9 9 9 9 9 9 9 9 9 9 9 9 9 9 9 9 9 9 9 9 9 9 9 9 9 9 9 9 9 9 9 9 9 9 9 9 9 9 9 9 9 9 9 9 9 9 9 9 9 9 9 9 9 9 9 9 9 9 9 9 9 9 9 9 9 9 9 9 9 9 9 9 9 9 9 9 9 9 9 9 9 9 9 9 9 9 9 9 9 9 9 9 9 9 9 9 9 9 9 9 9 9 9 9 9 9 9 9 9 9 9 9 9 9 9 9 9 9 9 9 9 9 9 9 9 9 9 9 9 9 9 9 9 9 9 9 9 9 9 9 9 9 9 9 9 9 9 9 9 9 9 9 9 9 9 9 9 9 9 9 9 9 9 9 9 9 9 9 9 9 9 9 9 9 9 9 9 9 9 9 9 9 9 9 9 9 9 9 9 9 9 9 9 9 9 9 9 9 9 9 9 9 9 9 9 9 9 9 9 9 9 9 9 9 9 9 9 9 9 9 9 9 9 9 9 9 9 9 9 9 9 9 9 9 9 9 9 9 9 9 9 9 9 9 9 9 9 9 9 9 9 9 9 9 9 9 9 9 9 9 9 9 9 9 9 9 9 9 9 9 9 9 9 9 9 9 9 9 9 9 9 9 9 9 9 9 9 9 9 9 9 9 9 9 9 9 9 9 9 9 9 9 9 9 9 9 9 9 9 9 9 9 9 9 9 9 9 9 9 9 9 9 9 9 9 9 9 9 9 9 9 9 9 9 9 9 9 9 9 9 9 9 9 9 9 9 9 9 9 9 9 9 9 9 9 9 9 9 9 9 9 9 9 9 9 9 9 9 9 9 9 9 9 9 9 9 9 9 9 9 9 9 9 9 9 9 9 9 9 9 9 9 9 9 9 9 9 9 9 9 9 9 9 9 9 9 9 9 9 9 9 9 9 9 9 9 9 9 9 9 9 9 9 9 9 9 9 9 9 9 9 9 9 9 9 9 9 9 9 9 9 9 9 9 9 9 9 9 9 9 9 9 9 9 9 9 9 9 9 9 9 9 9 9 9 9 9 9 9 9 9 9 9 9 9 9 9 9 9 9 9 9 9 9 9 9 9 9 9 9 9 9 9 9 9 9 9 9 9 9 9 9 9 9 9 9 9 9 9 9 9 9 9 9 9 9 9 9 9 9 9 9 9 9 9 9 9 9 9 9 9 9 9 9 9 9 9 9 9 9 9 9 9 9 9 9 9 9 9 9 9 9 9 9 9 9 9 9 9 9 9 9 9 9 9 9 9 9 9 9 9 9 9 9 9 9 9 9 9 9 9 9 9 9 9 9 9 9 9 9 9 9 9 9 9 9 9 9 9 9 9 9 9 9 9 9 9 9 9 9 9 9 9 9 9 9 9 9 9 9 9 9 9 9 9 9 9 9 9 9 9 9 9 9 9 9 9 9 9 9 9 9 9 9 9 9 9 9 9 9 9 9 9 9 9 9 9 9 9 9 9 9 9 9 9 9 9 9 9 9 9 9 9 9 9 9 9 9 9 9 9 9 9 9 9 9 9 9 9 9 9 9 9 9 9 9 9 9 9 9 9 9 9 9 9 9 9 9 9 9 9 9 9 9 9 9 9 9 9 9 9 9 9 9 9 9 9 9 9 9 9 9 9 9 9 9 9 9 9 9 9 9 9 9 9 9 9 9 9 9 9 9 9 9 9 9 9 9 9 9 9 9 9 9 9 9 9 9 9 9 9 9 9 9 9 9 9 9 9 9 9 9 9 9 9 9 9 9 9 9 9 9 9 9 9 9 9 9 9 9 9 9 9 9 9 9 9 9 9 9 9 9 9 9 9 9 9 9 9 9 9 9 9 9 9 9 9 9 9 9 9 9 9 9 9 9 9 9 9 9 9 9 9 9 9 9 9 9 9 9 9 9 9 9 9 9 9 9 9 9 9 9 9 9 9 9 9 9 9 9 9 9 9 9 9 9 9 9 9 9 9 9 9 9 9 9 9 9 9 9 9 9 9 9 9 9 9 9 9 9 9 9 9 9 9 9 9 9 9 9 9 9 9 9 9 9 9 9 9 9 9 9 9 9 9 9 9 9 9 9 9 9 9 9 9 9 9 9 9 9 9 9 9 9 9 9 9 9 9 9 9 9 9 9 9 9 9 9 9 9 9 9 9 9 9 9 9 9 9 9 9 9 9 9 9 9 9 9 9 9 9 9 9 9 9 9 9 9 9 9 9 9 9 9 9 9 9 9 9 9 9 9 9 9 9 9 9 9 9 9 9 9 9 9 9 9 9 9 9 9 9 9 9 9 9 9 9 9 9 9 9 9 9 9 9 9 9 9 9 9 9 9 9 9 9 9 9 9 9 9 9 9 9 9 9 9 9 9 9 9 9 9 9 9 9 9 9 9 9 9 9 9 9 9 9 9 9 9 9 9 9 9 9 9 9 9 9 9 9 9 9 9 9 9 9 9 9 9 9 9 9 9 9 9 9 9 9 9 9 9 9 9 9 9 9 9 9 9 9 9 9 9 9 9 9 9 9 9 9 9 9 9 9 9 9 9 9 9 9 9 9 9 9 9 9 9 9 9</DataArray>
    </Cells>
    <CellData Scalars="panel_aspect_ratio"><DataArray type="Float64" Name="panel_aspect_ratio" format="ascii">2.535703 2.5426835 2.5567288 2.5780042 2.6068615 2.6437011 2.6890803 2.7436722 2.8084154 2.8843511 2.9729306 3.0757787 3.1950669 3.3335073 3.4945376 3.682437 3.9030427 4.1639137 4.4752853 4.851341 5.3123471 5.8879691 6.6243051 7.594703 8.9463003 10.869967 13.912336 19.42027 32.336077 100.30029 98.905579 32.074443 19.247049 13.787548 10.766253 8.8592837 7.5297469 6.5664114 5.8356076 5.2653786 4.8083391 4.4357335 4.1270961 3.8684587 3.6496284 3.4634019 3.3040385 3.1666571 3.0483922 2.9465165 2.8586532 2.7834113 2.7192248 2.6651028 2.6201359 2.5836233 2.5550791 2.5339263 2.5200199 2.5131241 2.535703 2.5426835 2.5567288 2.5780042 2.6068615 2.6437011 2.6890803 2.7436722 2.8084154 2.8843511 2.9729306 3.0757787 3.1950669 3.3335073 3.4945376 3.682437 3.9030427 4.1639137 4.4752853 4.851341 5.3123471 5.8879691 6.6243051 7.594703 8.9463003 10.869967 13.912336 19.42027 32.336077 100.30029 98.905579 32.074443 19.247049 13.787548 10.766253 8.8592837 7.5297469 6.5664114 5.8356076 5.2653786 4.8083391 4.4357335 4.1270961 3.8684587 3.6496284 3.4634019 3.3040385 3.1666571 3.0483922 2.9465165 2.8586532 2.7834113 2.7192248 2.6651028 2.6201359 2.5836233 2.5550791 2.5339263 2.5200199 2.5131241 2.535703 2.5426835 2.5567288 2.5780042 2.6068615 2.6437011 2.6890803 2.7436722 2.8084154 2.8843511 2.9729306 3.0757787 3.1950669 3.3335073 3.4945376 3.682437 3.9030427 4.1639137 4.4752853 4.851341 5.3123471 5.8879691 6.6243051 7.594703 8.9463003 10.869967 13.912336 19.42027 32.336077 100.30029 98.905579 32.074443 19.247049 13.787548 10.766253 8.8592837 7.5297469 6.5664114 5.8356076 5.2653786 4.8083391 4.4357335 4.1270961 3.8684587 3.6496284 3.4634019 3.3040385 3.1666571 3.0483922 2.9465165 2.8586532 2.7834113 2.7192248 2.6651028 2.6201359 2.5836233 2.5550791 2.5339263 2.5200199 2.5131241 2.535703 2.5426835 2.5567288 2.5780042 2.6068615 2.6437011 2.6890803 2.7436722 2.8084154 2.8843511 2.9729306 3.0757787 3.1950669 3.3335073 3.4945376 3.682437 3.9030427 4.1639137 4.4752853 4.851341 5.3123471 5.8879691 6.6243051 7.594703 8.9463003 10.869967 13.912336 19.42027 32.336077 100.30029 98.905579 32.074443 19.247049 13.787548 10.766253 8.8592837 7.5297469 6.5664114 5.8356076 5.2653786 4.8083391 4.4357335 4.1270961 3.8684587 3.6496284 3.4634019 3.3040385 3.1666571 3.0483922 2.9465165 2.8586532 2.7834113 2.7192248 2.6651028 2.6201359 2.5836233 2.5550791 2.5339263 2.5200199 2.5131241 2.535703 2.5426835 2.5567288 2.5780042 2.6068615 2.6437011 2.6890803 2.7436722 2.8084154 2.8843511 2.9729306 3.0757787 3.1950669 3.3335073 3.4945376 3.682437 3.9030427 4.1639137 4.4752853 4.851341 5.3123471 5.8879691 6.6243051 7.594703 8.9463003 10.869967 13.912336 19.42027 32.336077 100.30029 98.905579 32.074443 19.247049 13.787548 10.766253 8.8592837 7.5297469 6.5664114 5.8356076 5.2653786 4.8083391 4.4357335 4.1270961 3.8684587 3.6496284 3.4634019 3.3040385 3.1666571 3.0483922 2.9465165 2.8586532 2.7834113 2.7192248 2.6651028 2.6201359 2.5836233 2.5550791 2.5339263 2.5200199 2.5131241 2.535703 2.5426835 2.5567288 2.5780042 2.6068615 2.6437011 2.6890803 2.7436722 2.8084154 2.8843511 2.9729306 3.0757787 3.1950669 3.3335073 3.4945376 3.682437 3.9030427 4.1639137 4.4752853 4.851341 5.3123471 5.8879691 6.6243051 7.594703 8.9463003 10.869967 13.912336 19.42027 32.336077 100.30029 98.905579 32.074443 19.247049 13.787548 10.766253 8.8592837 7.5297469 6.5664114 5.8356076 5.2653786 4.8083391 4.4357335 4.1270961 3.8684587 3.6496284 3.4634019 3.3040385 3.1666571 3.0483922 2.9465165 2.8586532 2.7834113 2.7192248 2.6651028 2.6201359 2.5836233 2.5550791 2.5339263 2.5200199 2.5131241 2.535703 2.5426835 2.5567288 2.5780042 2.6068615 2.6437011 2.6890803 2.7436722 2.8084154 2.8843511 2.9729306 3.0757787 3.1950669 3.3335073 3.4945376 3.682437 3.9030427 4.1639137 4.4752853 4.851341 5.3123471 5.8879691 6.6243051 7.594703 8.9463003 10.869967 13.912336 19.42027 32.336077 100.30029 98.905579 32.074443 19.247049 13.787548 10.766253 8.8592837 7.5297469 6.5664114 5.8356076 5.2653786 4.8083391 4.4357335 4.1270961 3.8684587 3.6496284 3.4634019 3.3040385 3.1666571 3.0483922 2.9465165 2.8586532 2.7834113 2.7192248 2.6651028 2.6201359 2.5836233 2.5550791 2.5339263 2.5200199 2.5131241 2.535703 2.5426835 2.5567288 2.5780042 2.6068615 2.6437011 2.6890803 2.7436722 2.8084154 2.8843511 2.9729306 3.0757787 3.1950669 3.3335073 3.4945376 3.682437 3.9030427 4.1639137 4.4752853 4.851341 5.3123471 5.8879691 6.6243051 7.594703 8.9463003 10.869967 13.912336 19.42027 32.336077 100.30029 98.905579 32.074443 19.247049 13.787548 10.766253 8.8592837 7.5297469 6.5664114 5.8356076 5.2653786 4.8083391 4.4357335 4.1270961 3.8684587 3.6496284 3.4634019 3.3040385 3.1666571 3.0483922 2.9465165 2.8586532 2.7834113 2.7192248 2.6651028 2.6201359 2.5836233 2.5550791 2.5339263 2.5200199 2.5131241 2.535703 2.5426835 2.5567288 2.5780042 2.6068615 2.6437011 2.6890803 2.7436722 2.8084154 2.8843511 2.9729306 3.0757787 3.1950669 3.3335073 3.4945376 3.682437 3.9030427 4.1639137 4.4752853 4.851341 5.3123471 5.8879691 6.6243051 7.594703 8.9463003 10.869967 13.912336 19.42027 32.336077 100.30029 98.905579 32.074443 19.247049 13.787548 10.766253 8.8592837 7.5297469 6.5664114 5.8356076 5.2653786 4.8083391 4.4357335 4.1270961 3.8684587 3.6496284 3.4634019 3.3040385 3.1666571 3.0483922 2.9465165 2.8586532 2.7834113 2.7192248 2.6651028 2.6201359 2.5836233 2.5550791 2.5339263 2.5200199 2.5131241 2.535703 2.5426835 2.5567288 2.5780042 2.6068615 2.6437011 2.6890803 2.7436722 2.8084154 2.8843511 2.9729306 3.0757787 3.1950669 3.3335073 3.4945376 3.682437 3.9030427 4.1639137 4.4752853 4.851341 5.3123471 5.8879691 6.6243051 7.594703 8.9463003 10.869967 13.912336 19.42027 32.336077 100.30029 98.905579 32.074443 19.247049 13.787548 10.766253 8.8592837 7.5297469 6.5664114 5.8356076 5.2653786 4.8083391 4.4357335 4.1270961 3.8684587 3.6496284 3.4634019 3.3040385 3.1666571 3.0483922 2.9465165 2.8586532 2.7834113 2.7192248 2.6651028 2.6201359 2.5836233 2.5550791 2.5339263 2.5200199 2.5131241 2.535703 2.5426835 2.5567288 2.5780042 2.6068615 2.6437011 2.6890803 2.7436722 2.8084154 2.8843511 2.9729306 3.0757787 3.1950669 3.3335073 3.4945376 3.682437 3.9030427 4.1639137 4.4752853 4.851341 5.3123471 5.8879691 6.6243051 7.594703 8.9463003 10.869967 13.912336 19.42027 32.336077 100.30029 98.905579 32.074443 19.247049 13.787548 10.766253 8.8592837 7.5297469 6.5664114 5.8356076 5.2653786 4.8083391 4.4357335 4.1270961 3.8684587 3.6496284 3.4634019 3.3040385 3.1666571 3.0483922 2.9465165 2.8586532 2.7834113 2.7192248 2.6651028 2.6201359 2.5836233 2.5550791 2.5339263 2.5200199 2.5131241 2.535703 2.5426835 2.5567288 2.5780042 2.6068615 2.6437011 2.6890803 2.7436722 2.8084154 2.8843511 2.9729306 3.0757787 3.1950669 3.3335073 3.4945376 3.682437 3.9030427 4.1639137 4.4752853 4.851341 5.3123471 5.8879691 6.6243051 7.594703 8.9463003 10.869967 13.912336 19.42027 32.336077 100.30029 98.905579 32.074443 19.247049 13.787548 10.766253 8.8592837 7.5297469 6.5664114 5.8356076 5.2653786 4.8083391 4.4357335 4.1270961 3.8684587 3.6496284 3.4634019 3.3040385 3.1666571 3.0483922 2.9465165 2.8586532 2.7834113 2.7192248 2.6651028 2.6201359 2.5836233 2.5550791 2.5339263 2.5200199 2.5131241 2.535703 2.5426835 2.5567288 2.5780042 2.6068615 2.6437011 2.6890803 2.7436722 2.8084154 2.8843511 2.9729306 3.0757787 3.1950669 3.3335073 3.4945376 3.682437 3.9030427 4.1639137 4.4752853 4.851341 5.3123471 5.8879691 6.6243051 7.594703 8.9463003 10.869967 13.912336 19.42027 32.336077 100.30029 98.905579 32.074443 19.247049 13.787548 10.766253 8.8592837 7.5297469 6.5664114 5.8356076 5.2653786 4.8083391 4.4357335 4.1270961 3.8684587 3.6496284 3.4634019 3.3040385 3.1666571 3.0483922 2.9465165 2.8586532 2.7834113 2.7192248 2.6651028 2.6201359 2.5836233 2.5550791 2.5339263 2.5200199 2.5131241 2.535703 2.5426835 2.5567288 2.5780042 2.6068615 2.6437011 2.6890803 2.7436722 2.8084154 2.8843511 2.9729306 3.0757787 3.1950669 3.3335073 3.4945376 3.682437 3.9030427 4.1639137 4.4752853 4.851341 5.3123471 5.8879691 6.6243051 7.594703 8.9463003 10.869967 13.912336 19.42027 32.336077 100.30029 98.905579 32.074443 19.247049 13.787548 10.766253 8.8592837 7.5297469 6.5664114 5.8356076 5.2653786 4.8083391 4.4357335 4.1270961 3.8684587 3.6496284 3.4634019 3.3040385 3.1666571 3.0483922 2.9465165 2.8586532 2.7834113 2.7192248 2.6651028 2.6201359 2.5836233 2.5550791 2.5339263 2.5200199 2.5131241 2.535703 2.5426835 2.5567288 2.5780042 2.6068615 2.6437011 2.6890803 2.7436722 2.8084154 2.8843511 2.9729306 3.0757787 3.1950669 3.3335073 3.4945376 3.682437 3.9030427 4.1639137 4.4752853 4.851341 5.3123471 5.8879691 6.6243051 7.594703 8.9463003 10.869967 13.912336 19.42027 32.336077 100.30029 98.905579 32.074443 19.247049 13.787548 10.766253 8.8592837 7.5297469 6.5664114 5.8356076 5.2653786 4.8083391 4.4357335 4.1270961 3.8684587 3.6496284 3.4634019 3.3040385 3.1666571 3.0483922 2.9465165 2.8586532 2.7834113 2.7192248 2.6651028 2.6201359 2.5836233 2.5550791 2.5339263 2.5200199 2.5131241 2.535703 2.5426835 2.5567288 2.5780042 2.6068615 2.6437011 2.6890803 2.7436722 2.8084154 2.8843511 2.9729306 3.0757787 3.1950669 3.3335073 3.4945376 3.682437 3.9030427 4.1639137 4.4752853 4.851341 5.3123471 5.8879691 6.6243051 7.594703 8.9463003 10.869967 13.912336 19.42027 32.336077 100.30029 98.905579 32.074443 19.247049 13.787548 10.766253 8.8592837 7.5297469 6.5664114 5.8356076 5.2653786 4.8083391 4.4357335 4.1270961 3.8684587 3.6496284 3.4634019 3.3040385 3.1666571 3.0483922 2.9465165 2.8586532 2.7834113 2.7192248 2.6651028 2.6201359 2.5836233 2.5550791 2.5339263 2.5200199 2.5131241 2.535703 2.5426835 2.5567288 2.5780042 2.6068615 2.6437011 2.6890803 2.7436722 2.8084154 2.8843511 2.9729306 3.0757787 3.1950669 3.3335073 3.4945376 3.682437 3.9030427 4.1639137 4.4752853 4.851341 5.3123471 5.8879691 6.6243051 7.594703 8.9463003 10.869967 13.912336 19.42027 32.336077 100.30029 98.905579 32.074443 19.247049 13.787548 10.766253 8.8592837 7.5297469 6.5664114 5.8356076 5.2653786 4.8083391 4.4357335 4.1270961 3.8684587 3.6496284 3.4634019 3.3040385 3.1666571 3.0483922 2.9465165 2.8586532 2.7834113 2.7192248 2.6651028 2.6201359 2.5836233 2.5550791 2.5339263 2.5200199 2.5131241 2.535703 2.5426835 2.5567288 2.5780042 2.6068615 2.6437011 2.6890803 2.7436722 2.8084154 2.8843511 2.9729306 3.0757787 3.1950669 3.3335073 3.4945376 3.682437 3.9030427 4.1639137 4.4752853 4.851341 5.3123471 5.8879691 6.6243051 7.594703 8.9463003 10.869967 13.912336 19.42027 32.336077 100.30029 98.905579 32.074443 19.247049 13.787548 10.766253 8.8592837 7.5297469 6.5664114 5.8356076 5.2653786 4.8083391 4.4357335 4.1270961 3.8684587 3.6496284 3.4634019 3.3040385 3.1666571 3.0483922 2.9465165 2.8586532 2.7834113 2.7192248 2.6651028 2.6201359 2.5836233 2.5550791 2.5339263 2.5200199 2.5131241 2.535703 2.5426835 2.5567288 2.5780042 2.6068615 2.6437011 2.6890803 2.7436722 2.8084154 2.8843511 2.9729306 3.0757787 3.1950669 3.3335073 3.4945376 3.682437 3.9030427 4.1639137 4.4752853 4.851341 5.3123471 5.8879691 6.6243051 7.594703 8.9463003 10.869967 13.912336 19.42027 32.336077 100.30029 98.905579 32.074443 19.247049 13.787548 10.766253 8.8592837 7.5297469 6.5664114 5.8356076 5.2653786 4.8083391 4.4357335 4.1270961 3.8684587 3.6496284 3.4634019 3.3040385 3.1666571 3.0483922 2.9465165 2.8586532 2.7834113 2.7192248 2.6651028 2.6201359 2.5836233 2.5550791 2.5339263 2.5200199 2.5131241 2.535703 2.5426835 2.5567288 2.5780042 2.6068615 2.6437011 2.6890803 2.7436722 2.8084154 2.8843511 2.9729306 3.0757787 3.1950669 3.3335073 3.4945376 3.682437 3.9030427 4.1639137 4.4752853 4.851341 5.3123471 5.8879691 6.6243051 7.594703 8.9463003 10.869967 13.912336 19.42027 32.336077 100.30029 98.905579 32.074443 19.247049 13.787548 10.766253 8.8592837 7.5297469 6.5664114 5.8356076 5.2653786 4.8083391 4.4357335 4.1270961 3.8684587 3.6496284 3.4634019 3.3040385 3.1666571 3.0483922 2.9465165 2.8586532 2.7834113 2.7192248 2.6651028 2.6201359 2.5836233 2.5550791 2.5339263 2.5200199 2.5131241 2.535703 2.5426835 2.5567288 2.5780042 2.6068615 2.6437011 2.6890803 2.7436722 2.8084154 2.8843511 2.9729306 3.0757787 3.1950669 3.3335073 3.4945376 3.682437 3.9030427 4.1639137 4.4752853 4.851341 5.3123471 5.8879691 6.6243051 7.594703 8.9463003 10.869967 13.912336 19.42027 32.336077 100.30029 98.905579 32.074443 19.247049 13.787548 10.766253 8.8592837 7.5297469 6.5664114 5.8356076 5.2653786 4.8083391 4.4357335 4.1270961 3.8684587 3.6496284 3.4634019 3.3040385 3.1666571 3.0483922 2.9465165 2.8586532 2.7834113 2.7192248 2.6651028 2.6201359 2.5836233 2.5550791 2.5339263 2.5200199 2.5131241 2.535703 2.5426835 2.5567288 2.5780042 2.6068615 2.6437011 2.6890803 2.7436722 2.8084154 2.8843511 2.9729306 3.0757787 3.1950669 3.3335073 3.4945376 3.682437 3.9030427 4.1639137 4.4752853 4.851341 5.3123471 5.8879691 6.6243051 7.594703 8.9463003 10.869967 13.912336 19.42027 32.336077 100.30029 98.905579 32.074443 19.247049 13.787548 10.766253 8.8592837 7.5297469 6.5664114 5.8356076 5.2653786 4.8083391 4.4357335 4.1270961 3.8684587 3.6496284 3.4634019 3.3040385 3.1666571 3.0483922 2.9465165 2.8586532 2.7834113 2.7192248 2.6651028 2.6201359 2.5836233 2.5550791 2.5339263 2.5200199 2.5131241 2.535703 2.5426835 2.5567288 2.5780042 2.6068615 2.6437011 2.6890803 2.7436722 2.8084154 2.8843511 2.9729306 3.0757787 3.1950669 3.3335073 3.4945376 3.682437 3.9030427 4.1639137 4.4752853 4.851341 5.3123471 5.8879691 6.6243051 7.594703 8.9463003 10.869967 13.912336 19.42027 32.336077 100.30029 98.905579 32.074443 19.247049 13.787548 10.766253 8.8592837 7.5297469 6.5664114 5.8356076 5.2653786 4.8083391 4.4357335 4.1270961 3.8684587 3.6496284 3.4634019 3.3040385 3.1666571 3.0483922 2.9465165 2.8586532 2.7834113 2.7192248 2.6651028 2.6201359 2.5836233 2.5550791 2.5339263 2.5200199 2.5131241 2.535703 2.5426835 2.5567288 2.5780042 2.6068615 2.6437011 2.6890803 2.7436722 2.8084154 2.8843511 2.9729306 3.0757787 3.1950669 3.3335073 3.4945376 3.682437 3.9030427 4.1639137 4.4752853 4.851341 5.3123471 5.8879691 6.6243051 7.594703 8.9463003 10.869967 13.912336 19.42027 32.336077 100.30029 98.905579 32.074443 19.247049 13.787548 10.766253 8.8592837 7.5297469 6.5664114 5.8356076 5.2653786 4.8083391 4.4357335 4.1270961 3.8684587 3.6496284 3.4634019 3.3040385 3.1666571 3.0483922 2.9465165 2.8586532 2.7834113 2.7192248 2.6651028 2.6201359 2.5836233 2.5550791 2.5339263 2.5200199 2.5131241 2.535703 2.5426835 2.5567288 2.5780042 2.6068615 2.6437011 2.6890803 2.7436722 2.8084154 2.8843511 2.9729306 3.0757787 3.1950669 3.3335073 3.4945376 3.682437 3.9030427 4.1639137 4.4752853 4.851341 5.3123471 5.8879691 6.6243051 7.594703 8.9463003 10.869967 13.912336 19.42027 32.336077 100.30029 98.905579 32.074443 19.247049 13.787548 10.766253 8.8592837 7.5297469 6.5664114 5.8356076 5.2653786 4.8083391 4.4357335 4.1270961 3.8684587 3.6496284 3.4634019 3.3040385 3.1666571 3.0483922 2.9465165 2.8586532 2.7834113 2.7192248 2.6651028 2.6201359 2.5836233 2.5550791 2.5339263 2.5200199 2.5131241 2.535703 2.5426835 2.5567288 2.5780042 2.6068615 2.6437011 2.6890803 2.7436722 2.8084154 2.8843511 2.9729306 3.0757787 3.1950669 3.3335073 3.4945376 3.682437 3.9030427 4.1639137 4.4752853 4.851341 5.3123471 5.8879691 6.6243051 7.594703 8.9463003 10.869967 13.912336 19.42027 32.336077 100.30029 98.905579 32.074443 19.247049 13.787548 10.766253 8.8592837 7.5297469 6.5664114 5.8356076 5.2653786 4.8083391 4.4357335 4.1270961 3.8684587 3.6496284 3.4634019 3.3040385 3.1666571 3.0483922 2.9465165 2.8586532 2.7834113 2.7192248 2.6651028 2.6201359 2.5836233 2.5550791 2.5339263 2.5200199 2.5131241 2.535703 2.5426835 2.5567288 2.5780042 2.6068615 2.6437011 2.6890803 2.7436722 2.8084154 2.8843511 2.9729306 3.0757787 3.1950669 3.3335073 3.4945376 3.682437 3.9030427 4.1639137 4.4752853 4.851341 5.3123471 5.8879691 6.6243051 7.594703 8.9463003 10.869967 13.912336 19.42027 32.336077 100.30029 98.905579 32.074443 19.247049 13.787548 10.766253 8.8592837 7.5297469 6.5664114 5.8356076 5.2653786 4.8083391 4.4357335 4.1270961 3.8684587 3.6496284 3.4634019 3.3040385 3.1666571 3.0483922 2.9465165 2.8586532 2.7834113 2.7192248 2.6651028 2.6201359 2.5836233 2.5550791 2.5339263 2.5200199 2.5131241 2.535703 2.5426835 2.5567288 2.5780042 2.6068615 2.6437011 2.6890803 2.7436722 2.8084154 2.8843511 2.9729306 3.0757787 3.1950669 3.3335073 3.4945376 3.682437 3.9030427 4.1639137 4.4752853 4.851341 5.3123471 5.8879691 6.6243051 7.594703 8.9463003 10.869967 13.912336 19.42027 32.336077 100.30029 98.905579 32.074443 19.247049 13.787548 10.766253 8.8592837 7.5297469 6.5664114 5.8356076 5.2653786 4.8083391 4.4357335 4.1270961 3.8684587 3.6496284 3.4634019 3.3040385 3.1666571 3.0483922 2.9465165 2.8586532 2.7834113 2.7192248 2.6651028 2.6201359 2.5836233 2.5550791 2.5339263 2.5200199 2.5131241 2.535703 2.5426835 2.5567288 2.5780042 2.6068615 2.6437011 2.6890803 2.7436722 2.8084154 2.8843511 2.9729306 3.0757787 3.1950669 3.3335073 3.4945376 3.682437 3.9030427 4.1639137 4.4752853 4.851341 5.3123471 5.8879691 6.6243051 7.594703 8.9463003 10.869967 13.912336 19.42027 32.336077 100.30029 98.905579 32.074443 19.247049 13.787548 10.766253 8.8592837 7.5297469 6.5664114 5.8356076 5.2653786 4.8083391 4.4357335 4.1270961 3.8684587 3.6496284 3.4634019 3.3040385 3.1666571 3.0483922 2.9465165 2.8586532 2.7834113 2.7192248 2.6651028 2.6201359 2.5836233 2.5550791 2.5339263 2.5200199 2.5131241 2.535703 2.5426835 2.5567288 2.5780042 2.6068615 2.6437011 2.6890803 2.7436722 2.8084154 2.8843511 2.9729306 3.0757787 3.1950669 3.3335073 3.4945376 3.682437 3.9030427 4.1639137 4.4752853 4.851341 5.3123471 5.8879691 6.6243051 7.594703 8.9463003 10.869967 13.912336 19.42027 32.336077 100.30029 98.905579 32.074443 19.247049 13.787548 10.766253 8.8592837 7.5297469 6.5664114 5.8356076 5.2653786 4.8083391 4.4357335 4.1270961 3.8684587 3.6496284 3.4634019 3.3040385 3.1666571 3.0483922 2.9465165 2.8586532 2.7834113 2.7192248 2.6651028 2.6201359 2.5836233 2.5550791 2.5339263 2.5200199 2.5131241 2.535703 2.5426835 2.5567288 2.5780042 2.6068615 2.6437011 2.6890803 2.7436722 2.8084154 2.8843511 2.9729306 3.0757787 3.1950669 3.3335073 3.4945376 3.682437 3.9030427 4.1639137 4.4752853 4.851341 5.3123471 5.8879691 6.6243051 7.594703 8.9463003 10.869967 13.912336 19.42027 32.336077 100.30029 98.905579 32.074443 19.247049 13.787548 10.766253 8.8592837 7.5297469 6.5664114 5.8356076 5.2653786 4.8083391 4.4357335 4.1270961 3.8684587 3.6496284 3.4634019 3.3040385 3.1666571 3.0483922 2.9465165 2.8586532 2.7834113 2.7192248 2.6651028 2.6201359 2.5836233 2.5550791 2.5339263 2.5200199 2.5131241 2.535703 2.5426835 2.5567288 2.5780042 2.6068615 2.6437011 2.6890803 2.7436722 2.8084154 2.8843511 2.9729306 3.0757787 3.1950669 3.3335073 3.4945376 3.682437 3.9030427 4.1639137 4.4752853 4.851341 5.3123471 5.8879691 6.6243051 7.594703 8.9463003 10.869967 13.912336 19.42027 32.336077 100.30029 98.905579 32.074443 19.247049 13.787548 10.766253 8.8592837 7.5297469 6.5664114 5.8356076 5.2653786 4.8083391 4.4357335 4.1270961 3.8684587 3.6496284 3.4634019 3.3040385 3.1666571 3.0483922 2.9465165 2.8586532 2.7834113 2.7192248 2.6651028 2.6201359 2.5836233 2.5550791 2.5339263 2.5200199 2.5131241 2.535703 2.5426835 2.5567288 2.5780042 2.6068615 2.6437011 2.6890803 2.7436722 2.8084154 2.8843511 2.9729306 3.0757787 3.1950669 3.3335073 3.4945376 3.682437 3.9030427 4.1639137 4.4752853 4.851341 5.3123471 5.8879691 6.6243051 7.594703 8.9463003 10.869967 13.912336 19.42027 32.336077 100.30029 98.905579 32.074443 19.247049 13.787548 10.766253 8.8592837 7.5297469 6.5664114 5.8356076 5.2653786 4.8083391 4.4357335 4.1270961 3.8684587 3.6496284 3.4634019 3.3040385 3.1666571 3.0483922 2.9465165 2.8586532 2.7834113 2.7192248 2.6651028 2.6201359 2.5836233 2.5550791 2.5339263 2.5200199 2.5131241 2.535703 2.5426835 2.5567288 2.5780042 2.6068615 2.6437011 2.6890803 2.7436722 2.8084154 2.8843511 2.9729306 3.0757787 3.1950669 3.3335073 3.4945376 3.682437 3.9030427 4.1639137 4.4752853 4.851341 5.3123471 5.8879691 6.6243051 7.594703 8.9463003 10.869967 13.912336 19.42027 32.336077 100.30029 98.905579 32.074443 19.247049 13.787548 10.766253 8.8592837 7.5297469 6.5664114 5.8356076 5.2653786 4.8083391 4.4357335 4.1270961 3.8684587 3.6496284 3.4634019 3.3040385 3.1666571 3.0483922 2.9465165 2.8586532 2.7834113 2.7192248 2.6651028 2.6201359 2.5836233 2.5550791 2.5339263 2.5200199 2.5131241 2.535703 2.5426835 2.5567288 2.5780042 2.6068615 2.6437011 2.6890803 2.7436722 2.8084154 2.8843511 2.9729306 3.0757787 3.1950669 3.3335073 3.4945376 3.682437 3.9030427 4.1639137 4.4752853 4.851341 5.3123471 5.8879691 6.6243051 7.594703 8.9463003 10.869967 13.912336 19.42027 32.336077 100.30029 98.905579 32.074443 19.247049 13.787548 10.766253 8.8592837 7.5297469 6.5664114 5.8356076 5.2653786 4.8083391 4.4357335 4.1270961 3.8684587 3.6496284 3.4634019 3.3040385 3.1666571 3.0483922 2.9465165 2.8586532 2.7834113 2.7192248 2.6651028 2.6201359 2.5836233 2.5550791 2.5339263 2.5200199 2.5131241 2.535703 2.5426835 2.5567288 2.5780042 2.6068615 2.6437011 2.6890803 2.7436722 2.8084154 2.8843511 2.9729306 3.0757787 3.1950669 3.3335073 3.4945376 3.682437 3.9030427 4.1639137 4.4752853 4.851341 5.3123471 5.8879691 6.6243051 7.594703 8.9463003 10.869967 13.912336 19.42027 32.336077 100.30029 98.905579 32.074443 19.247049 13.787548 10.766253 8.8592837 7.5297469 6.5664114 5.8356076 5.2653786 4.8083391 4.4357335 4.1270961 3.8684587 3.6496284 3.4634019 3.3040385 3.1666571 3.0483922 2.9465165 2.8586532 2.7834113 2.7192248 2.6651028 2.6201359 2.5836233 2.5550791 2.5339263 2.5200199 2.5131241 2.535703 2.5426835 2.5567288 2.5780042 2.6068615 2.6437011 2.6890803 2.7436722 2.8084154 2.8843511 2.9729306 3.0757787 3.1950669 3.3335073 3.4945376 3.682437 3.9030427 4.1639137 4.4752853 4.851341 5.3123471 5.8879691 6.6243051 7.594703 8.9463003 10.869967 13.912336 19.42027 32.336077 100.30029 98.905579 32.074443 19.247049 13.787548 10.766253 8.8592837 7.5297469 6.5664114 5.8356076 5.2653786 4.8083391 4.4357335 4.1270961 3.8684587 3.6496284 3.4634019 3.3040385 3.1666571 3.0483922 2.9465165 2.8586532 2.7834113 2.7192248 2.6651028 2.6201359 2.5836233 2.5550791 2.5339263 2.5200199 2.5131241 2.535703 2.5426835 2.5567288 2.5780042 2.6068615 2.6437011 2.6890803 2.7436722 2.8084154 2.8843511 2.9729306 3.0757787 3.1950669 3.3335073 3.4945376 3.682437 3.9030427 4.1639137 4.4752853 4.851341 5.3123471 5.8879691 6.6243051 7.594703 8.9463003 10.869967 13.912336 19.42027 32.336077 100.30029 98.905579 32.074443 19.247049 13.787548 10.766253 8.8592837 7.5297469 6.5664114 5.8356076 5.2653786 4.8083391 4.4357335 4.1270961 3.8684587 3.6496284 3.4634019 3.3040385 3.1666571 3.0483922 2.9465165 2.8586532 2.7834113 2.7192248 2.6651028 2.6201359 2.5836233 2.5550791 2.5339263 2.5200199 2.5131241 2.535703 2.5426835 2.5567288 2.5780042 2.6068615 2.6437011 2.6890803 2.7436722 2.8084154 2.8843511 2.9729306 3.0757787 3.1950669 3.3335073 3.4945376 3.682437 3.9030427 4.1639137 4.4752853 4.851341 5.3123471 5.8879691 6.6243051 7.594703 8.9463003 10.869967 13.912336 19.42027 32.336077 100.30029 98.905579 32.074443 19.247049 13.787548 10.766253 8.8592837 7.5297469 6.5664114 5.8356076 5.2653786 4.8083391 4.4357335 4.1270961 3.8684587 3.6496284 3.4634019 3.3040385 3.1666571 3.0483922 2.9465165 2.8586532 2.7834113 2.7192248 2.6651028 2.6201359 2.5836233 2.5550791 2.5339263 2.5200199 2.5131241 2.535703 2.5426835 2.5567288 2.5780042 2.6068615 2.6437011 2.6890803 2.7436722 2.8084154 2.8843511 2.9729306 3.0757787 3.1950669 3.3335073 3.4945376 3.682437 3.9030427 4.1639137 4.4752853 4.851341 5.3123471 5.8879691 6.6243051 7.594703 8.9463003 10.869967 13.912336 19.42027 32.336077 100.30029 98.905579 32.074443 19.247049 13.787548 10.766253 8.8592837 7.5297469 6.5664114 5.8356076 5.2653786 4.8083391 4.4357335 4.1270961 3.8684587 3.6496284 3.4634019 3.3040385 3.1666571 3.0483922 2.9465165 2.8586532 2.7834113 2.7192248 2.6651028 2.6201359 2.5836233 2.5550791 2.5339263 2.5200199 2.5131241 2.3006628 2.2763349 2.2604193 2.2537631 2.2568641 2.2702154 2.2944541 2.3302615 2.3784118 2.4401783 2.5190093 2.6135143 2.7255268 2.8573666 3.0120533 3.193377 3.4064504 3.6580849 3.9575615 4.3177345 4.7572333 5.3030768 5.997386 6.9072474 8.1680605 9.9548807 12.758177 17.815375 29.663817 91.959466 90.67842 29.422473 17.65567 12.645114 9.863637 8.0949369 6.8553244 5.9523601 5.2634213 4.7223864 4.2859595 3.9282924 3.6304795 3.3801 3.168068 2.9876504 2.8337659 2.7022137 2.5904967 2.4961342 2.4171836 2.3549355 2.3068216 2.2708892 2.246392 2.2327804 2.229617 2.2364852 2.2534 2.2801768 2.1031341 2.0800452 2.0654301 2.059376 2.0622406 2.074417 2.0965207 2.1292357 2.1732332 2.2297041 2.3017748 2.3880933 2.490447 2.6109378 2.75228 2.9179583 3.1127571 3.3428102 3.6166622 3.9462147 4.3481518 4.8478515 5.4841205 6.3180313 7.4633534 9.0963741 11.711967 16.468512 28.15309 87.125739 85.077001 27.675674 16.277832 11.587811 9.0081437 7.3911593 6.2609466 5.4366374 4.8068616 4.3122826 3.9138179 3.5870303 3.3150588 3.0865563 2.8928566 2.7281024 2.587555 2.4674598 2.3654557 2.2792837 2.2072176 2.1504279 2.1065582 2.0738371 2.0515757 2.0392481 2.0367725 2.0437153 2.059415 2.0843295 1.9365737 1.9149001 1.9014098 1.8958477 1.8984963 1.9096946 1.9300229 1.9601392 2.0006434 2.0526482 2.1190087 2.1984567 2.2926845 2.4036173 2.5337331 2.6862552 2.8656319 3.0774706 3.3296707 3.6332526 4.0034252 4.4638648 5.0504432 5.8192637 6.8698354 8.3741623 10.809233 15.252985 26.429453 81.483224 79.170663 25.847346 15.051594 10.680546 8.2890709 6.7998993 5.760917 5.0026933 4.4229785 3.9676764 3.6010839 3.3003191 3.050062 2.8398856 2.6616354 2.5100447 2.380708 2.2702324 2.1763864 2.097095 2.0308049 1.978575 1.9382416 1.908175 1.8877398 1.8764424 1.8743446 1.8810329 1.8955911 1.9187194 1.7942795 1.774036 1.7615234 1.7563724 1.7588269 1.769197 1.7880232 1.8159247 1.8534493 1.9016384 1.9631152 2.0367129 2.1240097 2.2267842 2.3473248 2.4886287 2.6548228 2.8510917 3.0847683 3.3660744 3.7090567 4.1357492 4.6794325 5.3920256 6.3632595 7.7581799 10.025498 14.16486 24.646473 75.618512 73.369962 24.05026 13.964614 9.8962188 7.6762223 6.2961837 5.3345183 4.6325937 4.0957376 3.6740447 3.3345939 3.0560474 2.8242933 2.6296983 2.4646385 2.3242651 2.2044833 2.1021996 2.0153027 1.9418733 1.8804992 1.832139 1.794801 1.7669703 1.7480604 1.7376119 1.7357184 1.7420021 1.7555162 1.7769915 1.6713409 1.652467 1.6408094 1.636008 1.6382891 1.6479482 1.6654856 1.6914766 1.72643 1.7713219 1.8285764 1.8971312 1.9784465 2.0741766 2.1864542 2.3180787 2.4728793 2.6556909 2.8733481 3.1353556 3.4548145 3.8522267 4.3585833 5.0222254 5.925916 7.2265976 9.3406706 13.194089 22.908164 69.921357 67.910995 22.351053 13.001544 9.2131328 7.1476951 5.8619176 4.9666621 4.31327 3.8134886 3.420861 3.1048033 2.8454419 2.6296428 2.4484622 2.2947912 2.1640907 2.0525496 1.957326 1.8764196 1.8080444 1.7509056 1.7058727 1.6711067 1.6451886 1.6275754 1.6178417 1.6160539 1.6218762 1.6344472 1.6544187 1.5640812 1.5464843 1.5355789 1.5310793 1.5332058 1.5422473 1.5586656 1.5829917 1.6157036 1.6577185 1.7112875 1.7754497 1.8515505 1.9411374 2.0462115 2.169399 2.3142567 2.4853242 2.6889958 2.9341343 3.2330511 3.6048427 4.0784726 4.6991832 5.5445788 6.7631831 8.7384257 12.328415 21.273924 64.604669 62.902168 20.781997 12.146896 8.6139781 6.6872171 5.4836696 4.6461052 4.0349796 3.5675657 3.2003093 2.9046236 2.6619916 2.460092 2.2905843 2.1468432 2.0245692 1.9202082 1.8311325 1.7554436 1.6914712 1.6380195 1.5958795 1.5633475 1.5390862 1.5225915 1.5134702 1.5117322 1.5170849 1.5288085 1.5474228 1.4696948 1.453272 1.4430325 1.4387965 1.4407851 1.4492848 1.4647216 1.4875837 1.5183242 1.5578071 1.6081322 1.6684333 1.739948 1.8241307 1.9228697 2.0386374 2.1747441 2.3354755 2.5268345 2.7571099 3.037939 3.3871407 3.8318755 4.4146738 5.2091765 6.3556154 8.2055337 11.555426 19.770968 59.757766 58.37233 19.353247 11.386331 8.0849147 6.282448 5.1512608 4.364302 3.790315 3.3513908 3.0064649 2.7286807 2.5007627 2.3110803 2.1518241 2.0168158 1.9019481 1.803899 1.720225 1.6491212 1.5890186 1.5388059 1.4992053 1.4686329 1.4458222 1.430304 1.4217146 1.4199954 1.4248946 1.4358581 1.4532514 1.3860051 1.370654 1.3610072 1.3570039 1.358869 1.3668895 1.3814579 1.4030226 1.4320157 1.4692534 1.5167019 1.5735821 1.6410318 1.7204238 1.8135479 1.9227396 2.0510864 2.2026522 2.3830908 2.6001766 2.8649616 3.1941076 3.6131655 4.1622703 4.9119076 5.9943739 7.7312532 10.863529 18.406341 55.396076 54.306586 18.062247 10.707139 7.6148225 5.9238596 4.8568369 4.1146431 3.5735455 3.1598815 2.834755 2.572826 2.3579482 2.1790888 2.0289088 1.9016389 1.793332 1.700875 1.6219849 1.5549422 1.4982675 1.4509232 1.41357 1.3847312 1.3632022 1.3485451 1.3404233 1.3387059 1.3431798 1.3534609 1.3697563 1.311298 1.2969216 1.2878053 1.2840091 1.2857635 1.2933567 1.3071511 1.327558 1.3549918 1.3902249 1.4351056 1.4889336 1.5527555 1.6278717 1.7159849 1.8193079 1.9407274 2.084111 2.2547997 2.4601055 2.7105653 3.0217938 3.4178993 3.9368843 4.6466376 5.6719853 7.3068269 10.242335 17.175795 51.496233 50.669129 16.899957 10.098308 7.1947097 5.6039785 4.5942407 3.891938 3.3801693 2.9890493 2.6815941 2.4338064 2.230564 2.061359 1.919272 1.7989061 1.6964513 1.608983 1.5343591 1.4709386 1.4173218 1.3725351 1.3371857 1.3098917 1.2895042 1.2756131 1.2679064 1.2661826 1.2702637 1.2799312 1.2952383 1.0666237 1.0752467 1.0828099 1.0834473 1.0747757 1.0669403 1.0670098 1.0670211 1.0965002 1.1423983 1.195551 1.2567233 1.3276169 1.4098739 1.5051413 1.6154206 1.7432588 1.8920647 2.0665573 2.2732535 2.5217492 2.8272794 3.2122467 3.712414 4.3901915 5.3553654 6.8809566 9.6127819 15.933853 47.61562 47.02067 15.71926 9.4721438 6.7627 5.2721847 4.3131826 3.642444 3.1499813 2.7693726 2.4661552 2.2189923 2.0138384 1.8412598 1.6946533 1.5690299 1.4607901 1.3671102 1.2859475 1.2158043 1.1555717 1.1044352 1.0655003 1.0654953 1.0685538 1.0868834 1.1008434 1.1068435 1.1051333 1.0952824 1.0781669 1.128325 1.1428804 1.1508833 1.1515793 1.1423803 1.1265411 1.1068218 1.08002 1.0628823 1.0706307 1.1204082 1.1777326 1.2442064 1.3213162 1.4106093 1.5139717 1.6338118 1.7733353 1.9370464 2.1311108 2.3647182 2.6516614 3.0133633 3.483152 4.1209456 5.037424 6.4573847 9.0260931 14.9328 44.619397 44.128058 14.754051 8.8960179 6.3484207 4.9535652 4.0482263 3.4194015 2.9567419 2.5992083 2.3145998 2.0825791 1.8900308 1.7280783 1.5905036 1.4726155 1.3710307 1.283096 1.2069136 1.1410743 1.0845373 1.0614743 1.0758369 1.1085178 1.1342446 1.1537046 1.1685243 1.1749025 1.1730869 1.1626395 1.1444787 1.19554 1.2108399 1.2191186 1.2198004 1.210194 1.1933225 1.1723764 1.1439765 1.1084004 1.06668 1.0591412 1.1080663 1.1705998 1.2431447 1.3271533 1.4244001 1.5371522 1.668413 1.8224359 2.0049993 2.2247073 2.4945965 2.8348039 3.2767245 3.8765116 4.7412598 6.0657324 8.4855971 14.042024 41.976798 41.569717 13.895542 8.3779375 5.9790514 4.6705649 3.8131651 3.221442 2.7855952 2.4487041 2.1805806 1.961963 1.7805547 1.6279868 1.4983775 1.3873193 1.2916234 1.2087798 1.1370133 1.0749885 1.0579189 1.0972335 1.1381436 1.1727222 1.1999499 1.220556 1.23625 1.2430657 1.2411358 1.2301522 1.2110232 1.222838 1.2449127 1.2488068 1.2386085 1.2205757 1.1862584 1.1375854 1.1002958 1.1347896 1.2206682 1.3190456 1.4288025 1.5492527 1.6819543 1.8300529 1.9969556 2.186592 2.4039908 2.6558028 2.9510887 3.3032208 3.7313378 4.2659936 4.9557802 5.8865405 7.2318603 9.2665708 12.998995 21.58219 64.604335 64.053602 21.393367 12.883531 9.1846732 7.1650354 5.8310612 4.9070608 4.2193629 3.6844638 3.2565862 2.9047306 2.6096926 2.3580296 2.1406747 1.9508057 1.78363 1.6355904 1.5039927 1.3866188 1.2820833 1.1895928 1.1085594 1.0980587 1.1561024 1.2049356 1.2393824 1.2552173 1.2656692 1.2586124 1.2333715 1.3343895 1.3584149 1.3626856 1.3515378 1.331913 1.2944757 1.2413626 1.1767982 1.1052397 1.1094557 1.1989716 1.2986434 1.4079257 1.5286256 1.6634444 1.8153383 1.9878606 2.1855555 2.4146017 2.6831794 3.0035437 3.393382 3.880212 4.5079823 5.3544617 6.5824358 8.4240968 11.812679 19.611446 58.708694 58.332089 19.481976 11.732871 8.3648367 6.529757 5.3112318 4.46919 3.8425239 3.3554787 2.9658324 2.6454057 2.3767247 2.1475392 1.9495949 1.7766785 1.6244488 1.4896577 1.369786 1.2628661 1.1676475 1.0893046 1.1248774 1.1957319 1.259354 1.3125088 1.3500625 1.3673218 1.3787056 1.3710138 1.3434561 1.4462562 1.4722913 1.4769511 1.4648338 1.4433863 1.4028106 1.3452382 1.2752499 1.197706 1.1163336 1.0987421 1.1900987 1.2902266 1.4008366 1.524401 1.6636143 1.8217312 2.0029093 2.2128291 2.4589718 2.7526184 3.1099452 3.5561725 4.1315574 4.9072469 6.0380378 7.719618 10.821833 17.969883 53.799046 53.548793 17.883559 10.769802 7.6790403 5.9966928 4.8761057 4.1029706 3.5274344 3.0803714 2.7226702 2.4285127 2.1818666 1.9714741 1.7897595 1.6310203 1.491268 1.3675393 1.2574923 1.1593352 1.0820131 1.1366892 1.2171132 1.2937683 1.3626058 1.4201208 1.4608064 1.4794415 1.4917604 1.4834505 1.4536773 1.5583703 1.5864615 1.5915202 1.5784175 1.5549665 1.5112379 1.4491911 1.3737529 1.2902205 1.2026165 1.1140454 1.098221 1.1906873 1.2927126 1.4066522 1.5350421 1.6808925 1.8480433 2.0416961 2.26876 2.5396666 2.8691501 3.2806141 3.8112906 4.5267862 5.5754953 7.1222855 9.9824179 16.581503 49.647144 49.490448 16.527172 9.9521217 7.0969589 5.5432593 4.5066167 3.7921635 3.2600748 2.8469193 2.5163125 2.2444398 2.0164887 1.8220419 1.6540983 1.5073903 1.3782149 1.263864 1.1621647 1.0758301 1.1355171 1.2228565 1.3093597 1.391808 1.4658577 1.5277636 1.5716006 1.5915731 1.6048299 1.595915 1.564006 1.8916943 1.9381274 1.9586883 1.9502215 1.9286872 1.8865434 1.8196929 1.7337219 1.6347584 1.5285898 1.419916 1.3122122 1.2077866 1.1077585 1.0908569 1.1947129 1.3127558 1.4479216 1.6048317 1.7891057 2.0095218 2.278853 2.6173348 3.0562087 3.6523734 4.5395476 5.8296409 8.1940438 13.620378 40.785371 40.709028 13.592695 8.1760065 5.8122296 4.5261705 3.6601315 3.0689003 2.6317852 2.2946778 2.0261634 1.8058876 1.6216808 1.4647677 1.3293607 1.2110124 1.1067978 1.0903587 1.1874481 1.2885513 1.3925829 1.4976776 1.6010779 1.699011 1.786467 1.8542175 1.8993895 1.9207649 1.9366832 1.9268318 1.8903533 1.9993728 2.0484378 2.0701972 2.0612477 2.0384842 1.9939405 1.9232841 1.8324194 1.7278223 1.6156099 1.5007483 1.3869207 1.2765538 1.1708292 1.0702064 1.1267253 1.2380565 1.3655324 1.5135433 1.687369 1.8952872 2.1494967 2.4691305 2.8836929 3.4474468 4.2832498 5.5053722 7.7373403 12.846221 38.463399 38.366766 12.814053 7.7126763 5.4797894 4.2640581 3.450304 2.8924148 2.4803284 2.1625521 1.9094859 1.7019228 1.5283341 1.3804632 1.252848 1.1413124 1.0575702 1.1531386 1.2558185 1.3627407 1.4727609 1.5839034 1.6932513 1.7968159 1.8893017 1.9610315 2.0087363 2.0313331 2.04817 2.0377565 1.9992353 2.107054 2.1587493 2.1817098 2.1722749 2.1482816 2.1013381 2.0268779 1.9311211 1.8208934 1.7026396 1.581592 1.4616367 1.3453215 1.2339038 1.1278677 1.0660348 1.1713678 1.291977 1.4320051 1.5964674 1.7931499 2.0336477 2.3359932 2.7281076 3.2611435 4.0454213 5.2094026 7.3260732 12.155303 36.391571 36.279189 12.118331 7.2949532 5.1816681 4.0279589 3.2621968 2.7347164 2.3452388 2.0447975 1.8055141 1.6092721 1.4451369 1.3053176 1.1846496 1.0791852 1.1125857 1.21595 1.3242526 1.4370139 1.5530305 1.67022 1.7855013 1.8946723 1.9921634 2.0679726 2.1181844 2.1419103 2.1596651 2.1486993 2.1081189 3.0017366 3.0479375 3.0709436 3.0682028 3.0392953 2.9969826 2.9346711 2.8497262 2.7453934 2.6255286 2.4941154 2.3550029 2.2115757 2.0663497 1.9210595 1.7770441 1.6353056 1.4965461 1.3610801 1.2290918 1.1006206 1.068745 1.2193758 1.4148169 1.6796506 2.0625926 2.649132 3.7212686 6.1712299 18.474535 18.407869 6.1492509 3.7038507 2.6381504 2.0550036 1.6750637 1.4114893 1.2168067 1.0665514 1.1029778 1.2319566 1.3644955 1.5006467 1.6401958 1.782863 1.9279352 2.0743814 2.2207594 2.3651176 2.5049089 2.6369865 2.7577304 2.8632544 2.949653 3.0134164 3.0560204 3.0859793 3.0890304 3.0655078 3.0171067 3.0777192 3.1250895 3.148678 3.1458678 3.1162285 3.0728448 3.0089561 2.921861 2.8148872 2.6919882 2.5572487 2.4146148 2.2675571 2.118655 1.969687 1.8220261 1.6766999 1.534428 1.395533 1.2602036 1.1284805 1.041692 1.1885099 1.3790038 1.6371338 2.0103825 2.5820749 3.6270726 6.0150184 18.006892 17.941913 5.9935957 3.6100957 2.5713713 2.0029856 1.632663 1.3757604 1.1860058 1.0395539 1.1308974 1.2631409 1.3990348 1.5386324 1.6817139 1.8279924 1.9767367 2.12689 2.2769732 2.4249855 2.5683153 2.7037362 2.8275365 2.9357316 3.0243172 3.0896946 3.133377 3.1640943 3.1672227 3.1431046 3.0934783 3.0777192 3.1250895 3.148678 3.1458678 3.1162285 3.0728448 3.0089561 2.921861 2.8148872 2.6919882 2.5572487 2.4146148 2.2675571 2.118655 1.969687 1.8220261 1.6766999 1.534428 1.395533 1.2602036 1.1284805 1.041692 1.1885099 1.3790038 1.6371338 2.0103825 2.5820749 3.6270726 6.0150184 18.006892 17.941913 5.9935957 3.6100957 2.5713713 2.0029856 1.632663 1.3757604 1.1860058 1.0395539 1.1308974 1.2631409 1.3990348 1.5386324 1.6817139 1.8279924 1.9767367 2.12689 2.2769732 2.4249855 2.5683153 2.7037362 2.8275365 2.9357316 3.0243172 3.0896946 3.133377 3.1640943 3.1672227 3.1431046 3.0934783 3.0017366 3.0479375 3.0709436 3.0682028 3.0392953 2.9969826 2.9346711 2.8497262 2.7453934 2.6255286 2.4941154 2.3550029 2.2115757 2.0663497 1.9210595 1.7770441 1.6353056 1.4965461 1.3610801 1.2290918 1.1006206 1.068745 1.2193758 1.4148169 1.6796506 2.0625926 2.649132 3.7212686 6.1712299 18.474535 18.407869 6.1492509 3.7038507 2.6381504 2.0550036 1.6750637 1.4114893 1.2168067 1.0665514 1.1029778 1.2319566 1.3644955 1.5006467 1.6401958 1.782863 1.9279352 2.0743814 2.2207594 2.3651176 2.5049089 2.6369865 2.7577304 2.8632544 2.949653 3.0134164 3.0560204 3.0859793 3.0890304 3.0655078 3.0171067 2.107054 2.1587493 2.1817098 2.1722749 2.1482816 2.1013381 2.0268779 1.9311211 1.8208934 1.7026396 1.581592 1.4616367 1.3453215 1.2339038 1.1278677 1.0660348 1.1713678 1.291977 1.4320051 1.5964674 1.7931499 2.0336477 2.3359932 2.7281076 3.2611435 4.0454213 5.2094026 7.3260732 12.155303 36.391571 36.279189 12.118331 7.2949532 5.1816681 4.0279589 3.2621968 2.7347164 2.3452388 2.0447975 1.8055141 1.6092721 1.4451369 1.3053176 1.1846496 1.0791852 1.1125857 1.21595 1.3242526 1.4370139 1.5530305 1.67022 1.7855013 1.8946723 1.9921634 2.0679726 2.1181844 2.1419103 2.1596651 2.1486993 2.1081189 1.9993728 2.0484378 2.0701972 2.0612477 2.0384842 1.9939405 1.9232841 1.8324194 1.7278223 1.6156099 1.5007483 1.3869207 1.2765538 1.1708292 1.0702064 1.1267253 1.2380565 1.3655324 1.5135433 1.687369 1.8952872 2.1494967 2.4691305 2.8836929 3.4474468 4.2832498 5.5053722 7.7373403 12.846221 38.463399 38.366766 12.814053 7.7126763 5.4797894 4.2640581 3.450304 2.8924148 2.4803284 2.1625521 1.9094859 1.7019228 1.5283341 1.3804632 1.252848 1.1413124 1.0575702 1.1531386 1.2558185 1.3627407 1.4727609 1.5839034 1.6932513 1.7968159 1.8893017 1.9610315 2.0087363 2.0313331 2.04817 2.0377565 1.9992353 1.8916943 1.9381274 1.9586883 1.9502215 1.9286872 1.8865434 1.8196929 1.7337219 1.6347584 1.5285898 1.419916 1.3122122 1.2077866 1.1077585 1.0908569 1.1947129 1.3127558 1.4479216 1.6048317 1.7891057 2.0095218 2.278853 2.6173348 3.0562087 3.6523734 4.5395476 5.8296409 8.1940438 13.620378 40.785371 40.709028 13.592695 8.1760065 5.8122296 4.5261705 3.6601315 3.0689003 2.6317852 2.2946778 2.0261634 1.8058876 1.6216808 1.4647677 1.3293607 1.2110124 1.1067978 1.0903587 1.1874481 1.2885513 1.3925829 1.4976776 1.6010779 1.699011 1.786467 1.8542175 1.8993895 1.9207649 1.9366832 1.9268318 1.8903533 1.5583703 1.5864615 1.5915202 1.5784175 1.5549665 1.5112379 1.4491911 1.3737529 1.2902205 1.2026165 1.1140454 1.098221 1.1906873 1.2927126 1.4066522 1.5350421 1.6808925 1.8480433 2.0416961 2.26876 2.5396666 2.8691501 3.2806141 3.8112906 4.5267862 5.5754953 7.1222855 9.9824179 16.581503 49.647144 49.490448 16.527172 9.9521217 7.0969589 5.5432593 4.5066167 3.7921635 3.2600748 2.8469193 2.5163125 2.2444398 2.0164887 1.8220419 1.6540983 1.5073903 1.3782149 1.263864 1.1621647 1.0758301 1.1355171 1.2228565 1.3093597 1.391808 1.4658577 1.5277636 1.5716006 1.5915731 1.6048299 1.595915 1.564006 1.4462562 1.4722913 1.4769511 1.4648338 1.4433863 1.4028106 1.3452382 1.2752499 1.197706 1.1163336 1.0987421 1.1900987 1.2902266 1.4008366 1.524401 1.6636143 1.8217312 2.0029093 2.2128291 2.4589718 2.7526184 3.1099452 3.5561725 4.1315574 4.9072469 6.0380378 7.719618 10.821833 17.969883 53.799046 53.548793 17.883559 10.769802 7.6790403 5.9966928 4.8761057 4.1029706 3.5274344 3.0803714 2.7226702 2.4285127 2.1818666 1.9714741 1.7897595 1.6310203 1.491268 1.3675393 1.2574923 1.1593352 1.0820131 1.1366892 1.2171132 1.2937683 1.3626058 1.4201208 1.4608064 1.4794415 1.4917604 1.4834505 1.4536773 1.3343895 1.3584149 1.3626856 1.3515378 1.331913 1.2944757 1.2413626 1.1767982 1.1052397 1.1094557 1.1989716 1.2986434 1.4079257 1.5286256 1.6634444 1.8153383 1.9878606 2.1855555 2.4146017 2.6831794 3.0035437 3.393382 3.880212 4.5079823 5.3544617 6.5824358 8.4240968 11.812679 19.611446 58.708694 58.332089 19.481976 11.732871 8.3648367 6.529757 5.3112318 4.46919 3.8425239 3.3554787 2.9658324 2.6454057 2.3767247 2.1475392 1.9495949 1.7766785 1.6244488 1.4896577 1.369786 1.2628661 1.1676475 1.0893046 1.1248774 1.1957319 1.259354 1.3125088 1.3500625 1.3673218 1.3787056 1.3710138 1.3434561 1.222838 1.2449127 1.2488068 1.2386085 1.2205757 1.1862584 1.1375854 1.1002958 1.1347896 1.2206682 1.3190456 1.4288025 1.5492527 1.6819543 1.8300529 1.9969556 2.186592 2.4039908 2.6558028 2.9510887 3.3032208 3.7313378 4.2659936 4.9557802 5.8865405 7.2318603 9.2665708 12.998995 21.58219 64.604335 64.053602 21.393367 12.883531 9.1846732 7.1650354 5.8310612 4.9070608 4.2193629 3.6844638 3.2565862 2.9047306 2.6096926 2.3580296 2.1406747 1.9508057 1.78363 1.6355904 1.5039927 1.3866188 1.2820833 1.1895928 1.1085594 1.0980587 1.1561024 1.2049356 1.2393824 1.2552173 1.2656692 1.2586124 1.2333715 1.19554 1.2108399 1.2191186 1.2198004 1.210194 1.1933225 1.1723764 1.1439765 1.1084004 1.06668 1.0591412 1.1080663 1.1705998 1.2431447 1.3271533 1.4244001 1.5371522 1.668413 1.8224359 2.0049993 2.2247073 2.4945965 2.8348039 3.2767245 3.8765116 4.7412598 6.0657324 8.4855971 14.042024 41.976798 41.569717 13.895542 8.3779375 5.9790514 4.6705649 3.8131651 3.221442 2.7855952 2.4487041 2.1805806 1.961963 1.7805547 1.6279868 1.4983775 1.3873193 1.2916234 1.2087798 1.1370133 1.0749885 1.0579189 1.0972335 1.1381436 1.1727222 1.1999499 1.220556 1.23625 1.2430657 1.2411358 1.2301522 1.2110232 1.128325 1.1428804 1.1508833 1.1515793 1.1423803 1.1265411 1.1068218 1.08002 1.0628823 1.0706307 1.1204082 1.1777326 1.2442064 1.3213162 1.4106093 1.5139717 1.6338118 1.7733353 1.9370464 2.1311108 2.3647182 2.6516614 3.0133633 3.483152 4.1209456 5.037424 6.4573847 9.0260931 14.9328 44.619397 44.128058 14.754051 8.8960179 6.3484207 4.9535652 4.0482263 3.4194015 2.9567419 2.5992083 2.3145998 2.0825791 1.8900308 1.7280783 1.5905036 1.4726155 1.3710307 1.283096 1.2069136 1.1410743 1.0845373 1.0614743 1.0758369 1.1085178 1.1342446 1.1537046 1.1685243 1.1749025 1.1730869 1.1626395 1.1444787 1.0666237 1.0752467 1.0828099 1.0834473 1.0747757 1.0669403 1.0670098 1.0670211 1.0965002 1.1423983 1.195551 1.2567233 1.3276169 1.4098739 1.5051413 1.6154206 1.7432588 1.8920647 2.0665573 2.2732535 2.5217492 2.8272794 3.2122467 3.712414 4.3901915 5.3553654 6.8809566 9.6127819 15.933853 47.61562 47.02067 15.71926 9.4721438 6.7627 5.2721847 4.3131826 3.642444 3.1499813 2.7693726 2.4661552 2.2189923 2.0138384 1.8412598 1.6946533 1.5690299 1.4607901 1.3671102 1.2859475 1.2158043 1.1555717 1.1044352 1.0655003 1.0654953 1.0685538 1.0868834 1.1008434 1.1068435 1.1051333 1.0952824 1.0781669 1.311298 1.2969216 1.2878053 1.2840091 1.2857635 1.2933567 1.3071511 1.327558 1.3549918 1.3902249 1.4351056 1.4889336 1.5527555 1.6278717 1.7159849 1.8193079 1.9407274 2.084111 2.2547997 2.4601055 2.7105653 3.0217938 3.4178993 3.9368843 4.6466376 5.6719853 7.3068269 10.242335 17.175795 51.496233 50.669129 16.899957 10.098308 7.1947097 5.6039785 4.5942407 3.891938 3.3801693 2.9890493 2.6815941 2.4338064 2.230564 2.061359 1.919272 1.7989061 1.6964513 1.608983 1.5343591 1.4709386 1.4173218 1.3725351 1.3371857 1.3098917 1.2895042 1.2756131 1.2679064 1.2661826 1.2702637 1.2799312 1.2952383 1.3860051 1.370654 1.3610072 1.3570039 1.358869 1.3668895 1.3814579 1.4030226 1.4320157 1.4692534 1.5167019 1.5735821 1.6410318 1.7204238 1.8135479 1.9227396 2.0510864 2.2026522 2.3830908 2.6001766 2.8649616 3.1941076 3.6131655 4.1622703 4.9119076 5.9943739 7.7312532 10.863529 18.406341 55.396076 54.306586 18.062247 10.707139 7.6148225 5.9238596 4.8568369 4.1146431 3.5735455 3.1598815 2.834755 2.572826 2.3579482 2.1790888 2.0289088 1.9016389 1.793332 1.700875 1.6219849 1.5549422 1.4982675 1.4509232 1.41357 1.3847312 1.3632022 1.3485451 1.3404233 1.3387059 1.3431798 1.3534609 1.3697563 1.4696948 1.453272 1.4430325 1.4387965 1.4407851 1.4492848 1.4647216 1.4875837 1.5183242 1.5578071 1.6081322 1.6684333 1.739948 1.8241307 1.9228697 2.0386374 2.1747441 2.3354755 2.5268345 2.7571099 3.037939 3.3871407 3.8318755 4.4146738 5.2091765 6.3556154 8.2055337 11.555426 19.770968 59.757766 58.37233 19.353247 11.386331 8.0849147 6.282448 5.1512608 4.364302 3.790315 3.3513908 3.0064649 2.7286807 2.5007627 2.3110803 2.1518241 2.0168158 1.9019481 1.803899 1.720225 1.6491212 1.5890186 1.5388059 1.4992053 1.4686329 1.4458222 1.430304 1.4217146 1.4199954 1.4248946 1.4358581 1.4532514 1.5640812 1.5464843 1.5355789 1.5310793 1.5332058 1.5422473 1.5586656 1.5829917 1.6157036 1.6577185 1.7112875 1.7754497 1.8515505 1.9411374 2.0462115 2.169399 2.3142567 2.4853242 2.6889958 2.9341343 3.2330511 3.6048427 4.0784726 4.6991832 5.5445788 6.7631831 8.7384257 12.328415 21.273924 64.604669 62.902168 20.781997 12.146896 8.6139781 6.6872171 5.4836696 4.6461052 4.0349796 3.5675657 3.2003093 2.9046236 2.6619916 2.460092 2.2905843 2.1468432 2.0245692 1.9202082 1.8311325 1.7554436 1.6914712 1.6380195 1.5958795 1.5633475 1.5390862 1.5225915 1.5134702 1.5117322 1.5170849 1.5288085 1.5474228 1.6713409 1.652467 1.6408094 1.636008 1.6382891 1.6479482 1.6654856 1.6914766 1.72643 1.7713219 1.8285764 1.8971312 1.9784465 2.0741766 2.1864542 2.3180787 2.4728793 2.6556909 2.8733481 3.1353556 3.4548145 3.8522267 4.3585833 5.0222254 5.925916 7.2265976 9.3406706 13.194089 22.908164 69.921357 67.910995 22.351053 13.001544 9.2131328 7.1476951 5.8619176 4.9666621 4.31327 3.8134886 3.420861 3.1048033 2.8454419 2.6296428 2.4484622 2.2947912 2.1640907 2.0525496 1.957326 1.8764196 1.8080444 1.7509056 1.7058727 1.6711067 1.6451886 1.6275754 1.6178417 1.6160539 1.6218762 1.6344472 1.6544187 1.7942795 1.774036 1.7615234 1.7563724 1.7588269 1.769197 1.7880232 1.8159247 1.8534493 1.9016384 1.9631152 2.0367129 2.1240097 2.2267842 2.3473248 2.4886287 2.6548228 2.8510917 3.0847683 3.3660744 3.7090567 4.1357492 4.6794325 5.3920256 6.3632595 7.7581799 10.025498 14.16486 24.646473 75.618512 73.369962 24.05026 13.964614 9.8962188 7.6762223 6.2961837 5.3345183 4.6325937 4.0957376 3.6740447 3.3345939 3.0560474 2.8242933 2.6296983 2.4646385 2.3242651 2.2044833 2.1021996 2.0153027 1.9418733 1.8804992 1.832139 1.794801 1.7669703 1.7480604 1.7376119 1.7357184 1.7420021 1.7555162 1.7769915 1.9365737 1.9149001 1.9014098 1.8958477 1.8984963 1.9096946 1.9300229 1.9601392 2.0006434 2.0526482 2.1190087 2.1984567 2.2926845 2.4036173 2.5337331 2.6862552 2.8656319 3.0774706 3.3296707 3.6332526 4.0034252 4.4638648 5.0504432 5.8192637 6.8698354 8.3741623 10.809233 15.252985 26.429453 81.483224 79.170663 25.847346 15.051594 10.680546 8.2890709 6.7998993 5.760917 5.0026933 4.4229785 3.9676764 3.6010839 3.3003191 3.050062 2.8398856 2.6616354 2.5100447 2.380708 2.2702324 2.1763864 2.097095 2.0308049 1.978575 1.9382416 1.908175 1.8877398 1.8764424 1.8743446 1.8810329 1.8955911 1.9187194 2.1031341 2.0800452 2.0654301 2.059376 2.0622406 2.074417 2.0965207 2.1292357 2.1732332 2.2297041 2.3017748 2.3880933 2.490447 2.6109378 2.75228 2.9179583 3.1127571 3.3428102 3.6166622 3.9462147 4.3481518 4.8478515 5.4841205 6.3180313 7.4633534 9.0963741 11.711967 16.468512 28.15309 87.125739 85.077001 27.675674 16.277832 11.587811 9.0081437 7.3911593 6.2609466 5.4366374 4.8068616 4.3122826 3.9138179 3.5870303 3.3150588 3.0865563 2.8928566 2.7281024 2.587555 2.4674598 2.3654557 2.2792837 2.2072176 2.1504279 2.1065582 2.0738371 2.0515757 2.0392481 2.0367725 2.0437153 2.059415 2.0843295 2.3006628 2.2763349 2.2604193 2.2537631 2.2568641 2.2702154 2.2944541 2.3302615 2.3784118 2.4401783 2.5190093 2.6135143 2.7255268 2.8573666 3.0120533 3.193377 3.4064504 3.6580849 3.9575615 4.3177345 4.7572333 5.3030768 5.997386 6.9072474 8.1680605 9.9548807 12.758177 17.815375 29.663817 91.959466 90.67842 29.422473 17.65567 12.645114 9.863637 8.0949369 6.8553244 5.9523601 5.2634213 4.7223864 4.2859595 3.9282924 3.6304795 3.3801 3.168068 2.9876504 2.8337659 2.7022137 2.5904967 2.4961342 2.4171836 2.3549355 2.3068216 2.2708892 2.246392 2.2327804 2.229617 2.2364852 2.2534 2.2801768 2.535703 2.5426835 2.5567288 2.5780042 2.6068615 2.6437011 2.6890803 2.7436722 2.8084154 2.8843511 2.9729306 3.0757787 3.1950669 3.3335073 3.4945376 3.682437 3.9030427 4.1639137 4.4752853 4.851341 5.3123471 5.8879691 6.6243051 7.594703 8.9463003 10.869967 13.912336 19.42027 32.336077 100.30029 98.905579 32.074443 19.247049 13.787548 10.766253 8.8592837 7.5297469 6.5664114 5.8356076 5.2653786 4.8083391 4.4357335 4.1270961 3.8684587 3.6496284 3.4634019 3.3040385 3.1666571 3.0483922 2.9465165 2.8586532 2.7834113 2.7192248 2.6651028 2.6201359 2.5836233 2.5550791 2.5339263 2.5200199 2.5131241 2.535703 2.5426835 2.5567288 2.5780042 2.6068615 2.6437011 2.6890803 2.7436722 2.8084154 2.8843511 2.9729306 3.0757787 3.1950669 3.3335073 3.4945376 3.682437 3.9030427 4.1639137 4.4752853 4.851341 5.3123471 5.8879691 6.6243051 7.594703 8.9463003 10.869967 13.912336 19.42027 32.336077 100.30029 98.905579 32.074443 19.247049 13.787548 10.766253 8.8592837 7.5297469 6.5664114 5.8356076 5.2653786 4.8083391 4.4357335 4.1270961 3.8684587 3.6496284 3.4634019 3.3040385 3.1666571 3.0483922 2.9465165 2.8586532 2.7834113 2.7192248 2.6651028 2.6201359 2.5836233 2.5550791 2.5339263 2.5200199 2.5131241 2.535703 2.5426835 2.5567288 2.5780042 2.6068615 2.6437011 2.6890803 2.7436722 2.8084154 2.8843511 2.9729306 3.0757787 3.1950669 3.3335073 3.4945376 3.682437 3.9030427 4.1639137 4.4752853 4.851341 5.3123471 5.8879691 6.6243051 7.594703 8.9463003 10.869967 13.912336 19.42027 32.336077 100.30029 98.905579 32.074443 19.247049 13.787548 10.766253 8.8592837 7.5297469 6.5664114 5.8356076 5.2653786 4.8083391 4.4357335 4.1270961 3.8684587 3.6496284 3.4634019 3.3040385 3.1666571 3.0483922 2.9465165 2.8586532 2.7834113 2.7192248 2.6651028 2.6201359 2.5836233 2.5550791 2.5339263 2.5200199 2.5131241 2.535703 2.5426835 2.5567288 2.5780042 2.6068615 2.6437011 2.6890803 2.7436722 2.8084154 2.8843511 2.9729306 3.0757787 3.1950669 3.3335073 3.4945376 3.682437 3.9030427 4.1639137 4.4752853 4.851341 5.3123471 5.8879691 6.6243051 7.594703 8.9463003 10.869967 13.912336 19.42027 32.336077 100.30029 98.905579 32.074443 19.247049 13.787548 10.766253 8.8592837 7.5297469 6.5664114 5.8356076 5.2653786 4.8083391 4.4357335 4.1270961 3.8684587 3.6496284 3.4634019 3.3040385 3.1666571 3.0483922 2.9465165 2.8586532 2.7834113 2.7192248 2.6651028 2.6201359 2.5836233 2.5550791 2.5339263 2.5200199 2.5131241 2.535703 2.5426835 2.5567288 2.5780042 2.6068615 2.6437011 2.6890803 2.7436722 2.8084154 2.8843511 2.9729306 3.0757787 3.1950669 3.3335073 3.4945376 3.682437 3.9030427 4.1639137 4.4752853 4.851341 5.3123471 5.8879691 6.6243051 7.594703 8.9463003 10.869967 13.912336 19.42027 32.336077 100.30029 98.905579 32.074443 19.247049 13.787548 10.766253 8.8592837 7.5297469 6.5664114 5.8356076 5.2653786 4.8083391 4.4357335 4.1270961 3.8684587 3.6496284 3.4634019 3.3040385 3.1666571 3.0483922 2.9465165 2.8586532 2.7834113 2.7192248 2.6651028 2.6201359 2.5836233 2.5550791 2.5339263 2.5200199 2.5131241 2.535703 2.5426835 2.5567288 2.5780042 2.6068615 2.6437011 2.6890803 2.7436722 2.8084154 2.8843511 2.9729306 3.0757787 3.1950669 3.3335073 3.4945376 3.682437 3.9030427 4.1639137 4.4752853 4.851341 5.3123471 5.8879691 6.6243051 7.594703 8.9463003 10.869967 13.912336 19.42027 32.336077 100.30029 98.905579 32.074443 19.247049 13.787548 10.766253 8.8592837 7.5297469 6.5664114 5.8356076 5.2653786 4.8083391 4.4357335 4.1270961 3.8684587 3.6496284 3.4634019 3.3040385 3.1666571 3.0483922 2.9465165 2.8586532 2.7834113 2.7192248 2.6651028 2.6201359 2.5836233 2.5550791 2.5339263 2.5200199 2.5131241 2.535703 2.5426835 2.5567288 2.5780042 2.6068615 2.6437011 2.6890803 2.7436722 2.8084154 2.8843511 2.9729306 3.0757787 3.1950669 3.3335073 3.4945376 3.682437 3.9030427 4.1639137 4.4752853 4.851341 5.3123471 5.8879691 6.6243051 7.594703 8.9463003 10.869967 13.912336 19.42027 32.336077 100.30029 98.905579 32.074443 19.247049 13.787548 10.766253 8.8592837 7.5297469 6.5664114 5.8356076 5.2653786 4.8083391 4.4357335 4.1270961 3.8684587 3.6496284 3.4634019 3.3040385 3.1666571 3.0483922 2.9465165 2.8586532 2.7834113 2.7192248 2.6651028 2.6201359 2.5836233 2.5550791 2.5339263 2.5200199 2.5131241 2.535703 2.5426835 2.5567288 2.5780042 2.6068615 2.6437011 2.6890803 2.7436722 2.8084154 2.8843511 2.9729306 3.0757787 3.1950669 3.3335073 3.4945376 3.682437 3.9030427 4.1639137 4.4752853 4.851341 5.3123471 5.8879691 6.6243051 7.594703 8.9463003 10.869967 13.912336 19.42027 32.336077 100.30029 98.905579 32.074443 19.247049 13.787548 10.766253 8.8592837 7.5297469 6.5664114 5.8356076 5.2653786 4.8083391 4.4357335 4.1270961 3.8684587 3.6496284 3.4634019 3.3040385 3.1666571 3.0483922 2.9465165 2.8586532 2.7834113 2.7192248 2.6651028 2.6201359 2.5836233 2.5550791 2.5339263 2.5200199 2.5131241 2.535703 2.5426835 2.5567288 2.5780042 2.6068615 2.6437011 2.6890803 2.7436722 2.8084154 2.8843511 2.9729306 3.0757787 3.1950669 3.3335073 3.4945376 3.682437 3.9030427 4.1639137 4.4752853 4.851341 5.3123471 5.8879691 6.6243051 7.594703 8.9463003 10.869967 13.912336 19.42027 32.336077 100.30029 98.905579 32.074443 19.247049 13.787548 10.766253 8.8592837 7.5297469 6.5664114 5.8356076 5.2653786 4.8083391 4.4357335 4.1270961 3.8684587 3.6496284 3.4634019 3.3040385 3.1666571 3.0483922 2.9465165 2.8586532 2.7834113 2.7192248 2.6651028 2.6201359 2.5836233 2.5550791 2.5339263 2.5200199 2.5131241 2.535703 2.5426835 2.5567288 2.5780042 2.6068615 2.6437011 2.6890803 2.7436722 2.8084154 2.8843511 2.9729306 3.0757787 3.1950669 3.3335073 3.4945376 3.682437 3.9030427 4.1639137 4.4752853 4.851341 5.3123471 5.8879691 6.6243051 7.594703 8.9463003 10.869967 13.912336 19.42027 32.336077 100.30029 98.905579 32.074443 19.247049 13.787548 10.766253 8.8592837 7.5297469 6.5664114 5.8356076 5.2653786 4.8083391 4.4357335 4.1270961 3.8684587 3.6496284 3.4634019 3.3040385 3.1666571 3.0483922 2.9465165 2.8586532 2.7834113 2.7192248 2.6651028 2.6201359 2.5836233 2.5550791 2.5339263 2.5200199 2.5131241 2.535703 2.5426835 2.5567288 2.5780042 2.6068615 2.6437011 2.6890803 2.7436722 2.8084154 2.8843511 2.9729306 3.0757787 3.1950669 3.3335073 3.4945376 3.682437 3.9030427 4.1639137 4.4752853 4.851341 5.3123471 5.8879691 6.6243051 7.594703 8.9463003 10.869967 13.912336 19.42027 32.336077 100.30029 98.905579 32.074443 19.247049 13.787548 10.766253 8.8592837 7.5297469 6.5664114 5.8356076 5.2653786 4.8083391 4.4357335 4.1270961 3.8684587 3.6496284 3.4634019 3.3040385 3.1666571 3.0483922 2.9465165 2.8586532 2.7834113 2.7192248 2.6651028 2.6201359 2.5836233 2.5550791 2.5339263 2.5200199 2.5131241 2.535703 2.5426835 2.5567288 2.5780042 2.6068615 2.6437011 2.6890803 2.7436722 2.8084154 2.8843511 2.9729306 3.0757787 3.1950669 3.3335073 3.4945376 3.682437 3.9030427 4.1639137 4.4752853 4.851341 5.3123471 5.8879691 6.6243051 7.594703 8.9463003 10.869967 13.912336 19.42027 32.336077 100.30029 98.905579 32.074443 19.247049 13.787548 10.766253 8.8592837 7.5297469 6.5664114 5.8356076 5.2653786 4.8083391 4.4357335 4.1270961 3.8684587 3.6496284 3.4634019 3.3040385 3.1666571 3.0483922 2.9465165 2.8586532 2.7834113 2.7192248 2.6651028 2.6201359 2.5836233 2.5550791 2.5339263 2.5200199 2.5131241 2.535703 2.5426835 2.5567288 2.5780042 2.6068615 2.6437011 2.6890803 2.7436722 2.8084154 2.8843511 2.9729306 3.0757787 3.1950669 3.3335073 3.4945376 3.682437 3.9030427 4.1639137 4.4752853 4.851341 5.3123471 5.8879691 6.6243051 7.594703 8.9463003 10.869967 13.912336 19.42027 32.336077 100.30029 98.905579 32.074443 19.247049 13.787548 10.766253 8.8592837 7.5297469 6.5664114 5.8356076 5.2653786 4.8083391 4.4357335 4.1270961 3.8684587 3.6496284 3.4634019 3.3040385 3.1666571 3.0483922 2.9465165 2.8586532 2.7834113 2.7192248 2.6651028 2.6201359 2.5836233 2.5550791 2.5339263 2.5200199 2.5131241 2.535703 2.5426835 2.5567288 2.5780042 2.6068615 2.6437011 2.6890803 2.7436722 2.8084154 2.8843511 2.9729306 3.0757787 3.1950669 3.3335073 3.4945376 3.682437 3.9030427 4.1639137 4.4752853 4.851341 5.3123471 5.8879691 6.6243051 7.594703 8.9463003 10.869967 13.912336 19.42027 32.336077 100.30029 98.905579 32.074443 19.247049 13.787548 10.766253 8.8592837 7.5297469 6.5664114 5.8356076 5.2653786 4.8083391 4.4357335 4.1270961 3.8684587 3.6496284 3.4634019 3.3040385 3.1666571 3.0483922 2.9465165 2.8586532 2.7834113 2.7192248 2.6651028 2.6201359 2.5836233 2.5550791 2.5339263 2.5200199 2.5131241 2.535703 2.5426835 2.5567288 2.5780042 2.6068615 2.6437011 2.6890803 2.7436722 2.8084154 2.8843511 2.9729306 3.0757787 3.1950669 3.3335073 3.4945376 3.682437 3.9030427 4.1639137 4.4752853 4.851341 5.3123471 5.8879691 6.6243051 7.594703 8.9463003 10.869967 13.912336 19.42027 32.336077 100.30029 98.905579 32.074443 19.247049 13.787548 10.766253 8.8592837 7.5297469 6.5664114 5.8356076 5.2653786 4.8083391 4.4357335 4.1270961 3.8684587 3.6496284 3.4634019 3.3040385 3.1666571 3.0483922 2.9465165 2.8586532 2.7834113 2.7192248 2.6651028 2.6201359 2.5836233 2.5550791 2.5339263 2.5200199 2.5131241 2.535703 2.5426835 2.5567288 2.5780042 2.6068615 2.6437011 2.6890803 2.7436722 2.8084154 2.8843511 2.9729306 3.0757787 3.1950669 3.3335073 3.4945376 3.682437 3.9030427 4.1639137 4.4752853 4.851341 5.3123471 5.8879691 6.6243051 7.594703 8.9463003 10.869967 13.912336 19.42027 32.336077 100.30029 98.905579 32.074443 19.247049 13.787548 10.766253 8.8592837 7.5297469 6.5664114 5.8356076 5.2653786 4.8083391 4.4357335 4.1270961 3.8684587 3.6496284 3.4634019 3.3040385 3.1666571 3.0483922 2.9465165 2.8586532 2.7834113 2.7192248 2.6651028 2.6201359 2.5836233 2.5550791 2.5339263 2.5200199 2.5131241 2.535703 2.5426835 2.5567288 2.5780042 2.6068615 2.6437011 2.6890803 2.7436722 2.8084154 2.8843511 2.9729306 3.0757787 3.1950669 3.3335073 3.4945376 3.682437 3.9030427 4.1639137 4.4752853 4.851341 5.3123471 5.8879691 6.6243051 7.594703 8.9463003 10.869967 13.912336 19.42027 32.336077 100.30029 98.905579 32.074443 19.247049 13.787548 10.766253 8.8592837 7.5297469 6.5664114 5.8356076 5.2653786 4.8083391 4.4357335 4.1270961 3.8684587 3.6496284 3.4634019 3.3040385 3.1666571 3.0483922 2.9465165 2.8586532 2.7834113 2.7192248 2.6651028 2.6201359 2.5836233 2.5550791 2.5339263 2.5200199 2.5131241 2.535703 2.5426835 2.5567288 2.5780042 2.6068615 2.6437011 2.6890803 2.7436722 2.8084154 2.8843511 2.9729306 3.0757787 3.1950669 3.3335073 3.4945376 3.682437 3.9030427 4.1639137 4.4752853 4.851341 5.3123471 5.8879691 6.6243051 7.594703 8.9463003 10.869967 13.912336 19.42027 32.336077 100.30029 98.905579 32.074443 19.247049 13.787548 10.766253 8.8592837 7.5297469 6.5664114 5.8356076 5.2653786 4.8083391 4.4357335 4.1270961 3.8684587 3.6496284 3.4634019 3.3040385 3.1666571 3.0483922 2.9465165 2.8586532 2.7834113 2.7192248 2.6651028 2.6201359 2.5836233 2.5550791 2.5339263 2.5200199 2.5131241 2.535703 2.5426835 2.5567288 2.5780042 2.6068615 2.6437011 2.6890803 2.7436722 2.8084154 2.8843511 2.9729306 3.0757787 3.1950669 3.3335073 3.4945376 3.682437 3.9030427 4.1639137 4.4752853 4.851341 5.3123471 5.8879691 6.6243051 7.594703 8.9463003 10.869967 13.912336 19.42027 32.336077 100.30029 98.905579 32.074443 19.247049 13.787548 10.766253 8.8592837 7.5297469 6.5664114 5.8356076 5.2653786 4.8083391 4.4357335 4.1270961 3.8684587 3.6496284 3.4634019 3.3040385 3.1666571 3.0483922 2.9465165 2.8586532 2.7834113 2.7192248 2.6651028 2.6201359 2.5836233 2.5550791 2.5339263 2.5200199 2.5131241 2.535703 2.5426835 2.5567288 2.5780042 2.6068615 2.6437011 2.6890803 2.7436722 2.8084154 2.8843511 2.9729306 3.0757787 3.1950669 3.3335073 3.4945376 3.682437 3.9030427 4.1639137 4.4752853 4.851341 5.3123471 5.8879691 6.6243051 7.594703 8.9463003 10.869967 13.912336 19.42027 32.336077 100.30029 98.905579 32.074443 19.247049 13.787548 10.766253 8.8592837 7.5297469 6.5664114 5.8356076 5.2653786 4.8083391 4.4357335 4.1270961 3.8684587 3.6496284 3.4634019 3.3040385 3.1666571 3.0483922 2.9465165 2.8586532 2.7834113 2.7192248 2.6651028 2.6201359 2.5836233 2.5550791 2.5339263 2.5200199 2.5131241 2.535703 2.5426835 2.5567288 2.5780042 2.6068615 2.6437011 2.6890803 2.7436722 2.8084154 2.8843511 2.9729306 3.0757787 3.1950669 3.3335073 3.4945376 3.682437 3.9030427 4.1639137 4.4752853 4.851341 5.3123471 5.8879691 6.6243051 7.594703 8.9463003 10.869967 13.912336 19.42027 32.336077 100.30029 98.905579 32.074443 19.247049 13.787548 10.766253 8.8592837 7.5297469 6.5664114 5.8356076 5.2653786 4.8083391 4.4357335 4.1270961 3.8684587 3.6496284 3.4634019 3.3040385 3.1666571 3.0483922 2.9465165 2.8586532 2.7834113 2.7192248 2.6651028 2.6201359 2.5836233 2.5550791 2.5339263 2.5200199 2.5131241 2.535703 2.5426835 2.5567288 2.5780042 2.6068615 2.6437011 2.6890803 2.7436722 2.8084154 2.8843511 2.9729306 3.0757787 3.1950669 3.3335073 3.4945376 3.682437 3.9030427 4.1639137 4.4752853 4.851341 5.3123471 5.8879691 6.6243051 7.594703 8.9463003 10.869967 13.912336 19.42027 32.336077 100.30029 98.905579 32.074443 19.247049 13.787548 10.766253 8.8592837 7.5297469 6.5664114 5.8356076 5.2653786 4.8083391 4.4357335 4.1270961 3.8684587 3.6496284 3.4634019 3.3040385 3.1666571 3.0483922 2.9465165 2.8586532 2.7834113 2.7192248 2.6651028 2.6201359 2.5836233 2.5550791 2.5339263 2.5200199 2.5131241 2.535703 2.5426835 2.5567288 2.5780042 2.6068615 2.6437011 2.6890803 2.7436722 2.8084154 2.8843511 2.9729306 3.0757787 3.1950669 3.3335073 3.4945376 3.682437 3.9030427 4.1639137 4.4752853 4.851341 5.3123471 5.8879691 6.6243051 7.594703 8.9463003 10.869967 13.912336 19.42027 32.336077 100.30029 98.905579 32.074443 19.247049 13.787548 10.766253 8.8592837 7.5297469 6.5664114 5.8356076 5.2653786 4.8083391 4.4357335 4.1270961 3.8684587 3.6496284 3.4634019 3.3040385 3.1666571 3.0483922 2.9465165 2.8586532 2.7834113 2.7192248 2.6651028 2.6201359 2.5836233 2.5550791 2.5339263 2.5200199 2.5131241 2.535703 2.5426835 2.5567288 2.5780042 2.6068615 2.6437011 2.6890803 2.7436722 2.8084154 2.8843511 2.9729306 3.0757787 3.1950669 3.3335073 3.4945376 3.682437 3.9030427 4.1639137 4.4752853 4.851341 5.3123471 5.8879691 6.6243051 7.594703 8.9463003 10.869967 13.912336 19.42027 32.336077 100.30029 98.905579 32.074443 19.247049 13.787548 10.766253 8.8592837 7.5297469 6.5664114 5.8356076 5.2653786 4.8083391 4.4357335 4.1270961 3.8684587 3.6496284 3.4634019 3.3040385 3.1666571 3.0483922 2.9465165 2.8586532 2.7834113 2.7192248 2.6651028 2.6201359 2.5836233 2.5550791 2.5339263 2.5200199 2.5131241 2.535703 2.5426835 2.5567288 2.5780042 2.6068615 2.6437011 2.6890803 2.7436722 2.8084154 2.8843511 2.9729306 3.0757787 3.1950669 3.3335073 3.4945376 3.682437 3.9030427 4.1639137 4.4752853 4.851341 5.3123471 5.8879691 6.6243051 7.594703 8.9463003 10.869967 13.912336 19.42027 32.336077 100.30029 98.905579 32.074443 19.247049 13.787548 10.766253 8.8592837 7.5297469 6.5664114 5.8356076 5.2653786 4.8083391 4.4357335 4.1270961 3.8684587 3.6496284 3.4634019 3.3040385 3.1666571 3.0483922 2.9465165 2.8586532 2.7834113 2.7192248 2.6651028 2.6201359 2.5836233 2.5550791 2.5339263 2.5200199 2.5131241 2.535703 2.5426835 2.5567288 2.5780042 2.6068615 2.6437011 2.6890803 2.7436722 2.8084154 2.8843511 2.9729306 3.0757787 3.1950669 3.3335073 3.4945376 3.682437 3.9030427 4.1639137 4.4752853 4.851341 5.3123471 5.8879691 6.6243051 7.594703 8.9463003 10.869967 13.912336 19.42027 32.336077 100.30029 98.905579 32.074443 19.247049 13.787548 10.766253 8.8592837 7.5297469 6.5664114 5.8356076 5.2653786 4.8083391 4.4357335 4.1270961 3.8684587 3.6496284 3.4634019 3.3040385 3.1666571 3.0483922 2.9465165 2.8586532 2.7834113 2.7192248 2.6651028 2.6201359 2.5836233 2.5550791 2.5339263 2.5200199 2.5131241 2.535703 2.5426835 2.5567288 2.5780042 2.6068615 2.6437011 2.6890803 2.7436722 2.8084154 2.8843511 2.9729306 3.0757787 3.1950669 3.3335073 3.4945376 3.682437 3.9030427 4.1639137 4.4752853 4.851341 5.3123471 5.8879691 6.6243051 7.594703 8.9463003 10.869967 13.912336 19.42027 32.336077 100.30029 98.905579 32.074443 19.247049 13.787548 10.766253 8.8592837 7.5297469 6.5664114 5.8356076 5.2653786 4.8083391 4.4357335 4.1270961 3.8684587 3.6496284 3.4634019 3.3040385 3.1666571 3.0483922 2.9465165 2.8586532 2.7834113 2.7192248 2.6651028 2.6201359 2.5836233 2.5550791 2.5339263 2.5200199 2.5131241 2.535703 2.5426835 2.5567288 2.5780042 2.6068615 2.6437011 2.6890803 2.7436722 2.8084154 2.8843511 2.9729306 3.0757787 3.1950669 3.3335073 3.4945376 3.682437 3.9030427 4.1639137 4.4752853 4.851341 5.3123471 5.8879691 6.6243051 7.594703 8.9463003 10.869967 13.912336 19.42027 32.336077 100.30029 98.905579 32.074443 19.247049 13.787548 10.766253 8.8592837 7.5297469 6.5664114 5.8356076 5.2653786 4.8083391 4.4357335 4.1270961 3.8684587 3.6496284 3.4634019 3.3040385 3.1666571 3.0483922 2.9465165 2.8586532 2.7834113 2.7192248 2.6651028 2.6201359 2.5836233 2.5550791 2.5339263 2.5200199 2.5131241 2.535703 2.5426835 2.5567288 2.5780042 2.6068615 2.6437011 2.6890803 2.7436722 2.8084154 2.8843511 2.9729306 3.0757787 3.1950669 3.3335073 3.4945376 3.682437 3.9030427 4.1639137 4.4752853 4.851341 5.3123471 5.8879691 6.6243051 7.594703 8.9463003 10.869967 13.912336 19.42027 32.336077 100.30029 98.905579 32.074443 19.247049 13.787548 10.766253 8.8592837 7.5297469 6.5664114 5.8356076 5.2653786 4.8083391 4.4357335 4.1270961 3.8684587 3.6496284 3.4634019 3.3040385 3.1666571 3.0483922 2.9465165 2.8586532 2.7834113 2.7192248 2.6651028 2.6201359 2.5836233 2.5550791 2.5339263 2.5200199 2.5131241 2.535703 2.5426835 2.5567288 2.5780042 2.6068615 2.6437011 2.6890803 2.7436722 2.8084154 2.8843511 2.9729306 3.0757787 3.1950669 3.3335073 3.4945376 3.682437 3.9030427 4.1639137 4.4752853 4.851341 5.3123471 5.8879691 6.6243051 7.594703 8.9463003 10.869967 13.912336 19.42027 32.336077 100.30029 98.905579 32.074443 19.247049 13.787548 10.766253 8.8592837 7.5297469 6.5664114 5.8356076 5.2653786 4.8083391 4.4357335 4.1270961 3.8684587 3.6496284 3.4634019 3.3040385 3.1666571 3.0483922 2.9465165 2.8586532 2.7834113 2.7192248 2.6651028 2.6201359 2.5836233 2.5550791 2.5339263 2.5200199 2.5131241 2.535703 2.5426835 2.5567288 2.5780042 2.6068615 2.6437011 2.6890803 2.7436722 2.8084154 2.8843511 2.9729306 3.0757787 3.1950669 3.3335073 3.4945376 3.682437 3.9030427 4.1639137 4.4752853 4.851341 5.3123471 5.8879691 6.6243051 7.594703 8.9463003 10.869967 13.912336 19.42027 32.336077 100.30029 98.905579 32.074443 19.247049 13.787548 10.766253 8.8592837 7.5297469 6.5664114 5.8356076 5.2653786 4.8083391 4.4357335 4.1270961 3.8684587 3.6496284 3.4634019 3.3040385 3.1666571 3.0483922 2.9465165 2.8586532 2.7834113 2.7192248 2.6651028 2.6201359 2.5836233 2.5550791 2.5339263 2.5200199 2.5131241 2.535703 2.5426835 2.5567288 2.5780042 2.6068615 2.6437011 2.6890803 2.7436722 2.8084154 2.8843511 2.9729306 3.0757787 3.1950669 3.3335073 3.4945376 3.682437 3.9030427 4.1639137 4.4752853 4.851341 5.3123471 5.8879691 6.6243051 7.594703 8.9463003 10.869967 13.912336 19.42027 32.336077 100.30029 98.905579 32.074443 19.247049 13.787548 10.766253 8.8592837 7.5297469 6.5664114 5.8356076 5.2653786 4.8083391 4.4357335 4.1270961 3.8684587 3.6496284 3.4634019 3.3040385 3.1666571 3.0483922 2.9465165 2.8586532 2.7834113 2.7192248 2.6651028 2.6201359 2.5836233 2.5550791 2.5339263 2.5200199 2.5131241 2.535703 2.5426835 2.5567288 2.5780042 2.6068615 2.6437011 2.6890803 2.7436722 2.8084154 2.8843511 2.9729306 3.0757787 3.1950669 3.3335073 3.4945376 3.682437 3.9030427 4.1639137 4.4752853 4.851341 5.3123471 5.8879691 6.6243051 7.594703 8.9463003 10.869967 13.912336 19.42027 32.336077 100.30029 98.905579 32.074443 19.247049 13.787548 10.766253 8.8592837 7.5297469 6.5664114 5.8356076 5.2653786 4.8083391 4.4357335 4.1270961 3.8684587 3.6496284 3.4634019 3.3040385 3.1666571 3.0483922 2.9465165 2.8586532 2.7834113 2.7192248 2.6651028 2.6201359 2.5836233 2.5550791 2.5339263 2.5200199 2.5131241 2.535703 2.5426835 2.5567288 2.5780042 2.6068615 2.6437011 2.6890803 2.7436722 2.8084154 2.8843511 2.9729306 3.0757787 3.1950669 3.3335073 3.4945376 3.682437 3.9030427 4.1639137 4.4752853 4.851341 5.3123471 5.8879691 6.6243051 7.594703 8.9463003 10.869967 13.912336 19.42027 32.336077 100.30029 98.905579 32.074443 19.247049 13.787548 10.766253 8.8592837 7.5297469 6.5664114 5.8356076 5.2653786 4.8083391 4.4357335 4.1270961 3.8684587 3.6496284 3.4634019 3.3040385 3.1666571 3.0483922 2.9465165 2.8586532 2.7834113 2.7192248 2.6651028 2.6201359 2.5836233 2.5550791 2.5339263 2.5200199 2.5131241 2.535703 2.5426835 2.5567288 2.5780042 2.6068615 2.6437011 2.6890803 2.7436722 2.8084154 2.8843511 2.9729306 3.0757787 3.1950669 3.3335073 3.4945376 3.682437 3.9030427 4.1639137 4.4752853 4.851341 5.3123471 5.8879691 6.6243051 7.594703 8.9463003 10.869967 13.912336 19.42027 32.336077 100.30029 98.905579 32.074443 19.247049 13.787548 10.766253 8.8592837 7.5297469 6.5664114 5.8356076 5.2653786 4.8083391 4.4357335 4.1270961 3.8684587 3.6496284 3.4634019 3.3040385 3.1666571 3.0483922 2.9465165 2.8586532 2.7834113 2.7192248 2.6651028 2.6201359 2.5836233 2.5550791 2.5339263 2.5200199 2.5131241 2.535703 2.5426835 2.5567288 2.5780042 2.6068615 2.6437011 2.6890803 2.7436722 2.8084154 2.8843511 2.9729306 3.0757787 3.1950669 3.3335073 3.4945376 3.682437 3.9030427 4.1639137 4.4752853 4.851341 5.3123471 5.8879691 6.6243051 7.594703 8.9463003 10.869967 13.912336 19.42027 32.336077 100.30029 98.905579 32.074443 19.247049 13.787548 10.766253 8.8592837 7.5297469 6.5664114 5.8356076 5.2653786 4.8083391 4.4357335 4.1270961 3.8684587 3.6496284 3.4634019 3.3040385 3.1666571 3.0483922 2.9465165 2.8586532 2.7834113 2.7192248 2.6651028 2.6201359 2.5836233 2.5550791 2.5339263 2.5200199 2.5131241 2.535703 2.5426835 2.5567288 2.5780042 2.6068615 2.6437011 2.6890803 2.7436722 2.8084154 2.8843511 2.9729306 3.0757787 3.1950669 3.3335073 3.4945376 3.682437 3.9030427 4.1639137 4.4752853 4.851341 5.3123471 5.8879691 6.6243051 7.594703 8.9463003 10.869967 13.912336 19.42027 32.336077 100.30029 98.905579 32.074443 19.247049 13.787548 10.766253 8.8592837 7.5297469 6.5664114 5.8356076 5.2653786 4.8083391 4.4357335 4.1270961 3.8684587 3.6496284 3.4634019 3.3040385 3.1666571 3.0483922 2.9465165 2.8586532 2.7834113 2.7192248 2.6651028 2.6201359 2.5836233 2.5550791 2.5339263 2.5200199 2.5131241 2.535703 2.5426835 2.5567288 2.5780042 2.6068615 2.6437011 2.6890803 2.7436722 2.8084154 2.8843511 2.9729306 3.0757787 3.1950669 3.3335073 3.4945376 3.682437 3.9030427 4.1639137 4.4752853 4.851341 5.3123471 5.8879691 6.6243051 7.594703 8.9463003 10.869967 13.912336 19.42027 32.336077 100.30029 98.905579 32.074443 19.247049 13.787548 10.766253 8.8592837 7.5297469 6.5664114 5.8356076 5.2653786 4.8083391 4.4357335 4.1270961 3.8684587 3.6496284 3.4634019 3.3040385 3.1666571 3.0483922 2.9465165 2.8586532 2.7834113 2.7192248 2.6651028 2.6201359 2.5836233 2.5550791 2.5339263 2.5200199 2.5131241 2.535703 2.5426835 2.5567288 2.5780042 2.6068615 2.6437011 2.6890803 2.7436722 2.8084154 2.8843511 2.9729306 3.0757787 3.1950669 3.3335073 3.4945376 3.682437 3.9030427 4.1639137 4.4752853 4.851341 5.3123471 5.8879691 6.6243051 7.594703 8.9463003 10.869967 13.912336 19.42027 32.336077 100.30029 98.905579 32.074443 19.247049 13.787548 10.766253 8.8592837 7.5297469 6.5664114 5.8356076 5.2653786 4.8083391 4.4357335 4.1270961 3.8684587 3.6496284 3.4634019 3.3040385 3.1666571 3.0483922 2.9465165 2.8586532 2.7834113 2.7192248 2.6651028 2.6201359 2.5836233 2.5550791 2.5339263 2.5200199 2.5131241 2.535703 2.5426835 2.5567288 2.5780042 2.6068615 2.6437011 2.6890803 2.7436722 2.8084154 2.8843511 2.9729306 3.0757787 3.1950669 3.3335073 3.4945376 3.682437 3.9030427 4.1639137 4.4752853 4.851341 5.3123471 5.8879691 6.6243051 7.594703 8.9463003 10.869967 13.912336 19.42027 32.336077 100.30029 98.905579 32.074443 19.247049 13.787548 10.766253 8.8592837 7.5297469 6.5664114 5.8356076 5.2653786 4.8083391 4.4357335 4.1270961 3.8684587 3.6496284 3.4634019 3.3040385 3.1666571 3.0483922 2.9465165 2.8586532 2.7834113 2.7192248 2.6651028 2.6201359 2.5836233 2.5550791 2.5339263 2.5200199 2.5131241</DataArray></CellData>
  </Piece></UnstructuredGrid>
</VTKFile>
