# Derivatives solution step at time 0 performed in 0 iterations with 1 error
# Key for lines starting with "Step":
# Step Time TStep NIter ResErr SolErr SolConv Out
Step 0 0 0 0 1 0 0 1
Step 1 0.004 0.004 2 3.47563552636e-08 0 0 1
Step 2 0.008 0.004 2 8.679717700646215e-10 0 0 1
Step 3 0.012 0.004 2 1.810955148162374e-09 0 0 1
Step 4 0.016 0.004 2 6.646572546523059e-10 0 0 1
Step 5 0.02 0.004 2 1.752065289684123e-09 0 0 1
Step 6 0.024 0.004 2 1.371803891204895e-09 0 0 1
Step 7 0.028 0.004 2 2.203939348407671e-09 0 0 1
Step 8 0.032 0.004 2 2.866943942463198e-09 0 0 1
Step 9 0.036 0.004 2 3.712690147586867e-09 0 0 1
Step 10 0.04000000000000001 0.004 2 4.626853333042431e-09 0 0 1
Step 11 0.04400000000000001 0.004 2 5.762172682026551e-09 0 0 1
Step 12 0.04800000000000001 0.004 2 7.1800569138767e-09 0 0 1
Step 13 0.05200000000000002 0.004 2 8.877270895673461e-09 0 0 1
Step 14 0.05600000000000002 0.004 2 1.110203725926634e-08 0 0 1
Step 15 0.06000000000000003 0.004 2 1.381721741744844e-08 0 0 1
Step 16 0.06400000000000003 0.004 2 1.7103216331283e-08 0 0 1
Step 17 0.06800000000000003 0.004 2 2.11048653792851e-08 0 0 1
Step 18 0.07200000000000004 0.004 2 2.595221325783079e-08 0 0 1
Step 19 0.07600000000000004 0.004 2 3.170010841305494e-08 0 0 1
Step 20 0.08000000000000004 0.004 2 3.861187141781687e-08 0 0 1
Step 21 0.08400000000000005 0.004 2 4.683792096204167e-08 0 0 1
Step 22 0.08800000000000005 0.004 2 5.65045686251212e-08 0 0 1
Step 23 0.09200000000000005 0.004 2 0.0007146400791910645 0 0 1
Step 24 0.09600000000000006 0.004 2 8.012016350848641e-08 0 0 1
Step 25 0.1000000000000001 0.004 2 9.428409469853261e-08 0 0 1
Step 26 0.1040000000000001 0.004 2 1.099052638730685e-07 0 0 1
Step 27 0.1080000000000001 0.004 2 1.269456832915996e-07 0 0 1
Step 28 0.1120000000000001 0.004 2 1.449351348236418e-07 0 0 1
Step 29 0.1160000000000001 0.004 2 1.636315170612431e-07 0 0 1
Step 30 0.1200000000000001 0.004 2 1.826451124629767e-07 0 0 1
Step 31 0.1240000000000001 0.004 2 2.018539529588891e-07 0 0 1
Step 32 0.1280000000000001 0.004 2 2.208677746639559e-07 0 0 1
Step 33 0.1320000000000001 0.004 2 2.396086135703047e-07 0 0 1
Step 34 0.1360000000000001 0.004 2 2.574450622183221e-07 0 0 1
Step 35 0.1400000000000001 0.004 2 2.746631899906507e-07 0 0 1
Step 36 0.1440000000000001 0.004 2 2.909717082382135e-07 0 0 1
Step 37 0.1480000000000001 0.004 2 3.063816674977504e-07 0 0 1
Step 38 0.1520000000000001 0.004 2 3.208498539586581e-07 0 0 1
Step 39 0.1560000000000001 0.004 2 3.343449057957352e-07 0 0 1
Step 40 0.1600000000000001 0.004 2 3.468581871464374e-07 0 0 1
Step 41 0.1640000000000001 0.004 2 3.585516919936084e-07 0 0 1
Step 42 0.1680000000000001 0.004 2 3.693184205039731e-07 0 0 1
Step 43 0.1720000000000001 0.004 2 3.791743150492358e-07 0 0 1
Step 44 0.1760000000000001 0.004 2 3.881136560461658e-07 0 0 1
Step 45 0.1800000000000001 0.004 2 3.962720483936977e-07 0 0 1
Step 46 0.1840000000000001 0.004 2 4.034665255027244e-07 0 0 1
Step 47 0.1880000000000001 0.004 2 4.098016325899194e-07 0 0 1
Step 48 0.1920000000000001 0.004 2 4.151241646635621e-07 0 0 1
Step 49 0.1960000000000001 0.004 2 4.198625693956071e-07 0 0 1
Step 50 0.2000000000000001 0.004 2 4.233793240878346e-07 0 0 1
Step 51 0.2040000000000002 0.004 2 4.261672505422987e-07 0 0 1
Step 52 0.2080000000000002 0.004 2 4.280636240325178e-07 0 0 1
Step 53 0.2120000000000002 0.004 2 4.289513269188379e-07 0 0 1
Step 54 0.2160000000000002 0.004 2 4.289612317010997e-07 0 0 1
Step 55 0.2200000000000002 0.004 2 4.280296191592749e-07 0 0 1
Step 56 0.2240000000000002 0.004 2 4.262870461922658e-07 0 0 1
Step 57 0.2280000000000002 0.004 2 4.235099108089881e-07 0 0 1
Step 58 0.2320000000000002 0.004 2 4.198844053643895e-07 0 0 1
Step 59 0.2360000000000002 0.004 2 4.153975531125869e-07 0 0 1
Step 60 0.2400000000000002 0.004 2 4.098838978993418e-07 0 0 1
Step 61 0.2440000000000002 0.004 2 4.035716487987705e-07 0 0 1
Step 62 0.2480000000000002 0.004 2 3.964907818943753e-07 0 0 1
Step 63 0.2520000000000002 0.004 2 3.884556013993327e-07 0 0 1
Step 64 0.2560000000000002 0.004 2 3.796855418476915e-07 0 0 1
Step 65 0.2600000000000002 0.004 2 3.701591921473494e-07 0 0 1
Step 66 0.2640000000000002 0.004 2 3.598253695194205e-07 0 0 1
Step 67 0.2680000000000002 0.004 2 3.489226865573864e-07 0 0 1
Step 68 0.2720000000000002 0.004 2 3.374566237215417e-07 0 0 1
Step 69 0.2760000000000002 0.004 2 3.251897702723228e-07 0 0 1
Step 70 0.2800000000000002 0.004 2 3.125677219816537e-07 0 0 1
Step 71 0.2840000000000002 0.004 2 2.993205038227571e-07 0 0 1
Step 72 0.2880000000000002 0.004 2 2.856711219680357e-07 0 0 1
Step 73 0.2920000000000002 0.004 2 2.717147355032352e-07 0 0 1
Step 74 0.2960000000000002 0.004 2 2.574575110944646e-07 0 0 1
Step 75 0.3000000000000002 0.004 2 2.42831410652597e-07 0 0 1
Step 76 0.3040000000000002 0.004 2 2.282264983976605e-07 0 0 1
Step 77 0.3080000000000002 0.004 2 2.13365743729091e-07 0 0 1
Step 78 0.3120000000000002 0.004 2 1.985280712799285e-07 0 0 1
Step 79 0.3160000000000002 0.004 2 1.836762583139676e-07 0 0 1
Step 80 0.3200000000000002 0.004 2 1.689910924376751e-07 0 0 1
Step 81 0.3240000000000002 0.004 2 1.544602225486178e-07 0 0 1
Step 82 0.3280000000000002 0.004 2 1.401685626925684e-07 0 0 1
Step 83 0.3320000000000002 0.004 2 1.2619822559213e-07 0 0 1
Step 84 0.3360000000000002 0.004 2 1.126613203886369e-07 0 0 1
Step 85 0.3400000000000002 0.004 2 9.956596909977584e-08 0 0 1
Step 86 0.3440000000000003 0.004 2 8.698532719008571e-08 0 0 1
Step 87 0.3480000000000003 0.004 2 7.505317355589894e-08 0 0 1
Step 88 0.3520000000000003 0.004 2 6.376603071967692e-08 0 0 1
Step 89 0.3560000000000003 0.004 2 5.322899411800358e-08 0 0 1
Step 90 0.3600000000000003 0.004 2 4.351329669756149e-08 0 0 1
Step 91 0.3640000000000003 0.004 2 3.469136797570065e-08 0 0 1
Step 92 0.3680000000000003 0.004 2 2.68644316610655e-08 0 0 1
Step 93 0.3720000000000003 0.004 2 2.018507193841015e-08 0 0 1
Step 94 0.3760000000000003 0.004 2 1.486570998913197e-08 0 0 1
Step 95 0.3800000000000003 0.004 2 1.1273324181816e-08 0 0 1
Step 96 0.3840000000000003 0.004 2 9.700044695682854e-09 0 0 1
Step 97 0.3880000000000003 0.004 2 9.76246581353434e-09 0 0 1
Step 98 0.3920000000000003 0.004 2 1.047678736500198e-08 0 0 1
Step 99 0.3960000000000003 0.004 2 1.10753469487956e-08 0 0 1
Step 100 0.4000000000000003 0.004 2 1.121787507639227e-08 0 0 1
Step 101 0.4040000000000003 0.004 2 1.109794242200008e-08 0 0 1
Step 102 0.4080000000000003 0.004 2 1.129735005792509e-08 0 0 1
Step 103 0.4120000000000003 0.004 2 1.087185875713725e-08 0 0 1
Step 104 0.4160000000000003 0.004 2 1.1172577907084e-08 0 0 1
Step 105 0.4200000000000003 0.004 2 1.071546071566011e-08 0 0 1
Step 106 0.4240000000000003 0.004 2 1.0858181870923e-08 0 0 1
Step 107 0.4280000000000003 0.004 2 1.047631705506192e-08 0 0 1
Step 108 0.4320000000000003 0.004 2 1.045646443749722e-08 0 0 1
Step 109 0.4360000000000003 0.004 2 1.014171980355967e-08 0 0 1
Step 110 0.4400000000000003 0.004 2 1.000842663424365e-08 0 0 1
Step 111 0.4440000000000003 0.004 2 9.728755408614756e-09 0 0 1
Step 112 0.4480000000000003 0.004 2 9.525548689644349e-09 0 0 1
Step 113 0.4520000000000003 0.004 2 9.254939471368528e-09 0 0 1
Step 114 0.4560000000000003 0.004 2 9.000766189918558e-09 0 0 1
Step 115 0.4600000000000004 0.004 2 8.713765570502796e-09 0 0 1
Step 116 0.4640000000000004 0.004 2 0.0009667511391852087 0 0 1
Step 117 0.4680000000000004 0.004 2 0.0009020286595809445 0 0 1
Step 118 0.4720000000000004 0.004 2 0.000837912551097204 0 0 1
Step 119 0.4760000000000004 0.004 2 0.0007760291572581484 0 0 1
Step 120 0.4800000000000004 0.004 2 0.0007151560796650589 0 0 1
Step 121 0.4840000000000004 0.004 2 0.0006559689079499014 0 0 1
Step 122 0.4880000000000004 0.004 2 0.0005982993127563155 0 0 1
Step 123 0.4920000000000004 0.004 2 0.0005423848564475587 0 0 1
Step 124 0.4960000000000004 0.004 2 0.0004882217166832104 0 0 1
Step 125 0.5000000000000003 0.004 2 0.0004359505945395115 0 0 1
Step 126 0.5040000000000003 0.004 2 0.0003855368137662767 0 0 1
Step 127 0.5080000000000003 0.004 2 0.0003371234759465162 0 0 1
Step 128 0.5120000000000003 0.004 2 0.0002908112030855914 0 0 1
Step 129 0.5160000000000003 0.004 2 0.0002467931401493758 0 0 1
Step 130 0.5200000000000004 0.004 2 0.0002051065411636142 0 0 1
Step 131 0.5240000000000004 0.004 2 0.000166036343490977 0 0 1
Step 132 0.5280000000000004 0.004 2 0.0001298953042865672 0 0 1
Step 133 0.5320000000000004 0.004 2 9.736950244539849e-05 0 0 1
Step 134 0.5360000000000004 0.004 2 7.02646565902724e-05 0 0 1
Step 135 0.5400000000000004 0.004 2 5.256797003916113e-05 0 0 1
Step 136 0.5440000000000004 0.004 2 5.033166089363784e-05 0 0 1
Step 137 0.5480000000000004 0.004 2 6.198207224098461e-05 0 0 1
Step 138 0.5520000000000004 0.004 2 7.953513391246188e-05 0 0 1
Step 139 0.5560000000000004 0.004 2 9.827740427495335e-05 0 0 1
Step 140 0.5600000000000004 0.004 2 0.0001163271523177774 0 0 1
Step 141 0.5640000000000004 0.004 2 0.0001330047230838881 0 0 1
Step 142 0.5680000000000004 0.004 2 0.0001480311463176231 0 0 1
Step 143 0.5720000000000004 0.004 2 0.0001612553491304588 0 0 1
Step 144 0.5760000000000004 0.004 2 0.0001726814068045125 0 0 1
Step 145 0.5800000000000004 0.004 2 0.0001822696602689231 0 0 1
Step 146 0.5840000000000004 0.004 2 0.0001901245157724 0 0 1
Step 147 0.5880000000000004 0.004 2 0.0001962528295321173 0 0 1
Step 148 0.5920000000000004 0.004 2 0.0002007545108480283 0 0 1
Step 149 0.5960000000000004 0.004 2 0.000203690194576138 0 0 1
Step 150 0.6000000000000004 0.004 2 0.0002051525240282994 0 0 1
Step 151 0.6040000000000004 0.004 2 0.0002052305765106062 0 0 1
Step 152 0.6080000000000004 0.004 2 0.0002040271906486586 0 0 1
Step 153 0.6120000000000004 0.004 2 0.0002016230468773274 0 0 1
Step 154 0.6160000000000004 0.004 2 0.0001980993143369738 0 0 1
Step 155 0.6200000000000004 0.004 2 0.0001935876975432415 0 0 1
Step 156 0.6240000000000004 0.004 2 0.0001881546121087003 0 0 1
Step 157 0.6280000000000004 0.004 2 0.000181901182785901 0 0 1
Step 158 0.6320000000000005 0.004 2 0.0001749109294212661 0 0 1
Step 159 0.6360000000000005 0.004 2 0.0001672743036544051 0 0 1
Step 160 0.6400000000000005 0.004 2 0.0001590677137409528 0 0 1
Step 161 0.6440000000000005 0.004 2 0.0001503841473056723 0 0 1
Step 162 0.6480000000000005 0.004 2 0.00014129327086418 0 0 1
Step 163 0.6520000000000005 0.004 2 0.000131849588891848 0 0 1
Step 164 0.6560000000000005 0.004 2 0.0001221674803196849 0 0 1
Step 165 0.6600000000000005 0.004 2 0.0001122688688549497 0 0 1
Step 166 0.6640000000000005 0.004 2 0.0001022473151364101 0 0 1
Step 167 0.6680000000000005 0.004 2 9.216310183064565e-05 0 0 1
Step 168 0.6720000000000005 0.004 2 8.206983909116537e-05 0 0 1
Step 169 0.6760000000000005 0.004 2 7.20330871936219e-05 0 0 1
Step 170 0.6800000000000005 0.004 2 6.211904837629737e-05 0 0 1
Step 171 0.6840000000000005 0.004 2 5.239642496534727e-05 0 0 1
Step 172 0.6880000000000005 0.004 2 4.290718185510614e-05 0 0 1
Step 173 0.6920000000000005 0.004 2 3.382978444536007e-05 0 0 1
Step 174 0.6960000000000005 0.004 2 2.524559938052887e-05 0 0 1
Step 175 0.7000000000000005 0.004 2 1.775420279332355e-05 0 0 1
Step 176 0.7040000000000005 0.004 2 1.249077399983016e-05 0 0 1
Step 177 0.7080000000000005 0.004 2 1.201705861891405e-05 0 0 1
Step 178 0.7120000000000005 0.004 2 1.619061040559288e-05 0 0 1
Step 179 0.7160000000000005 0.004 2 2.213198364252607e-05 0 0 1
Step 180 0.7200000000000005 0.004 2 2.84165338332757e-05 0 0 1
Step 181 0.7240000000000005 0.004 2 3.463255479720406e-05 0 0 1
Step 182 0.7280000000000005 0.004 2 4.055139997461597e-05 0 0 1
Step 183 0.7320000000000005 0.004 2 4.610937517292696e-05 0 0 1
Step 184 0.7360000000000005 0.004 2 5.125958021538027e-05 0 0 1
Step 185 0.7400000000000005 0.004 2 5.598148296971312e-05 0 0 1
Step 186 0.7440000000000005 0.004 2 6.026757908124692e-05 0 0 1
Step 187 0.7480000000000006 0.004 2 6.410874165131879e-05 0 0 1
Step 188 0.7520000000000006 0.004 2 6.752664424581329e-05 0 0 1
Step 189 0.7560000000000006 0.004 2 7.048342683348785e-05 0 0 1
Step 190 0.7600000000000006 0.004 2 7.29837769363099e-05 0 0 1
Step 191 0.7640000000000006 0.004 2 7.512659760448624e-05 0 0 1
Step 192 0.7680000000000006 0.004 2 7.684280404387088e-05 0 0 1
Step 193 0.7720000000000006 0.004 2 7.815477021487534e-05 0 0 1
Step 194 0.7760000000000006 0.004 2 7.91016908194386e-05 0 0 1
Step 195 0.7800000000000006 0.004 2 7.967655963096666e-05 0 0 1
Step 196 0.7840000000000006 0.004 2 7.990102462034119e-05 0 0 1
Step 197 0.7880000000000006 0.004 2 7.982650397846194e-05 0 0 1
Step 198 0.7920000000000006 0.004 2 7.940854649994672e-05 0 0 1
Step 199 0.7960000000000006 0.004 2 7.869268589645846e-05 0 0 1
Step 200 0.8000000000000006 0.004 2 7.77128389809384e-05 0 0 1
Step 201 0.8040000000000006 0.004 2 7.64776326149407e-05 0 0 1
Step 202 0.8080000000000006 0.004 2 7.500312147612929e-05 0 0 1
Step 203 0.8120000000000006 0.004 2 7.331348505451959e-05 0 0 1
Step 204 0.8160000000000006 0.004 2 7.142394385552702e-05 0 0 1
Step 205 0.8200000000000006 0.004 2 6.935664433711611e-05 0 0 1
Step 206 0.8240000000000006 0.004 2 6.71343217180011e-05 0 0 1
Step 207 0.8280000000000006 0.004 2 6.476956754578464e-05 0 0 1
Step 208 0.8320000000000006 0.004 2 6.227721502263198e-05 0 0 1
Step 209 0.8360000000000006 0.004 2 5.967987110954268e-05 0 0 1
Step 210 0.8400000000000006 0.004 2 5.699169751185604e-05 0 0 1
Step 211 0.8440000000000006 0.004 2 5.423402689057126e-05 0 0 1
Step 212 0.8480000000000006 0.004 2 5.142591766219783e-05 0 0 1
Step 213 0.8520000000000006 0.004 2 4.858291357343293e-05 0 0 1
Step 214 0.8560000000000006 0.004 2 4.569473805464517e-05 0 0 1
Step 215 0.8600000000000007 0.004 2 4.28026287785064e-05 0 0 1
Step 216 0.8640000000000007 0.004 2 3.992241874382712e-05 0 0 1
Step 217 0.8680000000000007 0.004 2 3.705461329916607e-05 0 0 1
Step 218 0.8720000000000007 0.004 2 3.422095410352894e-05 0 0 1
Step 219 0.8760000000000007 0.004 2 3.1427339430079e-05 0 0 1
Step 220 0.8800000000000007 0.004 2 2.868353466779704e-05 0 0 1
Step 221 0.8840000000000007 0.004 2 2.600920330751487e-05 0 0 1
Step 222 0.8880000000000007 0.004 2 2.340208072744993e-05 0 0 1
Step 223 0.8920000000000007 0.004 2 2.088917543800144e-05 0 0 1
Step 224 0.8960000000000007 0.004 2 1.843599848020764e-05 0 0 1
Step 225 0.9000000000000007 0.004 2 1.613486343102712e-05 0 0 1
Step 226 0.9040000000000007 0.004 2 1.39339932080777e-05 0 0 1
Step 227 0.9080000000000007 0.004 2 1.186123887632057e-05 0 0 1
Step 228 0.9120000000000007 0.004 2 9.937292816564054e-06 0 0 1
Step 229 0.9160000000000007 0.004 2 8.193803129980458e-06 0 0 1
Step 230 0.9200000000000007 0.004 2 6.660989149098073e-06 0 0 1
Step 231 0.9240000000000007 0.004 2 5.418906013006513e-06 0 0 1
Step 232 0.9280000000000007 0.004 2 4.570183182549846e-06 0 0 1
Step 233 0.9320000000000007 0.004 2 4.217293251978378e-06 0 0 1
Step 234 0.9360000000000007 0.004 2 4.360788473554176e-06 0 0 1
Step 235 0.9400000000000007 0.004 2 4.857255224836411e-06 0 0 1
Step 236 0.9440000000000007 0.004 2 5.534261251619935e-06 0 0 1
Step 237 0.9480000000000007 0.004 2 6.273155521048246e-06 0 0 1
Step 238 0.9520000000000007 0.004 2 7.000521462363244e-06 0 0 1
Step 239 0.9560000000000007 0.004 2 7.690032013301145e-06 0 0 1
Step 240 0.9600000000000007 0.004 2 8.305923421034917e-06 0 0 1
Step 241 0.9640000000000007 0.004 2 8.85111566155428e-06 0 0 1
Step 242 0.9680000000000007 0.004 2 9.321703030944379e-06 0 0 1
Step 243 0.9720000000000008 0.004 2 9.704009909658129e-06 0 0 1
Step 244 0.9760000000000008 0.004 2 1.001124052029758e-05 0 0 1
Step 245 0.9800000000000008 0.004 2 1.024079329776521e-05 0 0 1
Step 246 0.9840000000000008 0.004 2 1.039749892614336e-05 0 0 1
Step 247 0.9880000000000008 0.004 2 1.050469914765617e-05 0 0 1
Step 248 0.9920000000000008 0.004 2 1.050678566714505e-05 0 0 1
Step 249 0.9960000000000008 0.004 2 1.046425813204791e-05 0 0 1
Step 250 1.000000000000001 0.004 2 1.035794206794722e-05 0 0 1
Step 251 1.004000000000001 0.004 2 1.021147419502366e-05 0 0 1
Step 252 1.008000000000001 0.004 2 1.001546104205736e-05 0 0 1
Step 253 1.012000000000001 0.004 2 9.766810176574663e-06 0 0 1
Step 254 1.016000000000001 0.004 2 9.501465941651928e-06 0 0 1
Step 255 1.020000000000001 0.004 2 9.213637882761728e-06 0 0 1
Step 256 1.024000000000001 0.004 2 8.890156757604211e-06 0 0 1
Step 257 1.028000000000001 0.004 2 8.574917200989871e-06 0 0 1
Step 258 1.032000000000001 0.004 2 8.251292590049461e-06 0 0 1
Step 259 1.036000000000001 0.004 2 7.935457036529522e-06 0 0 1
Step 260 1.040000000000001 0.004 2 7.639721438455324e-06 0 0 1
Step 261 1.044000000000001 0.004 2 7.364979494387037e-06 0 0 1
Step 262 1.048000000000001 0.004 2 7.09106930840777e-06 0 0 1
Step 263 1.052000000000001 0.004 2 6.954330678556068e-06 0 0 1
Step 264 1.056000000000001 0.004 2 6.799718698805738e-06 0 0 1
Step 265 1.060000000000001 0.004 2 6.718879415876044e-06 0 0 1
Step 266 1.064000000000001 0.004 2 6.700604345753797e-06 0 0 1
Step 267 1.068000000000001 0.004 2 6.745375013930742e-06 0 0 1
Step 268 1.072000000000001 0.004 2 6.850124359260477e-06 0 0 1
Step 269 1.076000000000001 0.004 2 7.017909175953809e-06 0 0 1
Step 270 1.080000000000001 0.004 2 7.215979584280975e-06 0 0 1
Step 271 1.084000000000001 0.004 2 7.47391942462664e-06 0 0 1
Step 272 1.088000000000001 0.004 2 7.759996964070464e-06 0 0 1
Step 273 1.092000000000001 0.004 2 8.074811680351755e-06 0 0 1
Step 274 1.096000000000001 0.004 2 8.405787481409247e-06 0 0 1
Step 275 1.100000000000001 0.004 2 8.753143573957291e-06 0 0 1
Step 276 1.104000000000001 0.004 2 9.106356801634022e-06 0 0 1
Step 277 1.108000000000001 0.004 2 9.461206046933887e-06 0 0 1
Step 278 1.112000000000001 0.004 2 9.810967774158623e-06 0 0 1
Step 279 1.116000000000001 0.004 2 1.015718407858657e-05 0 0 1
Step 280 1.120000000000001 0.004 2 1.049891837667244e-05 0 0 1
Step 281 1.124000000000001 0.004 2 1.082723564925991e-05 0 0 1
Step 282 1.128000000000001 0.004 2 1.113889897394259e-05 0 0 1
Step 283 1.132000000000001 0.004 2 1.145430506937009e-05 0 0 1
Step 284 1.136000000000001 0.004 2 1.172405968234867e-05 0 0 1
Step 285 1.140000000000001 0.004 2 1.199651113062082e-05 0 0 1
Step 286 1.144000000000001 0.004 2 1.225170311329817e-05 0 0 1
Step 287 1.148000000000001 0.004 2 1.248764770188784e-05 0 0 1
Step 288 1.152000000000001 0.004 2 1.270873053984084e-05 0 0 1
Step 289 1.156000000000001 0.004 2 1.290990962944425e-05 0 0 1
Step 290 1.160000000000001 0.004 2 1.309779249740402e-05 0 0 1
Step 291 1.164000000000001 0.004 2 1.326371581861787e-05 0 0 1
Step 292 1.168000000000001 0.004 2 1.341810974612447e-05 0 0 1
Step 293 1.172000000000001 0.004 2 1.355526040833275e-05 0 0 1
Step 294 1.176000000000001 0.004 2 1.368172629424385e-05 0 0 1
Step 295 1.180000000000001 0.004 2 1.379007511628661e-05 0 0 1
Step 296 1.184000000000001 0.004 2 1.388829394373674e-05 0 0 1
Step 297 1.188000000000001 0.004 2 1.397037811039087e-05 0 0 1
Step 298 1.192000000000001 0.004 2 1.404434392683582e-05 0 0 1
Step 299 1.196000000000001 0.004 2 1.41089440884818e-05 0 0 1
Step 300 1.200000000000001 0.004 2 1.416019145303182e-05 0 0 1
Step 301 1.204000000000001 0.004 2 1.420533802845894e-05 0 0 1
Step 302 1.208000000000001 0.004 2 1.424267238536467e-05 0 0 1
Step 303 1.212000000000001 0.004 2 1.427114453533234e-05 0 0 1
Step 304 1.216000000000001 0.004 2 1.43028265649651e-05 0 0 1
Step 305 1.220000000000001 0.004 2 1.431165599445687e-05 0 0 1
Step 306 1.224000000000001 0.004 2 1.432197411236514e-05 0 0 1
Step 307 1.228000000000001 0.004 2 1.431986026740336e-05 0 0 1
Step 308 1.232000000000001 0.004 2 1.433158594862934e-05 0 0 1
Step 309 1.236000000000001 0.004 2 1.435462497823692e-05 0 0 1
Step 310 1.240000000000001 0.004 2 1.435912145960563e-05 0 0 1
Step 311 1.244000000000001 0.004 2 1.436492262111332e-05 0 0 1
Step 312 1.248000000000001 0.004 2 1.437243906618001e-05 0 0 1
Step 313 1.252000000000001 0.004 2 1.437750790525234e-05 0 0 1
Step 314 1.256000000000001 0.004 2 1.438753935557306e-05 0 0 1
Step 315 1.260000000000001 0.004 2 1.439938975852622e-05 0 0 1
Step 316 1.264000000000001 0.004 2 1.441314607892192e-05 0 0 1
Step 317 1.268000000000001 0.004 2 1.442939274508536e-05 0 0 1
Step 318 1.272000000000001 0.004 2 1.444759370444886e-05 0 0 1
Step 319 1.276000000000001 0.004 2 1.446673001435792e-05 0 0 1
Step 320 1.280000000000001 0.004 2 1.44943297765778e-05 0 0 1
Step 321 1.284000000000001 0.004 2 1.45229785274372e-05 0 0 1
Step 322 1.288000000000001 0.004 2 1.455746257909685e-05 0 0 1
Step 323 1.292000000000001 0.004 2 1.459204485393667e-05 0 0 1
Step 324 1.296000000000001 0.004 2 1.463353570284765e-05 0 0 1
Step 325 1.300000000000001 0.004 2 1.46824032742805e-05 0 0 1
Step 326 1.304000000000001 0.004 2 1.473211053684221e-05 0 0 1
Step 327 1.308000000000001 0.004 2 1.478208375330364e-05 0 0 1
Step 328 1.312000000000001 0.004 2 1.483947540584291e-05 0 0 1
Step 329 1.316000000000001 0.004 2 1.490455786414386e-05 0 0 1
Step 330 1.320000000000001 0.004 2 1.496619712623777e-05 0 0 1
Step 331 1.324000000000001 0.004 2 1.504147832851111e-05 0 0 1
Step 332 1.328000000000001 0.004 2 1.511274206537821e-05 0 0 1
Step 333 1.332000000000001 0.004 2 1.519156097304239e-05 0 0 1
Step 334 1.336000000000001 0.004 2 1.527192102629722e-05 0 0 1
Step 335 1.340000000000001 0.004 2 1.535561985136306e-05 0 0 1
Step 336 1.344000000000001 0.004 2 1.544196456257808e-05 0 0 1
Step 337 1.348000000000001 0.004 2 1.553507271538928e-05 0 0 1
Step 338 1.352000000000001 0.004 2 1.562883450040208e-05 0 0 1
Step 339 1.356000000000001 0.004 2 1.572592361892034e-05 0 0 1
Step 340 1.360000000000001 0.004 2 1.582700365487156e-05 0 0 1
Step 341 1.364000000000001 0.004 2 1.593266675575414e-05 0 0 1
Step 342 1.368000000000001 0.004 2 1.603728290327219e-05 0 0 1
Step 343 1.372000000000001 0.004 2 1.614610748520228e-05 0 0 1
Step 344 1.376000000000001 0.004 2 1.625957665243901e-05 0 0 1
Step 345 1.380000000000001 0.004 2 1.637031070976139e-05 0 0 1
Step 346 1.384000000000001 0.004 2 1.6488226495529e-05 0 0 1
Step 347 1.388000000000001 0.004 2 1.661234200953389e-05 0 0 1
Step 348 1.392000000000001 0.004 2 1.672107339506718e-05 0 0 1
Step 349 1.396000000000001 0.004 2 1.683791873714568e-05 0 0 1
Step 350 1.400000000000001 0.004 2 1.69603490395815e-05 0 0 1
Step 351 1.404000000000001 0.004 2 1.709744623569435e-05 0 0 1
Step 352 1.408000000000001 0.004 2 1.721759083595071e-05 0 0 1
Step 353 1.412000000000001 0.004 2 1.734482651454541e-05 0 0 1
Step 354 1.416000000000001 0.004 2 1.747327551784687e-05 0 0 1
Step 355 1.420000000000001 0.004 2 1.760119768973925e-05 0 0 1
Step 356 1.424000000000001 0.004 2 1.772832981903173e-05 0 0 1
Step 357 1.428000000000001 0.004 2 1.786114480683194e-05 0 0 1
Step 358 1.432000000000001 0.004 2 1.799291299749438e-05 0 0 1
Step 359 1.436000000000001 0.004 2 1.811978609130163e-05 0 0 1
Step 360 1.440000000000001 0.004 2 1.826299557950998e-05 0 0 1
Step 361 1.444000000000001 0.004 2 1.838013331976117e-05 0 0 1
Step 362 1.448000000000001 0.004 2 1.851335432563057e-05 0 0 1
Step 363 1.452000000000001 0.004 2 1.864525830049491e-05 0 0 1
Step 364 1.456000000000001 0.004 2 1.877923227632655e-05 0 0 1
Step 365 1.460000000000001 0.004 2 1.890951959905831e-05 0 0 1
Step 366 1.464000000000001 0.004 2 1.903910085107022e-05 0 0 1
Step 367 1.468000000000001 0.004 2 1.919427191738871e-05 0 0 1
Step 368 1.472000000000001 0.004 2 1.929234425161282e-05 0 0 1
Step 369 1.476000000000001 0.004 2 1.944219350206587e-05 0 0 1
Step 370 1.480000000000001 0.004 2 1.95552662598652e-05 0 0 1
Step 371 1.484000000000001 0.004 2 1.96894476758006e-05 0 0 1
Step 372 1.488000000000001 0.004 2 1.981328312550739e-05 0 0 1
Step 373 1.492000000000001 0.004 2 1.994388129802282e-05 0 0 1
Step 374 1.496000000000001 0.004 2 2.006788080568824e-05 0 0 1
Step 375 1.500000000000001 0.004 2 2.01939721664249e-05 0 0 1
Step 376 1.504000000000001 0.004 2 2.032071436493965e-05 0 0 1
Step 377 1.508000000000001 0.004 2 2.044361304300967e-05 0 0 1
Step 378 1.512000000000001 0.004 2 2.056583357958254e-05 0 0 1
Step 379 1.516000000000001 0.004 2 2.068857630643603e-05 0 0 1
Step 380 1.520000000000001 0.004 2 2.080985363376837e-05 0 0 1
Step 381 1.524000000000001 0.004 2 2.092576736455881e-05 0 0 1
Step 382 1.528000000000001 0.004 2 2.10476923923525e-05 0 0 1
Step 383 1.532000000000001 0.004 2 2.116171985847007e-05 0 0 1
Step 384 1.536000000000001 0.004 2 2.127956949249926e-05 0 0 1
Step 385 1.540000000000001 0.004 2 2.139601875676006e-05 0 0 1
Step 386 1.544000000000001 0.004 2 2.150652262558374e-05 0 0 1
Step 387 1.548000000000001 0.004 2 2.162382049376789e-05 0 0 1
Step 388 1.552000000000001 0.004 2 2.173534639893764e-05 0 0 1
Step 389 1.556000000000001 0.004 2 2.184828581597873e-05 0 0 1
Step 390 1.560000000000001 0.004 2 2.202310434955088e-05 0 0 1
Step 391 1.564000000000001 0.004 2 2.204666402332402e-05 0 0 1
Step 392 1.568000000000001 0.004 2 2.221609309346905e-05 0 0 1
Step 393 1.572000000000001 0.004 2 2.227506404672927e-05 0 0 1
Step 394 1.576000000000001 0.004 2 2.239379262224294e-05 0 0 1
Step 395 1.580000000000001 0.004 2 2.249542791363082e-05 0 0 1
Step 396 1.584000000000001 0.004 2 2.260817718422901e-05 0 0 1
Step 397 1.588000000000001 0.004 2 2.271287511889961e-05 0 0 1
Step 398 1.592000000000001 0.004 2 2.281495490902055e-05 0 0 1
Step 399 1.596000000000001 0.004 2 2.292163360203512e-05 0 0 1
Step 400 1.600000000000001 0.004 2 2.302563470653152e-05 0 0 1
Step 401 1.604000000000001 0.004 2 2.312930357008528e-05 0 0 1
Step 402 1.608000000000001 0.004 2 2.323090788104006e-05 0 0 1
Step 403 1.612000000000001 0.004 2 2.332716794242496e-05 0 0 1
Step 404 1.616000000000001 0.004 2 2.342711270622316e-05 0 0 1
Step 405 1.620000000000001 0.004 2 2.353121436346773e-05 0 0 1
Step 406 1.624000000000001 0.004 2 2.363068501828621e-05 0 0 1
Step 407 1.628000000000001 0.004 2 2.373159345266745e-05 0 0 1
Step 408 1.632000000000001 0.004 2 2.383142147768134e-05 0 0 1
Step 409 1.636000000000001 0.004 2 2.392847297534719e-05 0 0 1
Step 410 1.640000000000001 0.004 2 2.402937703377334e-05 0 0 1
Step 411 1.644000000000001 0.004 2 2.412600824074052e-05 0 0 1
Step 412 1.648000000000001 0.004 2 2.420388752761295e-05 0 0 1
Step 413 1.652000000000001 0.004 2 2.431505700455398e-05 0 0 1
Step 414 1.656000000000001 0.004 2 2.441580934404348e-05 0 0 1
Step 415 1.660000000000001 0.004 2 2.451220789769429e-05 0 0 1
Step 416 1.664000000000001 0.004 2 2.458517263174711e-05 0 0 1
Step 417 1.668000000000001 0.004 2 2.47018165448907e-05 0 0 1
Step 418 1.672000000000001 0.004 2 2.47978204578617e-05 0 0 1
Step 419 1.676000000000001 0.004 2 2.489577502434039e-05 0 0 1
Step 420 1.680000000000001 0.004 2 2.500526832061881e-05 0 0 1
Step 421 1.684000000000001 0.004 2 2.509835021935574e-05 0 0 1
Step 422 1.688000000000001 0.004 2 2.518519315321446e-05 0 0 1
Step 423 1.692000000000001 0.004 2 2.528145615568437e-05 0 0 1
Step 424 1.696000000000001 0.004 2 2.538241519027709e-05 0 0 1
Step 425 1.700000000000001 0.004 2 2.547449610534931e-05 0 0 1
Step 426 1.704000000000001 0.004 2 2.557342316391314e-05 0 0 1
Step 427 1.708000000000001 0.004 2 2.566829087959931e-05 0 0 1
Step 428 1.712000000000001 0.004 2 2.576413336780097e-05 0 0 1
Step 429 1.716000000000001 0.004 2 2.587213214668319e-05 0 0 1
Step 430 1.720000000000001 0.004 2 2.596305968932809e-05 0 0 1
Step 431 1.724000000000001 0.004 2 2.604973196038963e-05 0 0 1
Step 432 1.728000000000001 0.004 2 2.614482158158929e-05 0 0 1
Step 433 1.732000000000001 0.004 2 2.624030398636332e-05 0 0 1
Step 434 1.736000000000001 0.004 2 2.631425262221813e-05 0 0 1
Step 435 1.740000000000001 0.004 2 2.642095641086335e-05 0 0 1
Step 436 1.744000000000001 0.004 2 2.651502945352904e-05 0 0 1
Step 437 1.748000000000001 0.004 2 2.661485022274789e-05 0 0 1
Step 438 1.752000000000001 0.004 2 2.670737329146818e-05 0 0 1
Step 439 1.756000000000001 0.004 2 2.680160050615125e-05 0 0 1
Step 440 1.760000000000001 0.004 2 2.689542646018303e-05 0 0 1
Step 441 1.764000000000001 0.004 2 2.69901529756341e-05 0 0 1
Step 442 1.768000000000001 0.004 2 2.708245123526389e-05 0 0 1
Step 443 1.772000000000001 0.004 2 2.717593335606562e-05 0 0 1
Step 444 1.776000000000001 0.004 2 2.727104110910548e-05 0 0 1
Step 445 1.780000000000001 0.004 2 2.736802401710769e-05 0 0 1
Step 446 1.784000000000001 0.004 2 2.745985269078954e-05 0 0 1
Step 447 1.788000000000001 0.004 2 2.755035182022476e-05 0 0 1
Step 448 1.792000000000001 0.004 2 2.764442280586765e-05 0 0 1
Step 449 1.796000000000001 0.004 2 2.773560815857662e-05 0 0 1
Step 450 1.800000000000001 0.004 2 2.78274921345589e-05 0 0 1
Step 451 1.804000000000001 0.004 2 2.79197374984101e-05 0 0 1
Step 452 1.808000000000001 0.004 2 2.800992717365369e-05 0 0 1
Step 453 1.812000000000001 0.004 2 2.804743333924974e-05 0 0 1
Step 454 1.816000000000001 0.004 2 2.817222705423735e-05 0 0 1
Step 455 1.820000000000001 0.004 2 2.826145644689544e-05 0 0 1
Step 456 1.824000000000001 0.004 2 2.835322735414354e-05 0 0 1
Step 457 1.828000000000001 0.004 2 2.839070108955352e-05 0 0 1
Step 458 1.832000000000001 0.004 2 2.851567430430604e-05 0 0 1
Step 459 1.836000000000001 0.004 2 2.860690243117215e-05 0 0 1
Step 460 1.840000000000001 0.004 2 2.86901057017167e-05 0 0 1
Step 461 1.844000000000001 0.004 2 2.879022629390822e-05 0 0 1
Step 462 1.848000000000001 0.004 2 2.886940820602771e-05 0 0 1
Step 463 1.852000000000001 0.004 2 2.897058184668323e-05 0 0 1
Step 464 1.856000000000001 0.004 2 2.905363587418116e-05 0 0 1
Step 465 1.860000000000001 0.004 2 2.914459692213235e-05 0 0 1
Step 466 1.864000000000001 0.004 2 2.922905798025219e-05 0 0 1
Step 467 1.868000000000001 0.004 2 2.931643821039334e-05 0 0 1
Step 468 1.872000000000001 0.004 2 2.940242891775906e-05 0 0 1
Step 469 1.876000000000001 0.004 2 2.938127432075223e-05 0 0 1
Step 470 1.880000000000001 0.004 2 2.960028998188048e-05 0 0 1
Step 471 1.884000000000001 0.004 2 2.966393133519745e-05 0 0 1
Step 472 1.888000000000001 0.004 2 2.974664300079546e-05 0 0 1
Step 473 1.892000000000001 0.004 2 2.982750114285426e-05 0 0 1
Step 474 1.896000000000001 0.004 2 2.991260217165122e-05 0 0 1
Step 475 1.900000000000001 0.004 2 2.999626223287827e-05 0 0 1
Step 476 1.904000000000001 0.004 2 3.00738296843165e-05 0 0 1
Step 477 1.908000000000001 0.004 2 3.015956753202874e-05 0 0 1
Step 478 1.912000000000001 0.004 2 3.024425614185922e-05 0 0 1
Step 479 1.916000000000001 0.004 2 3.032444070192336e-05 0 0 1
Step 480 1.920000000000001 0.004 2 3.040793386059948e-05 0 0 1
Step 481 1.924000000000001 0.004 2 3.048634174342978e-05 0 0 1
Step 482 1.928000000000001 0.004 2 3.056711607412726e-05 0 0 1
Step 483 1.932000000000001 0.004 2 3.064763917611206e-05 0 0 1
Step 484 1.936000000000001 0.004 2 3.072897978353081e-05 0 0 1
Step 485 1.940000000000002 0.004 2 3.080747403169502e-05 0 0 1
Step 486 1.944000000000002 0.004 2 3.088684193131884e-05 0 0 1
Step 487 1.948000000000002 0.004 2 3.096131071277876e-05 0 0 1
Step 488 1.952000000000002 0.004 2 3.104026756330876e-05 0 0 1
Step 489 1.956000000000002 0.004 2 3.111697853572586e-05 0 0 1
Step 490 1.960000000000002 0.004 2 3.120533085110898e-05 0 0 1
Step 491 1.964000000000002 0.004 2 3.127617372571587e-05 0 0 1
Step 492 1.968000000000002 0.004 2 3.135367278034187e-05 0 0 1
Step 493 1.972000000000002 0.004 2 3.146261396885704e-05 0 0 1
Step 494 1.976000000000002 0.004 2 3.151712543788885e-05 0 0 1
Step 495 1.980000000000002 0.004 2 3.159082325546693e-05 0 0 1
Step 496 1.984000000000002 0.004 2 3.166598551184002e-05 0 0 1
Step 497 1.988000000000002 0.004 2 3.17942571570969e-05 0 0 1
Step 498 1.992000000000002 0.004 2 3.181762435319378e-05 0 0 1
Step 499 1.996000000000002 0.004 2 3.189672754011869e-05 0 0 1
Step 500 2.000000000000001 0.004 2 3.196914957065745e-05 0 0 1
Step 501 2.004000000000001 0.004 2 3.204537137947629e-05 0 0 1
Step 502 2.008000000000001 0.004 2 3.211256928770676e-05 0 0 1
Step 503 2.012000000000001 0.004 2 3.218472658022246e-05 0 0 1
Step 504 2.016000000000001 0.004 2 3.225988585746573e-05 0 0 1
Step 505 2.020000000000001 0.004 2 3.232012170755522e-05 0 0 1
Step 506 2.024000000000001 0.004 2 3.239673498683918e-05 0 0 1
Step 507 2.028000000000001 0.004 2 3.24738318390535e-05 0 0 1
Step 508 2.032000000000001 0.004 2 3.256701571989308e-05 0 0 1
Step 509 2.036000000000001 0.004 2 3.264349083212611e-05 0 0 1
Step 510 2.040000000000001 0.004 2 3.268334941720426e-05 0 0 1
Step 511 2.044000000000001 0.004 2 3.275848291210469e-05 0 0 1
Step 512 2.048000000000001 0.004 2 3.282668422136692e-05 0 0 1
Step 513 2.052000000000001 0.004 2 3.289633953423747e-05 0 0 1
Step 514 2.056000000000001 0.004 2 3.296247102997768e-05 0 0 1
Step 515 2.060000000000001 0.004 2 3.302997304467e-05 0 0 1
Step 516 2.064000000000001 0.004 2 3.30967216158034e-05 0 0 1
Step 517 2.068000000000001 0.004 2 3.316482988948828e-05 0 0 1
Step 518 2.072000000000001 0.004 2 3.323028715810097e-05 0 0 1
Step 519 2.076000000000001 0.004 2 3.329739867478193e-05 0 0 1
Step 520 2.080000000000001 0.004 2 3.33636484925671e-05 0 0 1
Step 521 2.084000000000001 0.004 2 3.342873084325631e-05 0 0 1
Step 522 2.088000000000001 0.004 2 3.349437678001771e-05 0 0 1
Step 523 2.092000000000001 0.004 2 3.355653111032648e-05 0 0 1
Step 524 2.096000000000001 0.004 2 3.362592983506765e-05 0 0 1
Step 525 2.100000000000001 0.004 2 3.368883035524814e-05 0 0 1
Step 526 2.104000000000001 0.004 2 3.375402521858858e-05 0 0 1
Step 527 2.108000000000001 0.004 2 3.38229825193404e-05 0 0 1
Step 528 2.112000000000001 0.004 2 3.387882739799517e-05 0 0 1
Step 529 2.116000000000001 0.004 2 3.394418043196422e-05 0 0 1
Step 530 2.120000000000001 0.004 2 3.40062847493346e-05 0 0 1
Step 531 2.124000000000001 0.004 2 3.40663216703076e-05 0 0 1
Step 532 2.128000000000001 0.004 2 3.412978988031126e-05 0 0 1
Step 533 2.132000000000001 0.004 2 3.420233503400442e-05 0 0 1
Step 534 2.136000000000001 0.004 2 3.425552202479128e-05 0 0 1
Step 535 2.140000000000001 0.004 2 3.431551021017668e-05 0 0 1
Step 536 2.144000000000001 0.004 2 3.438570077881719e-05 0 0 1
Step 537 2.148000000000001 0.004 2 3.442791049449768e-05 0 0 1
Step 538 2.152000000000001 0.004 2 3.450509211578428e-05 0 0 1
Step 539 2.156000000000001 0.004 2 3.455467543785208e-05 0 0 1
Step 540 2.160000000000001 0.004 2 3.461078691160334e-05 0 0 1
Step 541 2.164000000000001 0.004 2 3.467198364349277e-05 0 0 1
Step 542 2.168000000000001 0.004 2 3.472942753758465e-05 0 0 1
Step 543 2.172000000000001 0.004 2 3.478435582645535e-05 0 0 1
Step 544 2.176000000000001 0.004 2 3.484229093823406e-05 0 0 1
Step 545 2.180000000000001 0.004 2 3.490022715217968e-05 0 0 1
Step 546 2.184000000000001 0.004 2 3.49538027794405e-05 0 0 1
Step 547 2.188000000000001 0.004 2 3.500983172891479e-05 0 0 1
Step 548 2.192000000000002 0.004 2 3.506021172706971e-05 0 0 1
Step 549 2.196000000000002 0.004 2 3.51225620035135e-05 0 0 1
Step 550 2.200000000000002 0.004 2 3.517247804273586e-05 0 0 1
Step 551 2.204000000000002 0.004 2 3.523098886345064e-05 0 0 1
Step 552 2.208000000000002 0.004 2 3.528588113765049e-05 0 0 1
Step 553 2.212000000000002 0.004 2 3.533282842329328e-05 0 0 1
Step 554 2.216000000000002 0.004 2 3.538888473106065e-05 0 0 1
Step 555 2.220000000000002 0.004 2 3.543889559680767e-05 0 0 1
Step 556 2.224000000000002 0.004 2 3.549392539089313e-05 0 0 1
Step 557 2.228000000000002 0.004 2 3.554566902843522e-05 0 0 1
Step 558 2.232000000000002 0.004 2 3.560274600792044e-05 0 0 1
Step 559 2.236000000000002 0.004 2 3.564916471215335e-05 0 0 1
Step 560 2.240000000000002 0.004 2 3.570274151774193e-05 0 0 1
Step 561 2.244000000000002 0.004 2 3.576369659136761e-05 0 0 1
Step 562 2.248000000000002 0.004 2 3.580242048867106e-05 0 0 1
Step 563 2.252000000000002 0.004 2 3.585508418573007e-05 0 0 1
Step 564 2.256000000000002 0.004 2 3.590310621007962e-05 0 0 1
Step 565 2.260000000000002 0.004 2 3.595443920343508e-05 0 0 1
Step 566 2.264000000000002 0.004 2 3.600128736630707e-05 0 0 1
Step 567 2.268000000000002 0.004 2 3.605182114991895e-05 0 0 1
Step 568 2.272000000000002 0.004 2 3.609674256988702e-05 0 0 1
Step 569 2.276000000000002 0.004 2 3.614806609620625e-05 0 0 1
Step 570 2.280000000000002 0.004 2 3.615864517047185e-05 0 0 1
Step 571 2.284000000000002 0.004 2 3.622969375005669e-05 0 0 1
Step 572 2.288000000000002 0.004 2 3.624292754324572e-05 0 0 1
Step 573 2.292000000000002 0.004 2 3.631393396497783e-05 0 0 1
Step 574 2.296000000000002 0.004 2 3.636216763523894e-05 0 0 1
Step 575 2.300000000000002 0.004 2 3.641043722971687e-05 0 0 1
Step 576 2.304000000000002 0.004 2 3.64582792211984e-05 0 0 1
Step 577 2.308000000000002 0.004 2 3.650331852016743e-05 0 0 1
Step 578 2.312000000000002 0.004 2 3.655068506051885e-05 0 0 1
Step 579 2.316000000000002 0.004 2 3.659504750932578e-05 0 0 1
Step 580 2.320000000000002 0.004 2 3.664054280462024e-05 0 0 1
Step 581 2.324000000000002 0.004 2 3.668476328513291e-05 0 0 1
Step 582 2.328000000000002 0.004 2 3.67291740678108e-05 0 0 1
Step 583 2.332000000000002 0.004 2 3.677279112092797e-05 0 0 1
Step 584 2.336000000000002 0.004 2 3.681646095404529e-05 0 0 1
Step 585 2.340000000000002 0.004 2 3.686055934369875e-05 0 0 1
Step 586 2.344000000000002 0.004 2 3.690213073792678e-05 0 0 1
Step 587 2.348000000000002 0.004 2 3.69456004629289e-05 0 0 1
Step 588 2.352000000000002 0.004 2 3.698772937431864e-05 0 0 1
Step 589 2.356000000000002 0.004 2 3.702990554308529e-05 0 0 1
Step 590 2.360000000000002 0.004 2 3.707226612475957e-05 0 0 1
Step 591 2.364000000000002 0.004 2 3.711313753959623e-05 0 0 1
Step 592 2.368000000000002 0.004 2 3.714499260532585e-05 0 0 1
Step 593 2.372000000000002 0.004 2 3.719840372316715e-05 0 0 1
Step 594 2.376000000000002 0.004 2 3.723362259382906e-05 0 0 1
Step 595 2.380000000000002 0.004 2 3.727735801608419e-05 0 0 1
Step 596 2.384000000000002 0.004 2 3.731659868696824e-05 0 0 1
Step 597 2.388000000000002 0.004 2 3.735386657391223e-05 0 0 1
Step 598 2.392000000000002 0.004 2 3.739725859773553e-05 0 0 1
Step 599 2.396000000000002 0.004 2 3.743396119577401e-05 0 0 1
Step 600 2.400000000000002 0.004 2 3.747502834445859e-05 0 0 1
Step 601 2.404000000000002 0.004 2 3.751226676459056e-05 0 0 1
Step 602 2.408000000000002 0.004 2 3.755100430198956e-05 0 0 1
Step 603 2.412000000000002 0.004 2 3.758820461471863e-05 0 0 1
Step 604 2.416000000000002 0.004 2 3.762548529209228e-05 0 0 1
Step 605 2.420000000000002 0.004 2 3.766486395534133e-05 0 0 1
Step 606 2.424000000000002 0.004 2 3.773631121346587e-05 0 0 1
Step 607 2.428000000000002 0.004 2 3.772845623099447e-05 0 0 1
Step 608 2.432000000000002 0.004 2 3.779233007495475e-05 0 0 1
Step 609 2.436000000000002 0.004 2 3.78181697905339e-05 0 0 1
Step 610 2.440000000000002 0.004 2 3.785414024015528e-05 0 0 1
Step 611 2.444000000000002 0.004 2 3.790827937801941e-05 0 0 1
Step 612 2.448000000000002 0.004 2 3.792713526758248e-05 0 0 1
Step 613 2.452000000000002 0.004 2 3.796258873821422e-05 0 0 1
Step 614 2.456000000000002 0.004 2 3.799316122604042e-05 0 0 1
Step 615 2.460000000000002 0.004 2 3.803056501344795e-05 0 0 1
Step 616 2.464000000000002 0.004 2 3.806472248711365e-05 0 0 1
Step 617 2.468000000000002 0.004 2 3.809854516104648e-05 0 0 1
Step 618 2.472000000000002 0.004 2 3.813318496219554e-05 0 0 1
Step 619 2.476000000000002 0.004 2 3.816368510006629e-05 0 0 1
Step 620 2.480000000000002 0.004 2 3.819990308197537e-05 0 0 1
Step 621 2.484000000000002 0.004 2 3.822913592948408e-05 0 0 1
Step 622 2.488000000000002 0.004 2 3.826414196014467e-05 0 0 1
Step 623 2.492000000000002 0.004 2 3.829498576273901e-05 0 0 1
Step 624 2.496000000000002 0.004 2 3.832946713876334e-05 0 0 1
Step 625 2.500000000000002 0.004 2 3.835965488414805e-05 0 0 1
Step 626 2.504000000000002 0.004 2 3.839445774162766e-05 0 0 1
Step 627 2.508000000000002 0.004 2 3.842543377206761e-05 0 0 1
Step 628 2.512000000000002 0.004 2 3.845901769773912e-05 0 0 1
Step 629 2.516000000000002 0.004 2 3.846627555777866e-05 0 0 1
Step 630 2.520000000000002 0.004 2 3.8527223987683e-05 0 0 1
Step 631 2.524000000000002 0.004 2 3.855318468946259e-05 0 0 1
Step 632 2.528000000000002 0.004 2 3.858955531767317e-05 0 0 1
Step 633 2.532000000000002 0.004 2 3.860509776826581e-05 0 0 1
Step 634 2.536000000000002 0.004 2 3.86375132207837e-05 0 0 1
Step 635 2.540000000000002 0.004 2 3.867786297350136e-05 0 0 1
Step 636 2.544000000000002 0.004 2 3.868581277693666e-05 0 0 1
Step 637 2.548000000000002 0.004 2 3.872602500911129e-05 0 0 1
Step 638 2.552000000000002 0.004 2 3.87521270959047e-05 0 0 1
Step 639 2.556000000000002 0.004 2 3.878114770925267e-05 0 0 1
Step 640 2.560000000000002 0.004 2 3.880668687096801e-05 0 0 1
Step 641 2.564000000000002 0.004 2 3.883067437604023e-05 0 0 1
Step 642 2.568000000000002 0.004 2 3.88604337439264e-05 0 0 1
Step 643 2.572000000000002 0.004 2 3.888583521034567e-05 0 0 1
Step 644 2.576000000000002 0.004 2 3.891458399106205e-05 0 0 1
Step 645 2.580000000000002 0.004 2 3.89342007999151e-05 0 0 1
Step 646 2.584000000000002 0.004 2 3.896601704159186e-05 0 0 1
Step 647 2.588000000000002 0.004 2 3.894371306620506e-05 0 0 1
Step 648 2.592000000000002 0.004 2 3.899909324332217e-05 0 0 1
Step 649 2.596000000000002 0.004 2 3.90246668205813e-05 0 0 1
Step 650 2.600000000000002 0.004 2 3.900340016163579e-05 0 0 1
Step 651 2.604000000000002 0.004 2 3.906031888911934e-05 0 0 1
Step 652 2.608000000000002 0.004 2 3.908350012993743e-05 0 0 1
Step 653 2.612000000000002 0.004 2 3.908731857229111e-05 0 0 1
Step 654 2.616000000000002 0.004 2 3.91291920065604e-05 0 0 1
Step 655 2.620000000000002 0.004 2 3.917691538461735e-05 0 0 1
Step 656 2.624000000000002 0.004 2 3.918308067438655e-05 0 0 1
Step 657 2.628000000000002 0.004 2 3.920907912600802e-05 0 0 1
Step 658 2.632000000000002 0.004 2 3.922989633036384e-05 0 0 1
Step 659 2.636000000000002 0.004 2 3.925486237642712e-05 0 0 1
Step 660 2.640000000000002 0.004 2 3.927698102849775e-05 0 0 1
Step 661 2.644000000000002 0.004 2 3.929892013740436e-05 0 0 1
Step 662 2.648000000000002 0.004 2 3.931875955369225e-05 0 0 1
Step 663 2.652000000000002 0.004 2 3.934709505987475e-05 0 0 1
Step 664 2.656000000000002 0.004 2 3.936558299592047e-05 0 0 1
Step 665 2.660000000000002 0.004 2 3.938718815877764e-05 0 0 1
Step 666 2.664000000000002 0.004 2 3.940786837128543e-05 0 0 1
Step 667 2.668000000000002 0.004 2 3.942598846570095e-05 0 0 1
Step 668 2.672000000000002 0.004 2 3.944841365543914e-05 0 0 1
Step 669 2.676000000000002 0.004 2 3.944904902326053e-05 0 0 1
Step 670 2.680000000000002 0.004 2 3.949649505546234e-05 0 0 1
Step 671 2.684000000000002 0.004 2 3.950683647157359e-05 0 0 1
Step 672 2.688000000000002 0.004 2 3.951809179186989e-05 0 0 1
Step 673 2.692000000000002 0.004 2 3.954756116922461e-05 0 0 1
Step 674 2.696000000000002 0.004 2 3.957396937015603e-05 0 0 1
Step 675 2.700000000000002 0.004 2 3.958488893073675e-05 0 0 1
Step 676 2.704000000000002 0.004 2 3.960663260507795e-05 0 0 1
Step 677 2.708000000000002 0.004 2 3.962657862935611e-05 0 0 1
Step 678 2.712000000000002 0.004 2 3.96421664075823e-05 0 0 1
Step 679 2.716000000000002 0.004 2 3.966763811913102e-05 0 0 1
Step 680 2.720000000000002 0.004 2 3.967487505605602e-05 0 0 1
Step 681 2.724000000000002 0.004 2 3.969836130784535e-05 0 0 1
Step 682 2.728000000000002 0.004 2 3.971598558565266e-05 0 0 1
Step 683 2.732000000000002 0.004 2 3.957571564674354e-05 0 0 1
Step 684 2.736000000000002 0.004 2 3.970641582522183e-05 0 0 1
Step 685 2.740000000000002 0.004 2 3.955344397873867e-05 0 0 1
Step 686 2.744000000000002 0.004 2 3.968792006500707e-05 0 0 1
Step 687 2.748000000000002 0.004 2 3.970452854990162e-05 0 0 1
Step 688 2.752000000000002 0.004 2 3.972917327161148e-05 0 0 1
Step 689 2.756000000000002 0.004 2 3.975025476974489e-05 0 0 1
Step 690 2.760000000000002 0.004 2 3.977570738147001e-05 0 0 1
Step 691 2.764000000000002 0.004 2 3.979344718361188e-05 0 0 1
Step 692 2.768000000000002 0.004 2 3.981172246512829e-05 0 0 1
Step 693 2.772000000000002 0.004 2 3.983778828158834e-05 0 0 1
Step 694 2.776000000000002 0.004 2 3.984797280334028e-05 0 0 1
Step 695 2.780000000000002 0.004 2 3.986558228127222e-05 0 0 1
Step 696 2.784000000000002 0.004 2 3.989696749522993e-05 0 0 1
Step 697 2.788000000000002 0.004 2 3.98997721756535e-05 0 0 1
Step 698 2.792000000000002 0.004 2 3.993096417280629e-05 0 0 1
Step 699 2.796000000000002 0.004 2 3.993154989330994e-05 0 0 1
Step 700 2.800000000000002 0.004 2 3.996077013039602e-05 0 0 1
Step 701 2.804000000000002 0.004 2 3.997692708111517e-05 0 0 1
Step 702 2.808000000000002 0.004 2 3.999225156746e-05 0 0 1
Step 703 2.812000000000002 0.004 2 4.000796363106069e-05 0 0 1
Step 704 2.816000000000002 0.004 2 4.002442611460179e-05 0 0 1
Step 705 2.820000000000002 0.004 2 4.003691181864392e-05 0 0 1
Step 706 2.824000000000002 0.004 2 4.005250561357533e-05 0 0 1
Step 707 2.828000000000002 0.004 2 4.0069081054183e-05 0 0 1
Step 708 2.832000000000002 0.004 2 4.008308211228562e-05 0 0 1
Step 709 2.836000000000002 0.004 2 4.009984282382398e-05 0 0 1
Step 710 2.840000000000002 0.004 2 4.011316401179527e-05 0 0 1
Step 711 2.844000000000002 0.004 2 4.0155744003855e-05 0 0 1
Step 712 2.848000000000002 0.004 2 4.015495752013171e-05 0 0 1
Step 713 2.852000000000002 0.004 2 4.01419837893919e-05 0 0 1
Step 714 2.856000000000002 0.004 2 4.017151452593703e-05 0 0 1
Step 715 2.860000000000002 0.004 2 4.018513195444724e-05 0 0 1
Step 716 2.864000000000002 0.004 2 4.020078938880795e-05 0 0 1
Step 717 2.868000000000002 0.004 2 4.020811511208936e-05 0 0 1
Step 718 2.872000000000002 0.004 2 4.022591670545771e-05 0 0 1
Step 719 2.876000000000002 0.004 2 4.023772607682999e-05 0 0 1
Step 720 2.880000000000002 0.004 2 4.025083798210356e-05 0 0 1
Step 721 2.884000000000002 0.004 2 4.026059644839532e-05 0 0 1
Step 722 2.888000000000002 0.004 2 4.027374283503449e-05 0 0 1
Step 723 2.892000000000002 0.004 2 4.028814661544047e-05 0 0 1
Step 724 2.896000000000002 0.004 2 4.03014329692862e-05 0 0 1
Step 725 2.900000000000002 0.004 2 4.031221133813887e-05 0 0 1
Step 726 2.904000000000002 0.004 2 4.040050112394529e-05 0 0 1
Step 727 2.908000000000002 0.004 2 4.035929435503383e-05 0 0 1
Step 728 2.912000000000002 0.004 2 4.044214346648305e-05 0 0 1
Step 729 2.916000000000002 0.004 2 4.040194659890899e-05 0 0 1
Step 730 2.920000000000002 0.004 2 4.040905652452474e-05 0 0 1
Step 731 2.924000000000002 0.004 2 4.03660879695559e-05 0 0 1
Step 732 2.928000000000002 0.004 2 4.045806611523129e-05 0 0 1
Step 733 2.932000000000002 0.004 2 4.043214050912153e-05 0 0 1
Step 734 2.936000000000002 0.004 2 4.044411091339455e-05 0 0 1
Step 735 2.940000000000002 0.004 2 4.045161972832203e-05 0 0 1
Step 736 2.944000000000002 0.004 2 4.045641867325816e-05 0 0 1
Step 737 2.948000000000002 0.004 2 4.047114606700493e-05 0 0 1
Step 738 2.952000000000002 0.004 2 4.045007691009891e-05 0 0 1
Step 739 2.956000000000002 0.004 2 4.048984617153959e-05 0 0 1
Step 740 2.960000000000002 0.004 2 4.049036790286067e-05 0 0 1
Step 741 2.964000000000002 0.004 2 4.045889152680913e-05 0 0 1
Step 742 2.968000000000002 0.004 2 4.052077404192517e-05 0 0 1
Step 743 2.972000000000002 0.004 2 4.051497005493877e-05 0 0 1
Step 744 2.976000000000002 0.004 2 4.052495202794935e-05 0 0 1
Step 745 2.980000000000002 0.004 2 4.05283902001173e-05 0 0 1
Step 746 2.984000000000002 0.004 2 4.053670473821805e-05 0 0 1
Step 747 2.988000000000002 0.004 2 4.054264208423041e-05 0 0 1
Step 748 2.992000000000002 0.004 2 4.054699117203835e-05 0 0 1
Step 749 2.996000000000002 0.004 2 4.055485243236537e-05 0 0 1
Step 750 3.000000000000002 0.004 2 4.055775804713812e-05 0 0 1
Step 751 3.004000000000002 0.004 2 4.057067525146367e-05 0 0 1
Step 752 3.008000000000002 0.004 2 4.057998261655172e-05 0 0 1
Step 753 3.012000000000002 0.004 2 4.059660329852318e-05 0 0 1
Step 754 3.016000000000002 0.004 2 4.058324130812812e-05 0 0 1
Step 755 3.020000000000002 0.004 2 4.059331429357369e-05 0 0 1
Step 756 3.024000000000002 0.004 2 4.060709538215486e-05 0 0 1
Step 757 3.028000000000002 0.004 2 4.061278546855668e-05 0 0 1
Step 758 3.032000000000002 0.004 2 4.062111018281365e-05 0 0 1
Step 759 3.036000000000002 0.004 2 4.062979448174919e-05 0 0 1
Step 760 3.040000000000002 0.004 2 4.063598187540363e-05 0 0 1
Step 761 3.044000000000002 0.004 2 4.064512539079861e-05 0 0 1
Step 762 3.048000000000002 0.004 2 4.065280011769993e-05 0 0 1
Step 763 3.052000000000002 0.004 2 4.066137307391877e-05 0 0 1
Step 764 3.056000000000002 0.004 2 4.067108704560764e-05 0 0 1
Step 765 3.060000000000002 0.004 2 4.066400432945918e-05 0 0 1
Step 766 3.064000000000002 0.004 2 4.069317288398704e-05 0 0 1
Step 767 3.068000000000002 0.004 2 4.067049580480811e-05 0 0 1
Step 768 3.072000000000002 0.004 2 4.071154815848295e-05 0 0 1
Step 769 3.076000000000002 0.004 2 4.070806253349715e-05 0 0 1
Step 770 3.080000000000002 0.004 2 4.072159126188046e-05 0 0 1
Step 771 3.084000000000002 0.004 2 4.072094893978366e-05 0 0 1
Step 772 3.088000000000002 0.004 2 4.070512958307665e-05 0 0 1
Step 773 3.092000000000002 0.004 2 4.072212176939936e-05 0 0 1
Step 774 3.096000000000002 0.004 2 4.070337907201111e-05 0 0 1
Step 775 3.100000000000002 0.004 2 4.072734389286037e-05 0 0 1
Step 776 3.104000000000002 0.004 2 4.072679813046726e-05 0 0 1
Step 777 3.108000000000002 0.004 2 4.073593770673442e-05 0 0 1
Step 778 3.112000000000002 0.004 2 4.074663015627755e-05 0 0 1
Step 779 3.116000000000002 0.004 2 4.075059845259031e-05 0 0 1
Step 780 3.120000000000002 0.004 2 4.076017295331712e-05 0 0 1
Step 781 3.124000000000002 0.004 2 4.076910125032592e-05 0 0 1
Step 782 3.128000000000002 0.004 2 4.077076335179552e-05 0 0 1
Step 783 3.132000000000002 0.004 2 4.078086982754854e-05 0 0 1
Step 784 3.136000000000002 0.004 2 4.078775304291062e-05 0 0 1
Step 785 3.140000000000002 0.004 2 4.079063384991017e-05 0 0 1
Step 786 3.144000000000002 0.004 2 4.079534091674178e-05 0 0 1
Step 787 3.148000000000002 0.004 2 4.079899833049797e-05 0 0 1
Step 788 3.152000000000002 0.004 2 4.081040194609888e-05 0 0 1
Step 789 3.156000000000002 0.004 2 4.081045221796821e-05 0 0 1
Step 790 3.160000000000002 0.004 2 4.081860889219554e-05 0 0 1
Step 791 3.164000000000002 0.004 2 4.081422241875675e-05 0 0 1
Step 792 3.168000000000002 0.004 2 4.081775789357211e-05 0 0 1
Step 793 3.172000000000002 0.004 2 4.082310568640249e-05 0 0 1
Step 794 3.176000000000002 0.004 2 4.080365916442179e-05 0 0 1
Step 795 3.180000000000002 0.004 2 4.083525082411651e-05 0 0 1
Step 796 3.184000000000002 0.004 2 4.082637415106467e-05 0 0 1
Step 797 3.188000000000002 0.004 2 4.082916141982304e-05 0 0 1
Step 798 3.192000000000002 0.004 2 4.082722602687221e-05 0 0 1
Step 799 3.196000000000002 0.004 2 4.08293061430248e-05 0 0 1
Step 800 3.200000000000002 0.004 2 4.082437084541026e-05 0 0 1
Step 801 3.204000000000002 0.004 2 4.082426735955438e-05 0 0 1
Step 802 3.208000000000002 0.004 2 4.082473053404722e-05 0 0 1
Step 803 3.212000000000002 0.004 2 4.081994070362293e-05 0 0 1
Step 804 3.216000000000002 0.004 2 4.081088366731854e-05 0 0 1
Step 805 3.220000000000002 0.004 2 4.080986959434892e-05 0 0 1
Step 806 3.224000000000002 0.004 2 4.080804093813952e-05 0 0 1
Step 807 3.228000000000002 0.004 2 4.082488316537505e-05 0 0 1
Step 808 3.232000000000002 0.004 2 4.079880500026213e-05 0 0 1
Step 809 3.236000000000002 0.004 2 4.080798089420562e-05 0 0 1
Step 810 3.240000000000002 0.004 2 4.079747392391793e-05 0 0 1
Step 811 3.244000000000002 0.004 2 4.079687602750141e-05 0 0 1
Step 812 3.248000000000002 0.004 2 4.079199540493321e-05 0 0 1
Step 813 3.252000000000002 0.004 2 4.078915185562574e-05 0 0 1
Step 814 3.256000000000002 0.004 2 4.078620452010179e-05 0 0 1
Step 815 3.260000000000002 0.004 2 4.078482799466769e-05 0 0 1
Step 816 3.264000000000002 0.004 2 4.077355262284118e-05 0 0 1
Step 817 3.268000000000002 0.004 2 4.076919845456407e-05 0 0 1
Step 818 3.272000000000002 0.004 2 4.08822274764395e-05 0 0 1
Step 819 3.276000000000002 0.004 2 4.078852028640386e-05 0 0 1
Step 820 3.280000000000002 0.004 2 4.079653313194563e-05 0 0 1
Step 821 3.284000000000002 0.004 2 4.090915056454144e-05 0 0 1
Step 822 3.288000000000002 0.004 2 4.08154681809554e-05 0 0 1
Step 823 3.292000000000002 0.004 2 4.078616234656488e-05 0 0 1
Step 824 3.296000000000002 0.004 2 4.078232262723316e-05 0 0 1
Step 825 3.300000000000002 0.004 2 4.077773696855907e-05 0 0 1
Step 826 3.304000000000002 0.004 2 4.076474582716615e-05 0 0 1
Step 827 3.308000000000002 0.004 2 4.075810135683803e-05 0 0 1
Step 828 3.312000000000002 0.004 2 4.074510263552575e-05 0 0 1
Step 829 3.316000000000003 0.004 2 4.073352436394725e-05 0 0 1
Step 830 3.320000000000003 0.004 2 4.07195880156964e-05 0 0 1
Step 831 3.324000000000003 0.004 2 4.07149938430148e-05 0 0 1
Step 832 3.328000000000003 0.004 2 4.070304095814084e-05 0 0 1
Step 833 3.332000000000003 0.004 2 4.073137396205718e-05 0 0 1
Step 834 3.336000000000003 0.004 2 4.065630777818239e-05 0 0 1
Step 835 3.340000000000003 0.004 2 4.066580332339634e-05 0 0 1
Step 836 3.344000000000003 0.004 2 4.065721823725703e-05 0 0 1
Step 837 3.348000000000003 0.004 2 4.064559335395808e-05 0 0 1
Step 838 3.352000000000003 0.004 2 4.068350497351259e-05 0 0 1
Step 839 3.356000000000003 0.004 2 4.05961607489193e-05 0 0 1
Step 840 3.360000000000003 0.004 2 4.062387072130297e-05 0 0 1
Step 841 3.364000000000003 0.004 2 4.059134237331381e-05 0 0 1
Step 842 3.368000000000003 0.004 2 4.051841778301316e-05 0 0 1
Step 843 3.372000000000003 0.004 2 4.059796039067786e-05 0 0 1
Step 844 3.376000000000003 0.004 2 4.056872623065309e-05 0 0 1
Step 845 3.380000000000003 0.004 2 4.056327532420366e-05 0 0 1
Step 846 3.384000000000003 0.004 2 4.052305611465633e-05 0 0 1
Step 847 3.388000000000003 0.004 2 4.045356129444047e-05 0 0 1
Step 848 3.392000000000003 0.004 2 4.053350102877165e-05 0 0 1
Step 849 3.396000000000003 0.004 2 4.049526710875034e-05 0 0 1
Step 850 3.400000000000003 0.004 2 4.04669268076014e-05 0 0 1
Step 851 3.404000000000003 0.004 2 4.05108072653958e-05 0 0 1
Step 852 3.408000000000003 0.004 2 4.042554933764614e-05 0 0 1
Step 853 3.412000000000003 0.004 2 4.041562435426378e-05 0 0 1
Step 854 3.416000000000003 0.004 2 4.041520696898892e-05 0 0 1
Step 855 3.420000000000003 0.004 2 4.03907029964924e-05 0 0 1
Step 856 3.424000000000003 0.004 2 4.036776143443355e-05 0 0 1
Step 857 3.428000000000003 0.004 2 4.035861458520037e-05 0 0 1
Step 858 3.432000000000003 0.004 2 4.039579039708921e-05 0 0 1
Step 859 3.436000000000003 0.004 2 4.03120490592936e-05 0 0 1
Step 860 3.440000000000003 0.004 2 4.032968923162514e-05 0 0 1
Step 861 3.444000000000003 0.004 2 4.027916021755077e-05 0 0 1
Step 862 3.448000000000003 0.004 2 4.026772578167225e-05 0 0 1
Step 863 3.452000000000003 0.004 2 4.026239921820648e-05 0 0 1
Step 864 3.456000000000003 0.004 2 4.021029043803474e-05 0 0 1
Step 865 3.460000000000003 0.004 2 4.01712618727581e-05 0 0 1
Step 866 3.464000000000003 0.004 2 4.020216700984925e-05 0 0 1
Step 867 3.468000000000003 0.004 2 4.017583594814735e-05 0 0 1
Step 868 3.472000000000003 0.004 2 4.015442077821161e-05 0 0 1
Step 869 3.476000000000003 0.004 2 4.011404103548676e-05 0 0 1
Step 870 3.480000000000003 0.004 2 4.013333458209296e-05 0 0 1
Step 871 3.484000000000003 0.004 2 4.009515307703904e-05 0 0 1
Step 872 3.488000000000003 0.004 2 4.009469634685621e-05 0 0 1
Step 873 3.492000000000003 0.004 2 4.006512637727441e-05 0 0 1
Step 874 3.496000000000003 0.004 2 4.004469663646399e-05 0 0 1
Step 875 3.500000000000003 0.004 2 4.005863986909711e-05 0 0 1
Step 876 3.504000000000003 0.004 2 4.001608585194976e-05 0 0 1
Step 877 3.508000000000003 0.004 2 3.99757888399039e-05 0 0 1
Step 878 3.512000000000003 0.004 2 3.995905104564533e-05 0 0 1
Step 879 3.516000000000003 0.004 2 3.99408760726354e-05 0 0 1
Step 880 3.520000000000003 0.004 2 3.996694070263285e-05 0 0 1
Step 881 3.524000000000003 0.004 2 3.986028651192542e-05 0 0 1
Step 882 3.528000000000003 0.004 2 3.986561525875169e-05 0 0 1
Step 883 3.532000000000003 0.004 2 3.984579993831776e-05 0 0 1
Step 884 3.536000000000003 0.004 2 3.984361790745249e-05 0 0 1
Step 885 3.540000000000003 0.004 2 3.981939639774584e-05 0 0 1
Step 886 3.544000000000003 0.004 2 3.977914141754463e-05 0 0 1
Step 887 3.548000000000003 0.004 2 3.97500175103815e-05 0 0 1
Step 888 3.552000000000003 0.004 2 3.974510542360748e-05 0 0 1
Step 889 3.556000000000003 0.004 2 3.972554357206794e-05 0 0 1
Step 890 3.560000000000003 0.004 2 3.970455105947302e-05 0 0 1
Step 891 3.564000000000003 0.004 2 3.970591951516218e-05 0 0 1
Step 892 3.568000000000003 0.004 2 3.965573442103155e-05 0 0 1
Step 893 3.572000000000003 0.004 2 3.965239840760215e-05 0 0 1
Step 894 3.576000000000003 0.004 2 3.962784233769723e-05 0 0 1
Step 895 3.580000000000003 0.004 2 3.958558189210134e-05 0 0 1
Step 896 3.584000000000003 0.004 2 3.957675392081876e-05 0 0 1
Step 897 3.588000000000003 0.004 2 3.956436342230508e-05 0 0 1
Step 898 3.592000000000003 0.004 2 3.950930062386451e-05 0 0 1
Step 899 3.596000000000003 0.004 2 3.953055846421514e-05 0 0 1
Step 900 3.600000000000003 0.004 2 3.954905733808165e-05 0 0 1
Step 901 3.604000000000003 0.004 2 3.948438136815749e-05 0 0 1
Step 902 3.608000000000003 0.004 2 3.946273651032474e-05 0 0 1
Step 903 3.612000000000003 0.004 2 3.943943564147716e-05 0 0 1
Step 904 3.616000000000003 0.004 2 3.941590840681005e-05 0 0 1
Step 905 3.620000000000003 0.004 2 3.939312869528747e-05 0 0 1
Step 906 3.624000000000003 0.004 2 3.937497247283279e-05 0 0 1
Step 907 3.628000000000003 0.004 2 3.935115397213772e-05 0 0 1
Step 908 3.632000000000003 0.004 2 3.932921190477358e-05 0 0 1
Step 909 3.636000000000003 0.004 2 3.933573565379802e-05 0 0 1
Step 910 3.640000000000003 0.004 2 3.927996573143745e-05 0 0 1
Step 911 3.644000000000003 0.004 2 3.92713441935685e-05 0 0 1
Step 912 3.648000000000003 0.004 2 3.924917830988193e-05 0 0 1
Step 913 3.652000000000003 0.004 2 3.922933904054724e-05 0 0 1
Step 914 3.656000000000003 0.004 2 3.922035000526515e-05 0 0 1
Step 915 3.660000000000003 0.004 2 3.917742498149521e-05 0 0 1
Step 916 3.664000000000003 0.004 2 3.915842904904857e-05 0 0 1
Step 917 3.668000000000003 0.004 2 3.913633688536235e-05 0 0 1
Step 918 3.672000000000003 0.004 2 3.913392504181491e-05 0 0 1
Step 919 3.676000000000003 0.004 2 3.909835460007247e-05 0 0 1
Step 920 3.680000000000003 0.004 2 3.909284325066438e-05 0 0 1
Step 921 3.684000000000003 0.004 2 3.905820730194885e-05 0 0 1
Step 922 3.688000000000003 0.004 2 3.903760882281475e-05 0 0 1
Step 923 3.692000000000003 0.004 2 3.90206599209546e-05 0 0 1
Step 924 3.696000000000003 0.004 2 3.898873521367789e-05 0 0 1
Step 925 3.700000000000003 0.004 2 3.897016942820026e-05 0 0 1
Step 926 3.704000000000003 0.004 2 3.895011653214253e-05 0 0 1
Step 927 3.708000000000003 0.004 2 3.893072322553001e-05 0 0 1
Step 928 3.712000000000003 0.004 2 3.8902941479959e-05 0 0 1
Step 929 3.716000000000003 0.004 2 3.888811420670289e-05 0 0 1
Step 930 3.720000000000003 0.004 2 3.886729618002657e-05 0 0 1
Step 931 3.724000000000003 0.004 2 3.868497503498981e-05 0 0 1
Step 932 3.728000000000003 0.004 2 3.880162004981714e-05 0 0 1
Step 933 3.732000000000003 0.004 2 3.855782488580597e-05 0 0 1
Step 934 3.736000000000003 0.004 2 3.867951181382798e-05 0 0 1
Step 935 3.740000000000003 0.004 2 3.867188650604285e-05 0 0 1
Step 936 3.744000000000003 0.004 2 3.864900855011965e-05 0 0 1
Step 937 3.748000000000003 0.004 2 3.862181934336283e-05 0 0 1
Step 938 3.752000000000003 0.004 2 3.86178266540299e-05 0 0 1
Step 939 3.756000000000003 0.004 2 3.860246016321909e-05 0 0 1
Step 940 3.760000000000003 0.004 2 3.858235753092475e-05 0 0 1
Step 941 3.764000000000003 0.004 2 3.857369402826697e-05 0 0 1
Step 942 3.768000000000003 0.004 2 3.853401912213816e-05 0 0 1
Step 943 3.772000000000003 0.004 2 3.852830711701509e-05 0 0 1
Step 944 3.776000000000003 0.004 2 3.849945474433297e-05 0 0 1
Step 945 3.780000000000003 0.004 2 3.848725859194117e-05 0 0 1
Step 946 3.784000000000003 0.004 2 3.845298590410628e-05 0 0 1
Step 947 3.788000000000003 0.004 2 3.843692608224137e-05 0 0 1
Step 948 3.792000000000003 0.004 2 3.841383483112545e-05 0 0 1
Step 949 3.796000000000003 0.004 2 3.839149115099232e-05 0 0 1
Step 950 3.800000000000003 0.004 2 3.83735079095076e-05 0 0 1
Step 951 3.804000000000003 0.004 2 3.834832759003879e-05 0 0 1
Step 952 3.808000000000003 0.004 2 3.833047120179763e-05 0 0 1
Step 953 3.812000000000003 0.004 2 3.83014305379048e-05 0 0 1
Step 954 3.816000000000003 0.004 2 3.827893039601038e-05 0 0 1
Step 955 3.820000000000003 0.004 2 3.825582207991189e-05 0 0 1
Step 956 3.824000000000003 0.004 2 3.823084936464089e-05 0 0 1
Step 957 3.828000000000003 0.004 2 3.8211925054804e-05 0 0 1
Step 958 3.832000000000003 0.004 2 3.818955520321123e-05 0 0 1
Step 959 3.836000000000003 0.004 2 3.816747050808331e-05 0 0 1
Step 960 3.840000000000003 0.004 2 3.813389767438294e-05 0 0 1
Step 961 3.844000000000003 0.004 2 3.812328509937952e-05 0 0 1
Step 962 3.848000000000003 0.004 2 3.80970987227828e-05 0 0 1
Step 963 3.852000000000003 0.004 2 3.807316265891226e-05 0 0 1
Step 964 3.856000000000003 0.004 2 3.805017482856619e-05 0 0 1
Step 965 3.860000000000003 0.004 2 3.802609239922882e-05 0 0 1
Step 966 3.864000000000003 0.004 2 3.80038801183568e-05 0 0 1
Step 967 3.868000000000003 0.004 2 3.797829613920725e-05 0 0 1
Step 968 3.872000000000003 0.004 2 3.795838301547339e-05 0 0 1
Step 969 3.876000000000003 0.004 2 3.793579631221933e-05 0 0 1
Step 970 3.880000000000003 0.004 2 3.791164926585156e-05 0 0 1
Step 971 3.884000000000003 0.004 2 3.791541123991405e-05 0 0 1
Step 972 3.888000000000003 0.004 2 3.785581441352086e-05 0 0 1
Step 973 3.892000000000003 0.004 2 3.784450303889459e-05 0 0 1
Step 974 3.896000000000003 0.004 2 3.782164733863433e-05 0 0 1
Step 975 3.900000000000003 0.004 2 3.780025769662892e-05 0 0 1
Step 976 3.904000000000003 0.004 2 3.778780442974175e-05 0 0 1
Step 977 3.908000000000003 0.004 2 3.775044780827469e-05 0 0 1
Step 978 3.912000000000003 0.004 2 3.77350362239022e-05 0 0 1
Step 979 3.916000000000003 0.004 2 3.770777586766198e-05 0 0 1
Step 980 3.920000000000003 0.004 2 3.76892526795911e-05 0 0 1
Step 981 3.924000000000003 0.004 2 3.765299072346244e-05 0 0 1
Step 982 3.928000000000003 0.004 2 3.764522732550962e-05 0 0 1
Step 983 3.932000000000003 0.004 2 3.761868571654579e-05 0 0 1
Step 984 3.936000000000003 0.004 2 3.759051362618713e-05 0 0 1
Step 985 3.940000000000003 0.004 2 3.757840665474538e-05 0 0 1
Step 986 3.944000000000003 0.004 2 3.754976812013013e-05 0 0 1
Step 987 3.948000000000003 0.004 2 3.753246432791145e-05 0 0 1
Step 988 3.952000000000003 0.004 2 3.750949449781932e-05 0 0 1
Step 989 3.956000000000003 0.004 2 3.748288296326287e-05 0 0 1
Step 990 3.960000000000003 0.004 2 3.74744938970898e-05 0 0 1
Step 991 3.964000000000003 0.004 2 3.745994446292517e-05 0 0 1
Step 992 3.968000000000003 0.004 2 3.740952285555661e-05 0 0 1
Step 993 3.972000000000003 0.004 2 3.754645736908108e-05 0 0 1
Step 994 3.976000000000003 0.004 2 3.742415320985011e-05 0 0 1
Step 995 3.980000000000003 0.004 2 3.737915696111829e-05 0 0 1
Step 996 3.984000000000003 0.004 2 3.751398265255205e-05 0 0 1
Step 997 3.988000000000003 0.004 2 3.736983070216837e-05 0 0 1
Step 998 3.992000000000003 0.004 2 3.735489877711416e-05 0 0 1
Step 999 3.996000000000003 0.004 2 3.732170726810521e-05 0 0 1
Step 1000 4.000000000000003 0.004 2 3.729514946620371e-05 0 0 1
Step 1001 4.004000000000002 0.004 2 3.726394494951449e-05 0 0 1
Step 1002 4.008000000000002 0.004 2 3.72252562903364e-05 0 0 1
Step 1003 4.012000000000001 0.004 2 3.722147913299318e-05 0 0 1
Step 1004 4.016000000000001 0.004 2 3.717797932855861e-05 0 0 1
Step 1005 4.02 0.004 2 3.716238063179334e-05 0 0 1
Step 1006 4.024 0.004 2 3.713280807278963e-05 0 0 1
Step 1007 4.028 0.004 2 3.711401609380214e-05 0 0 1
Step 1008 4.031999999999999 0.004 2 3.709654954904129e-05 0 0 1
Step 1009 4.035999999999999 0.004 2 3.707090372148032e-05 0 0 1
Step 1010 4.039999999999998 0.004 2 3.704975528793172e-05 0 0 1
Step 1011 4.043999999999998 0.004 2 3.702264461443594e-05 0 0 1
Step 1012 4.047999999999997 0.004 2 3.700024484067563e-05 0 0 1
Step 1013 4.051999999999997 0.004 2 3.697728744804964e-05 0 0 1
Step 1014 4.055999999999996 0.004 2 3.695488813891704e-05 0 0 1
Step 1015 4.059999999999996 0.004 2 3.692794381038311e-05 0 0 1
Step 1016 4.063999999999996 0.004 2 3.690677971911669e-05 0 0 1
Step 1017 4.067999999999995 0.004 2 3.689049037513531e-05 0 0 1
Step 1018 4.071999999999995 0.004 2 3.685994623635179e-05 0 0 1
Step 1019 4.075999999999994 0.004 2 3.683670139204265e-05 0 0 1
Step 1020 4.079999999999994 0.004 2 3.681155651431079e-05 0 0 1
Step 1021 4.083999999999993 0.004 2 3.6767641696397e-05 0 0 1
Step 1022 4.087999999999993 0.004 2 3.67683138714815e-05 0 0 1
Step 1023 4.091999999999993 0.004 2 3.673290078057552e-05 0 0 1
Step 1024 4.095999999999992 0.004 2 3.672611689107138e-05 0 0 1
Step 1025 4.099999999999992 0.004 2 3.669093385153298e-05 0 0 1
Step 1026 4.103999999999991 0.004 2 3.667813950719065e-05 0 0 1
Step 1027 4.107999999999991 0.004 2 3.664135870435138e-05 0 0 1
Step 1028 4.11199999999999 0.004 2 3.661754064136039e-05 0 0 1
Step 1029 4.11599999999999 0.004 2 3.66011921192095e-05 0 0 1
Step 1030 4.119999999999989 0.004 2 3.656910933563961e-05 0 0 1
Step 1031 4.123999999999989 0.004 2 3.654742130986388e-05 0 0 1
Step 1032 4.127999999999989 0.004 2 3.649150638756089e-05 0 0 1
Step 1033 4.131999999999988 0.004 2 3.651048554877123e-05 0 0 1
Step 1034 4.135999999999988 0.004 2 3.638015581238791e-05 0 0 1
Step 1035 4.139999999999987 0.004 2 3.647935503938578e-05 0 0 1
Step 1036 4.143999999999987 0.004 2 3.640398697615585e-05 0 0 1
Step 1037 4.147999999999986 0.004 2 3.640235739809854e-05 0 0 1
Step 1038 4.151999999999986 0.004 2 3.637400954538556e-05 0 0 1
Step 1039 4.155999999999985 0.004 2 3.634778382679605e-05 0 0 1
Step 1040 4.159999999999985 0.004 2 3.632509938477099e-05 0 0 1
Step 1041 4.163999999999985 0.004 2 3.625886903789401e-05 0 0 1
Step 1042 4.167999999999984 0.004 2 3.628426559409683e-05 0 0 1
Step 1043 4.171999999999984 0.004 2 3.626011107755152e-05 0 0 1
Step 1044 4.175999999999983 0.004 2 3.622089256657922e-05 0 0 1
Step 1045 4.179999999999983 0.004 2 3.620205548049047e-05 0 0 1
Step 1046 4.183999999999982 0.004 2 3.617861134051337e-05 0 0 1
Step 1047 4.187999999999982 0.004 2 3.616225876520874e-05 0 0 1
Step 1048 4.191999999999982 0.004 2 3.612844631524347e-05 0 0 1
Step 1049 4.195999999999981 0.004 2 3.6104947637389e-05 0 0 1
Step 1050 4.199999999999981 0.004 2 3.6078596146369e-05 0 0 1
Step 1051 4.20399999999998 0.004 2 3.604731325976734e-05 0 0 1
Step 1052 4.20799999999998 0.004 2 3.603722048327983e-05 0 0 1
Step 1053 4.211999999999979 0.004 2 3.600692426104034e-05 0 0 1
Step 1054 4.215999999999979 0.004 2 3.598754089625397e-05 0 0 1
Step 1055 4.219999999999978 0.004 2 3.59565453098697e-05 0 0 1
Step 1056 4.223999999999978 0.004 2 3.593818390179041e-05 0 0 1
Step 1057 4.227999999999978 0.004 2 3.590930996166466e-05 0 0 1
Step 1058 4.231999999999977 0.004 2 3.587778963340047e-05 0 0 1
Step 1059 4.235999999999977 0.004 2 3.586806244888414e-05 0 0 1
Step 1060 4.239999999999976 0.004 2 3.58377394638508e-05 0 0 1
Step 1061 4.243999999999976 0.004 2 3.581462815730167e-05 0 0 1
Step 1062 4.247999999999975 0.004 2 3.579211351354145e-05 0 0 1
Step 1063 4.251999999999975 0.004 2 3.576815975893523e-05 0 0 1
Step 1064 4.255999999999974 0.004 2 3.573750771446627e-05 0 0 1
Step 1065 4.259999999999974 0.004 2 3.572475297161725e-05 0 0 1
Step 1066 4.263999999999974 0.004 2 3.570085891357467e-05 0 0 1
Step 1067 4.267999999999973 0.004 2 3.567475956790708e-05 0 0 1
Step 1068 4.271999999999973 0.004 2 3.565429272059651e-05 0 0 1
Step 1069 4.275999999999972 0.004 2 3.562509446020064e-05 0 0 1
Step 1070 4.279999999999972 0.004 2 3.561730239910854e-05 0 0 1
Step 1071 4.283999999999971 0.004 2 3.565347198846079e-05 0 0 1
Step 1072 4.287999999999971 0.004 2 3.557984978720805e-05 0 0 1
Step 1073 4.291999999999971 0.004 2 3.555502145736705e-05 0 0 1
Step 1074 4.29599999999997 0.004 2 3.561385023751031e-05 0 0 1
Step 1075 4.29999999999997 0.004 2 3.552409237773786e-05 0 0 1
Step 1076 4.303999999999969 0.004 2 3.549774852826586e-05 0 0 1
Step 1077 4.307999999999969 0.004 2 3.547467059677022e-05 0 0 1
Step 1078 4.311999999999968 0.004 2 3.544526453734695e-05 0 0 1
Step 1079 4.315999999999968 0.004 2 3.541423493239094e-05 0 0 1
Step 1080 4.319999999999967 0.004 2 3.539788439073532e-05 0 0 1
Step 1081 4.323999999999967 0.004 2 3.534838396599839e-05 0 0 1
Step 1082 4.327999999999967 0.004 2 3.531639973169521e-05 0 0 1
Step 1083 4.331999999999966 0.004 2 3.533258229270638e-05 0 0 1
Step 1084 4.335999999999966 0.004 2 3.53017185548742e-05 0 0 1
Step 1085 4.339999999999965 0.004 2 3.527028187007561e-05 0 0 1
Step 1086 4.343999999999965 0.004 2 3.525328524642661e-05 0 0 1
Step 1087 4.347999999999964 0.004 2 3.523259440572485e-05 0 0 1
Step 1088 4.351999999999964 0.004 2 3.520247601889425e-05 0 0 1
Step 1089 4.355999999999963 0.004 2 3.522016220184858e-05 0 0 1
Step 1090 4.359999999999963 0.004 2 3.517984010161844e-05 0 0 1
Step 1091 4.363999999999963 0.004 2 3.512720333471709e-05 0 0 1
Step 1092 4.367999999999962 0.004 2 3.511987100674214e-05 0 0 1
Step 1093 4.371999999999962 0.004 2 3.511478213084188e-05 0 0 1
Step 1094 4.375999999999961 0.004 2 3.507015767323749e-05 0 0 1
Step 1095 4.379999999999961 0.004 2 3.50558383685322e-05 0 0 1
Step 1096 4.38399999999996 0.004 2 3.503091011376425e-05 0 0 1
Step 1097 4.38799999999996 0.004 2 3.501929126995206e-05 0 0 1
Step 1098 4.391999999999959 0.004 2 3.498756276431118e-05 0 0 1
Step 1099 4.395999999999959 0.004 2 3.498619973896271e-05 0 0 1
Step 1100 4.399999999999959 0.004 2 3.493430131342952e-05 0 0 1
Step 1101 4.403999999999958 0.004 2 3.492552504964113e-05 0 0 1
Step 1102 4.407999999999958 0.004 2 3.49027023865318e-05 0 0 1
Step 1103 4.411999999999957 0.004 2 3.489289558272283e-05 0 0 1
Step 1104 4.415999999999957 0.004 2 3.485008510850461e-05 0 0 1
Step 1105 4.419999999999956 0.004 2 3.484561241160797e-05 0 0 1
Step 1106 4.423999999999956 0.004 2 3.480981553416342e-05 0 0 1
Step 1107 4.427999999999956 0.004 2 3.479692512939483e-05 0 0 1
Step 1108 4.431999999999955 0.004 2 3.477157479500904e-05 0 0 1
Step 1109 4.435999999999955 0.004 2 3.475539591272958e-05 0 0 1
Step 1110 4.439999999999954 0.004 2 3.473048587899197e-05 0 0 1
Step 1111 4.443999999999954 0.004 2 3.472492183677523e-05 0 0 1
Step 1112 4.447999999999953 0.004 2 3.468153611703561e-05 0 0 1
Step 1113 4.451999999999953 0.004 2 3.467467051014444e-05 0 0 1
Step 1114 4.455999999999952 0.004 2 3.463286668465391e-05 0 0 1
Step 1115 4.459999999999952 0.004 2 3.463056504232633e-05 0 0 1
Step 1116 4.463999999999952 0.004 2 3.459982304880861e-05 0 0 1
Step 1117 4.467999999999951 0.004 2 3.457926017825253e-05 0 0 1
Step 1118 4.471999999999951 0.004 2 3.455669744308875e-05 0 0 1
Step 1119 4.47599999999995 0.004 2 3.453558790331324e-05 0 0 1
Step 1120 4.47999999999995 0.004 2 3.450595605800756e-05 0 0 1
Step 1121 4.483999999999949 0.004 2 3.449076642722986e-05 0 0 1
Step 1122 4.487999999999949 0.004 2 3.446416232150823e-05 0 0 1
Step 1123 4.491999999999948 0.004 2 3.444666519813307e-05 0 0 1
Step 1124 4.495999999999948 0.004 2 3.442277654668107e-05 0 0 1
Step 1125 4.499999999999948 0.004 2 3.439980344542954e-05 0 0 1
Step 1126 4.503999999999947 0.004 2 3.437274704796815e-05 0 0 1
Step 1127 4.507999999999947 0.004 2 3.435626771021303e-05 0 0 1
Step 1128 4.511999999999946 0.004 2 3.433037972795134e-05 0 0 1
Step 1129 4.515999999999946 0.004 2 3.431095339020874e-05 0 0 1
Step 1130 4.519999999999945 0.004 2 3.429119300891124e-05 0 0 1
Step 1131 4.523999999999945 0.004 2 3.426941755648245e-05 0 0 1
Step 1132 4.527999999999945 0.004 2 3.423200688265632e-05 0 0 1
Step 1133 4.531999999999944 0.004 2 3.433213787661439e-05 0 0 1
Step 1134 4.535999999999944 0.004 2 3.418149528454597e-05 0 0 1
Step 1135 4.539999999999943 0.004 2 3.418246191974465e-05 0 0 1
Step 1136 4.543999999999943 0.004 2 3.415968678355755e-05 0 0 1
Step 1137 4.547999999999942 0.004 2 3.413904903903359e-05 0 0 1
Step 1138 4.551999999999942 0.004 2 3.412101440949541e-05 0 0 1
Step 1139 4.555999999999941 0.004 2 3.4099365501065e-05 0 0 1
Step 1140 4.559999999999941 0.004 2 3.413809136792169e-05 0 0 1
Step 1141 4.563999999999941 0.004 2 3.407485278469671e-05 0 0 1
Step 1142 4.56799999999994 0.004 2 3.404610291465882e-05 0 0 1
Step 1143 4.57199999999994 0.004 2 3.400770807108109e-05 0 0 1
Step 1144 4.575999999999939 0.004 2 3.399401901571787e-05 0 0 1
Step 1145 4.579999999999939 0.004 2 3.397238056040908e-05 0 0 1
Step 1146 4.583999999999938 0.004 2 3.396184172290983e-05 0 0 1
Step 1147 4.587999999999938 0.004 2 3.392548704626925e-05 0 0 1
Step 1148 4.591999999999937 0.004 2 3.392015324730217e-05 0 0 1
Step 1149 4.595999999999937 0.004 2 3.389697775663042e-05 0 0 1
Step 1150 4.599999999999937 0.004 2 3.388861074011727e-05 0 0 1
Step 1151 4.603999999999936 0.004 2 3.38684666903652e-05 0 0 1
Step 1152 4.607999999999936 0.004 2 3.382278047897475e-05 0 0 1
Step 1153 4.611999999999935 0.004 2 3.384028078763047e-05 0 0 1
Step 1154 4.615999999999935 0.004 2 3.378831638655279e-05 0 0 1
Step 1155 4.619999999999934 0.004 2 3.377192041415669e-05 0 0 1
Step 1156 4.623999999999934 0.004 2 3.375125705182639e-05 0 0 1
Step 1157 4.627999999999934 0.004 2 3.373307684564365e-05 0 0 1
Step 1158 4.631999999999933 0.004 2 3.370533170623626e-05 0 0 1
Step 1159 4.635999999999933 0.004 2 3.369726745316078e-05 0 0 1
Step 1160 4.639999999999932 0.004 2 3.367338212026101e-05 0 0 1
Step 1161 4.643999999999932 0.004 2 3.352387873289547e-05 0 0 1
Step 1162 4.647999999999931 0.004 2 3.358581815080668e-05 0 0 1
Step 1163 4.651999999999931 0.004 2 3.357110153713511e-05 0 0 1
Step 1164 4.65599999999993 0.004 2 3.342131026051221e-05 0 0 1
Step 1165 4.65999999999993 0.004 2 3.349311285877394e-05 0 0 1
Step 1166 4.66399999999993 0.004 2 3.347749854941979e-05 0 0 1
Step 1167 4.667999999999929 0.004 2 3.346482512745707e-05 0 0 1
Step 1168 4.671999999999929 0.004 2 3.345146850612868e-05 0 0 1
Step 1169 4.675999999999928 0.004 2 3.342597843091742e-05 0 0 1
Step 1170 4.679999999999928 0.004 2 3.341510339667372e-05 0 0 1
Step 1171 4.683999999999927 0.004 2 3.339634946272714e-05 0 0 1
Step 1172 4.687999999999927 0.004 2 3.338141787038068e-05 0 0 1
Step 1173 4.691999999999926 0.004 2 3.335964979006014e-05 0 0 1
Step 1174 4.695999999999926 0.004 2 3.331385353697935e-05 0 0 1
Step 1175 4.699999999999926 0.004 2 3.334776494003017e-05 0 0 1
Step 1176 4.703999999999925 0.004 2 3.330028905457082e-05 0 0 1
Step 1177 4.707999999999925 0.004 2 3.329313039809854e-05 0 0 1
Step 1178 4.711999999999924 0.004 2 3.327194714822561e-05 0 0 1
Step 1179 4.715999999999924 0.004 2 3.325234973893471e-05 0 0 1
Step 1180 4.719999999999923 0.004 2 3.322240908061742e-05 0 0 1
Step 1181 4.723999999999923 0.004 2 3.324370219588736e-05 0 0 1
Step 1182 4.727999999999922 0.004 2 3.31977100235665e-05 0 0 1
Step 1183 4.731999999999922 0.004 2 3.315664245156803e-05 0 0 1
Step 1184 4.735999999999922 0.004 2 3.316497748515754e-05 0 0 1
Step 1185 4.739999999999921 0.004 2 3.314110718489415e-05 0 0 1
Step 1186 4.743999999999921 0.004 2 3.312227662688153e-05 0 0 1
Step 1187 4.74799999999992 0.004 2 3.310331301184838e-05 0 0 1
Step 1188 4.75199999999992 0.004 2 3.308536797263434e-05 0 0 1
Step 1189 4.755999999999919 0.004 2 3.304839919411188e-05 0 0 1
Step 1190 4.759999999999919 0.004 2 3.303890117892204e-05 0 0 1
Step 1191 4.763999999999919 0.004 2 3.302520920190075e-05 0 0 1
Step 1192 4.767999999999918 0.004 2 3.300880982732891e-05 0 0 1
Step 1193 4.771999999999918 0.004 2 3.298922819185202e-05 0 0 1
Step 1194 4.775999999999917 0.004 2 3.297070652420657e-05 0 0 1
Step 1195 4.779999999999917 0.004 2 3.293813881509857e-05 0 0 1
Step 1196 4.783999999999916 0.004 2 3.29242830898485e-05 0 0 1
Step 1197 4.787999999999916 0.004 2 3.29176721287714e-05 0 0 1
Step 1198 4.791999999999915 0.004 2 3.289569274328261e-05 0 0 1
Step 1199 4.795999999999915 0.004 2 3.288034138940618e-05 0 0 1
Step 1200 4.799999999999915 0.004 2 3.286161137242887e-05 0 0 1
Step 1201 4.803999999999914 0.004 2 3.283889053457835e-05 0 0 1
Step 1202 4.807999999999914 0.004 2 3.282263696507097e-05 0 0 1
Step 1203 4.811999999999913 0.004 2 3.280256099525663e-05 0 0 1
Step 1204 4.815999999999913 0.004 2 3.278567788984046e-05 0 0 1
Step 1205 4.819999999999912 0.004 2 3.276747540702271e-05 0 0 1
Step 1206 4.823999999999912 0.004 2 3.274850192120582e-05 0 0 1
Step 1207 4.827999999999911 0.004 2 3.273453155825687e-05 0 0 1
Step 1208 4.831999999999911 0.004 2 3.268772317234509e-05 0 0 1
Step 1209 4.835999999999911 0.004 2 3.268013939121591e-05 0 0 1
Step 1210 4.83999999999991 0.004 2 3.266430152838745e-05 0 0 1
Step 1211 4.84399999999991 0.004 2 3.265157330469606e-05 0 0 1
Step 1212 4.847999999999909 0.004 2 3.263259541503171e-05 0 0 1
Step 1213 4.851999999999909 0.004 2 3.26345275782206e-05 0 0 1
Step 1214 4.855999999999908 0.004 2 3.259145889735778e-05 0 0 1
Step 1215 4.859999999999908 0.004 2 3.257078910270865e-05 0 0 1
Step 1216 4.863999999999908 0.004 2 3.257789740857848e-05 0 0 1
Step 1217 4.867999999999907 0.004 2 3.253825313662976e-05 0 0 1
Step 1218 4.871999999999907 0.004 2 3.253978715379178e-05 0 0 1
Step 1219 4.875999999999906 0.004 2 3.253452700519761e-05 0 0 1
Step 1220 4.879999999999906 0.004 2 3.249206653289832e-05 0 0 1
Step 1221 4.883999999999905 0.004 2 3.249730128038401e-05 0 0 1
Step 1222 4.887999999999905 0.004 2 3.246219614374885e-05 0 0 1
Step 1223 4.891999999999904 0.004 2 3.244801694012504e-05 0 0 1
Step 1224 4.895999999999904 0.004 2 3.242808422908309e-05 0 0 1
Step 1225 4.899999999999904 0.004 2 3.241086502185796e-05 0 0 1
Step 1226 4.903999999999903 0.004 2 3.240163449955114e-05 0 0 1
Step 1227 4.907999999999903 0.004 2 3.239521011784239e-05 0 0 1
Step 1228 4.911999999999902 0.004 2 3.235944518376495e-05 0 0 1
Step 1229 4.915999999999902 0.004 2 3.235045170170177e-05 0 0 1
Step 1230 4.919999999999901 0.004 2 3.231288872503631e-05 0 0 1
Step 1231 4.923999999999901 0.004 2 3.231699825648554e-05 0 0 1
Step 1232 4.9279999999999 0.004 2 3.229672797230664e-05 0 0 1
Step 1233 4.9319999999999 0.004 2 3.22797843348197e-05 0 0 1
Step 1234 4.9359999999999 0.004 2 3.226451668076847e-05 0 0 1
Step 1235 4.939999999999899 0.004 2 3.225977557175584e-05 0 0 1
Step 1236 4.943999999999899 0.004 2 3.223728024995985e-05 0 0 1
Step 1237 4.947999999999898 0.004 2 3.221471017579902e-05 0 0 1
Step 1238 4.951999999999898 0.004 2 3.220466606335694e-05 0 0 1
Step 1239 4.955999999999897 0.004 2 3.217120646839922e-05 0 0 1
Step 1240 4.959999999999897 0.004 2 3.217520485148082e-05 0 0 1
Step 1241 4.963999999999896 0.004 2 3.215730287939581e-05 0 0 1
Step 1242 4.967999999999896 0.004 2 3.212914768190948e-05 0 0 1
Step 1243 4.971999999999896 0.004 2 3.2109757816603e-05 0 0 1
Step 1244 4.975999999999895 0.004 2 3.209471611829402e-05 0 0 1
Step 1245 4.979999999999895 0.004 2 3.206215422303998e-05 0 0 1
Step 1246 4.983999999999894 0.004 2 3.205377773077066e-05 0 0 1
Step 1247 4.987999999999894 0.004 2 3.205230187323118e-05 0 0 1
Step 1248 4.991999999999893 0.004 2 3.202518410489273e-05 0 0 1
Step 1249 4.995999999999893 0.004 2 3.200512672046418e-05 0 0 1
Step 1250 4.999999999999893 0.004 2 3.199387174146015e-05 0 0 1
Step 1251 5.003999999999892 0.004 2 3.197665492130934e-05 0 0 1
Step 1252 5.007999999999892 0.004 2 3.195407722318915e-05 0 0 1
Step 1253 5.011999999999891 0.004 2 3.194544313737198e-05 0 0 1
Step 1254 5.015999999999891 0.004 2 3.19280289236872e-05 0 0 1
Step 1255 5.01999999999989 0.004 2 3.191439887755729e-05 0 0 1
Step 1256 5.02399999999989 0.004 2 3.198194138706534e-05 0 0 1
Step 1257 5.027999999999889 0.004 2 3.199140629858201e-05 0 0 1
Step 1258 5.031999999999889 0.004 2 3.191572920306505e-05 0 0 1
Step 1259 5.035999999999889 0.004 2 3.189855183858892e-05 0 0 1
Step 1260 5.039999999999888 0.004 2 3.187144346066784e-05 0 0 1
Step 1261 5.043999999999888 0.004 2 3.185471379870218e-05 0 0 1
Step 1262 5.047999999999887 0.004 2 3.183685067403781e-05 0 0 1
Step 1263 5.051999999999887 0.004 2 3.181640273367489e-05 0 0 1
Step 1264 5.055999999999886 0.004 2 3.179674328204924e-05 0 0 1
Step 1265 5.059999999999886 0.004 2 3.178206250537684e-05 0 0 1
Step 1266 5.063999999999885 0.004 2 3.176008672935399e-05 0 0 1
Step 1267 5.067999999999885 0.004 2 3.18903495403064e-05 0 0 1
Step 1268 5.071999999999885 0.004 2 3.176368538807338e-05 0 0 1
Step 1269 5.075999999999884 0.004 2 3.174242667901846e-05 0 0 1
Step 1270 5.079999999999884 0.004 2 3.189071888362187e-05 0 0 1
Step 1271 5.083999999999883 0.004 2 3.174249516976339e-05 0 0 1
Step 1272 5.087999999999883 0.004 2 3.170886338210621e-05 0 0 1
Step 1273 5.091999999999882 0.004 2 3.16872880603847e-05 0 0 1
Step 1274 5.095999999999882 0.004 2 3.166754700584692e-05 0 0 1
Step 1275 5.099999999999882 0.004 2 3.164540917761379e-05 0 0 1
Step 1276 5.103999999999881 0.004 2 3.162395966018061e-05 0 0 1
Step 1277 5.107999999999881 0.004 2 3.160525191222819e-05 0 0 1
Step 1278 5.11199999999988 0.004 2 3.158629558136156e-05 0 0 1
Step 1279 5.11599999999988 0.004 2 3.157167591938167e-05 0 0 1
Step 1280 5.119999999999879 0.004 2 3.153981205056747e-05 0 0 1
Step 1281 5.123999999999879 0.004 2 3.153216812404378e-05 0 0 1
Step 1282 5.127999999999878 0.004 2 3.152306271303452e-05 0 0 1
Step 1283 5.131999999999878 0.004 2 3.150584398629156e-05 0 0 1
Step 1284 5.135999999999878 0.004 2 3.148229001271468e-05 0 0 1
Step 1285 5.139999999999877 0.004 2 3.147146103737489e-05 0 0 1
Step 1286 5.143999999999877 0.004 2 3.145485166102056e-05 0 0 1
Step 1287 5.147999999999876 0.004 2 3.144753567653262e-05 0 0 1
Step 1288 5.151999999999876 0.004 2 3.141672228044492e-05 0 0 1
Step 1289 5.155999999999875 0.004 2 3.140540124967374e-05 0 0 1
Step 1290 5.159999999999875 0.004 2 3.140687630140106e-05 0 0 1
Step 1291 5.163999999999874 0.004 2 3.137242744178387e-05 0 0 1
Step 1292 5.167999999999874 0.004 2 3.136194891046694e-05 0 0 1
Step 1293 5.171999999999874 0.004 2 3.134264083002702e-05 0 0 1
Step 1294 5.175999999999873 0.004 2 3.132627314995183e-05 0 0 1
Step 1295 5.179999999999873 0.004 2 3.13104203071359e-05 0 0 1
Step 1296 5.183999999999872 0.004 2 3.129674071609543e-05 0 0 1
Step 1297 5.187999999999872 0.004 2 3.128062132008886e-05 0 0 1
Step 1298 5.191999999999871 0.004 2 3.126401684374131e-05 0 0 1
Step 1299 5.195999999999871 0.004 2 3.124957019945806e-05 0 0 1
Step 1300 5.199999999999871 0.004 2 3.123312456708087e-05 0 0 1
Step 1301 5.20399999999987 0.004 2 3.121101525697819e-05 0 0 1
Step 1302 5.20799999999987 0.004 2 3.120870187882021e-05 0 0 1
Step 1303 5.211999999999869 0.004 2 3.119108042652026e-05 0 0 1
Step 1304 5.215999999999869 0.004 2 3.117117252380402e-05 0 0 1
Step 1305 5.219999999999868 0.004 2 3.115299227003324e-05 0 0 1
Step 1306 5.223999999999868 0.004 2 3.113634983910083e-05 0 0 1
Step 1307 5.227999999999867 0.004 2 3.111655938268064e-05 0 0 1
Step 1308 5.231999999999867 0.004 2 3.111162580827405e-05 0 0 1
Step 1309 5.235999999999867 0.004 2 3.112579983385079e-05 0 0 1
Step 1310 5.239999999999866 0.004 2 3.106298180211718e-05 0 0 1
Step 1311 5.243999999999866 0.004 2 3.107484489799762e-05 0 0 1
Step 1312 5.247999999999865 0.004 2 3.103558115044875e-05 0 0 1
Step 1313 5.251999999999865 0.004 2 3.102959874858899e-05 0 0 1
Step 1314 5.255999999999864 0.004 2 3.101272920919795e-05 0 0 1
Step 1315 5.259999999999864 0.004 2 3.101101058847782e-05 0 0 1
Step 1316 5.263999999999863 0.004 2 3.097882551229208e-05 0 0 1
Step 1317 5.267999999999863 0.004 2 3.096484049523971e-05 0 0 1
Step 1318 5.271999999999863 0.004 2 3.094672358679978e-05 0 0 1
Step 1319 5.275999999999862 0.004 2 3.094648744159974e-05 0 0 1
Step 1320 5.279999999999862 0.004 2 3.091239274524206e-05 0 0 1
Step 1321 5.283999999999861 0.004 2 3.090418723320565e-05 0 0 1
Step 1322 5.287999999999861 0.004 2 3.088962681748779e-05 0 0 1
Step 1323 5.29199999999986 0.004 2 3.087282202386032e-05 0 0 1
Step 1324 5.29599999999986 0.004 2 3.085703678760425e-05 0 0 1
Step 1325 5.299999999999859 0.004 2 3.085454317479005e-05 0 0 1
Step 1326 5.303999999999859 0.004 2 3.081815689048036e-05 0 0 1
Step 1327 5.307999999999859 0.004 2 3.080908734335748e-05 0 0 1
Step 1328 5.311999999999858 0.004 2 3.080057095824653e-05 0 0 1
Step 1329 5.315999999999858 0.004 2 3.07787741225829e-05 0 0 1
Step 1330 5.319999999999857 0.004 2 3.076783772635433e-05 0 0 1
Step 1331 5.323999999999857 0.004 2 3.075119482898108e-05 0 0 1
Step 1332 5.327999999999856 0.004 2 3.073740617429098e-05 0 0 1
Step 1333 5.331999999999856 0.004 2 3.071976487885738e-05 0 0 1
Step 1334 5.335999999999856 0.004 2 3.070394517464109e-05 0 0 1
Step 1335 5.339999999999855 0.004 2 3.068901943970341e-05 0 0 1
Step 1336 5.343999999999855 0.004 2 3.067680780383821e-05 0 0 1
Step 1337 5.347999999999854 0.004 2 3.06612497075662e-05 0 0 1
Step 1338 5.351999999999854 0.004 2 3.064622955483652e-05 0 0 1
Step 1339 5.355999999999853 0.004 2 3.063572196843048e-05 0 0 1
Step 1340 5.359999999999853 0.004 2 3.061761167517503e-05 0 0 1
Step 1341 5.363999999999852 0.004 2 3.060649340480222e-05 0 0 1
Step 1342 5.367999999999852 0.004 2 3.059042855242697e-05 0 0 1
Step 1343 5.371999999999852 0.004 2 3.06027117349674e-05 0 0 1
Step 1344 5.375999999999851 0.004 2 3.054835642171773e-05 0 0 1
Step 1345 5.379999999999851 0.004 2 3.054947529708032e-05 0 0 1
Step 1346 5.38399999999985 0.004 2 3.05399934497534e-05 0 0 1
Step 1347 5.38799999999985 0.004 2 3.052391300072421e-05 0 0 1
Step 1348 5.391999999999849 0.004 2 3.051137186807271e-05 0 0 1
Step 1349 5.395999999999849 0.004 2 3.047710497814575e-05 0 0 1
Step 1350 5.399999999999848 0.004 2 3.045859542420214e-05 0 0 1
Step 1351 5.403999999999848 0.004 2 3.047857638206945e-05 0 0 1
Step 1352 5.407999999999848 0.004 2 3.045616331355641e-05 0 0 1
Step 1353 5.411999999999847 0.004 2 3.044402225395204e-05 0 0 1
Step 1354 5.415999999999847 0.004 2 3.042665219600177e-05 0 0 1
Step 1355 5.419999999999846 0.004 2 3.041413872453227e-05 0 0 1
Step 1356 5.423999999999846 0.004 2 3.040222000065299e-05 0 0 1
Step 1357 5.427999999999845 0.004 2 3.039147000905018e-05 0 0 1
Step 1358 5.431999999999845 0.004 2 3.037476859796862e-05 0 0 1
Step 1359 5.435999999999845 0.004 2 3.03610082875035e-05 0 0 1
Step 1360 5.439999999999844 0.004 2 3.035149728490073e-05 0 0 1
Step 1361 5.443999999999844 0.004 2 3.028887782614522e-05 0 0 1
Step 1362 5.447999999999843 0.004 2 3.033484525339623e-05 0 0 1
Step 1363 5.451999999999843 0.004 2 3.031353656501952e-05 0 0 1
Step 1364 5.455999999999842 0.004 2 3.026267104577129e-05 0 0 1
Step 1365 5.459999999999842 0.004 2 3.025957640246618e-05 0 0 1
Step 1366 5.463999999999841 0.004 2 3.026766359519112e-05 0 0 1
Step 1367 5.467999999999841 0.004 2 3.025678381242551e-05 0 0 1
Step 1368 5.471999999999841 0.004 2 3.018919862179624e-05 0 0 1
Step 1369 5.47599999999984 0.004 2 3.02177558195946e-05 0 0 1
Step 1370 5.47999999999984 0.004 2 3.02023651206473e-05 0 0 1
Step 1371 5.483999999999839 0.004 2 3.02116634916454e-05 0 0 1
Step 1372 5.487999999999839 0.004 2 3.017053511165775e-05 0 0 1
Step 1373 5.491999999999838 0.004 2 3.016880095324408e-05 0 0 1
Step 1374 5.495999999999838 0.004 2 3.015966690603847e-05 0 0 1
Step 1375 5.499999999999837 0.004 2 3.014859135602131e-05 0 0 1
Step 1376 5.503999999999837 0.004 2 3.017114651127969e-05 0 0 1
Step 1377 5.507999999999837 0.004 2 3.015951017152363e-05 0 0 1
Step 1378 5.511999999999836 0.004 2 3.009210890731351e-05 0 0 1
Step 1379 5.515999999999836 0.004 2 3.009755019833236e-05 0 0 1
Step 1380 5.519999999999835 0.004 2 3.008807738437614e-05 0 0 1
Step 1381 5.523999999999835 0.004 2 3.007868890512086e-05 0 0 1
Step 1382 5.527999999999834 0.004 2 3.004938179889828e-05 0 0 1
Step 1383 5.531999999999834 0.004 2 3.006435231887446e-05 0 0 1
Step 1384 5.535999999999833 0.004 2 3.004014732302266e-05 0 0 1
Step 1385 5.539999999999833 0.004 2 3.002212439195933e-05 0 0 1
Step 1386 5.543999999999833 0.004 2 3.001524970302833e-05 0 0 1
Step 1387 5.547999999999832 0.004 2 3.000146778166094e-05 0 0 1
Step 1388 5.551999999999832 0.004 2 2.995652005855678e-05 0 0 1
Step 1389 5.555999999999831 0.004 2 3.000785494195685e-05 0 0 1
Step 1390 5.559999999999831 0.004 2 2.997299878320608e-05 0 0 1
Step 1391 5.56399999999983 0.004 2 2.994195381130926e-05 0 0 1
Step 1392 5.56799999999983 0.004 2 2.993693028396638e-05 0 0 1
Step 1393 5.57199999999983 0.004 2 2.992668253618534e-05 0 0 1
Step 1394 5.575999999999829 0.004 2 2.991414456054306e-05 0 0 1
Step 1395 5.579999999999829 0.004 2 2.989206630215862e-05 0 0 1
Step 1396 5.583999999999828 0.004 2 2.989165225239653e-05 0 0 1
Step 1397 5.587999999999828 0.004 2 2.988041224339552e-05 0 0 1
Step 1398 5.591999999999827 0.004 2 2.986378086677535e-05 0 0 1
Step 1399 5.595999999999827 0.004 2 2.9898934346154e-05 0 0 1
Step 1400 5.599999999999826 0.004 2 2.985265390946205e-05 0 0 1
Step 1401 5.603999999999826 0.004 2 2.983550376804075e-05 0 0 1
Step 1402 5.607999999999826 0.004 2 2.988692050737406e-05 0 0 1
Step 1403 5.611999999999825 0.004 2 2.982644497888148e-05 0 0 1
Step 1404 5.615999999999825 0.004 2 2.981235824794627e-05 0 0 1
Step 1405 5.619999999999824 0.004 2 2.980090831392579e-05 0 0 1
Step 1406 5.623999999999824 0.004 2 2.978478659287369e-05 0 0 1
Step 1407 5.627999999999823 0.004 2 2.977250630470564e-05 0 0 1
Step 1408 5.631999999999823 0.004 2 2.975854225821428e-05 0 0 1
Step 1409 5.635999999999822 0.004 2 2.974459057795799e-05 0 0 1
Step 1410 5.639999999999822 0.004 2 2.973009869469883e-05 0 0 1
Step 1411 5.643999999999822 0.004 2 2.971428550073257e-05 0 0 1
Step 1412 5.647999999999821 0.004 2 2.970593794310942e-05 0 0 1
Step 1413 5.651999999999821 0.004 2 2.969206513400578e-05 0 0 1
Step 1414 5.65599999999982 0.004 2 2.967831867618689e-05 0 0 1
Step 1415 5.65999999999982 0.004 2 2.967182711772934e-05 0 0 1
Step 1416 5.663999999999819 0.004 2 2.965677533482246e-05 0 0 1
Step 1417 5.667999999999819 0.004 2 2.964716915439763e-05 0 0 1
Step 1418 5.671999999999819 0.004 2 2.963618960120932e-05 0 0 1
Step 1419 5.675999999999818 0.004 2 1.181189244280494e-05 0 0 1
Step 1420 5.679999999999818 0.004 2 1.206168318850339e-05 0 0 1
Step 1421 5.683999999999817 0.004 2 6.920348485468905e-06 0 0 1
Step 1422 5.687999999999817 0.004 2 5.145001163178464e-06 0 0 1
Step 1423 5.691999999999816 0.004 2 3.487773828621248e-06 0 0 1
Step 1424 5.695999999999816 0.004 2 2.478089177790311e-06 0 0 1
Step 1425 5.699999999999815 0.004 2 1.964382134894828e-06 0 0 1
Step 1426 5.703999999999815 0.004 2 1.664868987485578e-06 0 0 1
Step 1427 5.707999999999815 0.004 2 1.533370123848864e-06 0 0 1
Step 1428 5.711999999999814 0.004 2 1.521648107556221e-06 0 0 1
Step 1429 5.715999999999814 0.004 2 1.613882467695928e-06 0 0 1
Step 1430 5.719999999999813 0.004 2 1.774171217569775e-06 0 0 1
Step 1431 5.723999999999813 0.004 2 2.036098420472281e-06 0 0 1
Step 1432 5.727999999999812 0.004 2 2.358712182007137e-06 0 0 1
Step 1433 5.731999999999812 0.004 2 2.741911557824861e-06 0 0 1
Step 1434 5.735999999999811 0.004 2 3.155218990513307e-06 0 0 1
Step 1435 5.739999999999811 0.004 2 3.626828606192023e-06 0 0 1
Step 1436 5.743999999999811 0.004 2 4.150069575669251e-06 0 0 1
Step 1437 5.74799999999981 0.004 2 4.679914494892158e-06 0 0 1
Step 1438 5.75199999999981 0.004 2 5.228319231862895e-06 0 0 1
Step 1439 5.755999999999809 0.004 2 5.763665350264034e-06 0 0 1
Step 1440 5.759999999999809 0.004 2 6.331189928589616e-06 0 0 1
Step 1441 5.763999999999808 0.004 2 6.893289477889213e-06 0 0 1
Step 1442 5.767999999999808 0.004 2 7.461265195504301e-06 0 0 1
Step 1443 5.771999999999808 0.004 2 8.001281632275488e-06 0 0 1
Step 1444 5.775999999999807 0.004 2 8.5511052538728e-06 0 0 1
Step 1445 5.779999999999807 0.004 2 9.070131354058948e-06 0 0 1
Step 1446 5.783999999999806 0.004 2 9.60424155804446e-06 0 0 1
Step 1447 5.787999999999806 0.004 2 1.009791188150491e-05 0 0 1
Step 1448 5.791999999999805 0.004 2 1.057245577423144e-05 0 0 1
Step 1449 5.795999999999805 0.004 2 1.105203991412301e-05 0 0 1
Step 1450 5.799999999999804 0.004 2 1.147306988573753e-05 0 0 1
Step 1451 5.803999999999804 0.004 2 1.187306182330221e-05 0 0 1
Step 1452 5.807999999999804 0.004 2 1.22447441675541e-05 0 0 1
Step 1453 5.811999999999803 0.004 2 1.261187887193642e-05 0 0 1
Step 1454 5.815999999999803 0.004 2 1.292273713460531e-05 0 0 1
Step 1455 5.819999999999802 0.004 2 1.321618152667729e-05 0 0 1
Step 1456 5.823999999999802 0.004 2 1.347802064643785e-05 0 0 1
Step 1457 5.827999999999801 0.004 2 1.36982836520336e-05 0 0 1
Step 1458 5.831999999999801 0.004 2 1.389123432424336e-05 0 0 1
Step 1459 5.8359999999998 0.004 2 1.405509957139648e-05 0 0 1
Step 1460 5.8399999999998 0.004 2 1.418970584565682e-05 0 0 1
Step 1461 5.8439999999998 0.004 2 1.428448775530586e-05 0 0 1
Step 1462 5.847999999999799 0.004 2 1.434498771433109e-05 0 0 1
Step 1463 5.851999999999799 0.004 2 1.441031680392011e-05 0 0 1
Step 1464 5.855999999999798 0.004 2 1.44146760278952e-05 0 0 1
Step 1465 5.859999999999798 0.004 2 1.439725816278696e-05 0 0 1
Step 1466 5.863999999999797 0.004 2 1.4351166496358e-05 0 0 1
Step 1467 5.867999999999797 0.004 2 1.428192954188051e-05 0 0 1
Step 1468 5.871999999999796 0.004 2 1.41951362748659e-05 0 0 1
Step 1469 5.875999999999796 0.004 2 1.408046895704355e-05 0 0 1
Step 1470 5.879999999999796 0.004 2 1.393365953865459e-05 0 0 1
Step 1471 5.883999999999795 0.004 2 1.379426685318762e-05 0 0 1
Step 1472 5.887999999999795 0.004 2 1.361909644370197e-05 0 0 1
Step 1473 5.891999999999794 0.004 2 1.344532894806001e-05 0 0 1
Step 1474 5.895999999999794 0.004 2 1.3224824637362e-05 0 0 1
Step 1475 5.899999999999793 0.004 2 1.300242321409625e-05 0 0 1
Step 1476 5.903999999999793 0.004 2 1.278014432959775e-05 0 0 1
Step 1477 5.907999999999793 0.004 2 1.254223462335844e-05 0 0 1
Step 1478 5.911999999999792 0.004 2 1.229163550739635e-05 0 0 1
Step 1479 5.915999999999792 0.004 2 1.203207053170364e-05 0 0 1
Step 1480 5.919999999999791 0.004 2 1.176572994036155e-05 0 0 1
Step 1481 5.923999999999791 0.004 2 1.152094013716271e-05 0 0 1
Step 1482 5.92799999999979 0.004 2 1.123583206928194e-05 0 0 1
Step 1483 5.93199999999979 0.004 2 1.096287593041533e-05 0 0 1
Step 1484 5.935999999999789 0.004 2 1.068694965879031e-05 0 0 1
Step 1485 5.939999999999789 0.004 2 1.041463833991341e-05 0 0 1
Step 1486 5.943999999999789 0.004 2 1.013587503846928e-05 0 0 1
Step 1487 5.947999999999788 0.004 2 9.861127936568301e-06 0 0 1
Step 1488 5.951999999999788 0.004 2 9.585378178761553e-06 0 0 1
Step 1489 5.955999999999787 0.004 2 9.320746607917072e-06 0 0 1
Step 1490 5.959999999999787 0.004 2 9.055393459304406e-06 0 0 1
Step 1491 5.963999999999786 0.004 2 8.797803179210871e-06 0 0 1
Step 1492 5.967999999999786 0.004 2 8.544586909874772e-06 0 0 1
Step 1493 5.971999999999785 0.004 2 8.304875285212926e-06 0 0 1
Step 1494 5.975999999999785 0.004 2 8.07428231091312e-06 0 0 1
Step 1495 5.979999999999785 0.004 2 7.847632999743601e-06 0 0 1
Step 1496 5.983999999999784 0.004 2 7.627193178389503e-06 0 0 1
Step 1497 5.987999999999784 0.004 2 7.417874003481136e-06 0 0 1
Step 1498 5.991999999999783 0.004 2 7.219127217049098e-06 0 0 1
Step 1499 5.995999999999783 0.004 2 7.032079568182777e-06 0 0 1
Step 1500 5.999999999999782 0.004 2 6.848165653103501e-06 0 0 1
Step 1501 6.003999999999782 0.004 2 6.51101580388651e-06 0 0 1
Step 1502 6.007999999999782 0.004 2 2.979069406282258e-10 0 0 1
Step 1503 6.011999999999781 0.004 2 2.034840670255487e-10 0 0 1
Step 1504 6.015999999999781 0.004 2 8.537269621468915e-10 0 0 1
Step 1505 6.01999999999978 0.004 2 1.596102169432706e-10 0 0 1
Step 1506 6.02399999999978 0.004 2 5.03657593812223e-10 0 0 1
Step 1507 6.027999999999779 0.004 2 1.158905350100874e-10 0 0 1
Step 1508 6.031999999999779 0.004 2 1.800028107610339e-10 0 0 1
Step 1509 6.035999999999778 0.004 2 6.265442386960875e-11 0 0 1
Step 1510 6.039999999999778 0.004 2 3.817527318920106e-11 0 0 1
Step 1511 6.043999999999778 0.004 2 0.000852658653862621 0 0 1
Step 1512 6.047999999999777 0.004 2 9.438737716018258e-05 0 0 1
Step 1513 6.051999999999777 0.004 2 0.0005622444610303073 0 0 1
Step 1514 6.055999999999776 0.004 2 0.0007461197625238116 0 0 1
Step 1515 6.059999999999776 0.004 2 0.0007480647838338688 0 0 1
Step 1516 6.063999999999775 0.004 2 0.0006773074596144021 0 0 1
Step 1517 6.067999999999775 0.004 2 0.0005671691064366683 0 0 1
Step 1518 6.071999999999774 0.004 2 0.0004567674742810022 0 0 1
Step 1519 6.075999999999774 0.004 2 0.0003542925107550749 0 0 1
Step 1520 6.079999999999774 0.004 2 0.0002687082707554908 0 0 1
Step 1521 6.083999999999773 0.004 2 0.0001993299085894898 0 0 1
Step 1522 6.087999999999773 0.004 2 0.0001456191966409915 0 0 1
Step 1523 6.091999999999772 0.004 2 0.0001048250562698092 0 0 1
Step 1524 6.095999999999772 0.004 2 7.461043352177522e-05 0 0 1
Step 1525 6.099999999999771 0.004 2 5.254406737114804e-05 0 0 1
Step 1526 6.103999999999771 0.004 2 3.668153964699974e-05 0 0 1
Step 1527 6.107999999999771 0.004 2 2.540161269843176e-05 0 0 1
Step 1528 6.11199999999977 0.004 2 1.746824379730594e-05 0 0 1
Step 1529 6.11599999999977 0.004 2 1.193576210633015e-05 0 0 1
Step 1530 6.119999999999769 0.004 2 8.109896611022923e-06 0 0 1
Step 1531 6.123999999999769 0.004 2 5.481917977916038e-06 0 0 1
Step 1532 6.127999999999768 0.004 2 3.688488924026344e-06 0 0 1
Step 1533 6.131999999999768 0.004 2 2.471407912241507e-06 0 0 1
Step 1534 6.135999999999767 0.004 2 1.650025620058793e-06 0 0 1
Step 1535 6.139999999999767 0.004 2 1.097339949826492e-06 0 0 1
Step 1536 6.143999999999767 0.004 2 7.267819251118533e-07 0 0 1
Step 1537 6.147999999999766 0.004 2 4.804308180233732e-07 0 0 1
Step 1538 6.151999999999766 0.004 2 3.169407189244893e-07 0 0 1
Step 1539 6.155999999999765 0.004 2 2.101298015558849e-07 0 0 1
Step 1540 6.159999999999765 0.004 2 1.411762270681766e-07 0 0 1
Step 1541 6.163999999999764 0.004 2 9.9351145182206e-08 0 0 1
Step 1542 6.167999999999764 0.004 2 7.745088253676398e-08 0 0 1
Step 1543 6.171999999999763 0.004 2 6.761407223690591e-08 0 0 1
Step 1544 6.175999999999763 0.004 2 6.856040305342233e-08 0 0 1
Step 1545 6.179999999999763 0.004 2 6.920915977204954e-08 0 0 1
Step 1546 6.183999999999762 0.004 2 6.789015319121649e-08 0 0 1
Step 1547 6.187999999999762 0.004 2 6.59799633657652e-08 0 0 1
Step 1548 6.191999999999761 0.004 2 6.778827369297397e-08 0 0 1
Step 1549 6.195999999999761 0.004 2 5.774700550157142e-08 0 0 1
Step 1550 6.19999999999976 0.004 2 5.386847590917623e-08 0 0 1
Step 1551 6.20399999999976 0.004 2 4.866977873859623e-08 0 0 1
Step 1552 6.207999999999759 0.004 2 4.198759925216819e-08 0 0 1
Step 1553 6.211999999999759 0.004 2 3.499328865086906e-08 0 0 1
Step 1554 6.215999999999759 0.004 2 2.953709683832216e-08 0 0 1
Step 1555 6.219999999999758 0.004 2 2.145340531994285e-08 0 0 1
Step 1556 6.223999999999758 0.004 2 1.451363983411072e-08 0 0 1
Step 1557 6.227999999999757 0.004 2 1.027312856137306e-08 0 0 1
Step 1558 6.231999999999757 0.004 2 1.963814297771729e-08 0 0 1
Step 1559 6.235999999999756 0.004 2 2.716352001536505e-08 0 0 1
Step 1560 6.239999999999756 0.004 2 3.301751459130425e-08 0 0 1
Step 1561 6.243999999999756 0.004 2 4.163965945846867e-08 0 0 1
Step 1562 6.247999999999755 0.004 2 5.899799539401042e-08 0 0 1
Step 1563 6.251999999999755 0.004 2 6.541940374380584e-08 0 0 1
Step 1564 6.255999999999754 0.004 2 7.171038924380326e-08 0 0 1
Step 1565 6.259999999999754 0.004 2 8.025201953968872e-08 0 0 1
Step 1566 6.263999999999753 0.004 2 9.276979368146806e-08 0 0 1
Step 1567 6.267999999999753 0.004 2 9.652715513043057e-08 0 0 1
Step 1568 6.271999999999752 0.004 2 1.037749813697938e-07 0 0 1
Step 1569 6.275999999999752 0.004 2 1.120644015631593e-07 0 0 1
Step 1570 6.279999999999752 0.004 2 1.190140939156818e-07 0 0 1
Step 1571 6.283999999999751 0.004 2 1.216421449593663e-07 0 0 1
Step 1572 6.287999999999751 0.004 2 1.265649053344368e-07 0 0 1
Step 1573 6.29199999999975 0.004 2 1.345204204022179e-07 0 0 1
Step 1574 6.29599999999975 0.004 2 1.407149495923095e-07 0 0 1
Step 1575 6.299999999999749 0.004 2 1.394810124341544e-07 0 0 1
Step 1576 6.303999999999749 0.004 2 1.453349334812944e-07 0 0 1
Step 1577 6.307999999999748 0.004 2 1.47536504857986e-07 0 0 1
Step 1578 6.311999999999748 0.004 2 1.486187035869814e-07 0 0 1
Step 1579 6.315999999999748 0.004 2 1.530263797527586e-07 0 0 1
Step 1580 6.319999999999747 0.004 2 1.568900558861437e-07 0 0 1
Step 1581 6.323999999999747 0.004 2 1.559837410352372e-07 0 0 1
Step 1582 6.327999999999746 0.004 2 1.536282459125359e-07 0 0 1
Step 1583 6.331999999999746 0.004 2 1.546577220567382e-07 0 0 1
Step 1584 6.335999999999745 0.004 2 1.528642602599767e-07 0 0 1
Step 1585 6.339999999999745 0.004 2 1.558015878953016e-07 0 0 1
Step 1586 6.343999999999745 0.004 2 1.540962465270259e-07 0 0 1
Step 1587 6.347999999999744 0.004 2 1.499969326071952e-07 0 0 1
Step 1588 6.351999999999744 0.004 2 1.494672581444531e-07 0 0 1
Step 1589 6.355999999999743 0.004 2 1.45971436558349e-07 0 0 1
Step 1590 6.359999999999743 0.004 2 1.464163484978232e-07 0 0 1
Step 1591 6.363999999999742 0.004 2 1.416535706808989e-07 0 0 1
Step 1592 6.367999999999742 0.004 2 1.362463637490327e-07 0 0 1
Step 1593 6.371999999999741 0.004 2 1.309412675451855e-07 0 0 1
Step 1594 6.375999999999741 0.004 2 1.261539309409107e-07 0 0 1
Step 1595 6.379999999999741 0.004 2 1.215955095752637e-07 0 0 1
Step 1596 6.38399999999974 0.004 2 1.180302472286583e-07 0 0 1
Step 1597 6.38799999999974 0.004 2 1.130297817781804e-07 0 0 1
Step 1598 6.391999999999739 0.004 2 1.09377270224725e-07 0 0 1
Step 1599 6.395999999999739 0.004 2 1.021837200953537e-07 0 0 1
Step 1600 6.399999999999738 0.004 2 9.689073458872047e-08 0 0 1
Step 1601 6.403999999999738 0.004 2 8.85972841077725e-08 0 0 1
Step 1602 6.407999999999737 0.004 2 8.544920631714689e-08 0 0 1
Step 1603 6.411999999999737 0.004 2 8.04572227097448e-08 0 0 1
Step 1604 6.415999999999737 0.004 2 7.423404809552658e-08 0 0 1
Step 1605 6.419999999999736 0.004 2 7.156833806399043e-08 0 0 1
Step 1606 6.423999999999736 0.004 2 6.283137798215686e-08 0 0 1
Step 1607 6.427999999999735 0.004 2 6.069149165447788e-08 0 0 1
Step 1608 6.431999999999735 0.004 2 5.418587540512757e-08 0 0 1
Step 1609 6.435999999999734 0.004 2 5.111639760749995e-08 0 0 1
Step 1610 6.439999999999734 0.004 2 4.719290195476195e-08 0 0 1
Step 1611 6.443999999999733 0.004 2 3.990256199123199e-08 0 0 1
Step 1612 6.447999999999733 0.004 2 3.832850112821977e-08 0 0 1
Step 1613 6.451999999999733 0.004 2 3.398201122094113e-08 0 0 1
Step 1614 6.455999999999732 0.004 2 2.810856945051421e-08 0 0 1
Step 1615 6.459999999999732 0.004 2 2.412706141888294e-08 0 0 1
Step 1616 6.463999999999731 0.004 2 2.168115814162252e-08 0 0 1
Step 1617 6.467999999999731 0.004 2 1.908876570742633e-08 0 0 1
Step 1618 6.47199999999973 0.004 2 1.256435617043663e-08 0 0 1
Step 1619 6.47599999999973 0.004 2 1.368101944793321e-08 0 0 1
Step 1620 6.47999999999973 0.004 2 8.561542859481521e-09 0 0 1
Step 1621 6.483999999999729 0.004 2 7.855451558860218e-09 0 0 1
Step 1622 6.487999999999729 0.004 2 6.182495984766508e-09 0 0 1
Step 1623 6.491999999999728 0.004 2 4.538913106844707e-09 0 0 1
Step 1624 6.495999999999728 0.004 2 4.866295975516373e-09 0 0 1
Step 1625 6.499999999999727 0.004 2 6.535631619228467e-09 0 0 1
Step 1626 6.503999999999727 0.004 2 6.976529489631288e-09 0 0 1
Step 1627 6.507999999999726 0.004 2 8.82889101556308e-09 0 0 1
Step 1628 6.511999999999726 0.004 2 1.205356193046534e-08 0 0 1
Step 1629 6.515999999999726 0.004 2 1.187526019114063e-08 0 0 1
Step 1630 6.519999999999725 0.004 2 1.523413070708817e-08 0 0 1
Step 1631 6.523999999999725 0.004 2 1.662321535707257e-08 0 0 1
Step 1632 6.527999999999724 0.004 2 1.55712341663103e-08 0 0 1
Step 1633 6.531999999999724 0.004 2 1.798955824843251e-08 0 0 1
Step 1634 6.535999999999723 0.004 2 1.836343520452178e-08 0 0 1
Step 1635 6.539999999999723 0.004 2 1.84736292985259e-08 0 0 1
Step 1636 6.543999999999722 0.004 2 2.013497992885954e-08 0 0 1
Step 1637 6.547999999999722 0.004 2 1.596764844099438e-08 0 0 1
Step 1638 6.551999999999722 0.004 2 2.180764753539093e-08 0 0 1
Step 1639 6.555999999999721 0.004 2 1.91033489703373e-08 0 0 1
Step 1640 6.559999999999721 0.004 2 2.252392534764468e-08 0 0 1
Step 1641 6.56399999999972 0.004 2 1.935524217954201e-08 0 0 1
Step 1642 6.56799999999972 0.004 2 1.771494355563104e-08 0 0 1
Step 1643 6.571999999999719 0.004 2 1.752776487236506e-08 0 0 1
Step 1644 6.575999999999719 0.004 2 2.07714943869638e-08 0 0 1
Step 1645 6.579999999999719 0.004 2 1.73071776971023e-08 0 0 1
Step 1646 6.583999999999718 0.004 2 1.766455316397706e-08 0 0 1
Step 1647 6.587999999999718 0.004 2 1.5454146701992e-08 0 0 1
Step 1648 6.591999999999717 0.004 2 1.674050048545638e-08 0 0 1
Step 1649 6.595999999999717 0.004 2 1.378136862489444e-08 0 0 1
Step 1650 6.599999999999716 0.004 2 1.27968984637403e-08 0 0 1
Step 1651 6.603999999999716 0.004 2 1.209668589534033e-08 0 0 1
Step 1652 6.607999999999715 0.004 2 1.294436609083062e-08 0 0 1
Step 1653 6.611999999999715 0.004 2 1.096918130131415e-08 0 0 1
Step 1654 6.615999999999715 0.004 2 1.086461284366276e-08 0 0 1
Step 1655 6.619999999999714 0.004 2 1.262274165842313e-08 0 0 1
Step 1656 6.623999999999714 0.004 2 1.072087998657315e-08 0 0 1
Step 1657 6.627999999999713 0.004 2 8.262749584363628e-09 0 0 1
Step 1658 6.631999999999713 0.004 2 8.017644471727081e-09 0 0 1
Step 1659 6.635999999999712 0.004 2 8.970860766616651e-09 0 0 1
Step 1660 6.639999999999712 0.004 2 6.163817650460114e-09 0 0 1
Step 1661 6.643999999999711 0.004 2 6.874169294354492e-09 0 0 1
Step 1662 6.647999999999711 0.004 2 5.594184914155656e-09 0 0 1
Step 1663 6.651999999999711 0.004 2 7.176087051976405e-09 0 0 1
Step 1664 6.65599999999971 0.004 2 7.508731668270953e-09 0 0 1
Step 1665 6.65999999999971 0.004 2 5.769349831179326e-09 0 0 1
Step 1666 6.663999999999709 0.004 2 4.351777380004991e-09 0 0 1
Step 1667 6.667999999999709 0.004 2 6.133296295468569e-09 0 0 1
Step 1668 6.671999999999708 0.004 2 3.803490163530641e-09 0 0 1
Step 1669 6.675999999999708 0.004 2 3.978461724036476e-09 0 0 1
Step 1670 6.679999999999708 0.004 2 3.533621693472311e-09 0 0 1
Step 1671 6.683999999999707 0.004 2 2.293245285946289e-09 0 0 1
Step 1672 6.687999999999707 0.004 2 2.559854727053147e-09 0 0 1
Step 1673 6.691999999999706 0.004 2 4.994201459296285e-09 0 0 1
Step 1674 6.695999999999706 0.004 2 2.935899985085193e-09 0 0 1
Step 1675 6.699999999999705 0.004 2 1.67573183020948e-09 0 0 1
Step 1676 6.703999999999705 0.004 2 2.179192414488462e-09 0 0 1
Step 1677 6.707999999999704 0.004 2 1.452008862605767e-09 0 0 1
Step 1678 6.711999999999704 0.004 2 2.005732306452716e-09 0 0 1
Step 1679 6.715999999999704 0.004 2 2.08344170316634e-09 0 0 1
Step 1680 6.719999999999703 0.004 2 3.991599252532414e-09 0 0 1
Step 1681 6.723999999999703 0.004 2 2.795974685672549e-09 0 0 1
Step 1682 6.727999999999702 0.004 2 3.249695306066575e-09 0 0 1
Step 1683 6.731999999999702 0.004 2 2.232271192171984e-09 0 0 1
Step 1684 6.735999999999701 0.004 2 1.509481438832111e-09 0 0 1
Step 1685 6.739999999999701 0.004 2 2.468953103652286e-09 0 0 1
Step 1686 6.7439999999997 0.004 2 8.624669905200071e-10 0 0 1
Step 1687 6.7479999999997 0.004 2 6.820773901185291e-10 0 0 1
Step 1688 6.7519999999997 0.004 2 1.268612142950083e-09 0 0 1
Step 1689 6.755999999999699 0.004 2 1.912626631601563e-09 0 0 1
Step 1690 6.759999999999699 0.004 2 3.103138136796115e-09 0 0 1
Step 1691 6.763999999999698 0.004 2 5.152846775822902e-09 0 0 1
Step 1692 6.767999999999698 0.004 2 2.760772897343111e-09 0 0 1
Step 1693 6.771999999999697 0.004 2 4.634536112078129e-09 0 0 1
Step 1694 6.775999999999697 0.004 2 2.492164510996759e-09 0 0 1
Step 1695 6.779999999999696 0.004 2 4.61922456545639e-09 0 0 1
Step 1696 6.783999999999696 0.004 2 4.607343416489279e-09 0 0 1
Step 1697 6.787999999999696 0.004 2 2.11218071255491e-09 0 0 1
Step 1698 6.791999999999695 0.004 2 9.708188163754975e-10 0 0 1
Step 1699 6.795999999999695 0.004 2 3.755541665154658e-09 0 0 1
Step 1700 6.799999999999694 0.004 2 3.377316856844396e-09 0 0 1
Step 1701 6.803999999999694 0.004 2 6.487458458908136e-09 0 0 1
Step 1702 6.807999999999693 0.004 2 4.304019463487414e-09 0 0 1
Step 1703 6.811999999999693 0.004 2 3.472257977868818e-09 0 0 1
Step 1704 6.815999999999693 0.004 2 4.051313164242754e-09 0 0 1
Step 1705 6.819999999999692 0.004 2 5.20987452477365e-09 0 0 1
Step 1706 6.823999999999692 0.004 2 6.266596208517424e-09 0 0 1
Step 1707 6.827999999999691 0.004 2 6.181092796206589e-09 0 0 1
Step 1708 6.831999999999691 0.004 2 6.220596193292692e-09 0 0 1
Step 1709 6.83599999999969 0.004 2 7.698620061303533e-09 0 0 1
Step 1710 6.83999999999969 0.004 2 8.633170838497404e-09 0 0 1
Step 1711 6.843999999999689 0.004 2 7.020125467832178e-09 0 0 1
Step 1712 6.847999999999689 0.004 2 8.290442533504839e-09 0 0 1
Step 1713 6.851999999999689 0.004 2 8.410711643305012e-09 0 0 1
Step 1714 6.855999999999688 0.004 2 6.837365360314e-09 0 0 1
Step 1715 6.859999999999688 0.004 2 7.321764721808981e-09 0 0 1
Step 1716 6.863999999999687 0.004 2 7.028167975995919e-09 0 0 1
Step 1717 6.867999999999687 0.004 2 8.304246244990585e-09 0 0 1
Step 1718 6.871999999999686 0.004 2 8.199404937783886e-09 0 0 1
Step 1719 6.875999999999686 0.004 2 8.097560994507358e-09 0 0 1
Step 1720 6.879999999999685 0.004 2 1.024581965841043e-08 0 0 1
Step 1721 6.883999999999685 0.004 2 8.98427194826119e-09 0 0 1
Step 1722 6.887999999999685 0.004 2 8.008191948587762e-09 0 0 1
Step 1723 6.891999999999684 0.004 2 8.177815925668251e-09 0 0 1
Step 1724 6.895999999999684 0.004 2 7.839618941805793e-09 0 0 1
Step 1725 6.899999999999683 0.004 2 7.210170302387055e-09 0 0 1
Step 1726 6.903999999999683 0.004 2 8.11159558717903e-09 0 0 1
Step 1727 6.907999999999682 0.004 2 7.553200328135997e-09 0 0 1
Step 1728 6.911999999999682 0.004 2 8.92958884829323e-09 0 0 1
Step 1729 6.915999999999682 0.004 2 8.723385702849216e-09 0 0 1
Step 1730 6.919999999999681 0.004 2 8.249495193558939e-09 0 0 1
Step 1731 6.923999999999681 0.004 2 8.446592022677322e-09 0 0 1
Step 1732 6.92799999999968 0.004 2 7.924086765460259e-09 0 0 1
Step 1733 6.93199999999968 0.004 2 8.561448524951148e-09 0 0 1
Step 1734 6.935999999999679 0.004 2 1.009065115048985e-08 0 0 1
Step 1735 6.939999999999679 0.004 2 8.838134195276944e-09 0 0 1
Step 1736 6.943999999999678 0.004 2 9.793093462400957e-09 0 0 1
Step 1737 6.947999999999678 0.004 2 8.302516183940414e-09 0 0 1
Step 1738 6.951999999999678 0.004 2 8.849859109187036e-09 0 0 1
Step 1739 6.955999999999677 0.004 2 8.898555734348281e-09 0 0 1
Step 1740 6.959999999999677 0.004 2 8.301768692557407e-09 0 0 1
Step 1741 6.963999999999676 0.004 2 8.149156790392515e-09 0 0 1
Step 1742 6.967999999999676 0.004 2 8.840080664376806e-09 0 0 1
Step 1743 6.971999999999675 0.004 2 7.977557532685311e-09 0 0 1
Step 1744 6.975999999999675 0.004 2 9.470830014382053e-09 0 0 1
Step 1745 6.979999999999674 0.004 2 8.158640557195395e-09 0 0 1
Step 1746 6.983999999999674 0.004 2 8.231797493935733e-09 0 0 1
Step 1747 6.987999999999674 0.004 2 8.156202991203006e-09 0 0 1
Step 1748 6.991999999999673 0.004 2 6.928150806122085e-09 0 0 1
Step 1749 6.995999999999673 0.004 2 7.929295471751422e-09 0 0 1
Step 1750 6.999999999999672 0.004 2 8.691875687963769e-09 0 0 1
Step 1751 7.003999999999672 0.004 2 8.796753910812412e-09 0 0 1
Step 1752 7.007999999999671 0.004 2 8.378309315446844e-09 0 0 1
Step 1753 7.011999999999671 0.004 2 9.705710335165836e-09 0 0 1
Step 1754 7.015999999999671 0.004 2 9.302802598136581e-09 0 0 1
Step 1755 7.01999999999967 0.004 2 7.271081597482304e-09 0 0 1
Step 1756 7.02399999999967 0.004 2 7.171943111458182e-09 0 0 1
Step 1757 7.027999999999669 0.004 2 8.421727788441453e-09 0 0 1
Step 1758 7.031999999999669 0.004 2 7.448174092482449e-09 0 0 1
Step 1759 7.035999999999668 0.004 2 7.19684516602808e-09 0 0 1
Step 1760 7.039999999999668 0.004 2 6.952186936312078e-09 0 0 1
Step 1761 7.043999999999667 0.004 2 6.731812347450034e-09 0 0 1
Step 1762 7.047999999999667 0.004 2 7.560341299974395e-09 0 0 1
Step 1763 7.051999999999667 0.004 2 6.588038053623265e-09 0 0 1
Step 1764 7.055999999999666 0.004 2 6.703451774234966e-09 0 0 1
Step 1765 7.059999999999666 0.004 2 5.780174544726295e-09 0 0 1
Step 1766 7.063999999999665 0.004 2 6.408721587438657e-09 0 0 1
Step 1767 7.067999999999665 0.004 2 6.562308743557789e-09 0 0 1
Step 1768 7.071999999999664 0.004 2 6.50779038962982e-09 0 0 1
Step 1769 7.075999999999664 0.004 2 6.595208075570941e-09 0 0 1
Step 1770 7.079999999999663 0.004 2 6.679301617185643e-09 0 0 1
Step 1771 7.083999999999663 0.004 2 7.296865372908049e-09 0 0 1
Step 1772 7.087999999999663 0.004 2 6.395745517171225e-09 0 0 1
Step 1773 7.091999999999662 0.004 2 6.703614208600329e-09 0 0 1
Step 1774 7.095999999999662 0.004 2 8.029904077993731e-09 0 0 1
Step 1775 7.099999999999661 0.004 2 7.339936037621522e-09 0 0 1
Step 1776 7.103999999999661 0.004 2 6.492465444213182e-09 0 0 1
Step 1777 7.10799999999966 0.004 2 7.052324007792276e-09 0 0 1
Step 1778 7.11199999999966 0.004 2 6.155244314041338e-09 0 0 1
Step 1779 7.115999999999659 0.004 2 5.22193816161823e-09 0 0 1
Step 1780 7.119999999999659 0.004 2 5.695749768654805e-09 0 0 1
Step 1781 7.123999999999659 0.004 2 5.240862844886164e-09 0 0 1
Step 1782 7.127999999999658 0.004 2 4.6930449951879e-09 0 0 1
Step 1783 7.131999999999658 0.004 2 5.521533317842853e-09 0 0 1
Step 1784 7.135999999999657 0.004 2 5.435750722412647e-09 0 0 1
Step 1785 7.139999999999657 0.004 2 5.167536968405557e-09 0 0 1
Step 1786 7.143999999999656 0.004 2 5.138296154166684e-09 0 0 1
Step 1787 7.147999999999656 0.004 2 5.583367044212264e-09 0 0 1
Step 1788 7.151999999999656 0.004 2 4.92068651112318e-09 0 0 1
Step 1789 7.155999999999655 0.004 2 4.90456243853616e-09 0 0 1
Step 1790 7.159999999999655 0.004 2 5.040435854120898e-09 0 0 1
Step 1791 7.163999999999654 0.004 2 5.174607752035791e-09 0 0 1
Step 1792 7.167999999999654 0.004 2 5.457846096595103e-09 0 0 1
Step 1793 7.171999999999653 0.004 2 6.083247312018288e-09 0 0 1
Step 1794 7.175999999999653 0.004 2 5.911882660562058e-09 0 0 1
Step 1795 7.179999999999652 0.004 2 5.273362025879136e-09 0 0 1
Step 1796 7.183999999999652 0.004 2 5.670489187761035e-09 0 0 1
Step 1797 7.187999999999652 0.004 2 5.765625552510192e-09 0 0 1
Step 1798 7.191999999999651 0.004 2 5.195912615092378e-09 0 0 1
Step 1799 7.195999999999651 0.004 2 5.645035447373596e-09 0 0 1
Step 1800 7.19999999999965 0.004 2 5.223392952369072e-09 0 0 1
Step 1801 7.20399999999965 0.004 2 5.443848661365775e-09 0 0 1
Step 1802 7.207999999999649 0.004 2 5.322444715945055e-09 0 0 1
Step 1803 7.211999999999649 0.004 2 4.985467418394814e-09 0 0 1
Step 1804 7.215999999999648 0.004 2 4.887799135214834e-09 0 0 1
Step 1805 7.219999999999648 0.004 2 5.338752053640221e-09 0 0 1
Step 1806 7.223999999999648 0.004 2 4.712130624955218e-09 0 0 1
Step 1807 7.227999999999647 0.004 2 4.951328734831015e-09 0 0 1
Step 1808 7.231999999999647 0.004 2 6.176099049175945e-09 0 0 1
Step 1809 7.235999999999646 0.004 2 5.464254582134981e-09 0 0 1
Step 1810 7.239999999999646 0.004 2 5.11125786061852e-09 0 0 1
Step 1811 7.243999999999645 0.004 2 4.568674759113285e-09 0 0 1
Step 1812 7.247999999999645 0.004 2 4.059462970631828e-09 0 0 1
Step 1813 7.251999999999645 0.004 2 4.33779168882734e-09 0 0 1
Step 1814 7.255999999999644 0.004 2 5.142021411408106e-09 0 0 1
Step 1815 7.259999999999644 0.004 2 5.921786011553983e-09 0 0 1
Step 1816 7.263999999999643 0.004 2 5.029303784240954e-09 0 0 1
Step 1817 7.267999999999643 0.004 2 5.085877929031368e-09 0 0 1
Step 1818 7.271999999999642 0.004 2 5.920257668682842e-09 0 0 1
Step 1819 7.275999999999642 0.004 2 5.849970968982927e-09 0 0 1
Step 1820 7.279999999999641 0.004 2 4.337201083525108e-09 0 0 1
Step 1821 7.283999999999641 0.004 2 4.983990022005357e-09 0 0 1
Step 1822 7.287999999999641 0.004 2 3.929716338174054e-09 0 0 1
Step 1823 7.29199999999964 0.004 2 5.245002094505748e-09 0 0 1
Step 1824 7.29599999999964 0.004 2 4.488868416201017e-09 0 0 1
Step 1825 7.299999999999639 0.004 2 4.087358202421665e-09 0 0 1
Step 1826 7.303999999999639 0.004 2 4.610026670552812e-09 0 0 1
Step 1827 7.307999999999638 0.004 2 4.736073721098027e-09 0 0 1
Step 1828 7.311999999999638 0.004 2 5.150310170640248e-09 0 0 1
Step 1829 7.315999999999637 0.004 2 4.618558760618082e-09 0 0 1
Step 1830 7.319999999999637 0.004 2 4.457237322548189e-09 0 0 1
Step 1831 7.323999999999637 0.004 2 4.381151218082611e-09 0 0 1
Step 1832 7.327999999999636 0.004 2 5.434811487450892e-09 0 0 1
Step 1833 7.331999999999636 0.004 2 4.692400809805496e-09 0 0 1
Step 1834 7.335999999999635 0.004 2 4.67946693910623e-09 0 0 1
Step 1835 7.339999999999635 0.004 2 4.89046436096749e-09 0 0 1
Step 1836 7.343999999999634 0.004 2 5.028372766293588e-09 0 0 1
Step 1837 7.347999999999634 0.004 2 5.341479138214819e-09 0 0 1
Step 1838 7.351999999999633 0.004 2 4.526280800626311e-09 0 0 1
Step 1839 7.355999999999633 0.004 2 5.018810083511309e-09 0 0 1
Step 1840 7.359999999999633 0.004 2 4.401920385952405e-09 0 0 1
Step 1841 7.363999999999632 0.004 2 4.463741350095068e-09 0 0 1
Step 1842 7.367999999999632 0.004 2 4.236667072978707e-09 0 0 1
Step 1843 7.371999999999631 0.004 2 4.785035295742519e-09 0 0 1
Step 1844 7.375999999999631 0.004 2 5.258536085477782e-09 0 0 1
Step 1845 7.37999999999963 0.004 2 3.9167279978451e-09 0 0 1
Step 1846 7.38399999999963 0.004 2 4.661259891333122e-09 0 0 1
Step 1847 7.38799999999963 0.004 2 4.126347013123059e-09 0 0 1
Step 1848 7.391999999999629 0.004 2 3.72973324461226e-09 0 0 1
Step 1849 7.395999999999629 0.004 2 4.522995894663257e-09 0 0 1
Step 1850 7.399999999999628 0.004 2 4.149056698976173e-09 0 0 1
Step 1851 7.403999999999628 0.004 2 4.392523098418321e-09 0 0 1
Step 1852 7.407999999999627 0.004 2 3.771744789599318e-09 0 0 1
Step 1853 7.411999999999627 0.004 2 3.732490963257661e-09 0 0 1
Step 1854 7.415999999999626 0.004 2 4.390055804875895e-09 0 0 1
Step 1855 7.419999999999626 0.004 2 4.719317325906643e-09 0 0 1
Step 1856 7.423999999999626 0.004 2 4.136123006682016e-09 0 0 1
Step 1857 7.427999999999625 0.004 2 3.6423921422959e-09 0 0 1
Step 1858 7.431999999999625 0.004 2 3.596186473710635e-09 0 0 1
Step 1859 7.435999999999624 0.004 2 4.249397141970107e-09 0 0 1
Step 1860 7.439999999999624 0.004 2 4.2315673696313e-09 0 0 1
Step 1861 7.443999999999623 0.004 2 3.648671026062472e-09 0 0 1
Step 1862 7.447999999999623 0.004 2 3.658798814019482e-09 0 0 1
Step 1863 7.451999999999622 0.004 2 4.049945022962748e-09 0 0 1
Step 1864 7.455999999999622 0.004 2 3.467331632004757e-09 0 0 1
Step 1865 7.459999999999622 0.004 2 3.883683199418758e-09 0 0 1
Step 1866 7.463999999999621 0.004 2 4.183984881037563e-09 0 0 1
Step 1867 7.467999999999621 0.004 2 3.825702382471332e-09 0 0 1
Step 1868 7.47199999999962 0.004 2 3.972441063930326e-09 0 0 1
Step 1869 7.47599999999962 0.004 2 4.430264076400692e-09 0 0 1
Step 1870 7.479999999999619 0.004 2 3.704417821082558e-09 0 0 1
Step 1871 7.483999999999619 0.004 2 3.323103670457118e-09 0 0 1
Step 1872 7.487999999999619 0.004 2 3.85275733311249e-09 0 0 1
Step 1873 7.491999999999618 0.004 2 3.542073451017109e-09 0 0 1
Step 1874 7.495999999999618 0.004 2 3.872379897127773e-09 0 0 1
Step 1875 7.499999999999617 0.004 2 3.421620160485465e-09 0 0 1
Step 1876 7.503999999999617 0.004 2 4.272171216531421e-09 0 0 1
Step 1877 7.507999999999616 0.004 2 3.969711296746588e-09 0 0 1
Step 1878 7.511999999999616 0.004 2 3.707112214790461e-09 0 0 1
Step 1879 7.515999999999615 0.004 2 3.318268569629389e-09 0 0 1
Step 1880 7.519999999999615 0.004 2 3.366763923769248e-09 0 0 1
Step 1881 7.523999999999615 0.004 2 3.996945526289862e-09 0 0 1
Step 1882 7.527999999999614 0.004 2 3.073676039865039e-09 0 0 1
Step 1883 7.531999999999614 0.004 2 3.255661591433342e-09 0 0 1
Step 1884 7.535999999999613 0.004 2 3.484156477828819e-09 0 0 1
Step 1885 7.539999999999613 0.004 2 3.621635846166839e-09 0 0 1
Step 1886 7.543999999999612 0.004 2 2.80179307925049e-09 0 0 1
Step 1887 7.547999999999612 0.004 2 3.176990968385734e-09 0 0 1
Step 1888 7.551999999999611 0.004 2 4.017151639939808e-09 0 0 1
Step 1889 7.555999999999611 0.004 2 3.416551911650931e-09 0 0 1
Step 1890 7.559999999999611 0.004 2 3.703136902539194e-09 0 0 1
Step 1891 7.56399999999961 0.004 2 3.365178835093562e-09 0 0 1
Step 1892 7.56799999999961 0.004 2 2.899201904741098e-09 0 0 1
Step 1893 7.571999999999609 0.004 2 3.398584103608996e-09 0 0 1
Step 1894 7.575999999999609 0.004 2 4.101748660321528e-09 0 0 1
Step 1895 7.579999999999608 0.004 2 4.109220460357724e-09 0 0 1
Step 1896 7.583999999999608 0.004 2 3.622224460059947e-09 0 0 1
Step 1897 7.587999999999608 0.004 2 4.140177889706876e-09 0 0 1
Step 1898 7.591999999999607 0.004 2 4.379068928041721e-09 0 0 1
Step 1899 7.595999999999607 0.004 2 4.611061690580543e-09 0 0 1
Step 1900 7.599999999999606 0.004 2 4.125149888448118e-09 0 0 1
Step 1901 7.603999999999606 0.004 2 3.855942172871034e-09 0 0 1
Step 1902 7.607999999999605 0.004 2 4.350525079089186e-09 0 0 1
Step 1903 7.611999999999605 0.004 2 3.677519970939019e-09 0 0 1
Step 1904 7.615999999999604 0.004 2 4.123810537580428e-09 0 0 1
Step 1905 7.619999999999604 0.004 2 3.444008546589488e-09 0 0 1
Step 1906 7.623999999999604 0.004 2 3.687803745629722e-09 0 0 1
Step 1907 7.627999999999603 0.004 2 4.859840648235104e-09 0 0 1
Step 1908 7.631999999999603 0.004 2 3.758702390143794e-09 0 0 1
Step 1909 7.635999999999602 0.004 2 2.851820961663109e-09 0 0 1
Step 1910 7.639999999999602 0.004 2 2.979735437940855e-09 0 0 1
Step 1911 7.643999999999601 0.004 2 3.199447033530576e-09 0 0 1
Step 1912 7.647999999999601 0.004 2 4.005350728060413e-09 0 0 1
Step 1913 7.6519999999996 0.004 2 3.861283851464242e-09 0 0 1
Step 1914 7.6559999999996 0.004 2 3.928878674550114e-09 0 0 1
Step 1915 7.6599999999996 0.004 2 3.858369362882423e-09 0 0 1
Step 1916 7.663999999999599 0.004 2 4.141146098811996e-09 0 0 1
Step 1917 7.667999999999599 0.004 2 2.990959049915611e-09 0 0 1
Step 1918 7.671999999999598 0.004 2 2.671320994377639e-09 0 0 1
Step 1919 7.675999999999598 0.004 2 3.529485270642251e-09 0 0 1
Step 1920 7.679999999999597 0.004 2 3.326917908200873e-09 0 0 1
Step 1921 7.683999999999597 0.004 2 3.615440565380947e-09 0 0 1
Step 1922 7.687999999999596 0.004 2 3.318050325463963e-09 0 0 1
Step 1923 7.691999999999596 0.004 2 3.645920223497131e-09 0 0 1
Step 1924 7.695999999999596 0.004 2 3.492068684215297e-09 0 0 1
Step 1925 7.699999999999595 0.004 2 2.560637239075083e-09 0 0 1
Step 1926 7.703999999999595 0.004 2 3.453804046415299e-09 0 0 1
Step 1927 7.707999999999594 0.004 2 2.419721922980839e-09 0 0 1
Step 1928 7.711999999999594 0.004 2 2.851665421854759e-09 0 0 1
Step 1929 7.715999999999593 0.004 2 2.791885073652722e-09 0 0 1
Step 1930 7.719999999999593 0.004 2 3.187114993654945e-09 0 0 1
Step 1931 7.723999999999593 0.004 2 3.340415075603118e-09 0 0 1
Step 1932 7.727999999999592 0.004 2 4.029055722586754e-09 0 0 1
Step 1933 7.731999999999592 0.004 2 2.334500854621717e-09 0 0 1
Step 1934 7.735999999999591 0.004 2 2.856467194923407e-09 0 0 1
Step 1935 7.739999999999591 0.004 2 2.853982619392994e-09 0 0 1
Step 1936 7.74399999999959 0.004 2 3.03041838085689e-09 0 0 1
Step 1937 7.74799999999959 0.004 2 2.03051693274672e-09 0 0 1
Step 1938 7.751999999999589 0.004 2 3.111055387257541e-09 0 0 1
Step 1939 7.755999999999589 0.004 2 2.900292823127133e-09 0 0 1
Step 1940 7.759999999999589 0.004 2 2.890974202440212e-09 0 0 1
Step 1941 7.763999999999588 0.004 2 2.479327613044731e-09 0 0 1
Step 1942 7.767999999999588 0.004 2 2.879480413244082e-09 0 0 1
Step 1943 7.771999999999587 0.004 2 2.746857903054387e-09 0 0 1
Step 1944 7.775999999999587 0.004 2 3.12998798917149e-09 0 0 1
Step 1945 7.779999999999586 0.004 2 2.674681481141803e-09 0 0 1
Step 1946 7.783999999999586 0.004 2 1.903774512334603e-09 0 0 1
Step 1947 7.787999999999585 0.004 2 2.420384990903299e-09 0 0 1
Step 1948 7.791999999999585 0.004 2 2.594712819154752e-09 0 0 1
Step 1949 7.795999999999585 0.004 2 1.978066686538661e-09 0 0 1
Step 1950 7.799999999999584 0.004 2 1.888611764466361e-09 0 0 1
Step 1951 7.803999999999584 0.004 2 2.597977678878053e-09 0 0 1
Step 1952 7.807999999999583 0.004 2 2.35167525663941e-09 0 0 1
Step 1953 7.811999999999583 0.004 2 2.025843816465029e-09 0 0 1
Step 1954 7.815999999999582 0.004 2 2.512868525009355e-09 0 0 1
Step 1955 7.819999999999582 0.004 2 1.979867519850375e-09 0 0 1
Step 1956 7.823999999999582 0.004 2 2.234044670232624e-09 0 0 1
Step 1957 7.827999999999581 0.004 2 2.426922063448354e-09 0 0 1
Step 1958 7.831999999999581 0.004 2 2.507777524684947e-09 0 0 1
Step 1959 7.83599999999958 0.004 2 2.409140961672845e-09 0 0 1
Step 1960 7.83999999999958 0.004 2 1.696876584565104e-09 0 0 1
Step 1961 7.843999999999579 0.004 2 2.370855971383911e-09 0 0 1
Step 1962 7.847999999999579 0.004 2 2.141878563260437e-09 0 0 1
Step 1963 7.851999999999578 0.004 2 1.830576476918579e-09 0 0 1
Step 1964 7.855999999999578 0.004 2 1.833972404920518e-09 0 0 1
Step 1965 7.859999999999578 0.004 2 2.017158173619505e-09 0 0 1
Step 1966 7.863999999999577 0.004 2 1.232735358636898e-09 0 0 1
Step 1967 7.867999999999577 0.004 2 1.049794829806581e-09 0 0 1
Step 1968 7.871999999999576 0.004 2 2.538292890171931e-09 0 0 1
Step 1969 7.875999999999576 0.004 2 2.659833655099697e-09 0 0 1
Step 1970 7.879999999999575 0.004 2 2.374082554799652e-09 0 0 1
Step 1971 7.883999999999575 0.004 2 2.614702551456149e-09 0 0 1
Step 1972 7.887999999999574 0.004 2 2.186991629898049e-09 0 0 1
Step 1973 7.891999999999574 0.004 2 1.708076691160285e-09 0 0 1
Step 1974 7.895999999999574 0.004 2 1.714430535825472e-09 0 0 1
Step 1975 7.899999999999573 0.004 2 2.235704840960168e-09 0 0 1
Step 1976 7.903999999999573 0.004 2 1.762646353705415e-09 0 0 1
Step 1977 7.907999999999572 0.004 2 2.093187663304789e-09 0 0 1
Step 1978 7.911999999999572 0.004 2 1.67197439730973e-09 0 0 1
Step 1979 7.915999999999571 0.004 2 2.043942271448251e-09 0 0 1
Step 1980 7.919999999999571 0.004 2 2.30940465776017e-09 0 0 1
Step 1981 7.92399999999957 0.004 2 2.251141118741069e-09 0 0 1
Step 1982 7.92799999999957 0.004 2 1.405082707774877e-09 0 0 1
Step 1983 7.93199999999957 0.004 2 2.129426002440372e-09 0 0 1
Step 1984 7.935999999999569 0.004 2 1.855002035732821e-09 0 0 1
Step 1985 7.939999999999569 0.004 2 1.739628167049917e-09 0 0 1
Step 1986 7.943999999999568 0.004 2 2.288126920874215e-09 0 0 1
Step 1987 7.947999999999568 0.004 2 1.538624468346098e-09 0 0 1
Step 1988 7.951999999999567 0.004 2 1.444309511570916e-09 0 0 1
Step 1989 7.955999999999567 0.004 2 1.585803234021319e-09 0 0 1
Step 1990 7.959999999999567 0.004 2 2.452826892638571e-09 0 0 1
Step 1991 7.963999999999566 0.004 2 1.700178673245922e-09 0 0 1
Step 1992 7.967999999999566 0.004 2 2.236197108988169e-09 0 0 1
Step 1993 7.971999999999565 0.004 2 2.393486567563449e-09 0 0 1
Step 1994 7.975999999999565 0.004 2 2.520987794986162e-09 0 0 1
Step 1995 7.979999999999564 0.004 2 2.071305352063271e-09 0 0 1
Step 1996 7.983999999999564 0.004 2 2.396377582246612e-09 0 0 1
Step 1997 7.987999999999563 0.004 2 2.201999297819582e-09 0 0 1
Step 1998 7.991999999999563 0.004 2 2.552583476781828e-09 0 0 1
Step 1999 7.995999999999563 0.004 2 2.525247577305741e-09 0 0 1
