time_s,left_tip_dz_in,right_tip_dz_in,symmetric_tip_dz_in,total_fx_lbf,total_fy_lbf,total_fz_lbf,global_mx_cg_lbfin,global_my_cg_lbfin,global_mz_cg_lbfin
0.004000000,-3.7282303139818396e-05,-4.2603316003919645e-05,-3.994280957186902e-05,0.0,0.0,0.0,0.0,0.0,0.0
0.008000000,-0.00011974607271270088,-0.0001337582370126711,-0.00012675215486268598,282.66723241418373,1.3872735017739224e-05,318.4653798421726,-35.18502387208167,1067.3557689940826,31.24707992353197
0.012000000,-0.00034996930767761114,-0.0003821255072011809,-0.000366047407439396,-2.1006539542856593,1.2326004964341442e-05,86.19025597796266,-9.527488198781725,1864.3609913331481,-0.2288527956044657
0.016000000,-0.0007230483548994471,-0.0007814187538315309,-0.000752233554365489,-2.301422464864793,2.207985510614685e-06,88.62676390951448,-9.849522303647177,1932.6932991599722,-0.2500270999156058
0.020000000,-0.001238776828060395,-0.001331706927899745,-0.00128524187798007,-2.5477337220570604,-1.4172954471751431e-05,89.08089203313382,-10.054040192260231,1958.708293739943,-0.27822887940246055
0.024000000,-0.0019145482069262698,-0.002050246321957161,-0.0019823972644417154,-2.54825196027858,-2.4904560041151547e-05,92.30841436268379,-10.624698586394516,1990.8763777743666,-0.27595485745514914
0.028000000,-0.002765206393789299,-0.0029509397391507264,-0.0028580730664700127,-2.625618624239066,-4.328375125404321e-05,94.48659844330231,-11.194829601924539,2007.2204882315339,-0.2854828273856498
0.032000000,-0.003803628564497785,-0.004045002202133219,-0.003924315383315502,-2.678662379619848,-6.380756028878665e-05,96.70574919096875,-11.871942281298857,2017.8798396690702,-0.2935148535673786
0.036000000,-0.005040824238193409,-0.005341317060953088,-0.005191070649573248,-2.722182670675289,-8.102969065343357e-05,98.81349671951914,-12.63492721245791,2024.5312030570474,-0.30038077212464565
0.040000000,-0.0064858470138062785,-0.006846613182602823,-0.006666230098204551,-2.756033102456568,-9.895699077187153e-05,100.89574396034881,-13.494981616076643,2028.8952342278349,-0.30707727658728246
0.044000000,-0.008145673565792322,-0.008565583139969135,-0.008355628352880728,-2.783860294799172,-0.00011542078513413628,102.93683196583848,-14.448365720633433,2031.4834359525817,-0.31351368051214834
0.048000000,-0.010025065145512713,-0.010500935274848189,-0.01026300021018045,-2.8072910757141893,-0.0001365333095071225,104.97587746985249,-15.49482397411714,2032.8527305964706,-0.3214184179595847
0.052000000,-0.012126442331691578,-0.012653397731739346,-0.012389920031715462,-2.827174815849729,-0.000157651969306713,107.00687634088402,-16.63289941196058,2033.293218441028,-0.32976307221994006
0.056000000,-0.014449783229764535,-0.015021675887680885,-0.01473572955872271,-2.845448200221984,-0.00018000041031684955,109.00817151486345,-17.866082844641824,2032.7759021328557,-0.33819815448261714
0.060000000,-0.016992611393078505,-0.017602429638671424,-0.017297520515874965,-2.8623487123080857,-0.00020140050424961864,111.01283465847366,-19.20460963167477,2031.464422323939,-0.3470800732708579
0.064000000,-0.019750074812748153,-0.020390282462614095,-0.020070178637681124,-2.87769838593866,-0.00022342881292145012,113.04657288664748,-20.668546098464276,2029.5445271650424,-0.3565009964504142
0.068000000,-0.022715073748813097,-0.023377838802829842,-0.02304645627582147,-2.891935216680933,-0.0002481977500720725,115.11560731461067,-22.26173666552745,2027.0748531975448,-0.3668845178615765
0.072000000,-0.02587845558588242,-0.026555751611724077,-0.02621710359880325,-2.9052028896660334,-0.0002674327164894838,117.23784294450363,-24.009572192085102,2024.170164348603,-0.3775296976063309
0.076000000,-0.029229263228288005,-0.029912855095190594,-0.0295710591617393,-2.917393181567555,-0.00028815831952594406,119.42273825449763,-25.912002328372864,2020.9383140407922,-0.3893813152512351
0.080000000,-0.03275499309322072,-0.03343634046503041,-0.033095666779125565,-2.928739860091524,-0.00031016986471718577,121.68176411821729,-27.976806635219077,2017.4375827149486,-0.4027135968012576
0.084000000,-0.0364418412990517,-0.03711196449889087,-0.036776902898971287,-2.939337649901557,-0.00032466991256648037,124.02297539124527,-30.206999208274397,2013.7092257241302,-0.4174316157661
0.088000000,-0.040274923179936195,-0.04092428101768064,-0.04059960209880842,-2.9491397703377062,-0.00035035847946938287,126.45727304645942,-32.58496862825234,2009.8035199228532,-0.4328756122471802
0.092000000,-0.04423844388108478,-0.044856862659443664,-0.04454765327026422,-2.958260280578102,-0.00036773648016636545,128.98488362295174,-35.10977136257361,2005.790489368469,-0.4505704980442413
0.096000000,-0.04831582856853345,-0.048892505789751795,-0.04860416717914262,-2.9666707046270515,-0.00038774822203020004,131.61188320611498,-37.76999556188014,2001.7012128476294,-0.46901323600899403
0.100000000,-0.05248981309571832,-0.05301340339030958,-0.05275160824301395,-2.9743521283123258,-0.0004044389501635104,134.34247278625068,-40.55049571700499,1997.5671431441858,-0.48942244606026186
0.104000000,-0.05674245675592715,-0.0572012267441977,-0.056971841750062424,-2.981284102724214,-0.00042268969211953916,137.17912153269288,-43.44360921088685,1993.4087229228423,-0.5103828983585359
0.108000000,-0.06105521693632454,-0.061437244885723885,-0.06124623091102421,-2.987414539035892,-0.0004392857484692633,140.1279827460852,-46.47155950110698,1989.2388971257064,-0.5321936332051909
0.112000000,-0.06540897517622568,-0.0657023686286351,-0.06555567190243039,-2.9927330847217823,-0.0004479746474645996,143.1891428379946,-49.599660542263564,1985.07804879091,-0.5532852872742158
0.116000000,-0.06978399733148422,-0.06997709848947409,-0.06988054791047915,-2.997143491583954,-0.0004476810344996515,146.36462791693702,-52.78968833322381,1980.950055291227,-0.5754358625577431
0.120000000,-0.07415997516166328,-0.07424151542647905,-0.07420074529407117,-3.000583687649274,-0.00046705509491851843,149.6547455340204,-56.12911233229693,1976.8784516985781,-0.5968251606936938
0.124000000,-0.07851604052861205,-0.07847523953167013,-0.07849564003014109,-3.0029789939401947,-0.00046250340091790604,153.06051296172234,-59.56143709599564,1972.8678987864766,-0.6184400911500596
0.128000000,-0.0828308048357087,-0.0826574122132655,-0.0827441085244871,-3.0041960245779054,-0.00045682730261689675,156.58251001694669,-63.103665413922386,1968.9245401033245,-0.63890832784449
0.132000000,-0.08708240239512577,-0.08676667478951572,-0.08692453859232074,-3.004248707612155,-0.000442999983811497,160.22031140651353,-66.77591639369564,1965.0400739546985,-0.6582321445156669
0.136000000,-0.09124855030462697,-0.09078118970181492,-0.09101487000322095,-3.0028996186999506,-0.000434051812616118,163.97596064334698,-70.53156615686066,1961.261708511422,-0.6759476104356867
0.140000000,-0.09530661027856979,-0.09467866682045667,-0.09499263854951323,-3.0001840172132397,-0.0004185677181283501,167.8469866308845,-74.47665866901764,1957.5777613492019,-0.6915401810394854
0.144000000,-0.09923363454001333,-0.09843640657383901,-0.09883502055692617,-2.9959603025512567,-0.00038091943524717203,171.8303239500288,-78.51297314480166,1953.9875165518113,-0.7070132307881991
0.148000000,-0.10300643239996532,-0.10203137098996251,-0.10251890169496392,-2.990154178338903,-0.000329416607968383,175.92623402206965,-82.65622560939494,1950.501439567006,-0.7200056436062585
0.152000000,-0.10660162857941202,-0.10544025529895862,-0.10602094193918532,-2.9826420525894743,-0.00027686515338408435,180.13288845432018,-86.94333594415446,1947.1245797203405,-0.7313726284657136
0.156000000,-0.10999571003667086,-0.10863955107606671,-0.10931763055636878,-2.9732591937941018,-0.00022272580964038252,184.44930776994107,-91.34694267763518,1943.8601091626824,-0.7399676634051033
0.160000000,-0.11316506824029204,-0.11160560976009037,-0.11238533900019121,-2.961973618030709,-0.0001453744702373111,188.8728993648385,-95.85817541901736,1940.721386499943,-0.7465244031134297
0.164000000,-0.1160860492034459,-0.11431471005003857,-0.11520037962674223,-2.948680142712381,-7.609843127978633e-05,193.40181236652063,-100.4767250949941,1937.7063311214997,-0.7497167531013851
0.168000000,-0.11873499495112583,-0.11674310251235909,-0.11773904873174246,-2.9332834901990346,2.1561819718976527e-05,198.034136630334,-105.23195937757566,1934.8254332304123,-0.7495296180460436
0.172000000,-0.12108827360091823,-0.11886704947991689,-0.11997766154041756,-2.9156462878635567,0.0001336997302417084,202.7682560814755,-110.0544353833775,1932.091288020036,-0.7471642335013797
0.176000000,-0.12312231400348139,-0.12066285318962855,-0.12189258359655497,-2.895735623164818,0.0002656762009207274,207.60000703507825,-114.99407814506003,1929.5074034912054,-0.7409505365024582
0.180000000,-0.12481364570012943,-0.12210687960698863,-0.12346026265355903,-2.873439779961737,0.00040396746346291895,212.5278643796605,-120.05978296503201,1927.0792095749362,-0.731386537359084
0.184000000,-0.12613892701128293,-0.12317558788545568,-0.12465725744836931,-2.8487010663670396,0.0005814180474407182,217.54674877496322,-125.21126162236374,1924.8073611582772,-0.7187557464861083
0.188000000,-0.12707497936109746,-0.12384555911042128,-0.12546026923575937,-2.8214736568784384,0.000742712349627795,222.65358324361694,-130.44276054022328,1922.6954134080088,-0.7001244939076035
0.192000000,-0.12759882446715665,-0.12409352340658586,-0.12584617393687125,-2.791724878431948,0.0009304201936998734,227.84408233522225,-135.79577193691057,1920.7574327782113,-0.6777087994901194
0.196000000,-0.12768776270789317,-0.12389643826074348,-0.12579210048431833,-2.7593475940573073,0.0011696029975369997,233.1150258041054,-141.2439234172656,1918.975136600964,-0.651071843963714
0.200000000,-0.12731939202248554,-0.12323152045028962,-0.12527545623638758,-2.7243228960537555,0.0014095086862474758,238.46116519988013,-146.78288674721603,1917.3692575695686,-0.6186569240993105
0.204000000,-0.12647164553276014,-0.12207629549470767,-0.1242739705137339,-2.68661050004797,0.0016743878165610578,243.879485210857,-152.41340224022986,1915.9270421801177,-0.5818748937958995
0.208000000,-0.1251228727587801,-0.12040868696124107,-0.12276577986001058,-2.6462082433176057,0.0019751070476136216,249.36487509963422,-158.14436935371214,1914.6485903750115,-0.5392741976736231
0.212000000,-0.12325188775798779,-0.11820707724002943,-0.12072948249900861,-2.6030814043489734,0.0022960393482037607,254.91255865134227,-163.9717157722116,1913.5410046473216,-0.49078050736113177
0.216000000,-0.12083802891156381,-0.11545038512880978,-0.1181442070201868,-2.557222647052372,0.002654285591929959,260.51816304148645,-169.88496689996646,1912.5987249617806,-0.4375023400074962
0.220000000,-0.1178612297267847,-0.11211814607118242,-0.11498968789898356,-2.508630851329685,0.003052943821808672,266.17662240407145,-175.90255246899164,1911.8265749823022,-0.37859100280463487
0.224000000,-0.11430208434512679,-0.10819059256346009,-0.11124633845429344,-2.4572923987775765,0.0034740124378665298,271.883890964556,-181.97921229920837,1911.2109644310099,-0.31355791548907774
0.228000000,-0.11014191154278308,-0.10364871976906898,-0.10689531565592603,-2.40324242728854,0.003936900474825481,277.63446902565994,-188.1637241525052,1910.7626110516114,-0.2426492637509341
0.232000000,-0.10536283344302433,-0.09847436874983373,-0.10191860109642903,-2.346518940075656,0.004419690737922951,283.42351244056107,-194.41137909327995,1910.4762908357834,-0.16542347952774872
0.236000000,-0.09994787322321486,-0.09265031925997391,-0.09629909624159438,-2.2871591174701305,0.004947540792032272,289.24653351681246,-200.7594631351218,1910.3510745116419,-0.08178703925799624
0.240000000,-0.09388100010897915,-0.08616036346974454,-0.09002068178936184,-2.2252311227699932,0.005519699115591477,295.09774152937547,-207.16390801397995,1910.3954238174722,0.007972419212125104
0.244000000,-0.08714721110490586,-0.07898940052226067,-0.08306830581358327,-2.1607947837657946,0.006132331465788692,300.9724188803293,-213.636732661859,1910.6065492986459,0.10406817220543196
0.248000000,-0.07973268095440744,-0.07112353018368367,-0.07542810556904556,-2.0938980326690584,0.006771502509887462,306.8658217325776,-220.19330620211935,1910.97825242818,0.20728859938908428
0.252000000,-0.07162479726144966,-0.06255014504253609,-0.06708747115199287,-2.0246698847233864,0.007461090526042813,312.7721642602196,-226.7863469702287,1911.5191549979575,0.3158538245175113
0.256000000,-0.06281224572235544,-0.0532580526328843,-0.05803514917761987,-1.9531399767976185,0.008201474050763609,318.68753580373675,-233.41860299801948,1912.2276505175307,0.4298358006325125
0.260000000,-0.05328519587273206,-0.04323752783014356,-0.04826136185143781,-1.8794928319311932,0.00898663073567813,324.60546518929345,-240.14392932494064,1913.1022287891965,0.5514503437718021
0.264000000,-0.04303530000490241,-0.03248044302873154,-0.037757871516816977,-1.803796816912509,0.00980500750012664,330.520976001487,-246.8616645099463,1914.145661825904,0.6777589593454736
0.268000000,-0.03205584111701398,-0.020980429465211614,-0.0265181352911128,-1.726170610172168,0.010676904954442915,336.43006093193287,-253.61006316382515,1915.3558077791952,0.810258886071628
0.272000000,-0.02034197584021058,-0.008732943540707083,-0.014537459690458832,-1.6467487305637893,0.011586491878864803,342.32798303831515,-260.4365683622699,1916.7247193821697,0.9496890039641921
0.276000000,-0.007890673560950745,0.004264665255618638,-0.0018130041526660534,-1.5656563902405298,0.012552960219273133,348.208357211115,-267.2827371100554,1918.2633073871882,1.0954888891546246
0.280000000,0.005299225801465468,0.018012930955478623,0.011656078378472046,-1.4830729902692148,0.013547542303311039,354.0676614144352,-274.0623953898455,1919.95943299272,1.2442563777848472
0.284000000,0.019226802411338895,0.03251025534051166,0.02586852887592528,-1.3991551234874426,0.014592379843655329,359.89983878938096,-280.86032781361894,1921.8209209398847,1.3988210476579352
0.288000000,0.03388897678786407,0.047752842799511086,0.040820909793687576,-1.314065495531201,0.015679166840502204,365.7003790258287,-287.6189623664322,1923.8461440260305,1.557562094220676
0.292000000,0.04928039185389821,0.06373452961457815,0.05650746073423818,-1.2279491374567852,0.016818469594765295,371.46488795987824,-294.35497678939043,1926.0238785099896,1.720823501008307
0.296000000,0.06539328730562488,0.08044670312153812,0.0729199952135815,-1.1409825580610502,0.017989949235741595,377.18889714931504,-301.0690443211973,1928.3524689915448,1.889324536996927
0.300000000,0.08221749536781431,0.09787823629964976,0.09004786583373203,-1.053334622290335,0.019204619982785415,382.86713705358204,-307.6969709526374,1930.8412708092146,2.0610028487876524
0.304000000,0.09974029942601703,0.11601531210433791,0.10787780576517747,-0.9651947394424446,0.020458717269825046,388.4961315370307,-314.22448643096595,1933.4646072851615,2.2345833351352993
0.308000000,0.11794630891920121,0.13484142407091326,0.12639386649505724,-0.8767539547859238,0.021744510061582074,394.07080609920274,-320.6930468600008,1936.2328267090504,2.412605707096333
0.312000000,0.13681742270883035,0.1543373223802007,0.14557737254451553,-0.7881982339692275,0.02306380197980779,399.5869213032086,-327.05178243254414,1939.1352679186402,2.592010851897445
0.316000000,0.1563327300747801,0.17448087476556395,0.16540680242017203,-0.6996793092528223,0.024410192536321113,405.0407206580431,-333.3312551397531,1942.169097388107,2.774677457823342
0.320000000,0.17646843341181295,0.19524699479057972,0.18585771410119634,-0.6114187362418881,0.025783024678533065,410.428442347014,-339.4550650526045,1945.3198000947064,2.9570384452963134
0.324000000,0.19719778596422088,0.21660759556685605,0.20690269076553847,-0.5235751487279412,0.027175242246327825,415.7465701902897,-345.4324336078759,1948.5817898793473,3.1402107770131575
0.328000000,0.21849101618346367,0.2385315321183583,0.228511274150911,-0.43635512378371677,0.028596479691385665,420.99091216108286,-351.2383188963372,1951.950945433458,3.322294538903392
0.332000000,0.24031529729637668,0.260984539071373,0.25064991818387483,-0.3499267982023355,0.030024158879810844,426.1581924153512,-356.8650895740344,1955.415973371939,3.503306087701695
0.336000000,0.2626346041565881,0.2839291721766415,0.2732818881666148,-0.264446490899256,0.031463223018854056,431.2456241947077,-362.36807698713847,1958.9580694365945,3.6855962436696323
0.340000000,0.2854097234861541,0.3073247511238293,0.2963672373049917,-0.18009687100990304,0.03290771079164295,436.2503623607016,-367.62847365326536,1962.5753855387907,3.8640497506010663
0.344000000,0.30859828575196957,0.3311273339511729,0.31986280985157123,-0.09704565197018726,0.034349688420003875,441.1690016458625,-372.6177190796418,1966.2580687512793,4.03849945436588
0.348000000,0.3321546408562597,0.35528968762990587,0.3437221642430828,-0.015421872578514535,0.03578388503469393,446.0001091344827,-377.3697488079307,1969.977243649392,4.2094889526952874
0.352000000,0.35602982131622696,0.37976128214585003,0.3678955517310385,0.0646215478816687,0.0372016632167106,450.7410904151876,-381.8823483111126,1973.7317761155812,4.376479327507979
0.356000000,0.3801715524619027,0.40448828405004633,0.3923299182559745,0.1429588432274678,0.03860520544174792,455.390052343847,-386.1283497751895,1977.5037337390056,4.53828559608805
0.360000000,0.4045242318726707,0.4294135278692721,0.4169688798709714,0.2194835237287236,0.03997948283365543,459.9459198666458,-390.09471354320715,1981.2738555634166,4.693928659104233
0.364000000,0.4290289184993412,0.4544765096114247,0.44175271405538297,0.2940715816002202,0.04131989048519111,464.4070543343857,-393.7677232795119,1985.0279459634726,4.8437043529488655
0.368000000,0.4536233535256997,0.4796134098012317,0.4666183816634657,0.3666481688890319,0.04262277330269335,468.77280280850664,-397.13322775695644,1988.7474911060424,4.985439538934208
0.372000000,0.4782419863111613,0.5047571260188306,0.49149955616499597,0.43714613590847645,0.04387818079190649,473.0435994101568,-400.1045460103367,1992.400695821335,5.1175282287003006
0.376000000,0.5028159626033784,0.5298372645316931,0.5163266135675357,0.5054844572230809,0.04507157138956073,477.2180234674976,-402.76708075659764,1995.983675985205,5.242352490145948
0.380000000,0.527273156332484,0.5547801851309657,0.5410266707317248,0.5716431485910833,0.04621197358895998,481.2966528787596,-405.0954567681625,1999.4684407932803,5.358248867311735
0.384000000,0.5515382748277489,0.5795090799306308,0.5655236773791898,0.6356254824304751,0.04728174294858795,485.2812579415749,-407.0969018603704,2002.8187393438175,5.464520550920984
0.388000000,0.5755328393945973,0.6039440109397134,0.5897384251671554,0.6974133650004118,0.04827790820196682,489.1715447940197,-408.7074209727297,2006.0262012767482,5.559441538956033
0.392000000,0.5991752397174395,0.6280019639401075,0.6135886018287735,0.7570477462767475,0.04919183378475453,492.9696427562968,-409.9313977532386,2009.0573994371484,5.6432106965029645
0.396000000,0.6223808571517253,0.6515969222457301,0.6369888896987277,0.8145947531843994,0.05001271068533972,496.6777899066596,-410.74245984727196,2011.8837509080163,5.7146524809377945
0.400000000,0.645062088235349,0.674639962388909,0.659851025312129,0.8701543252753436,0.0507371669383702,500.2987878556598,-411.17009774420984,2014.475824528098,5.774515184142995
0.404000000,0.6671499588448739,0.6970608369892517,0.6821053979170628,0.9238450886640572,0.05136049409553799,503.8359352513834,-411.18715728673783,2016.807531254454,5.821864804661397
0.408000000,0.6886325243095257,0.7188461957653374,0.7037393600374315,0.9754252749794524,0.05186913891026801,507.28625841760703,-410.7891435799217,2019.0865418401022,5.85719525116492
0.412000000,0.7094257027901136,0.7399105369619434,0.7246681198760285,1.0236556312913454,0.0522808198408962,510.62651431918295,-409.99361511501525,2021.9356610279933,5.878692829549872
0.416000000,0.7295017710972758,0.7602247802893487,0.7448632756933122,1.0688288881315953,0.05258243683334118,513.8585745428755,-408.83161345040224,2024.5299139056274,5.889256160953958
0.420000000,0.7488096431059148,0.779736911060553,0.7642732770832339,1.1106650429910394,0.052789981743708435,516.975587226785,-407.3215782775398,2027.327208085924,5.88939428348608
0.424000000,0.7673179688127334,0.7984151913603199,0.7828665800865267,1.1495486519787983,0.052913598520508615,519.9824437238191,-405.56453187506116,2029.8573163049052,5.883930119645543
0.428000000,0.784989274803479,0.8162223835084035,0.8006058291559413,1.185346423238636,0.05296617365792217,522.8765982228402,-403.56435531123003,2032.3063032503917,5.873221478044343
0.432000000,0.801796356526637,0.8331320800522946,0.8174642182894658,1.2182356637627683,0.05295327991273733,525.6607279233131,-401.35086541602976,2034.373286210195,5.858666987042529
0.436000000,0.8177125492573083,0.8491191726358522,0.8334158609465803,1.2482020758521317,0.052916359693818533,528.3351685962476,-399.1097305135532,2036.1084598776072,5.847425685964892
0.440000000,0.8327181915349939,0.864166237900676,0.848442214717835,1.2754773672955428,0.05285750639195773,530.9060508525253,-396.8830699210953,2037.365866154855,5.839724197209261
0.444000000,0.8467974073426063,0.8782599837454086,0.8625286955440075,1.2998279610092247,0.05275922822198431,533.3685080740939,-394.6024987997755,2038.1472387135136,5.833403522464261
0.448000000,0.8599405779412592,0.8913937150213513,0.8756671464813053,1.3215213076871204,0.05266574082264928,535.7298513948049,-392.4620453136249,2038.3907051831488,5.833786808381629
0.452000000,0.872143097174984,0.9035659690020736,0.8878545330885288,1.3403124152141523,0.05256378490048236,537.9852689628982,-390.4056152687961,2038.102898606146,5.83744404771032
0.456000000,0.883406337600519,0.9147812908386328,0.8990938142195759,1.3561433271838739,0.0524549320205093,540.1321886217125,-388.5136919418697,2037.2754507936352,5.847358575149531
0.460000000,0.8937368855278436,0.9250494156121647,0.9093931505700041,1.3690601951822219,0.052349414898218885,542.1701398194324,-386.749174230903,2035.942439908433,5.8610718996385645
0.464000000,0.9031465076744354,0.9343852033543811,0.9187658555144083,1.3789747402655967,0.05225906751006788,544.0941645587206,-385.1858450637583,2034.1332055482185,5.880764805038524
0.468000000,0.9116514884109819,0.9428079377379532,0.9272297130744676,1.3860122437386024,0.05218666110520362,545.9035106081265,-383.8169622609091,2031.9007500755388,5.904880282272565
0.472000000,0.9192721183959378,0.9503407924222813,0.9348064554091096,1.3903348804244366,0.052128210190252586,547.6001137487933,-382.6492306314568,2029.292638555524,5.933534499160236
0.476000000,0.9260320334827412,0.9570101694864093,0.9415211014845752,1.392090794091926,0.05209485534846689,549.186704262693,-381.68559194689254,2026.367503475773,5.966304464065163
0.480000000,0.9319576453305558,0.9628451234712685,0.9474013844009121,1.3912971233854894,0.052077573633134915,550.6634143148302,-380.93221775684344,2023.1881894862008,6.002582119721697
0.484000000,0.9370776087067867,0.9678768077989588,0.9524772082528727,1.3880189948531023,0.05209153532517363,552.0310638436567,-380.37602308811535,2019.817839036454,6.041494109772254
0.488000000,0.9414223331330192,0.9721379596365836,0.9567801463848014,1.3823252591046555,0.052128963089254465,553.2904292108726,-380.01690465900305,2016.3184053748962,6.082959430556965
0.492000000,0.9450235853904871,0.97566246972724,0.9603430275588636,1.3743037454615448,0.05218515599423405,554.4427854169157,-379.8260125390576,2012.7433280190196,6.125909533540442
0.496000000,0.9479141676559522,0.9784850281636324,0.9631995979097923,1.3640744353626344,0.052271363685110206,555.4896131094147,-379.80515944465986,2009.1432452956003,6.170009643451131
0.500000000,0.9501276750395675,0.9806408417659469,0.9653842584027572,1.3517696399593826,0.052378176597535644,556.4328848701298,-379.9364056445403,2005.5599144133037,6.214348957806615
0.504000000,0.9516983130188521,0.9821654291691004,0.9669318710939763,1.3375347191752098,0.05250364316616905,557.2747040834665,-380.21674976321856,2002.0276108088872,6.259670656192882
0.508000000,0.9526607637017293,0.983094458356419,0.9678776110290741,1.3215426471178358,0.05264689624305703,558.0178987700867,-380.6251457980034,1998.5698533862708,6.304539586951196
0.512000000,0.9530500813902592,0.9834636269036565,0.9682568541469578,1.3039799257891689,0.05280424553920164,558.6656931341021,-381.1555576895065,1995.2052222360408,6.348339990336788
0.516000000,0.9529016044389067,0.9833085882281551,0.9681050963335309,1.2850459647532257,0.052973080445168026,559.2220481043088,-381.8055132675078,1991.9409988352213,6.392129945998528
0.520000000,0.9522508714204037,0.9826648833041673,0.9674578773622855,1.2649312130989294,0.05315871693230879,559.6909712912728,-382.5717803956205,1988.7809298170578,6.435381783445832
0.524000000,0.9511335402890779,0.9815678776586907,0.9663507089738843,1.2438461532804228,0.0533562195103043,560.0770713624662,-383.43950550271734,1985.721476362509,6.477451452143567
0.528000000,0.9495852956572151,0.980052702823329,0.964818999240272,1.2219752850764676,0.05356469851036011,560.384976791035,-384.4114425498449,1982.7585449081178,6.5187764188688835
0.532000000,0.9476417413651177,0.9781541878566742,0.9628979646108959,1.1995008574541253,0.053785948517919624,560.6194243796689,-385.48538812116607,1979.884730218008,6.559362407179346
0.536000000,0.945338287844578,0.9759067782663493,0.9606225330554636,1.1766099285959166,0.05401457862490351,560.7857477927979,-386.65372473300755,1977.0915279693559,6.59888837836175
0.540000000,0.942710026664713,0.9733444501263477,0.9580272383955304,1.15346554245182,0.05424874028987192,560.888938938659,-387.91703237014826,1974.37137483048,6.637785582430752
0.544000000,0.9397916042032506,0.9705006214353631,0.9551461128193068,1.1302105080060338,0.05449377186729648,560.9340179159037,-389.2698270597405,1971.7183904354804,6.67573453719945
0.548000000,0.9366170997813015,0.9674080564912799,0.9520125781362907,1.1069840351957376,0.05474321258756602,560.925974478508,-390.70422064886617,1969.1292325113743,6.712975974722022
0.552000000,0.9332198970093231,0.9640987654546791,0.9486593312320011,1.0839025880352495,0.054991310544385615,560.8694856426625,-392.2161985236157,1966.6034327972798,6.748640375176857
0.556000000,0.9296325605988045,0.9606039098653127,0.9451182352320586,1.0610675440954604,0.055239272387069716,560.7690324932803,-393.7945834176328,1964.1425499222967,6.782961375453128
0.560000000,0.9258867207735619,0.9569537087251518,0.9414202147493569,1.0385730564948539,0.05548719957257914,560.6290735839034,-395.42745202940296,1961.7512050313296,6.815537934328347
0.564000000,0.9220129590192556,0.9531773579951732,0.9375951585072144,1.0165002260702491,0.05572938338888711,560.4537291225674,-397.1148600800656,1959.4362826422907,6.846700274239399
0.568000000,0.9180407067201344,0.9493029418952261,0.9336718243076803,0.994920306081347,0.05596389741019309,560.2470030889416,-398.83472744513745,1957.205249578825,6.875783481987225
0.572000000,0.9139981566545998,0.9453573603401111,0.9296777584973555,0.9738914023809438,0.05618916665679244,560.0126458290111,-400.5754724502618,1955.0675345609284,6.902840958601509
0.576000000,0.9099121633847176,0.9413662675390952,0.9256392154619064,0.9534714609706662,0.05640536333060402,559.7541506136403,-402.33520512486086,1953.033584304716,6.9275544096517265
0.580000000,0.9058081695408049,0.9373540049759583,0.9215810872583816,0.9337059444365455,0.05660667078363213,559.4750116617065,-404.0935895953855,1951.1119490610754,6.949961063802316
0.584000000,0.9017101506833427,0.9333435515667219,0.9175268511250323,0.9146353383658434,0.05679877278719314,559.1783163514352,-405.83617478741036,1949.3110241545419,6.969609756176547
0.588000000,0.8976405532325202,0.9293564858203922,0.9134985195264562,0.8963000704827373,0.056974504725942114,558.8671459535756,-407.55781800680285,1947.6392676094383,6.986456887475185
0.592000000,0.8936202542176801,0.9254129433182499,0.909516598767965,0.8787375868597558,0.05713327566192321,558.5444035079223,-409.23819858609767,1946.101639483412,7.000567325830504
0.596000000,0.8896685334632934,0.9215315961409374,0.9056000648021154,0.8619711359823352,0.057273881903081685,558.2128692889321,-410.87558158501065,1944.7022370959112,7.011450154234037
0.600000000,0.8858030606933909,0.9177296385968248,0.9017663496451078,0.8460368429639327,0.05739620838240213,557.8752044343378,-412.4477298392507,1943.4425717758345,7.019602723826553
0.604000000,0.8820398949332571,0.9140227879885288,0.8980313414608929,0.8309544529304473,0.05750306700593299,557.5338541689962,-413.9586843197177,1942.3243332526988,7.025510256636345
0.608000000,0.8783934949220367,0.9104252786373195,0.8944093867796781,0.8167507166572768,0.05758897968968882,557.1913476852429,-415.38808742376006,1941.343581665859,7.028382365873199
0.612000000,0.8748767473913261,0.9069498845763349,0.8909133159838305,0.8034363010760989,0.05765807672049812,556.8498396316116,-416.7357203153143,1940.4980720820104,7.0287448277486755
0.616000000,0.8715010023947514,0.9036079565397301,0.8875544794672408,0.7910303909426886,0.05770998810107545,556.5116017028728,-417.99756632341007,1939.7838869272866,7.026560405396622
0.620000000,0.868276121050755,0.9004094551780923,0.8843427881144237,0.7795363757161549,0.05774495648095485,556.1785803850282,-419.16692409076285,1939.194293438119,7.022274503457978
0.624000000,0.8652105316325134,0.8973629972086314,0.8812867644205724,0.7689594397258697,0.05776561447805985,555.8526512919407,-420.24316408837,1938.7232371472935,7.015937941777639
0.628000000,0.86231128814579,0.8944759070885766,0.8783935976171833,0.7592983693573128,0.05777250673034053,555.5355511331323,-421.2243872741323,1938.3635801303865,7.0078171789089465
0.632000000,0.859584136320251,0.8917542727886172,0.8756692045544341,0.750551818264384,0.057764049023335075,555.2288724059669,-422.1114574895256,1938.1077565995097,6.998202942261565
0.636000000,0.8570335772512863,0.889203004478361,0.8731182908648236,0.7427064224788972,0.05774515118652054,554.9340621996897,-422.9079206607239,1937.9482061875085,6.987215119784973
0.640000000,0.8546629361756288,0.8868258889554994,0.8707444125655641,0.7357487035783568,0.05771478290660343,554.6524153772758,-423.6114701526518,1937.8776101364065,6.975232498074882
0.644000000,0.8524744308877956,0.8846256515351314,0.8685500412114635,0.7296614907467083,0.057675418260931824,554.3850343731151,-424.22671617362914,1937.88865400145,6.962445415408115
0.648000000,0.8504692341515181,0.8826040114323348,0.8665366227919264,0.7244244244442336,0.057628515040537606,554.1329124377469,-424.75573149756445,1937.9743112928252,6.948875452812007
0.652000000,0.8486475352637797,0.8807617328949249,0.8647046340793523,0.7200088016694126,0.05757602333540003,553.8968678152538,-425.2068574126039,1938.129469559514,6.935291321746236
0.656000000,0.8470086026445074,0.8790986781960015,0.8630536404202545,0.7163944395508905,0.05751588463653731,553.6775727848715,-425.57779224976485,1938.3465483701948,6.921582874016335
0.660000000,0.8455508424848119,0.8776138553799626,0.8615823489323873,0.7135395013868686,0.057452731214189555,553.4755663503599,-425.8782456932014,1938.6214600562082,6.907823425196469
0.664000000,0.8442718558146964,0.8763054675042241,0.8602886616594603,0.7114174068143296,0.05738927132960994,553.2912408875081,-426.10916932755225,1938.9484569527087,6.894096546560833
0.668000000,0.8431684951854805,0.8751709614832777,0.8591697283343791,0.7099930289664489,0.05732421415310866,553.1248394134133,-426.27607909944095,1939.3231706545657,6.880649097579945
0.672000000,0.8422369200991398,0.8742070743669217,0.8582219972330307,0.7092310774342068,0.05725862195835345,552.976506499118,-426.3831254603196,1939.7413555301523,6.867572776156211
0.676000000,0.8414726525228673,0.8734098812111739,0.8574412668670206,0.7090946707077624,0.05719327210067966,552.8462594044606,-426.43492675228674,1940.1989597875647,6.854967634906743
0.680000000,0.8408706325122353,0.8727748441457379,0.8568227383289866,0.7095459379334635,0.05712938828379393,552.7339947724498,-426.43556887089346,1940.6922358884017,6.842886217906095
0.684000000,0.8404252738900908,0.8722968622113996,0.8563610680507452,0.7105470285170956,0.0570671011975024,552.6395054407533,-426.3897204280054,1941.2175331559645,6.831409666793559
0.688000000,0.8401305200223987,0.8719703221717481,0.8560504210970734,0.7120626603507643,0.05700693782746545,552.562609947008,-426.3011859648005,1941.7710266582262,6.820566806681318
0.692000000,0.8399799000962958,0.8717891513667269,0.8558845257315113,0.7140512628496238,0.05694940611535094,552.5028385264831,-426.17476275717206,1942.3490655296869,6.810400162394138
0.696000000,0.8399665844295612,0.8717468713422107,0.855856727885886,0.7164792269291311,0.05689405229045422,552.4599957278149,-426.01907368839517,1942.9478372413305,6.801047343322427
0.700000000,0.8400834420842074,0.8718366494926215,0.8559600457884144,0.7193030667476749,0.05684327530496551,552.4332377411704,-425.83157812985627,1943.565010679005,6.792223335500758
0.704000000,0.8403230964134991,0.8720513540094288,0.856187225211464,0.72249092963991,0.05679709300799031,552.4222051350125,-425.61448181993796,1944.1956865508434,6.784034019191822
0.708000000,0.840677974995728,0.8723836080552587,0.8565307915254934,0.7260075047121797,0.056756709842585754,552.4262404785777,-425.373778152392,1944.8358676114044,6.77652564796552
0.712000000,0.8411403611644772,0.8728258404695026,0.8569831008169899,0.7298161209150698,0.05671673639040819,552.4447532360597,-425.11366571952294,1945.482196717342,6.769839577464898
0.716000000,0.8417024444616885,0.8733703364928971,0.8575363904772928,0.7338827572328851,0.05668121192905196,552.4770406891266,-424.8371173755805,1946.1308636071878,6.763871269290144
0.720000000,0.8423563664414502,0.8740092885463326,0.8581828274938914,0.7381723249487735,0.05665091843997634,552.5223419434055,-424.54970192135,1946.7780742190448,6.7586267566557945
0.724000000,0.8430942643838506,0.8747348400848409,0.8589145522343458,0.7426578418912355,0.05662383886218961,552.5800631314181,-424.25080584313827,1947.42035790936,6.754006638515239
0.728000000,0.8439083126366995,0.8755391295018171,0.8597237210692583,0.7473045447381839,0.05660076205178315,552.6493985425468,-423.94442388145467,1948.054312941765,6.750042314895086
0.732000000,0.8447907604214038,0.8764143338734272,0.8606025471474155,0.7520823268364867,0.056581657657837556,552.7295846818108,-423.633269881808,1948.6767920755542,6.746708376186367
0.736000000,0.8457339664014256,0.8773527070950138,0.8615433367482197,0.7569610441980507,0.056566245647291076,552.8198305979554,-423.31984220605005,1949.2848892356615,6.743985041098324
0.740000000,0.8467304301549774,0.8783466153033146,0.862538522729146,0.7619126009930788,0.05655435466031418,552.9193400669498,-423.0063485833212,1949.8759712409,6.741836311386734
0.744000000,0.8477728204057797,0.8793885698597137,0.8635806951327467,0.7669101700061997,0.05654599549397544,553.0273221544744,-422.69468999022615,1950.4476717234356,6.7402223834767465
0.748000000,0.8488540002597205,0.8804712571286331,0.8646626286941768,0.7719278295801142,0.05654040425264018,553.1429692922895,-422.38655696327703,1950.9979595350208,6.739114912000783
0.752000000,0.8499670493462759,0.8815875652879299,0.8657773073171029,0.7769419165884185,0.05653757670717137,553.2655203946838,-422.08359760766353,1951.5252873994687,6.738464110569027
0.756000000,0.8511052839502042,0.8827306112982285,0.8669179476242164,0.7819278388663364,0.056536908822112195,553.3941397016836,-421.7873272689001,1952.0276846167658,6.738297055875263
0.760000000,0.852262275509375,0.8838937561944533,0.8680780158519141,0.7868637607209217,0.05654046972838708,553.5279412707758,-421.490110690133,1952.5046792255837,6.7383065565303255
0.764000000,0.8534318609033988,0.8850706238513197,0.8692512423773593,0.7917330153049698,0.05654496165891215,553.6663739629836,-421.2060210853527,1952.9548494958087,6.738919818690033
0.768000000,0.854608154030899,0.8862551215896985,0.8704316378102988,0.7965160238710224,0.05655006425312313,553.8086191909975,-420.9320377506245,1953.3776385342528,6.73983870290986
0.772000000,0.8557855621580472,0.8874414517921565,0.8716135069751019,0.8011933613185414,0.056557111816289765,553.9538914122012,-420.66643195648663,1953.772865233504,6.74092990504678
0.776000000,0.8569587921500528,0.8886241225082472,0.87279145732915,0.8057476273331051,0.056568284430818225,554.1015291029413,-420.41066828478637,1954.1402524553605,6.742224784307477
0.780000000,0.8581228547861315,0.8897979575658468,0.8739604061759891,0.8101689775307134,0.05657710903506607,554.2508449506508,-420.16527335965355,1954.4794730863107,6.743488106721548
0.784000000,0.8592730718953447,0.8909581036498366,0.8751155877725907,0.814445766253366,0.05658633136487243,554.4011600861178,-419.92941774244326,1954.7907931654813,6.745104320764405
0.788000000,0.8604050800238809,0.8921000341969432,0.8762525571104121,0.8185681112702586,0.05659628064756426,554.5519472064193,-419.70136474227616,1955.0744256156033,6.74678686429589
0.792000000,0.8615148322276269,0.8932195556274962,0.8773671939275616,0.8225190809603995,0.05660374070008459,554.7024973628514,-419.4850401234587,1955.3304468381637,6.748697816765944
0.796000000,0.8625985989631317,0.8943128095531563,0.878455704258144,0.826295777916148,0.05661457020076215,554.8522520833282,-419.2783100305462,1955.5594444860537,6.750581555571481
0.800000000,0.8636529675965221,0.8953762709074482,0.8795146192519852,0.82989133513934,0.05662496933965681,555.0007186238124,-419.0812178252405,1955.7617402658839,6.752510335818442
0.804000000,0.8646748406570026,0.896406747597851,0.8805407941274268,0.8333006995782609,0.05663519391641207,555.1474135735712,-418.8934935365195,1955.9377363902122,6.75448258955386
0.808000000,0.8656614326069558,0.8974013774427476,0.8815314050248517,0.8365191990978607,0.056644893690627564,555.2918657529591,-418.7161549317417,1956.0882064843986,6.7564917528903585
0.812000000,0.8666102665247877,0.898357623958006,0.8824839452413968,0.8395450893198236,0.05665413285687619,555.433674119112,-418.5479997068367,1956.2135191097493,6.758488260096631
0.816000000,0.8675191694193813,0.8992732696754473,0.8833962195474143,0.8423772037197937,0.05666308856139643,555.5724604782916,-418.3886195195323,1956.3142457462495,6.760557945337447
0.820000000,0.868386265879991,0.9001464117580156,0.8842663388190033,0.8450110526236155,0.0566718649913886,555.7078638371449,-418.2379309699626,1956.391530716932,6.762704459165089
0.824000000,0.8692099703045244,0.9009754560647423,0.8850927131846333,0.847451032290958,0.05667953987826421,555.8395787554941,-418.0987861119089,1956.4460516693161,6.764673019291672
0.828000000,0.8699889797027822,0.9017591038474535,0.8858740417751179,0.8496975772749512,0.056686590970622654,555.9673475038688,-417.96826001009447,1956.4784236138653,6.766592916046558
0.832000000,0.8707222654821152,0.902496341689158,0.8866093035856366,0.8517529652913403,0.056693443443128586,556.0909041849949,-417.8467621836611,1956.4897147292727,6.768615481856843
0.836000000,0.8714090631646201,0.9031864326646399,0.88729774791463,0.8536173158471291,0.05670137552037573,556.2100417764663,-417.7345116259916,1956.4808693453374,6.7707990509781855
0.840000000,0.8720488618443625,0.9038289034358371,0.8879388826400998,0.8552987888537105,0.05670740699705277,556.3245736754967,-417.63144696527394,1956.4529262780957,6.772818204970242
0.844000000,0.8726413929297223,0.9044235315229514,0.8885324622263369,0.8567994479769964,0.056713652308601765,556.4343538254753,-417.5381032347578,1956.406987526776,6.774873791762463
0.848000000,0.8731866182259438,0.9049703321392002,0.889078475182572,0.8581249020789652,0.05671971309878357,556.5392778241353,-417.4541729842474,1956.344108119569,6.77694709542327
0.852000000,0.8736847176842417,0.905469544013286,0.8895771308487639,0.8592804629790086,0.056724952485326455,556.6392663087857,-417.37965149575064,1956.2654236910357,6.779064224742508
0.856000000,0.8741360767802604,0.9059216155040701,0.8900288461421653,0.8602689976754525,0.05673046886560826,556.7341933744269,-417.31476297461256,1956.1722344310226,6.781016165757541
0.860000000,0.8745412734797213,0.9063271896066283,0.8904342315431748,0.8611001467647257,0.05673761585637221,556.8240372696071,-417.2586044918524,1956.0657399106349,6.783319752251107
0.864000000,0.874901063215674,0.9066870885437623,0.8907940758797182,0.861782923294614,0.05674455636202175,556.9088000978908,-417.21425142548725,1955.9473533437392,6.785548445731303
0.868000000,0.8752163667029009,0.9070022998113103,0.8911093332571056,0.8623237390526853,0.05675117226649792,556.9885088657726,-417.17637515234384,1955.8174264255415,6.787667046379616
0.872000000,0.8754882567352524,0.9072739613719705,0.8913811090536115,0.8627293238591983,0.056758012072402865,557.063180893226,-417.1485625842227,1955.6779565869722,6.789873919354374
0.876000000,0.8757179436775573,0.9075033466293121,0.8916106451534347,0.8630080452009333,0.056764954976856116,557.132871251931,-417.1298491748017,1955.5299420921024,6.7921084583676805
0.880000000,0.8759067625478707,0.9076918502578906,0.8917993064028806,0.8631679398051406,0.056772329729879875,557.1976443094732,-417.12004841161894,1955.3745421385665,6.794361597644323
0.884000000,0.8760561598389245,0.9078409739452553,0.8919485668920899,0.8632181103155246,0.056779785011991456,557.2576107554786,-417.1188274774494,1955.2128514848991,6.796632707477791
0.888000000,0.8761676803992344,0.9079523128861808,0.8920599966427076,0.8631665373743219,0.05678779375795383,557.3128589021647,-417.1262285865144,1955.0460082357727,6.79891786860566
0.892000000,0.87624295430156,0.9080275420468666,0.8921352481742133,0.8630225278777817,0.05679677435125596,557.363535438666,-417.14344138856677,1954.875315161581,6.801285306251665
0.896000000,0.8762836856566878,0.9080684036842541,0.892176044670471,0.8627931047060853,0.05680434278920651,557.4097039735809,-417.16681480651613,1954.7010658834931,6.803575367511808
0.900000000,0.876291639548711,0.9080766947680985,0.8921841671584048,0.8624914651826814,0.05681385689777181,557.4516523237716,-417.1983063483651,1954.5247221181826,6.805850091172476
0.904000000,0.8762686299207587,0.9080542550284321,0.8921614424745954,0.8621238189752745,0.056824023335379746,557.4894965427209,-417.23722973449884,1954.347049990528,6.808112134816685
0.908000000,0.8762165094893248,0.9080029562107086,0.8921097328500167,0.8616986851972918,0.05683463282955972,557.5234081048384,-417.2831365946129,1954.1689194132964,6.810354763307823
0.912000000,0.8761371587073796,0.90792469123015,0.8920309249687648,0.8612244015352919,0.05684515947757413,557.5535784374931,-417.33572226196753,1953.9910993460219,6.81258454098057
0.916000000,0.8760324751870741,0.9078213639459705,0.8919269195665223,0.8607099721006548,0.056856448620126156,557.5802217404181,-417.3946456878604,1953.8142903583985,6.8147792580632105
0.920000000,0.8759043641542803,0.9076948798200135,0.8917996219871469,0.8601626553096173,0.056868001548314805,557.6035165324907,-417.45948054159925,1953.6392175050235,6.816939189346309
0.924000000,0.8757547290947656,0.9075471369146015,0.8916509330046836,0.8595906781322877,0.056879461994265995,557.6236818874476,-417.5297681145929,1953.4664912473786,6.81906345009134
0.928000000,0.8755854628042243,0.9073800174360116,0.891482740120118,0.8590016862282035,0.056891142042870234,557.6409333050677,-417.6050810900935,1953.2966754005365,6.8211408968884815
0.932000000,0.8753984391421881,0.9071953800020935,0.8912969095721408,0.8584026408715152,0.056902706396469535,557.6554738326056,-417.68493470210876,1953.1303219222846,6.823170276853976
0.936000000,0.8751955051719449,0.9069950523989263,0.8910952787854356,0.8578007541891973,0.05691503100413202,557.6675270398028,-417.7689331327191,1952.9679078921083,6.8251308025092685
0.940000000,0.8749784738315185,0.9067808248777425,0.8908796493546305,0.8572024826112341,0.05692735892737848,557.6773065752169,-417.8566227107367,1952.8098744777917,6.827028582674624
0.944000000,0.8747491172514117,0.9065544440583153,0.8906517806548635,0.856614091926542,0.05693927428721775,557.6850254112112,-417.9474620977154,1952.6566281587816,6.828864665193703
0.948000000,0.8745091605314883,0.906317607362169,0.8904133839468287,0.8560411821799336,0.056951630941481104,557.690887349667,-418.0410273471065,1952.5085474884481,6.830618541201547
0.952000000,0.8742602759938904,0.9060719579333352,0.8901661169636128,0.8554896754820931,0.0569638735099621,557.6951130889896,-418.1368292853646,1952.3659281497949,6.832294664158679
0.956000000,0.8740040780330816,0.9058190801627575,0.8899115790979195,0.8549639466627739,0.056975833045502904,557.6978821142247,-418.2344195994185,1952.2290901397769,6.833891478904571
0.960000000,0.8737421186784644,0.905560495562824,0.8896513071206442,0.85446983435551,0.056987179369244426,557.6994259934428,-418.3330836950568,1952.0982340647008,6.8354054237045805
0.964000000,0.8734758833997915,0.9052976593415565,0.889386771370674,0.8540111507273022,0.05699909264879176,557.6999271315927,-418.4326289672047,1951.9735732451993,6.836821920220638
0.968000000,0.8732067876364766,0.9050319575360533,0.8891193725862649,0.8535915534796049,0.05701021134312299,557.6995596604652,-418.53245940438984,1951.8553124695236,6.838156011834128
0.972000000,0.8729361738024579,0.904764704375296,0.888850439088877,0.8532163874384,0.05702075410910069,557.6985332213002,-418.63223696798985,1951.7435105655707,6.839354304597844
0.976000000,0.8726653089143355,0.9044971402392576,0.8885812245767966,0.8528867407614253,0.05703123215606386,557.6970095200835,-418.7313636896562,1951.638320632111,6.84050285964875
0.980000000,0.8723953827401658,0.9042304301173942,0.88831290642878,0.8526063012655762,0.05704092291780937,557.6951579620077,-418.829449919658,1951.5397890994561,6.84156845114247
0.984000000,0.8721275062248282,0.9039656624771482,0.8880465843509882,0.8523778150926299,0.057051341556821594,557.6931344670554,-418.926283925002,1951.4479448836778,6.842522001911156
0.988000000,0.8718627109029029,0.903703848645435,0.8877832797741689,0.8522016215421613,0.05706236247360977,557.6910162634281,-419.0207500977592,1951.3628824108,6.843319981971931
0.992000000,0.8716019473013574,0.9034459217322279,0.8875239345167927,0.8520849718215334,0.05707100819873839,557.6890993759528,-419.1136169846143,1951.2843122913062,6.844109901187043
0.996000000,0.8713460850648431,0.9031927369248649,0.887269410994854,0.8520262321532348,0.05707920813067306,557.6874525027931,-419.2041467600393,1951.2122525779596,6.844815277185088
1.000000000,0.8710959141503167,0.9029450724697057,0.8870204933100112,0.8520275590502855,0.05708712412469023,557.6862292534029,-419.29215375935775,1951.1466048907682,6.845444585428059
1.004000000,0.8708521452099092,0.9027036299681868,0.886777887589048,0.8520884976256154,0.05709501191814257,557.6855093495717,-419.3777149332075,1951.0873438037586,6.8459663571774465
1.008000000,0.8706154108608644,0.9024690360742653,0.8865422234675648,0.8522121420733162,0.05710334809363048,557.6854475161479,-419.45941363074274,1951.034005055045,6.8463497278028855
1.012000000,0.8703862671280973,0.9022418438632656,0.8863140554956814,0.8523963618862744,0.05710924538845049,557.6861334840529,-419.53833335699494,1950.9868445083,6.8467827954488865
1.016000000,0.8701651949477878,0.9020225339228602,0.886093864435324,0.852643357687953,0.057115501772273355,557.6876749168244,-419.61396509594005,1950.9453039414786,6.847119432827442
1.020000000,0.8699526023879542,0.9018115165928009,0.8858820594903776,0.8529529546779258,0.05712006258942787,557.6901406857098,-419.6861813145916,1950.90923310133,6.847471252523337
1.024000000,0.8697488271827893,0.9016091342705295,0.8856789807266594,0.8533235165341904,0.05712652933756243,557.6936247007023,-419.75485412576717,1950.8785983178836,6.847660043922832
1.028000000,0.86955413892845,0.9014156634148947,0.8854849011716723,0.853755979660952,0.05713161896510233,557.6981921332332,-419.81998319479766,1950.8528809898867,6.847843134307917
1.032000000,0.869368741693421,0.9012313170373716,0.8853000293653963,0.8542495599838281,0.057136799916697276,557.7039117932794,-419.88161848316344,1950.8319138124725,6.847982570247451
1.036000000,0.8691927770980783,0.9010562474604455,0.8851245122792619,0.8548031577135535,0.05714166789739521,557.7108367270242,-419.93971190761505,1950.8154353696702,6.848089997167165
1.040000000,0.8690263272749235,0.9008905490302084,0.8849584381525659,0.8554157815431195,0.0571462349260609,557.7190013172385,-419.994358969706,1950.8031734225704,6.8481746284255065
1.044000000,0.8688694178251097,0.900734260864624,0.8848018393448669,0.8560871856364095,0.05715039212624731,557.728476207738,-420.0456015881244,1950.7947967918417,6.848245169868761
1.048000000,0.8687220225146746,0.9005873717778314,0.884654697146253,0.8568098039781681,0.05715124064855678,557.7392007710882,-420.0938667560043,1950.790684538336,6.848293877804494
1.052000000,0.8685840638436133,0.9004498195872372,0.8845169417154253,0.8575953963044449,0.05715696936463366,557.7513795997518,-420.1385138374685,1950.7889450914731,6.848351174735561
1.056000000,0.8684554171347543,0.9003214951481056,0.8843884561414299,0.8584330893554297,0.05716088914961433,557.7649104328173,-420.18022019816397,1950.7906256083927,6.848400261631105
1.060000000,0.8683359156660657,0.9002022479161411,0.8842690817911034,0.859322661244061,0.05716419873149463,557.779824842282,-420.21896968439324,1950.7950638880707,6.848463537932275
1.064000000,0.8682253527440054,0.900091887162688,0.8841586199533467,0.8602619086366403,0.0571676000526429,557.7961112345093,-420.25483573453846,1950.8020821274865,6.8485046074688425
1.068000000,0.8681234846328039,0.8999901849565788,0.8840568347946913,0.8612497641723594,0.0571707598607192,557.8138005776815,-420.2877594188304,1950.8113656602334,6.848481307063186
1.072000000,0.8680300346714347,0.8998968800940048,0.8839634573827198,0.8622849901856184,0.05717425828999616,557.8328791372518,-420.31856835197425,1950.8225460940457,6.84857378085571
1.076000000,0.867944698634048,0.8998116824489557,0.8838781905415019,0.8633594102934965,0.05718128475581321,557.8532561763861,-420.3467943617341,1950.8360630309412,6.848702036836474
1.080000000,0.8678671434078638,0.8997342729527844,0.8838007081803241,0.8644849334391783,0.057183722287374714,557.875120979513,-420.37348297005076,1950.8500433289344,6.84883243939189
1.084000000,0.8677970116170144,0.8996643077263826,0.8837306596716985,0.8656489005301223,0.05718759159432365,557.8982962507188,-420.39808576810543,1950.8655871705819,6.849008588656081
1.088000000,0.8677339274380103,0.8996014229146851,0.8836676751763477,0.866851393558802,0.0571917495644937,557.9227886184377,-420.4209727027171,1950.882096203918,6.849210894449579
1.092000000,0.8676774973315702,0.8995452360233145,0.8836113666774423,0.8680899676099721,0.05719535231223809,557.9485850147363,-420.4423004525039,1950.899365129252,6.84945393048494
1.096000000,0.8676273129855332,0.8994953488920174,0.8835613309387753,0.8693648534933649,0.05720013223922719,557.9756403577439,-420.46215505791366,1950.917141110119,6.849833250832505
1.100000000,0.8675829548632095,0.8994513506687838,0.8835171527659966,0.8706719246389402,0.05720475123283138,558.0039444020201,-420.4808693018345,1950.9352021871646,6.850141861995969
1.104000000,0.867543994673639,0.8994128205498839,0.8834784076117614,0.8720096697087261,0.05720955102332418,558.0334516160397,-420.4986693299509,1950.9533399493362,6.850486800728708
1.108000000,0.8675099979314638,0.899379330596247,0.8834446642638554,0.8733759883917794,0.05721432902587524,558.0641155622432,-420.5157038500169,1950.9713789222392,6.850883362335228
1.112000000,0.8674805266720114,0.8993504477580387,0.883415487215025,0.8747693631365113,0.057219748982280216,558.0958983586447,-420.53187468279197,1950.9891569585834,6.851296804567702
1.116000000,0.8674551414273992,0.8993257363505336,0.8833904388889664,0.8761878977664869,0.05722524404437711,558.1287599208291,-420.5477337995323,1951.0064697571447,6.851762152304311
1.120000000,0.8674334035426625,0.8993047604464977,0.8833690819945801,0.8776302899437819,0.057230763511324834,558.1626722245676,-420.5631573100619,1951.023141147727,6.852266986585821
1.124000000,0.8674148775386072,0.8992870859322295,0.8833509817354184,0.8790942485780348,0.05723662351906823,558.1975810311874,-420.5783621503303,1951.0390426169297,6.8528116712486735
1.128000000,0.8673991329010704,0.8992722825915109,0.8833357077462907,0.8805780245539143,0.05724272299625395,558.2334277673481,-420.59350001558835,1951.054057059579,6.853393014021896
1.132000000,0.8673857448033999,0.8992599260206191,0.8833228354120095,0.8820822405022688,0.05724959222953309,558.2702170359045,-420.6093716007227,1951.0679685527393,6.854052925843804
1.136000000,0.867374297575509,0.8992495991989813,0.8833119483872451,0.8836012071174758,0.057256092175696924,558.3078318453321,-420.62465941848484,1951.0808108750816,6.854695662128714
1.140000000,0.8673643860720546,0.8992408940871854,0.88330264007962,0.8851363816705521,0.057262965930199826,558.3462670757582,-420.64032661713105,1951.0923703562903,6.855383904825773
1.144000000,0.8673556157220617,0.8992334132047404,0.883294514463401,0.8866862086122529,0.05726986555648057,558.3854805091094,-420.6563673617449,1951.1025652180792,6.856112255708646
1.148000000,0.8673476045062927,0.8992267709777337,0.8832871877420132,0.8882491148819538,0.05727715783258093,558.4254194170234,-420.6729037367558,1951.1113337330976,6.856872803571131
1.152000000,0.8673399842408998,0.8992205948970309,0.8832802895689653,0.8898235474952673,0.057284834362801774,558.4660474821452,-420.68996245559333,1951.118608166883,6.857668466575392
1.156000000,0.8673324012495982,0.8992145265984988,0.8832734639240485,0.891409032685111,0.05729208989407224,558.5073192014435,-420.7076889925298,1951.1242700402668,6.858505584409505
1.160000000,0.8673245173153248,0.8992082229558491,0.883266370135587,0.8930041976003015,0.05729999313562405,558.5491884769258,-420.72619618028307,1951.1283931142168,6.859358232892036
1.164000000,0.8673160104877695,0.899201356788808,0.8832586836382887,0.8946081757280627,0.05730817069117225,558.5916087225762,-420.7454097773876,1951.1308467494664,6.860240750191129
1.168000000,0.8673065754985316,0.899193617482041,0.8832500964902863,0.8962203446785216,0.05731622522089811,558.6345528235314,-420.7654706362502,1951.1316236847883,6.861157010104572
1.172000000,0.8672959241061022,0.899184711557595,0.8832403178318486,0.8978373493092399,0.05732491278386695,558.6779887485013,-420.7864449315135,1951.1306587155932,6.862089207706504
1.176000000,0.8672837863736476,0.8991743638916461,0.8832290751326468,0.899463591970623,0.0573330232862496,558.7218536611313,-420.80830112893585,1951.128137954896,6.8630632187522504
1.180000000,0.8672699099133041,0.8991623170747829,0.8832161134940435,0.901095621694215,0.05734181218152076,558.7661376644418,-420.8311487787596,1951.1238035790586,6.864051836341106
1.184000000,0.8672540598312821,0.8991483314527642,0.8832011956420232,0.9027331890331257,0.05735052007751469,558.8108058297886,-420.8549686213067,1951.1177404967907,6.865066554031142
1.188000000,0.8672360197643911,0.8991321861647492,0.8831841029645702,0.9043753969787585,0.057359527236686136,558.8558116149754,-420.8798056728918,1951.1100140019203,6.866099465168101
1.192000000,0.8672155916196402,0.899113678980882,0.8831646353002611,0.906021352027258,0.057368399958734634,558.9011387730994,-420.90590367406264,1951.1005971357934,6.867040394168907
1.196000000,0.8671925952499322,0.8990926259185272,0.8831426105842297,0.9076726070209962,0.057377784590908976,558.9467610339091,-420.9328392664208,1951.0895500059253,6.868111253372708
1.200000000,0.8671668684795861,0.8990688613831992,0.8831178649313927,0.9093279204313993,0.05738690294419201,558.9926390843883,-420.96090130744085,1951.0768864397392,6.869186611333914
1.204000000,0.8671382668943011,0.8990422379258263,0.8830902524100637,0.9109869843646764,0.05739651784262704,559.03875931879,-420.9899954867148,1951.0626517967864,6.8702913897624125
1.208000000,0.8671066634898068,0.8990126257999691,0.883059644644888,0.9126499878947394,0.05740644950328792,559.0850986121859,-421.0201506706981,1951.04687635342,6.871428215989911
1.212000000,0.8670719482483236,0.8989799126320435,0.8830259304401835,0.9143172960463324,0.05741678807440728,559.1316284162564,-421.0512264696538,1951.0296381260416,6.872671387577453
1.216000000,0.8670340278968496,0.8989440021490225,0.882989015022936,0.9159888392439874,0.057426288560335166,559.1783632409357,-421.08290303070874,1951.0109004522603,6.873780042616413
1.220000000,0.866992825172332,0.8989048152829326,0.8829488202276323,0.9176623709441275,0.05743614476133746,559.2252289798628,-421.1163498331458,1950.9908497108665,6.874946853011708
1.224000000,0.8669482779500157,0.898862290476174,0.8829052842130949,0.9193386344680831,0.05744667230100535,559.2722258880605,-421.1516154478597,1950.9694605219804,6.876171566218709
1.228000000,0.866900339121699,0.8988163813966139,0.8828583602591564,0.921017848886238,0.057456901958175634,559.3192921377125,-421.18922499801664,1950.946703731171,6.877394717353581
1.232000000,0.866848976772701,0.8987670543610022,0.8828080155668516,0.9227035652887081,0.057466542879804086,559.3665281612241,-421.22587135270834,1950.9227791377273,6.878532127195746
1.236000000,0.8667941715852834,0.8987142892528368,0.8827542304190601,0.924395446426411,0.05747699854135445,559.413908762174,-421.26422657608225,1950.897618289256,6.879734033355648
1.240000000,0.86673591648524,0.8986580800263084,0.8826969982557742,0.9260920440423305,0.05748764693079293,559.4613965483727,-421.30363420594216,1950.8714024947762,6.8809424386156
1.244000000,0.8666742174136743,0.8985984330207231,0.8826363252171987,0.9277933986056242,0.05749821763635671,559.5089826193635,-421.3439720892614,1950.844200091197,6.882163104074298
1.248000000,0.8666090918951141,0.8985353661740305,0.8825722290345723,0.9295003294541938,0.05750870367394429,559.5566698863879,-421.38526908119576,1950.8160455116079,6.883400316699439
1.252000000,0.8665405680954308,0.8984689086092033,0.882504738352317,0.9312129201839793,0.05751956627955668,559.6044416952432,-421.4275896648676,1950.7870315307944,6.884646849164418
1.256000000,0.8664686843289928,0.8983990997570572,0.882433892043025,0.9329320968382104,0.05753054937531529,559.6523109968743,-421.4708915498601,1950.7571946286478,6.885904079294633
1.260000000,0.8663934883038564,0.8983259885387156,0.882359738421286,0.934658190591951,0.0575417132270855,559.7002776749733,-421.51516308542176,1950.726594259201,6.887170034859668
1.264000000,0.8663150364358927,0.8982496326644878,0.8822823345501902,0.9363915834526321,0.057553054610940006,559.7483415303781,-421.5603961358851,1950.695298699023,6.888444060764533
1.268000000,0.8662333931451798,0.8981700978402927,0.8822017454927362,0.9381325773460146,0.05756411021566091,559.7965046309516,-421.60652403601495,1950.6633713445171,6.889732905180388
1.272000000,0.8661486301055845,0.8980874569704298,0.8821180435380072,0.939881692999591,0.05757544427709907,559.8447667441625,-421.653559170326,1950.630878831195,6.891027416580227
1.276000000,0.8660608254940456,0.898001789362695,0.8820313074283703,0.9416392146832532,0.0575866612517683,559.8931238990899,-421.7014387749528,1950.597892247048,6.892332936858936
1.280000000,0.865970063163914,0.8979131798844264,0.8819416215241702,0.9434063743638625,0.057598172768604225,559.9416022859275,-421.75018659429645,1950.5644321501009,6.8936435208788955
1.284000000,0.8658764320313281,0.8978217182566084,0.8818490751439683,0.9451830636554295,0.0576097034467198,559.9901967446392,-421.7997063543166,1950.5305696405774,6.8949671714030325
1.288000000,0.8657800256542316,0.897727495519689,0.8817537605869603,0.946971538125112,0.057620840404552925,560.0389489230496,-421.84780366160794,1950.49608247064,6.896181513492355
1.292000000,0.8656809409782653,0.897630611193037,0.8816557760856512,0.9487680483131935,0.05763311519448053,560.0877878707436,-421.900324715722,1950.4618063305943,6.897613221786258
1.296000000,0.8655792777192204,0.8975311680583076,0.881555222888764,0.9505767753311489,0.05764498023242727,560.1367838532437,-421.95231996439776,1950.427103051302,6.8989606530677845
1.300000000,0.8654751352740959,0.8974292675109012,0.8814522013924986,0.9523989068375922,0.0576575517305595,560.1859738908169,-422.0073158990247,1950.3918619923716,6.900418953209789
1.304000000,0.8653686200813695,0.8973250114921143,0.8813468157867419,0.954231176013149,0.05766873137033588,560.2353081968716,-422.05744511633253,1950.3568048477816,6.901631617242169
1.308000000,0.8652598395718627,0.8972185072667287,0.8812391734192957,0.9560754765275418,0.05768141577143154,560.2847846226472,-422.1128731254538,1950.321812083424,6.903076898502105
1.312000000,0.8651488974485915,0.897109862206591,0.8811293798275912,0.9579338412237676,0.05769360005019773,560.3344594249858,-422.1678527769467,1950.286548399295,6.904446221037195
1.316000000,0.8650358989009277,0.896999180437561,0.8810175396692443,0.9598061913800422,0.05770621841664676,560.3843456388154,-422.2234017477787,1950.2512187049654,6.9058131981927655
1.320000000,0.8649209494776073,0.8968865662990879,0.8809037578883476,0.9616923334103487,0.057718591296357584,560.4344284548542,-422.27924797593806,1950.2156407202613,6.907191100825088
1.324000000,0.8648041529370829,0.8967721241942996,0.8807881385656913,0.9635932015222445,0.05773135579637803,560.4847442870813,-422.33643132887096,1950.1805408719986,6.908590307893547
1.328000000,0.8646856112731314,0.8966559569607142,0.8806707841169228,0.9655095113137774,0.057744359700805804,560.5352854138682,-422.39448519857547,1950.1453394958944,6.910122216293264
1.332000000,0.8645654252890864,0.8965381651995017,0.880551795244294,0.9674397707201989,0.057757203660641646,560.586068427488,-422.45263864547394,1950.110275823163,6.9115233154172895
1.336000000,0.8644436942466314,0.8964188469557826,0.880431270601207,0.9693867115813504,0.05776930093675689,560.637104826037,-422.51066848791453,1950.0753298994564,6.912788872456688
1.340000000,0.8643205146350539,0.8962980982233404,0.8803093064291971,0.9713480828110717,0.057782271203460536,560.6883979306339,-422.569755448986,1950.0405554901365,6.914189097235877
1.344000000,0.86419597995814,0.896176012559124,0.880185996258632,0.9733254109562854,0.05779512309854136,560.73995938343,-422.6294194125758,1950.0059545929428,6.915602940846512
1.348000000,0.8640701807699713,0.8960526801362079,0.8800614304530896,0.9753203195907906,0.05780734864157875,560.7918122683914,-422.68956014435236,1949.971570501919,6.917019966648573
1.352000000,0.8639432042373585,0.8959281876128387,0.8799356959250986,0.977331100989963,0.05782053676332685,560.843959791877,-422.75015590021866,1949.9373648910157,6.918437551472262
1.356000000,0.8638151338694513,0.8958026180340539,0.8798088759517526,0.9793588020557795,0.057833597449433435,560.8964129178026,-422.81116131812735,1949.9033717214234,6.919873349295124
1.360000000,0.8636860493316476,0.8956760505437273,0.8796810499376875,0.9814039180579442,0.057847013782915124,560.9491874841146,-422.8725726472397,1949.8695876177983,6.921294535551507
1.364000000,0.8635560262936082,0.8955485602747615,0.8795522932841848,0.9834667374186086,0.05786036104938351,561.0022985004782,-422.93439729658655,1949.8360248882552,6.922725792891945
1.368000000,0.8634251363487664,0.895420218299293,0.8794226773240297,0.9855468444942677,0.05787369719927839,561.0557408625081,-422.99659685143473,1949.802705157009,6.924177577675092
1.372000000,0.8632934469198119,0.8952910914896535,0.8792922692047327,0.9876448909027307,0.057886953522713634,561.1095285778513,-423.05910920146835,1949.7696372564337,6.925626875571256
1.376000000,0.8631610211164258,0.8951612424064308,0.8791611317614283,0.9897611882620063,0.05790060452921429,561.1636816504911,-423.12187645683247,1949.736821604621,6.927071992593748
1.380000000,0.863027917722917,0.8950307294267219,0.8790293235748194,0.991895208288483,0.05791419211941688,561.2181868918241,-423.18509751744085,1949.7042267400097,6.928530701282136
1.384000000,0.8628941912051005,0.8948996066191057,0.8788968989121031,0.9940482746864127,0.05792710756925756,561.2730746840747,-423.24853390188974,1949.671866100348,6.930002677377805
1.388000000,0.8627598918655366,0.8947679235877928,0.8787639077266647,0.9962206467839546,0.05794207832527845,561.328356274934,-423.31208544796635,1949.6399862340784,6.931442643013659
1.392000000,0.8626250654744467,0.8946357262270794,0.8786303958507631,0.9984078203279485,0.05795541073549654,561.3839769380913,-423.3764495829913,1949.6079595908884,6.932941833028213
1.396000000,0.8624897533768205,0.8945030557971876,0.8784964045870041,1.0006156389430203,0.05796990514216073,561.440005373146,-423.44068306885976,1949.5761648558598,6.934400874862905
1.400000000,0.8623539924031718,0.8943699492914448,0.8783619708473083,1.002842455616647,0.05798282881307108,561.4964280962037,-423.50571233086976,1949.544377620437,6.935915478268694
1.404000000,0.8622178157893075,0.8942364396143887,0.8782271277018481,1.005088965812013,0.057997322154679516,561.5532883268945,-423.5702575010729,1949.5133172155843,6.937381160539515
1.408000000,0.8620812528132973,0.894102555596703,0.8780919042050002,1.0073529958810301,0.05801146306531376,561.6105430550965,-423.63538004678276,1949.4822179849998,6.938891850247101
1.412000000,0.8619443283332089,0.8939683223835857,0.8779563253583973,1.009635792898593,0.05802574752802879,561.6682141138938,-423.70079466980957,1949.4512921147452,6.940398588858312
1.416000000,0.8618070637339486,0.8938337610723153,0.8778204124031319,1.0119367465604816,0.0580404911304286,561.7263075508841,-423.7654960902049,1949.4205081298762,6.941865879760628
1.420000000,0.8616694766634225,0.8936988892345852,0.8776841829490039,1.0142571660596913,0.05805453750583288,561.7848179524545,-423.8311479396234,1949.3898892703392,6.943361748202808
1.424000000,0.8615315809520752,0.8935637210857124,0.8775476510188938,1.0165953392102,0.05806875776266317,561.8437431843759,-423.89701106732633,1949.35943940009,6.944903795548268
1.428000000,0.8613933879381932,0.8934282670545031,0.8774108274963481,1.01895229420393,0.05808310266502857,561.903101785382,-423.96246488245714,1949.3291198063064,6.946423408291099
1.432000000,0.8612549041893942,0.8932925343623594,0.8772737192758768,1.021329273619526,0.05809809002925981,561.9629066492273,-424.0291522516254,1949.2988298328848,6.94808505727211
1.436000000,0.8611161331625112,0.8931565273020539,0.8771363302322825,1.0237227604528423,0.058113044708811616,562.0231218902666,-424.09563791299837,1949.2686911473743,6.949613928988987
1.440000000,0.8609770738849676,0.8930202479138529,0.8769986608994103,1.026136804898861,0.058127053997386394,562.0838233349641,-424.16571500425823,1949.2387020144156,6.951269472625242
1.444000000,0.8608377264716438,0.8928836948625758,0.8768607106671098,1.0285645188796362,0.058142022055240175,562.1448740040232,-424.2317209797249,1949.2088000426074,6.952730092541263
1.448000000,0.8606980883881192,0.8927468636574218,0.8767224760227705,1.0310132797594618,0.05815705744023272,562.2063859721634,-424.2993805148492,1949.178891563343,6.9543024310946
1.452000000,0.8605581510797862,0.8926097478423287,0.8765839494610574,1.0334804485468783,0.05817174686788702,562.2683387879974,-424.3674771254506,1949.1489661905705,6.955911845797104
1.456000000,0.860417904852838,0.8924723386604398,0.8764451217566389,1.035966038413542,0.05818691297345553,562.3307338893355,-424.43583190956787,1949.119073574396,6.957506587274216
1.460000000,0.8602773386477054,0.8923346251367974,0.8763059818922514,1.0384694353869337,0.05820210069796096,562.3935583416771,-424.5043537750506,1949.0892033474015,6.9591119995324995
1.464000000,0.8601364390135728,0.8921965944718835,0.8761665167427282,1.0409905045620642,0.05821749492100733,562.4568103099728,-424.5732230752574,1949.059334361318,6.960731537663137
1.468000000,0.8599951891622197,0.8920582322758719,0.8760267107190458,1.0435328046741292,0.058233193645233355,562.5205490204547,-424.6434383500203,1949.0293306679891,6.962455016519389
1.472000000,0.8598535724702572,0.8919195223592027,0.8758865474147299,1.0460922273454136,0.05825019875376129,562.5846489094965,-424.7120232088736,1948.9994973930043,6.964445676858671
1.476000000,0.8597115721752431,0.8917804455872442,0.8757460088812437,1.048669050235964,0.05826585137347284,562.6492271526113,-424.7806320010646,1948.9694756404917,6.9659987094278915
1.480000000,0.8595691686111024,0.89164098323171,0.8756050759214062,1.0512637809683005,0.05827985448463442,562.7141991360282,-424.8514833719617,1948.9395019018684,6.967322434052177
1.484000000,0.8594263413303764,0.891501116395716,0.8754637288630462,1.0538731554125227,0.05829537027004944,562.7796069952983,-424.92181793480773,1948.909417707807,6.969024298833502
1.488000000,0.8592830698238032,0.8913608240277426,0.8753219469257729,1.0564986444271214,0.05831131548003482,562.845428010037,-424.9923986502836,1948.8792302563356,6.970704171049393
1.492000000,0.8591393326408223,0.8912200844970215,0.8751797085689219,1.0591417912289687,0.058327248645913626,562.911681461934,-425.0632999204318,1948.848964241193,6.972398207521529
1.496000000,0.8589951077238425,0.8910788760195487,0.8750369918716956,1.0618015680790613,0.05834330098247659,562.9783468554032,-425.1345780514592,1948.8185707803996,6.974104262999242
1.500000000,0.8588503726837757,0.8909371763604526,0.8748937745221141,1.0644787355722554,0.05835925201308577,563.0454321325044,-425.20621357104983,1948.7880430375283,6.975803606104842
1.504000000,0.8587051041641018,0.890794963404872,0.8747500337844869,1.0671714457791133,0.05837526567542918,563.1129484464925,-425.27933487106236,1948.7573243181487,6.977440285504041
1.508000000,0.8585592803782589,0.8906522146892684,0.8746057475337636,1.0698813936420286,0.058391290415195515,563.1808585219144,-425.3508660187977,1948.7266141316295,6.979152958966356
1.512000000,0.8584128790894283,0.8905089066932419,0.8744608928913351,1.0726079528941035,0.05840778677222898,563.2491788080933,-425.42411470166746,1948.695756626549,6.9808991254481665
1.516000000,0.8582658771827596,0.8903650178106801,0.8743154474967199,1.0753510762926124,0.05842433977131304,563.3179162882366,-425.4968151319086,1948.6644940192361,6.982636803119226
1.520000000,0.858118252510792,0.8902205268566803,0.8741693896837361,1.0781104189116886,0.05844074759842983,563.387054857823,-425.5703166980735,1948.6331837187156,6.984408628320277
1.524000000,0.8579699833424144,0.8900754118273255,0.87402269758487,1.0808853450383284,0.05845753009658258,563.4565762906134,-425.6442371951936,1948.6017109657,6.9861940574593575
1.528000000,0.8578210482726973,0.8899296514148176,0.8738753498437575,1.083676934922699,0.058474356798657444,563.5265080665517,-425.71851656709174,1948.5700225034705,6.987985556934621
1.532000000,0.857671426557701,0.8897832249545843,0.8737273257561426,1.0864840662312378,0.058491234820024406,563.5968167694729,-425.79322588504743,1948.5381614866653,6.989791476159855
1.536000000,0.857521098138676,0.8896361121699101,0.8735786051542931,1.0893075152429115,0.058508272582407025,563.667520106055,-425.8682890266707,1948.506087298188,6.9916073851885265
1.540000000,0.8573700436002696,0.889488293396326,0.8734291684982978,1.0921468893785276,0.05852538099233243,563.7386131266359,-425.9438182991924,1948.4738201058972,6.993434218552385
1.544000000,0.8572182443355842,0.889339749723419,0.8732789970295016,1.095001551401304,0.05854253417649804,563.810070660314,-426.019719869399,1948.4413743197342,6.995270542105177
1.548000000,0.8570656824830536,0.8891904629331719,0.8731280727081128,1.097872609600451,0.05856005611883158,563.8819235278429,-426.0960672030551,1948.4086981359405,6.997109975611165
1.552000000,0.8569123409185266,0.8890404156590677,0.8729763782887972,1.100759042918615,0.05857699669560072,563.9541485950153,-426.17287993969285,1948.3757945791026,6.998971941375059
1.556000000,0.856758203484759,0.8888895914544861,0.8728238974696225,1.1036612050605679,0.058594616770678315,564.0267502524564,-426.250052707935,1948.342717552843,7.000835122029784
1.560000000,0.8566032494991163,0.8887379756901623,0.8726706125946393,1.106587841760212,0.05861325022801438,564.0998260410622,-426.33156259340586,1948.3092426120586,7.003032713398481
1.564000000,0.8564474636004462,0.8885855541994943,0.8725165088999702,1.1095187768305947,0.05863049603253272,564.1731320142128,-426.40921226592445,1948.275942018715,7.0048525232359
1.568000000,0.8562908359549937,0.8884323076574958,0.8723615718062447,1.1124762474209615,0.05864735594428657,564.2469472547946,-426.4840102023575,1948.2420436918167,7.006433790014017
1.572000000,0.856133353722015,0.8882782224022066,0.8722057880621108,1.1154375897945341,0.058665150062245396,564.3209965638891,-426.5631215831586,1948.2083005484749,7.0083654052534
1.576000000,0.8559750047098191,0.8881232895789282,0.8720491471443736,1.1184168646109809,0.05868162866393757,564.395419395988,-426.6425306483833,1948.174259961672,7.010332077870411
1.580000000,0.8558157793790571,0.8879674976310667,0.8718916385050619,1.121410640701959,0.05869975704626228,564.4701836992731,-426.7222994454395,1948.1399682838157,7.012254310885664
1.584000000,0.8556556690231218,0.887810836177394,0.8717332526002579,1.1244212493418726,0.05871754968807072,564.5453157804698,-426.8025613719775,1948.105476326364,7.014200922108908
1.588000000,0.855494665732877,0.8876532971693081,0.8715739814510925,1.1274460087077853,0.05873726158851516,564.6207873977183,-426.88340668041576,1948.0708367134707,7.016115315643008
1.592000000,0.8553327627170404,0.8874948734209624,0.8714138180690014,1.130486452830272,0.058755999187016905,564.6966087782479,-426.96459863476645,1948.0358935364254,7.018084386218389
1.596000000,0.8551699538973452,0.887335558782425,0.8712527563398851,1.1335420645293974,0.05877449488372643,564.7727927430924,-427.04635652273043,1948.0007562733445,7.020058078426395
1.600000000,0.8550062340533628,0.8871753483296629,0.8710907911915129,1.1366124794570247,0.058793207838264055,564.8493199821365,-427.12852341284434,1947.9654224396782,7.022036253353891
1.604000000,0.8548415990684788,0.8870142383139381,0.8709279186912084,1.1396979849038065,0.05881177871953108,564.9261918622583,-427.21110677532016,1947.9298941694917,7.024029797161074
1.608000000,0.8546760456543865,0.8868522260462299,0.8707641358503082,1.1427984282652193,0.05883041014807719,565.0034016491499,-427.29420031578496,1947.8941721412075,7.0260342773965245
1.612000000,0.8545095715216888,0.8866893099419855,0.8705994407318371,1.1459108218884129,0.058848090173123195,565.0809254133247,-427.37781226316383,1947.8583211543455,7.027914897175427
1.616000000,0.8543421752595748,0.8865254891766057,0.8704338322180902,1.1490409567058215,0.05886706349047201,565.1587824390363,-427.4618055057989,1947.8222219923155,7.029928797198533
1.620000000,0.8541738560540324,0.8863607631629691,0.8702673096085007,1.1521871036830984,0.05888583286237298,565.2369911554549,-427.546063953585,1947.7859121918877,7.031960844024575
1.624000000,0.8540046139086854,0.8861951320657084,0.8700998729871969,1.15534829219328,0.05890495351257677,565.3155290120317,-427.6308694886329,1947.749435115305,7.033997123079588
1.628000000,0.8538344496542152,0.886028596838969,0.8699315232465921,1.1585247383180592,0.05892409603121047,565.3944039371871,-427.71614315955367,1947.7127719440725,7.036036716907
1.632000000,0.8536633650511192,0.8858611588719469,0.8697622619615331,1.1617162315748566,0.05894325579845626,565.4736100749951,-427.8016605054179,1947.6759437829303,7.038085078532967
1.636000000,0.8534913626603213,0.8856928201416991,0.8695920914010102,1.1649229011479731,0.05896264885622229,565.5531386849304,-427.88757467355305,1947.6388907784203,7.0401503634963145
1.640000000,0.8533184454857832,0.8855235834927129,0.869421014489248,1.168144651720842,0.05898204904906763,565.6330013658703,-427.9741590436637,1947.601791484759,7.042223943930256
1.644000000,0.8531446171918731,0.8853534523993858,0.8692490347956294,1.1713813298209537,0.05900145793806272,565.7131828129162,-428.06106994404877,1947.5645066271375,7.044304475117109
1.648000000,0.8529698826798437,0.8851824310917635,0.8690761568858036,1.1746304674165882,0.05901975664234299,565.7935991740517,-428.1476710204564,1947.527115632421,7.0464176418951645
1.652000000,0.8527942464251765,0.8850105238418706,0.8689023851335236,1.1778983002344798,0.059039681024678395,565.8744055755226,-428.2352004799799,1947.4895277394223,7.04852145562891
1.656000000,0.8526177125624486,0.8848377350291372,0.8687277237957929,1.1811816878913148,0.05905976319164319,565.9555488767962,-428.32324247580976,1947.4517562273122,7.050632840346485
1.660000000,0.8524402861402365,0.8846640698101709,0.8685521779752037,1.1844799666310197,0.05907960567443496,566.0370088519148,-428.4117251415612,1947.4138750318,7.052756685969223
1.664000000,0.8522619730951675,0.8844895340438796,0.8683757535695236,1.187790478588056,0.05910118646964216,566.1186913662546,-428.50112327333204,1947.375677219398,7.054854984822352
1.668000000,0.8520827787529583,0.884314133495252,0.8681984561241052,1.1911200288800363,0.05912084967786185,566.2007757965945,-428.59102255391366,1947.3376943704454,7.0570038771947745
1.672000000,0.8519027083498827,0.8841378736346428,0.8680202909922627,1.1944646171941518,0.05914078309068442,566.2831796307687,-428.68104318676615,1947.2994040787264,7.059141564982043
1.676000000,0.8517217678096358,0.8839607604099484,0.8678412641097921,1.1978242561920314,0.05916089388252112,566.3659061338277,-428.7716401339026,1947.2610197515812,7.061297571715151
1.680000000,0.8515399631243099,0.8837828000418142,0.867661381583062,1.2012030230286588,0.05917874529403473,566.449007397647,-428.8626322132143,1947.2228918667245,7.063503607881491
1.684000000,0.8513573014985241,0.8836039995507718,0.867480650524648,1.2045873555388145,0.05920230535024598,566.5323231714134,-428.95374495409266,1947.1844250297186,7.0656633099491035
1.688000000,0.8511737901285699,0.8834243660692636,0.8672990780989167,1.207991818994293,0.059222535664594754,566.6160008266522,-429.04546057089937,1947.145784511071,7.067836087425201
1.692000000,0.8509894361636015,0.8832439062845197,0.8671166712240606,1.2114114573968746,0.05924306672407086,566.6999906449383,-429.13715210015584,1947.1069368457863,7.07000103883697
1.696000000,0.8508042469887585,0.8830626273847173,0.8669334371867379,1.2148472565856683,0.059263597908221,566.7843236456304,-429.2296557614126,1947.0680010709802,7.072200859592117
1.700000000,0.850618230213172,0.8828805370483366,0.8667493836307543,1.218297644261135,0.059284315100398305,566.8689588373304,-429.3224282345766,1947.0289299224585,7.074406423355526
1.704000000,0.8504313935938086,0.8826976431164297,0.8665645183551192,1.2217638810898235,0.05930489722661619,566.9539242933613,-429.4158891984766,1946.9898407164549,7.0766086653476945
1.708000000,0.8502437451439278,0.882513953505196,0.8663788493245619,1.2252447141150757,0.059325577173366464,567.0392008727947,-429.50944350420593,1946.9505938562452,7.078825809344201
1.712000000,0.8500552929672551,0.882329476143525,0.86619238455539,1.2287409829717366,0.0593465524487006,567.1247978515883,-429.6034896769348,1946.9111722346054,7.081054932270574
1.716000000,0.8498660450299127,0.8821442186479089,0.8660051318389108,1.232256803445825,0.05936992010305561,567.2107670453603,-429.69771730579845,1946.8720460348502,7.083240220125725
1.720000000,0.8496760099865099,0.8819581897268165,0.8658170998566632,1.2357780285299105,0.059387639938601536,567.2969383345002,-429.7926732144666,1946.8325359069522,7.085486882557161
1.724000000,0.8494851960605843,0.8817713978678796,0.8656282969642319,1.2393188061787124,0.05940838719641543,567.3834789909091,-429.8879940683811,1946.7928154952147,7.087635479122363
1.728000000,0.8492936107854518,0.8815838508278944,0.8654387308066731,1.242875238642173,0.059430161114973075,567.4703357445258,-429.98380279481415,1946.7529974162978,7.090022971713912
1.732000000,0.849101262134738,0.8813955565865115,0.8652484093606247,1.2464482927673433,0.05945146182577196,567.5575095505081,-430.0797978089616,1946.7130646411963,7.092281427026439
1.736000000,0.8489081596639636,0.8812065227945851,0.8650573412292744,1.2500331084347056,0.05947192473718023,567.6449010128684,-430.1740644254202,1946.6730054816805,7.094524296601007
1.740000000,0.8487143114196982,0.8810167567340557,0.8648655340768769,1.253636866004597,0.05949344357183381,567.732667208897,-430.27003527963154,1946.6328745839166,7.096824653609092
1.744000000,0.8485197235816884,0.8808262654532797,0.864672994517484,1.2572564619674476,0.05951520224774523,567.8207523818733,-430.3665908144472,1946.592571055724,7.099133083292957
1.748000000,0.8483244029334429,0.8806350552627435,0.8644797290980932,1.2608928049255521,0.05953679796306849,567.9091705020911,-430.46325681820474,1946.5521904830396,7.101426515058302
1.752000000,0.848128356288754,0.8804431329671729,0.8642857446279635,1.2645413592920045,0.05955886081794526,567.9978735523314,-430.56091141770526,1946.511808619429,7.103791641748419
1.756000000,0.8479315900007833,0.8802505053024277,0.8640910476516055,1.2682062618528107,0.05958069796276661,568.0868974269548,-430.65869616932395,1946.4713202801247,7.106118871695118
1.760000000,0.847734110335395,0.880057178243689,0.863895644289542,1.271886373040214,0.05960252948377585,568.1762304198114,-430.75683721111204,1946.430780245027,7.108450722595594
1.764000000,0.8475359234992226,0.8798631576819105,0.8636995405905665,1.275581880546344,0.05962444317104623,568.2658760709446,-430.8552438871671,1946.3902318859027,7.110785718292165
1.768000000,0.8473370353563325,0.8796684496236935,0.863502742490013,1.279292290909325,0.05964648120367506,568.3558245936371,-430.9542653439692,1946.3495156943293,7.113134676433321
1.772000000,0.8471374526379236,0.8794730596472959,0.8633052561426098,1.2830175685116567,0.05966833264023548,568.4460784799403,-431.0528429704656,1946.3087434393785,7.1154469819514015
1.776000000,0.8469371812194311,0.879276993195063,0.863107087207247,1.2867586411363188,0.059690402832699926,568.5366523633661,-431.1525236973593,1946.2678877521123,7.117811222925827
1.780000000,0.8467362265044187,0.8790802556371347,0.8629082410707767,1.290513491567971,0.05971249827407868,568.6275111944182,-431.25212143732676,1946.226873818464,7.1201496452310575
1.784000000,0.8465345936046589,0.8788828520856242,0.8627087228451416,1.2942835452940789,0.05973598252843206,568.7187169703903,-431.3525940208384,1946.1858919712556,7.122674031834381
1.788000000,0.8463322872552794,0.8786847876369279,0.8625085374461037,1.2980702036546983,0.05975832282297559,568.8102123148145,-431.4533750519531,1946.144806476707,7.125062352167916
1.792000000,0.8461293122903584,0.8784860673070369,0.8623076897986977,1.3018722509088811,0.059780776556778714,568.9020217172956,-431.5545672630597,1946.1036034296906,7.127449262825422
1.796000000,0.8459256697917112,0.8782866967793126,0.8621061832855119,1.305690237879411,0.05980417582382016,568.9941600352374,-431.6588158288232,1946.062228852858,7.12995227921032
1.800000000,0.8457213661079663,0.878086681119953,0.8619040236139597,1.3095213276968014,0.05982595628409784,569.0865556074344,-431.75937022940076,1946.0210047325013,7.132281551653832
1.804000000,0.8455164080470468,0.8778860247056741,0.8617012163763604,1.3133687750807637,0.059848847475346426,569.1792746133791,-431.86176417486877,1945.9795489830278,7.134666145722396
1.808000000,0.8453107978059791,0.8776847321759647,0.8614977649909719,1.3172310037596755,0.05987154192972373,569.2722926867126,-431.9646011476589,1945.9379774866259,7.137088357360966
1.812000000,0.8451045401632769,0.8774828090959659,0.8612936746296214,1.3211017452442666,0.05989108115435989,569.3653652053646,-432.0675148039587,1945.896466949149,7.139639302854509
1.816000000,0.8448976767912342,0.8772802584706056,0.8610889676309199,1.3249897847892709,0.05991098714554792,569.4587127614697,-432.15317342467335,1945.8580700888306,7.141445989589008
1.820000000,0.844690205591931,0.8770770794920963,0.8608836425420137,1.328900215498051,0.059935000517873704,569.5525694150633,-432.25751189718346,1945.8158539782014,7.143973201150276
1.824000000,0.8444820949861054,0.8768732718360326,0.860677683411069,1.3328260205009408,0.05995858549931088,569.646731864277,-432.3624274627745,1945.77355808903,7.146549980497217
1.828000000,0.8442733350805725,0.876668837513904,0.8604710862972382,1.3367608039171468,0.059986711482733254,569.7409867868281,-432.4725467809524,1945.730482900628,7.149176420893255
1.832000000,0.8440639367736082,0.8764637763145373,0.8602638565440728,1.340714933936132,0.06000793598706068,569.835604631339,-432.5716348708536,1945.6897060080564,7.151425294964522
1.836000000,0.8438539006793491,0.8762580861907736,0.8600559934350613,1.3446860593875518,0.0600305850038489,569.9305795914162,-432.6765648086323,1945.6475675554727,7.153905878766975
1.840000000,0.8436432162801424,0.8760517665705123,0.8598474914253273,1.3486715691832576,0.06005375555472188,570.0258420367996,-432.78196057736164,1945.6052184089103,7.156418586868152
1.844000000,0.8434318837142456,0.8758448178726894,0.8596383507934675,1.352671513967811,0.060077181024512816,570.1214067570545,-432.88717991981923,1945.5632264266076,7.158882510705234
1.848000000,0.843219906280197,0.8756372405898389,0.859428573435018,1.3566857326806103,0.060100097573845386,570.2172513932081,-432.9923920694474,1945.5209717217301,7.161362211223917
1.852000000,0.8430072857161122,0.8754290269477849,0.8592181563319485,1.3607168099185751,0.060122220542550786,570.313454544954,-433.0933166408061,1945.4778540216546,7.163594354374406
1.856000000,0.8427940249819983,0.8752201895541134,0.8590071072680558,1.3647585150430799,0.06014689573739582,570.4098320130884,-433.2053593410714,1945.436856106111,7.166273402717864
1.860000000,0.8425801283488283,0.8750107333403889,0.8587954308446086,1.3688185296523865,0.06016967904314871,570.506599618125,-433.3074920173761,1945.3943867961814,7.168649362331114
1.864000000,0.8423655976217646,0.8748006552352621,0.8585831264285133,1.3728903369087364,0.06019379312414872,570.6036103633562,-433.4162878805747,1945.3518963213373,7.171256993803395
1.868000000,0.8421504342003203,0.8745899606920204,0.8583701974461704,1.3769772728272176,0.060217194788635436,570.7009143171863,-433.5236683957788,1945.3093904030038,7.173760028038814
1.872000000,0.8419346406351167,0.874378651933327,0.8581566462842218,1.3810789107019725,0.06024082049878891,570.7985131523845,-433.6306626090461,1945.266575034993,7.17627626066359
1.876000000,0.8417182223314654,0.8741667366355443,0.8579424794835049,1.3851782941994206,0.06026501446399876,570.8961456567149,-433.74015449579883,1945.2242589868265,7.178846137111489
1.880000000,0.8415011433653348,0.8739542155892082,0.8577276794772715,1.3893194187708635,0.06029299107494437,570.9945270884643,-433.8635181474482,1945.1774501769025,7.182038864982253
1.884000000,0.8412834034145504,0.8737410883940129,0.8575122459042817,1.393465917008726,0.060316863859760234,571.0929818820524,-433.9728789308792,1945.134395872693,7.184553808799785
1.888000000,0.8410650354738607,0.8735273608965741,0.8572961981852174,1.397625288572829,0.06034023579528622,571.1917059891448,-434.0815086817694,1945.0913642395615,7.187014867790092
1.892000000,0.8408460448650743,0.8733130361152206,0.8570795404901475,1.4017989049955222,0.060364337920467685,571.2907207520916,-434.1910141970091,1945.0478816597458,7.189548308902266
1.896000000,0.8406264337424716,0.8730981181852258,0.8568622759638487,1.4059873682808983,0.06038889468628075,571.3900055010783,-434.30264447315847,1945.004413149489,7.1922057552916
1.900000000,0.8404062098800864,0.8728826090466697,0.856644409463378,1.4101905966751638,0.06041322927720233,571.4895870478213,-434.41257093348383,1944.9605942422947,7.194739302280559
1.904000000,0.8401853772983259,0.8726665436855967,0.8564259604919613,1.4144005307079264,0.06044218427762478,571.5892192077466,-434.5436760300302,1944.9206844180674,7.198040179336918
1.908000000,0.8399639381511577,0.8724499223775268,0.8562069302643422,1.4186328792452194,0.060465982133900864,571.6893367193044,-434.6534034952422,1944.8764316515924,7.200522948688916
1.912000000,0.8397418900257207,0.8722327175070745,0.8559873037663976,1.4228807481779346,0.06049086104841457,571.7897657008796,-434.76624233614655,1944.8318831828778,7.2031098544153265
1.916000000,0.8395192307243491,0.8720149278078679,0.8557670792661085,1.4271414535908227,0.06051572402403769,571.8904362417013,-434.87941321567723,1944.7876773679568,7.2057363681363285
1.920000000,0.839295960581083,0.8717965540447068,0.8555462573128949,1.4314148264463105,0.060540855441797124,571.991350676418,-434.99355663534436,1944.743382372124,7.208424267187533
1.924000000,0.8390720798174272,0.8715775911500003,0.8553248354837137,1.4357046640720537,0.06056557187604386,572.0925637967563,-435.1071479654688,1944.699109699081,7.211060927620402
1.928000000,0.8388475912769024,0.8713580373984229,0.8551028143376627,1.440007271531787,0.0605904956432233,572.1940144107162,-435.2200079976325,1944.655076585731,7.213655679309728
1.932000000,0.8386224979029038,0.8711378937377674,0.8548801958203356,1.4443240108288857,0.06061563445378511,572.2957341010468,-435.3331794951902,1944.6112873137959,7.216322678017772
1.936000000,0.838396801550175,0.870917162833436,0.8546569821918055,1.4486556733140423,0.06064115704011117,572.3977353079212,-435.44861467234085,1944.5668824522581,7.219033554035324
1.940000000,0.8381705067375549,0.8706958484169718,0.8544331775772633,1.4530007371366869,0.060666726754165165,572.4999889739188,-435.5640001505982,1944.5225979432375,7.221744552692307
1.944000000,0.8379436195823757,0.8704739546714535,0.8542087871269146,1.4573601482083607,0.060692179244065454,572.6024960967582,-435.67970021758435,1944.4781933676454,7.224451345231572
1.948000000,0.837716145911898,0.8702514856519343,0.8539838157819162,1.4617335297408314,0.06071779154338246,572.7052615447844,-435.7955137232874,1944.433632696568,7.227151139999378
1.952000000,0.8374880946117287,0.8700284444825996,0.8537582695471642,1.4661200683791153,0.060742791893983475,572.8082591516571,-435.9094045706052,1944.3890934398573,7.229753191476231
1.956000000,0.8372594692702933,0.8698048340664428,0.853532151668368,1.4705235884215657,0.06076851139052328,572.9115584973717,-436.0270926474964,1944.343964410717,7.232558674642223
1.960000000,0.8370302730784118,0.8695806238217898,0.8533054484501008,1.4749477304077385,0.0607893871807845,573.0153244917697,-436.12565855127474,1944.2958864111056,7.234499999631195
1.964000000,0.8368005144436808,0.869355816994684,0.8530781657191824,1.4793764991385032,0.06081535292990484,573.1191198490724,-436.24257333998304,1944.2511673783629,7.237304355706742
1.968000000,0.8365701994447079,0.8691304429078457,0.8528503211762768,1.4838198199251338,0.06084185549021122,573.2231763981797,-436.3598117978643,1944.206282488478,7.240094482075311
1.972000000,0.8363393313869807,0.8689045040581647,0.8526219177225727,1.4882821051519972,0.06086916719104903,573.3276421373172,-436.4755685122546,1944.161141393275,7.242752840781669
1.976000000,0.8361079145495012,0.868678002869828,0.8523929587096646,1.4927531101252236,0.060894493159423434,573.4322561172851,-436.59202875384227,1944.1158150798967,7.245492684460506
1.980000000,0.8358759531940194,0.8684509480195288,0.8521634506067741,1.497238023077912,0.0609200223245886,573.5371188636504,-436.7086948842593,1944.0704113943455,7.248229609315182
1.984000000,0.8356434497645893,0.8682233414390339,0.8519333956018116,1.5017375818264427,0.06094443352108712,573.6422288027628,-436.82673030377805,1944.025220665526,7.2509473232936825
1.988000000,0.8354104057969352,0.8679951846443572,0.8517027952206462,1.5062576926871776,0.060967918353379544,573.7477801811019,-436.94507358642954,1943.9796445042941,7.253373131910092
1.992000000,0.835176823749066,0.8677664826241198,0.8514716531865929,1.5107823227808803,0.060994447603715946,573.8534084264395,-437.06349135927724,1943.9340249851653,7.256081724150049
1.996000000,0.8349427042120254,0.8675372394681062,0.8512399718400658,1.5153223032602712,0.061020556879471374,573.9593039289254,-437.18325907156736,1943.8880859453463,7.258881099864301
2.000000000,0.8347080509943368,0.8673074573273851,0.8510077541608609,1.519874562235447,0.06104628777669008,574.0654233152145,-437.2986034789044,1943.8416344479363,7.261471196440284
2.004000000,0.8344728657680065,0.8670771410349545,0.8507750034014805,1.524442877596627,0.061072541466367036,574.1718061930025,-437.4191791836542,1943.7956697551235,7.264234763133908
2.008000000,0.8342371506874713,0.8668462969019117,0.8505417237946915,1.529023233131798,0.061098295904630194,574.2783844859421,-437.5374022406069,1943.749804532945,7.266928864868827
2.012000000,0.8340009090086795,0.8666149300028536,0.8503079195057666,1.5336185131489188,0.06112459751051273,574.3852122934762,-437.6566474660282,1943.703721589067,7.269672027346132
2.016000000,0.8337641416623569,0.8663830458228858,0.8500735937426214,1.538227655046498,0.06115029498603901,574.492279127449,-437.77626472718725,1943.6576248920346,7.272459843309496
2.020000000,0.8335268497616397,0.8661506509690042,0.849838750365322,1.5428497727365826,0.06117615859914441,574.5995526196414,-437.8981314837093,1943.6118281889535,7.275352573058186
2.024000000,0.8332890351230304,0.8659177500604329,0.8496033925917317,1.5474868210978587,0.06120334039236271,574.7070854049471,-438.01812744122196,1943.565489828877,7.278102454501691
2.028000000,0.8330506996595943,0.8656843467657325,0.8493675232126634,1.5521374024433,0.06122968878386248,574.8148518500673,-438.1384501409346,1943.5192595290214,7.280889502229127
2.032000000,0.8328118420589448,0.8654504467718311,0.849131144415388,1.5568026552634215,0.061256362784837835,574.9230101130922,-438.2678697194948,1943.471565338372,7.2840223244935665
2.036000000,0.8325724642905072,0.8652160538712792,0.8488942590808932,1.5614830864694518,0.061283289926256056,575.0313310942857,-438.39064096307766,1943.4249873074705,7.286759683577499
2.040000000,0.8323325722476511,0.8649811711990338,0.8486568717233425,1.566172214406735,0.061310033128155694,575.1398195868933,-438.5133016134082,1943.3785858146737,7.28950366427749
2.044000000,0.8320921694510304,0.8647458026979393,0.8484189860744848,1.5708755416759794,0.06133680563736996,575.2485435392886,-438.6361728330802,1943.332020715416,7.292275742298554
2.048000000,0.8318512583412172,0.8645099515089782,0.8481806049250977,1.5755928133928239,0.06136348729899821,575.357489414461,-438.7592757694683,1943.2853880156156,7.295078979903974
2.052000000,0.8316098416322717,0.8642736204455872,0.8479417310389294,1.5803240443339353,0.06139051979113385,575.4666654921849,-438.8825628429033,1943.2386813879905,7.297887315730752
2.056000000,0.8313679215566765,0.8640368122518254,0.8477023669042509,1.5850684772737003,0.06141739893105634,575.5760565202311,-439.00606679287216,1943.191910583359,7.3007204286105045
2.060000000,0.831125499872698,0.8637995293366885,0.8474625146046932,1.5898267834538669,0.06144428231641884,575.6856719452843,-439.1298352763143,1943.14504782691,7.303582335744336
2.064000000,0.8308825780911633,0.8635617738078594,0.8472221759495113,1.5945986159623735,0.061471448459408204,575.7955056433852,-439.2538700182131,1943.0981202837265,7.30645359467227
2.068000000,0.8306391576501113,0.8633235474469387,0.846981352548525,1.5993842739506343,0.06149870075618953,575.9055648625205,-439.3781422037452,1943.0511145058347,7.309328507810946
2.072000000,0.8303952400927415,0.863084851715783,0.8467400459042622,1.6041832219378314,0.06152603075793668,576.0158381541478,-439.5026458927256,1943.0040519074707,7.31221142065364
2.076000000,0.8301508271561318,0.8628456877564048,0.8464982574562683,1.6089957353418312,0.06155340646982603,576.1263333725709,-439.6273710235817,1942.956921247768,7.315101567938076
2.080000000,0.8299059209759747,0.8626060564700424,0.8462559887230086,1.6138202156015977,0.061580222061607744,576.2370451092495,-439.7522918254759,1942.9097378405543,7.31787019396271
2.084000000,0.8296605240365835,0.8623659583921324,0.846013241214358,1.618659566402123,0.06160773894640265,576.3479702902471,-439.8772053441076,1942.8625111077636,7.32079445820297
2.088000000,0.8294146385318442,0.862125393232887,0.8457700158823656,1.6235106610490302,0.061635725302486,576.4591095164086,-440.00308809193865,1942.815299853047,7.323820537537767
2.092000000,0.8291682667976943,0.861884362093619,0.8455263144456566,1.6283798488123407,0.06166001278881734,576.5704613163604,-440.1286284019947,1942.7677435398914,7.3267029123336025
2.096000000,0.8289214115204828,0.861642865827676,0.8452821386740794,1.6332590861410647,0.06168720717528871,576.6820396479172,-440.25466285217186,1942.7202990444175,7.3296263788227725
2.100000000,0.8286740753806612,0.8614009042176747,0.8450374897991679,1.6381508372619837,0.06171497652426928,576.7938209893082,-440.3808144688426,1942.6728373144206,7.332557175712061
2.104000000,0.8284262609024466,0.8611584775474341,0.8447923692249404,1.643055995703214,0.06174275397796107,576.9058183651293,-440.5072458770403,1942.6253572995793,7.335489789443468
2.108000000,0.8281779714961601,0.8609155856916573,0.8445467785939087,1.647966930017077,0.061761996789098425,577.0180351173371,-440.6331805366882,1942.5779784648337,7.3387854826356955
2.112000000,0.827929209866312,0.8606722290447237,0.8443007194555179,1.652895769547991,0.061792016084116996,577.1304358270366,-440.7600327420728,1942.5303532244839,7.341769406661924
2.116000000,0.8276799776212869,0.8604284084307068,0.8440541930259968,1.6578387812092985,0.06182132512362465,577.2430560530694,-440.8870847062821,1942.4826345721174,7.344723493944926
2.120000000,0.8274302764162655,0.860184124542414,0.8438072004793398,1.6627946290324587,0.061849714713807895,577.3558840838446,-441.0146575860865,1942.434874656046,7.347703622687865
2.124000000,0.8271801083295429,0.8599393782437232,0.8435597432866331,1.667763560082052,0.06187891012491646,577.4689068646137,-441.142124506262,1942.3870139540704,7.350640293497813
2.128000000,0.8269294752063701,0.8596941705703216,0.8433118228883458,1.672746105114481,0.0619066004373145,577.5821421120916,-441.27004235263905,1942.339086993165,7.353625508295712
2.132000000,0.8266783784793148,0.8594485017927127,0.8430634401360138,1.677742318258179,0.06193400692949223,577.6956219902302,-441.3980057982985,1942.2913567934286,7.356622411759711
2.136000000,0.8264268200162803,0.8592023728388511,0.8428145964275657,1.6827497787386168,0.06196222928057839,577.8092664353422,-441.5261761134481,1942.2434002874384,7.359604442475228
2.140000000,0.8261748018720851,0.8589557855741816,0.8425652937231334,1.6877700839013396,0.06199063155947443,577.9231112220835,-441.6545950794166,1942.195330650673,7.362589353949408
2.144000000,0.8259223262094082,0.8587087342043844,0.8423155302068963,1.69280643422167,0.062018520495019575,578.0372525374457,-441.7784962911349,1942.1471876135458,7.365252713602062
2.148000000,0.8256693962432422,0.8584612246230421,0.8420653104331421,1.6978484524599273,0.06204712865439778,578.1514525212378,-441.90933391560054,1942.0994477840914,7.3683122243358605
2.152000000,0.8254160145606875,0.8582132656129033,0.8418146400867954,1.7029073013318745,0.062075596047023424,578.2659042835757,-442.03874588211795,1942.0512278246727,7.371330995600746
2.156000000,0.8251621833205007,0.8579648571896996,0.8415635202551002,1.7079781435861658,0.06210386950184856,578.3805422795626,-442.1680393761342,1942.0028465842586,7.374326152732342
2.160000000,0.8249079053988311,0.8577160017257199,0.8413119535622755,1.7130610676674205,0.062131897898940504,578.4953671578535,-442.2974032763342,1941.9544326072416,7.377311187222096
2.164000000,0.8246531832190414,0.8574667031822969,0.8410599432006691,1.718157076575384,0.06216032102141562,578.6103859546798,-442.4271797172776,1941.905907824129,7.380313760304579
2.168000000,0.8243980187142341,0.8572169643558993,0.8408074915350667,1.7232658719828844,0.062188539234897186,578.7255981065023,-442.5570594262607,1941.857306467414,7.383322708054798
2.172000000,0.8241424128393078,0.8569667958589093,0.8405546043491086,1.728382974988525,0.06221884658414231,578.8409195303389,-442.6924134515578,1941.808946228398,7.386621478041472
2.176000000,0.8238863666913687,0.8567161968171035,0.8403012817542361,1.733519183156711,0.06224621751449229,578.956534891256,-442.8205223490743,1941.7598890481322,7.389456170649198
2.180000000,0.8236298731138731,0.8564651645227883,0.8400475188183307,1.7386702822151314,0.062276960533705336,579.0723770550834,-442.9568420761461,1941.7107167466531,7.392823081338112
2.184000000,0.8233729376126746,0.8562137048026415,0.839793321207658,1.7438271688351887,0.06230449810890021,579.1882956369398,-443.0854427261317,1941.6622535219246,7.395689736437552
2.188000000,0.8231155686089977,0.8559618201703358,0.8395386943896668,1.748998221496064,0.062332830526701216,579.3044279706362,-443.2164204469298,1941.613461726282,7.398691576979885
2.192000000,0.8228577724576809,0.8557095112269906,0.8392836418423357,1.7541776738458181,0.062359174907662865,579.4206668253101,-443.3428591702404,1941.5648465879217,7.401445879309383
2.196000000,0.8225995462559297,0.8554567800887014,0.8390281631723155,1.7593757330313213,0.06238960112057577,579.5371908586144,-443.4769053577388,1941.5156126440218,7.40465854932095
2.200000000,0.8223408865252537,0.8552036291860645,0.8387722578556591,1.7645839645939774,0.0624184260729262,579.6538582236099,-443.6090562482472,1941.4665352481466,7.407721404091971
2.204000000,0.8220817987746187,0.8549500596032544,0.8385159291889366,1.769804931174255,0.06244701778962308,579.770721164194,-443.73914556764095,1941.417206426893,7.410678539949844
2.208000000,0.8218222855078068,0.8546960742980048,0.8382591799029058,1.775037893522711,0.06247634578993749,579.8877624546923,-443.872521996211,1941.368497822736,7.413849602163573
2.212000000,0.8215623472155613,0.8544416775526003,0.8380020123840808,1.7802822888488554,0.06250535311444022,580.0049416360898,-444.00641323194714,1941.3193921222835,7.416902170229873
2.216000000,0.8213019865922462,0.8541868699454938,0.83774442826887,1.7855391614353173,0.06253381879884451,580.1223283490256,-444.1379938870073,1941.2701215774414,7.419952106236364
2.220000000,0.8210412062087045,0.8539316530899583,0.8374864296493314,1.7908076453483837,0.06256280153517496,580.2398603569352,-444.27111368291645,1941.2209267158037,7.423044083141369
2.224000000,0.8207800081449363,0.8536760304032782,0.8372280192741073,1.7960886851086233,0.06259229879216306,580.3575802365987,-444.404342811497,1941.1716631360678,7.42610981447384
2.228000000,0.8205183949162205,0.8534200040499371,0.8369691994830788,1.801381658162041,0.06262135780619926,580.4754638961991,-444.53757541015386,1941.1223485044352,7.429187422040324
2.232000000,0.820256368474972,0.8531635763679049,0.8367099724214384,1.8066871807689113,0.06265014390311899,580.5935435411992,-444.6716067718568,1941.0730988650218,7.432295854400442
2.236000000,0.8199939311551816,0.8529067499692644,0.836450340562223,1.8120036397891477,0.06267945598475286,580.7117630030882,-444.8053541288648,1941.0236112625685,7.435387990968249
2.240000000,0.8197310856490674,0.8526495269881593,0.8361903063186134,1.8173320259513461,0.06270904138130924,580.830165695629,-444.9394923670305,1940.974165303215,7.438550264781379
2.244000000,0.8194678341211414,0.852391908851402,0.8359298714862717,1.8226740673596096,0.0627380558443586,580.948760986972,-445.0731991365168,1940.924533875251,7.441597051728507
2.248000000,0.8192041786448385,0.8521338980356887,0.8356690383402636,1.8280263821706895,0.06276768454340265,581.0674949527887,-445.2082368132925,1940.8749320616696,7.4447230925465915
2.252000000,0.8189401219386667,0.8518754973522249,0.8354078096454458,1.8333908022841752,0.06279728545527624,581.1864000409763,-445.3430084328395,1940.8253338073223,7.447817949251806
2.256000000,0.8186756670796456,0.8516167089667874,0.8351461880232165,1.8387669792971937,0.06282677439358127,581.3054584832832,-445.477941037416,1940.7756597911605,7.450938517487136
2.260000000,0.8184108169174777,0.8513575352437499,0.8348841760806138,1.8441553216382145,0.06285622189480312,581.4246876089172,-445.61315588870644,1940.7259335218084,7.454067915616242
2.264000000,0.8181455742887493,0.8510979787243116,0.8346217765065305,1.8495552611853547,0.0628863012684336,581.5440726246331,-445.7485976161361,1940.676134000169,7.4571717776020385
2.268000000,0.8178799421958445,0.850838041969368,0.8343589920826062,1.8549666329579138,0.06291556866287817,581.6636162070058,-445.8842786365571,1940.6263424326282,7.4603265970031805
2.272000000,0.817613923590045,0.8505777275663178,0.8340958255781814,1.8603899782070337,0.06294471361572904,581.7833118374558,-446.02019460848874,1940.5764743046045,7.463495806979551
2.276000000,0.8173475213435637,0.8503170380951275,0.8338322797193456,1.8658249572512007,0.06297462548386962,581.9031704869959,-446.1563178339806,1940.5266004361029,7.466630043067527
2.280000000,0.8170807390201276,0.8500559768054643,0.8335683579127959,1.871267039574727,0.06299931294493977,582.0230176142652,-446.2937129060776,1940.4768569654125,7.469984081827411
2.284000000,0.8168135787818471,0.849794545606855,0.833304062194351,1.8767269699265783,0.06303008204283224,582.1431506193163,-446.43060176982397,1940.4269177478116,7.47313293407296
2.288000000,0.8165460426079818,0.8495327461118336,0.8330393943599077,1.8821933610940265,0.0630650649404235,582.2632688963727,-446.56655006859796,1940.3770701942717,7.47608534700806
2.292000000,0.8162781316920444,0.8492705794338491,0.8327743555629468,1.8876774890101216,0.06309433532345443,582.3836644354168,-446.70346484049435,1940.32703908398,7.4792568344970185
2.296000000,0.816009846124345,0.8490080457989677,0.8325089459616564,1.893172785249917,0.06312416193827648,582.5042183472489,-446.84063624809784,1940.2769365857775,7.482426890062173
2.300000000,0.8157411865413167,0.8487451459095325,0.8322431662254246,1.8986800736847294,0.06315355050520864,582.6249361836542,-446.9780305673289,1940.2268474473956,7.4856178512585405
2.304000000,0.8154721540798988,0.8484818806866912,0.831977017383295,1.904197326237695,0.06318336032953523,582.7458015746979,-447.1154536768752,1940.1767499274397,7.48879080328001
2.308000000,0.8152027500080266,0.8482182511224465,0.8317105005652365,1.9097256321804261,0.06321346466933785,582.8668126454858,-447.2531064388987,1940.1266547089247,7.49196618963723
2.312000000,0.8149329758199428,0.8479542585265705,0.8314436171732567,1.9152651972544805,0.06324334976985815,582.9879795404026,-447.39082431913437,1940.0765197008102,7.495147513225103
2.316000000,0.8146628333981454,0.8476899045366366,0.831176368967391,1.920815696272622,0.06327334156349046,583.1092873924746,-447.528812268007,1940.0264142838842,7.498334063381393
2.320000000,0.8143923249461835,0.8474251910670034,0.8309087580065935,1.9263773818201078,0.06330350290203231,583.2307441486391,-447.6669675297807,1939.976277645225,7.501521267981616
2.324000000,0.8141214528986751,0.8471601202705301,0.8306407865846026,1.9319501357054654,0.06333382594908903,583.3523452047592,-447.80530698383456,1939.926102664162,7.504707995847873
2.328000000,0.8138502199019939,0.8468946945357345,0.8303724572188642,1.937533985208177,0.0633639917406921,583.4740911000063,-447.94381622014066,1939.8758846458866,7.507903531491592
2.332000000,0.8135786339327353,0.8466289159119356,0.8301037749223354,1.9431265948326784,0.06339282890389986,583.5959445192175,-448.0789411024075,1939.8260037311113,7.510873719816208
2.336000000,0.8133066946820264,0.8463627867156873,0.8298347406988569,1.9487336068721794,0.06342363715785354,583.7179964140023,-448.2193241508954,1939.7753855698093,7.514173490004723
2.340000000,0.8130344006818149,0.8460963098400214,0.8295653552609181,1.9543508250045099,0.06345409048157646,583.8401782517362,-448.35839588106114,1939.724940170554,7.517388164578658
2.344000000,0.812761757150227,0.8458294877490999,0.8292956224496635,1.959979055385637,0.06348442880002585,583.9624947991531,-448.49781130553873,1939.6746256888173,7.52059443932167
2.348000000,0.8124887672137362,0.8455623288629823,0.8290255480383593,1.9656157232703455,0.06351603640755618,584.0849174047428,-448.6403555428669,1939.6244397792823,7.524029759319729
2.352000000,0.8122154331324367,0.8452948341086994,0.8287551336205681,1.9712667328065727,0.06354585123670703,584.2075338895928,-448.7783263136518,1939.573589673897,7.527152286319777
2.356000000,0.8119417584012467,0.845027002444624,0.8284843804229354,1.9769277140620931,0.06357621144990194,584.33027270974,-448.9179894430653,1939.522947926466,7.530367437026533
2.360000000,0.8116677464721676,0.8447588393746202,0.8282132929233939,1.9825996051013384,0.0636067155496545,584.4531490368225,-449.0580267114068,1939.4723080365661,7.533595691100789
2.364000000,0.8113934008781882,0.8444903491417222,0.8279418750099552,1.9882822787862058,0.06363700165536158,584.576159223098,-449.19821268094427,1939.4216217020203,7.536834774985987
2.368000000,0.8111187257169803,0.8442215353840368,0.8276701305505085,1.9939740355147786,0.06366727357055828,584.6992826001845,-449.3385395317323,1939.370986368667,7.540073829984947
2.372000000,0.8108437245576283,0.8439524024120715,0.8273980634848499,1.9996790384474858,0.06369802889312103,584.8225696104791,-449.47932690106734,1939.3202319302745,7.543326075590601
2.376000000,0.8105684006476537,0.8436829551983038,0.8271256779229788,2.0053936761231665,0.06372896778167332,584.9459661310742,-449.621002868122,1939.2695170680524,7.546615074762834
2.380000000,0.810292758184346,0.8434131973207855,0.8268529777525657,2.0111208021977283,0.06376109594618845,585.0695245406615,-449.7616590762113,1939.2185223863123,7.549777676755688
2.384000000,0.8100168013464213,0.84314313226443,0.8265799668054257,2.016857352214599,0.06379141593242131,585.1932056384134,-449.9028405388647,1939.1676293959645,7.553031369846141
2.388000000,0.8097405342481068,0.8428727643215552,0.826306649284831,2.0226040102326324,0.0638219435283745,585.3170074203862,-450.04383483532945,1939.1166588810177,7.556261108158953
2.392000000,0.8094639605921259,0.8426020976753534,0.8260330291337397,2.028362524611348,0.06385255620790745,585.4409572475993,-450.1855420528617,1939.0657660882653,7.559538720285803
2.396000000,0.8091870840157611,0.8423311362115413,0.8257591101136512,2.0341327390497628,0.06388421109885363,585.5650174557171,-450.32682068340966,1939.0148735531745,7.5630247212484
2.400000000,0.8089099031614779,0.8420598841288722,0.8254848936451751,2.0399141476852254,0.06391637898549515,585.6892538331997,-450.4722750825965,1938.9635152599126,7.566517588444802
2.404000000,0.808632425151302,0.8417883458359512,0.8252103854936266,2.0457019672279575,0.06394655974846367,585.8135512513232,-450.61287724429377,1938.9128763422354,7.569672963253316
2.408000000,0.8083546582364391,0.8415165247480871,0.8249355914922631,2.051502058319964,0.06397721904014478,585.9379956979021,-450.75485225099897,1938.8619327492163,7.572931465454991
2.412000000,0.8080766042622258,0.8412444186905361,0.824660511476381,2.0573146888315947,0.06400694089378323,586.0626033762993,-450.89359255881743,1938.8104972874537,7.575982122631146
2.416000000,0.807798266709085,0.8409720341311129,0.824385150420099,2.0631342759544555,0.06403870465690809,586.1872739330282,-451.0377409034121,1938.7597736842552,7.579399673343415
2.420000000,0.8075196497968591,0.8406993788801174,0.8241095143384882,2.0689666197080614,0.064070091449055,586.3120959094881,-451.18045933797623,1938.7088545338806,7.582729058835752
2.424000000,0.8072407543166378,0.84042645464325,0.8238336044799439,2.0748139050998833,0.06410116200722783,586.4370882474543,-451.3250509119853,1938.6576654952432,7.586200696880618
2.428000000,0.8069615832014847,0.8401532645968928,0.8235574238991887,2.080664971625086,0.06413234835866687,586.5621294847671,-451.46771909799924,1938.6066932193369,7.5894584327314885
2.432000000,0.8066821412247833,0.8398798111423247,0.823280976183554,2.086528789913782,0.06416226978580876,586.6873976756136,-451.60774467229066,1938.5555190870405,7.592706999381193
2.436000000,0.8064024317954193,0.8396060970782173,0.8230042644368183,2.0924011345756446,0.06419294644234064,586.8127213056949,-451.7495054892869,1938.504417273802,7.595980838193867
2.440000000,0.8061224581943236,0.8393321270718843,0.822727292633104,2.098284084254101,0.0642244186661596,586.9381523948954,-451.8924009263222,1938.4533560854352,7.59929798487223
2.444000000,0.8058422229693321,0.8390579045539113,0.8224500637616217,2.104178439907242,0.06425657994950851,587.063798789148,-452.03779494001935,1938.4021037635987,7.602652595308291
2.448000000,0.8055617302658789,0.8387834328117805,0.8221725815388297,2.1100803749472874,0.06428776702689193,587.1894802274306,-452.18164674882314,1938.3509848802937,7.6059559309132485
2.452000000,0.8052809854639662,0.8385087157059132,0.8218948505849397,2.1159927854854517,0.06431912468817895,587.3152733109746,-452.3255082671202,1938.2998920711893,7.609251962362182
2.456000000,0.8049999931881757,0.8382337566860656,0.8216168749371207,2.1219144566548853,0.0643501433950782,587.4411760653593,-452.46946915041684,1938.2487638226053,7.612491294554184
2.460000000,0.8047187577385557,0.8379585590163572,0.8213386583774565,2.1278479419406917,0.06438153565238633,587.5671987968046,-452.6135021187048,1938.1975648916389,7.615810435826088
2.464000000,0.80443728290102,0.8376831260308535,0.8210602044659367,2.1337916954773646,0.06441277036978377,587.6933302918173,-452.7579880663695,1938.146370424652,7.619137440008949
2.468000000,0.8041555722853531,0.8374074609479152,0.8207815166166341,2.139745186901128,0.06444416726729105,587.8195641793319,-452.90247438176635,1938.0951727166332,7.622441166296008
2.472000000,0.803873629138451,0.8371315667880026,0.8205025979632268,2.1457094410287176,0.06447599635094697,587.9459163296722,-453.0471874067041,1938.0439487931808,7.625771095015717
2.476000000,0.8035914561514801,0.8368554469541891,0.8202234515528346,2.151683022950041,0.06450718266840524,588.0723618837726,-453.19216323350827,1937.9927053328088,7.629077069854449
2.480000000,0.8033090556243678,0.8365791044303705,0.8199440800273692,2.1576695627533917,0.064538146204963,588.1989265561173,-453.33770254738977,1937.941517991038,7.632239633842325
2.484000000,0.803026429656299,0.8363025418009187,0.8196644857286088,2.1636634506808488,0.06456995774122845,588.3255866696667,-453.4830939812833,1937.8902951804325,7.635592468770766
2.488000000,0.8027435801779603,0.8360257610621176,0.819384670620039,2.1696667721146983,0.06460125329377991,588.4523607418452,-453.62848869578374,1937.8391193771777,7.638896322393893
2.492000000,0.8024605089442645,0.8357487648105035,0.819104636877384,2.1756811267282448,0.06463263597079115,588.579244353299,-453.77376711210735,1937.7878049409348,7.642259761884905
2.496000000,0.8021772177858395,0.8354715552862331,0.8188243865360363,2.1817053731652125,0.06466415432699599,588.7062332953883,-453.91923355256137,1937.736597515137,7.645612555607877
2.500000000,0.8018937087281444,0.8351941338653148,0.8185439212967296,2.187740036661747,0.06469628217988536,588.8333161452837,-454.0645833330675,1937.685421155512,7.649056337458957
2.504000000,0.8016099834783716,0.83491650173967,0.8182632426090208,2.1937838580992275,0.06472833281962759,588.960503870307,-454.2107871087984,1937.6344049620777,7.652399753879256
2.508000000,0.8013260439038561,0.8346386610627405,0.8179823524832983,2.1998366932948175,0.0647594092935065,589.0877865913783,-454.35642801213163,1937.5831213241886,7.6557825233176695
2.512000000,0.8010418920343056,0.8343606140268776,0.8177012530305916,2.205898952139387,0.06479160283584486,589.2151760207936,-454.50275707910896,1937.5320833072979,7.6591913343684705
2.516000000,0.8007575295265212,0.8340823607385204,0.8174199451325208,2.211972604727364,0.06482309806637651,589.3426639196265,-454.6480166895726,1937.4804101931463,7.662520854721146
2.520000000,0.8004729587339767,0.8338039022725212,0.817138430503249,2.2180555402398507,0.06485538812998533,589.4702581505887,-454.79350424744996,1937.42956481366,7.665888587317763
2.524000000,0.8001881811600526,0.8335252406738789,0.8168567109169658,2.224150607659106,0.06488417246148022,589.5979919257786,-454.9392019722541,1937.3781430552597,7.669357813854059
2.528000000,0.7999031978343112,0.833246378090891,0.8165747879626011,2.2302539540788504,0.06491817156144518,589.7258253543,-455.0857873485699,1937.327365185482,7.672735016668456
2.532000000,0.7996180112964453,0.8329673162445488,0.816292663770497,2.2363631407348783,0.06494812311428251,589.8536908060032,-455.2314073225032,1937.2759690196376,7.67609604615071
2.536000000,0.7993326237674694,0.8326880564417536,0.8160103401046115,2.242483402092384,0.06498014480410771,589.9816795545361,-455.3774849048719,1937.2247671102082,7.679483384041507
2.540000000,0.7990470370188802,0.8324086000850173,0.8157278185519488,2.248615544417751,0.06501070613599927,590.1097996407113,-455.5233710272449,1937.1739979644233,7.682871262287309
2.544000000,0.7987612524287897,0.8321289488976191,0.8154451006632044,2.254752465144922,0.06504481807000842,590.2379303392026,-455.6710391700555,1937.122580084561,7.686253809967815
2.548000000,0.7984752714261276,0.8318491046500611,0.8151621880380944,2.260902317372972,0.06507688684119903,590.366210269714,-455.8172890185106,1937.0713320681787,7.6896660298264425
2.552000000,0.798189095747432,0.8315690689293262,0.8148790823383791,2.267060316286809,0.06510894695918279,590.4945696984053,-455.96419247079524,1937.0200945275847,7.6930653157835875
2.556000000,0.7979027269160923,0.8312888432547254,0.8145957850854089,2.2732278776076202,0.0651409837434394,590.6230254507317,-456.1111148918049,1936.9688445740442,7.696458636289537
2.560000000,0.7976161664496004,0.831008429306948,0.8143122978782742,2.279403635713801,0.06517302743244818,590.7515568013101,-456.2582123664241,1936.9175723775506,7.699879934335459
2.564000000,0.7973294156566908,0.8307278286264648,0.8140286221415778,2.2855905594664163,0.06520515176111975,590.880188145572,-456.40548666991873,1936.8662228315509,7.703276043634937
2.568000000,0.7970424760112564,0.8304470426626267,0.8137447593369416,2.2917850206985397,0.06523754733878681,591.008897134533,-456.5526950480856,1936.8149655062603,7.706669874081973
2.572000000,0.7967553491706809,0.8301660728043601,0.8134607109875205,2.297989135345204,0.06526862329559793,591.1376982672365,-456.6998208222038,1936.763725006243,7.710005078703292
2.576000000,0.7964680364721772,0.8298849204800831,0.8131764784761302,2.3042024883856005,0.06530073895938106,591.266584613117,-456.8473054174208,1936.7124869383929,7.713408035504167
2.580000000,0.7961805392023393,0.8296035870812375,0.8128920631417884,2.3104236195034993,0.06533237014299799,591.3955358684342,-456.99481618762474,1936.6611166589453,7.71679847378241
2.584000000,0.7958928586241996,0.8293220740230964,0.812607466323648,2.3166564963060394,0.06536507371469012,591.5245991161083,-457.1428320020934,1936.609819150604,7.720225413363943
2.588000000,0.7956049961507858,0.8290403904803014,0.8123226933155436,2.322886876319209,0.06539482619904047,591.6534691140171,-457.2956318787692,1936.5593325584982,7.724113400912856
2.592000000,0.7953169523371741,0.828758533505038,0.8120377429211061,2.329139205897129,0.06542695255591992,591.7826448808298,-457.440886913428,1936.5075178749105,7.727344418221801
2.596000000,0.7950287266426699,0.8284764968030203,0.8117526117228451,2.3353993151686456,0.06545953532605019,591.911882707281,-457.5888824943926,1936.4561470106678,7.730745866902565
2.600000000,0.794740320454423,0.8281942842042582,0.8114673023293406,2.3416614542243583,0.06549621435187875,592.0409896579469,-457.73801771675494,1936.4047465432452,7.734034973433191
2.604000000,0.794451733789785,0.8279118959370777,0.8111818148634313,2.3479396118327136,0.06552878753791816,592.1703247881211,-457.88658298974656,1936.353513535091,7.737439557908028
2.608000000,0.7941629647231565,0.8276293292671539,0.8108961469951552,2.35422694287055,0.06555967227640991,592.2997393262439,-458.0351700203931,1936.302232336738,7.740874431344352
2.612000000,0.7938740115068015,0.8273465825728863,0.8106102970398439,2.360523950406499,0.06559097734015326,592.4292690114619,-458.1838562960649,1936.2506467371218,7.744240709609639
2.616000000,0.7935848728592418,0.8270636546704395,0.8103242637648407,2.366829338047629,0.0656244482094108,592.5588699762108,-458.3326646346974,1936.1995192701843,7.74771140902669
2.620000000,0.7932955477381682,0.826780565221739,0.8100380564799536,2.373138897059078,0.06565849554901022,592.6883990027046,-458.4943694602077,1936.1514120268985,7.751488338736634
2.624000000,0.7930060350519454,0.8264973110274241,0.8097516730396848,2.379461082319644,0.06569044498249474,592.8181346346016,-458.64233438647625,1936.1002260894418,7.7548674169497795
2.628000000,0.7927163338762995,0.826213873714039,0.8094651037951692,2.3857916998916178,0.06572271871360497,592.9479487082577,-458.7910204916453,1936.0490634638318,7.7582193986803585
2.632000000,0.7924264438376127,0.8259302520019816,0.8091783479197971,2.3921300097765648,0.06575479768553036,593.0778263469541,-458.9403348846819,1935.9981014222558,7.761649083720075
2.636000000,0.7921363651276181,0.8256464456770516,0.8088914054023348,2.3984750245869795,0.0657879979652041,593.2077807512162,-459.0898323600819,1935.9471969142458,7.765202702817574
2.640000000,0.7918460983719626,0.8253624526032723,0.8086042754876175,2.4048304063891264,0.06582023299764189,593.3378057723454,-459.2395040524923,1935.896272944928,7.768618510754441
2.644000000,0.7915556448875805,0.8250782732455377,0.8083169590665591,2.411193619091607,0.06585303619051436,593.4679010604938,-459.3890975087477,1935.8453702795916,7.772054343985927
2.648000000,0.7912650073475049,0.8247939093853347,0.8080294583664198,2.4175644251770043,0.06588549274784002,593.5980512432376,-459.5382244455694,1935.794334573514,7.775475765083844
2.652000000,0.7909741874889988,0.8245093643569561,0.8077417759229775,2.4239452684042053,0.0659181238379235,593.7283116078933,-459.68866038883897,1935.7434684874672,7.778969620822035
2.656000000,0.7906831822497793,0.8242246425975424,0.8074539124236608,2.430334614963229,0.06595145969977842,593.8586552335825,-459.841517879984,1935.6919460374959,7.782551850221106
2.660000000,0.7903920013205408,0.823939748506092,0.8071658749133164,2.4367305836379214,0.0659836397741535,593.9890206499609,-459.98868273419737,1935.6415851169056,7.785880039857676
2.664000000,0.7901006523378129,0.823654687622664,0.8068776699802385,2.4431349101593263,0.06601640527302347,594.1194567336319,-460.1401052671929,1935.5906526138467,7.789341274952732
2.668000000,0.7898091359029848,0.8233694625734955,0.8065892992382402,2.449548144362139,0.06604865633415458,594.2499810213745,-460.2882763868935,1935.5394732136365,7.792766895603625
2.672000000,0.7895174938200427,0.8230840756225604,0.8063007847213015,2.4559626140833477,0.06607711379489602,594.3803810881876,-460.4210920996262,1935.491538910435,7.7955577611851865
2.676000000,0.7892257271639096,0.8227985269872704,0.80601212707559,2.4623890953142102,0.06611048000813056,594.5110116413308,-460.5709297899261,1935.4397902411374,7.7991199903832324
2.680000000,0.7889338069000758,0.8225128228630325,0.8057233148815541,2.4688269401198637,0.06614411648271395,594.6417288292768,-460.7244832192499,1935.3888896069755,7.802781543792223
2.684000000,0.7886417339618816,0.8222269669550997,0.8054343504584907,2.4752731399573245,0.06617686091808794,594.7725185667567,-460.8747818810392,1935.337717656,7.806276064105798
2.688000000,0.7883495102417726,0.821940957621095,0.8051452339314338,2.481726992775637,0.06620853610025718,594.9033659688756,-461.0249633694203,1935.2863537342944,7.80977735057058
2.692000000,0.7880571343368956,0.8216547902713955,0.8048559623041456,2.488190709994898,0.06624030925737551,595.0343544697693,-461.1695605709856,1935.2341221337026,7.812502471014031
2.696000000,0.7877646088492867,0.8213684732467357,0.8045665410480112,2.494659323198674,0.06627259717312953,595.1653100361334,-461.32268395366566,1935.183936547451,7.816194619771214
2.700000000,0.7874719360705313,0.8210820159365397,0.8042769760035355,2.5011359531147037,0.06630574207716845,595.2963396010731,-461.4731306757361,1935.133137171756,7.819672792890215
2.704000000,0.7871790813458261,0.8207954196254263,0.8039872504856262,2.5076289978963833,0.06634256465417035,595.4276439938114,-461.64103543214117,1935.0790368829462,7.823876071532239
2.708000000,0.7868860542378542,0.8205086908832726,0.8036973725605634,2.514121059975343,0.06637480207269528,595.5587959987707,-461.79048066009824,1935.0285671119786,7.827205564436424
2.712000000,0.7865928946121841,0.8202218731813815,0.8034073838967828,2.520614297996685,0.06641087076394445,595.6897888130237,-461.9584022637161,1934.9815182266507,7.831165587186041
2.716000000,0.786299610929774,0.8199349692039988,0.8031172900668864,2.5271255061786535,0.06644320498024678,595.8211265238891,-462.1057782674413,1934.9311503318902,7.834343301909859
2.720000000,0.7860062066691285,0.819647956616393,0.8028270816427607,2.5336403595398664,0.0664759926177208,595.9524357912844,-462.2574144362058,1934.879933153362,7.8377749364061975
2.724000000,0.7857126898799578,0.8193608391513436,0.8025367645156507,2.5401667442194182,0.06650766659193504,596.0838319955874,-462.40915786034543,1934.8293101491768,7.840916340220332
2.728000000,0.7854190718442027,0.8190736191413208,0.8022463454927617,2.5466956606698834,0.06653867835081573,596.2152382490428,-462.5554255077011,1934.7795326623677,7.844069784519819
2.732000000,0.785125352629521,0.8187863024156172,0.8019558275225691,2.5532165156585704,0.06656497937953151,596.3460528835058,-462.71336360390274,1934.7277266344104,7.848131657235643
2.736000000,0.7848315229552014,0.8184988907019175,0.8016652068285595,2.559774343261338,0.0666005717271416,596.4774846127541,-462.86816380453706,1934.6773354941943,7.851710138228539
2.740000000,0.7845375866165227,0.8182113464221601,0.8013744665193414,2.5663203104794348,0.06663628622161225,596.6083803664424,-463.00069801070526,1934.622424113437,7.854052066628124
2.744000000,0.7842435424765455,0.8179236671018657,0.8010836047892056,2.5728949531545835,0.06666945064703422,596.7396803435659,-463.15433768296646,1934.571795410903,7.857666745269549
2.748000000,0.7839493809972851,0.8176358746117529,0.800792627804519,2.5794751942276957,0.06670258038474997,596.8710386320489,-463.30748953305607,1934.5213025364155,7.861293108627491
2.752000000,0.7836550980872801,0.8173479621406727,0.8005015301139764,2.5860647677493014,0.06673481597236756,597.0025130042326,-463.4576718542367,1934.4704238317327,7.864870452716628
2.756000000,0.7833606902497934,0.8170599291458274,0.8002103096978104,2.592658123242188,0.06676929558110553,597.1340142953002,-463.61362351865694,1934.4203351516517,7.868432193813629
2.760000000,0.7830661563467487,0.8167717790695974,0.7999189677081731,2.599258912005843,0.06680157792577296,597.2655864658177,-463.76517987798456,1934.370397670774,7.871932564771246
2.764000000,0.782771496563825,0.8164835074863959,0.7996275020251105,2.605866620102295,0.06683460853077167,597.3972274562088,-463.9174069904362,1934.320348642191,7.875437094444157
2.768000000,0.7824767099835839,0.816195112180651,0.7993359110821174,2.612480127864949,0.06686796083434537,597.5289264683938,-464.0699521539253,1934.27052160563,7.878958606948923
2.772000000,0.7821817965375715,0.815906591302408,0.7990441939199897,2.6191005263080536,0.06690051200950227,597.6607067734678,-464.22281743774494,1934.2207198991782,7.882359323824915
2.776000000,0.781886758792794,0.8156179418714089,0.7987523503321015,2.6257271650576275,0.0669329019651351,597.7925177502667,-464.3736582566697,1934.1711734860444,7.885782870374271
2.780000000,0.7815915990607749,0.8153291609834099,0.7984603800220924,2.632360015924697,0.06696621703108954,597.9243883423246,-464.5241177595152,1934.1210693644962,7.889296447281655
2.784000000,0.7812963171981124,0.8150402489458344,0.7981682830719734,2.6390030816218744,0.066998692737779,598.0563656979083,-464.6773433809537,1934.071668098822,7.892865289986752
2.788000000,0.7810009137113951,0.8147512074354637,0.7978760605734294,2.6456499115894574,0.06703153796750497,598.1883524135347,-464.8298245241805,1934.0216517684862,7.896353802177796
2.792000000,0.7807053908754398,0.81446203725217,0.7975837140638049,2.65230640400695,0.06706529015838139,598.3204485817387,-464.981613405124,1933.972114637722,7.8997839638422604
2.796000000,0.7804097514506196,0.8141727414442528,0.7972912464474362,2.6589662482569514,0.06709744830764355,598.4525516175787,-465.13374597133213,1933.9224504344945,7.903293008293163
2.800000000,0.7801139979079466,0.8138833245597539,0.7969986612338502,2.665635087524953,0.06713080663460896,598.5847399913072,-465.2861194071289,1933.8726641618828,7.9067633440415195
2.804000000,0.779818133397626,0.8135937915294988,0.7967059624635624,2.672309028960552,0.06716313037693711,598.7169885917058,-465.43883681467173,1933.822902075786,7.910082303484895
2.808000000,0.7795221626842022,0.8133041481293901,0.7964131554067961,2.6789897267582594,0.0671965231175789,598.8492876413791,-465.59076990442,1933.7731634846891,7.9137496748020295
2.812000000,0.7792260906183088,0.8130144011284415,0.7961202458733752,2.685679038986184,0.06722981956325969,598.9816371239183,-465.743953377574,1933.7234223750677,7.917233630238197
2.816000000,0.7789299222714448,0.8127245572951551,0.7958272397833,2.692375200511762,0.06726222287234113,599.1140533863351,-465.8967256902076,1933.6736109112996,7.920763679162204
2.820000000,0.7786336635749507,0.8124346233773991,0.7955341434761749,2.6990777157864376,0.06729563178749626,599.2465143545028,-466.0496769189399,1933.6237793766884,7.924265269383963
2.824000000,0.7783373205954405,0.8121446066078732,0.7952409636016569,2.705787129443852,0.06732872906009046,599.3790264818208,-466.2028293214355,1933.5740003803285,7.927785327286461
2.828000000,0.7780408996869284,0.8118545142561118,0.7949477069715201,2.7125034478224994,0.06736180676425144,599.5115951996074,-466.35588137646903,1933.524266501474,7.93129889441948
2.832000000,0.7777444071495694,0.8115643537434067,0.7946543804464881,2.7192257053691975,0.067395515586235,599.6442093335666,-466.5093116091691,1933.4745682454302,7.934868044068224
2.836000000,0.7774478430713287,0.8112741333034563,0.7943609881873925,2.7259584886432147,0.06743006946069585,599.7769301317854,-466.6680958997059,1933.4240491707576,7.938781777108674
2.840000000,0.7771512179200784,0.8109838603507598,0.794067539135419,2.7326936089104863,0.06746339976493505,599.9096263079767,-466.8191793517744,1933.3749994669756,7.9421156409429114
2.844000000,0.7768545442273762,0.8106935425479236,0.7937740433876499,2.7394332455655035,0.06749525029421023,600.0423580818722,-466.9725294395665,1933.3259761345669,7.945614607620679
2.848000000,0.7765578259452752,0.8104031876488165,0.7934805067970458,2.7461810084106113,0.06752988188704381,600.1751572844818,-467.1261811732682,1933.276668051068,7.949170341369812
2.852000000,0.7762610676387567,0.8101128017305257,0.7931869346846412,2.752938476881175,0.06756259470999307,600.3080334241464,-467.2798997498638,1933.2270893098296,7.952696386485491
2.856000000,0.7759642754264462,0.8098223907662998,0.792893333096373,2.759701698131062,0.06759597537235293,600.4409479925539,-467.4335848171458,1933.177812189096,7.956225387903871
2.860000000,0.7756674549049478,0.8095319608857352,0.7925997078953415,2.766471164588433,0.06762910882903629,600.5739033044956,-467.58726084787224,1933.128624913589,7.959761018530138
2.864000000,0.775370611193523,0.8092415176434145,0.7923060644184687,2.773245683018829,0.06766163166595605,600.70690435584,-467.7410497625893,1933.0797195068494,7.9632656815479015
2.868000000,0.7750737495223348,0.8089510657619456,0.7920124076421402,2.780028464052977,0.06769441769904705,600.8399306984367,-467.8943830549222,1933.0306215482003,7.966824203944483
2.872000000,0.7747768751304989,0.8086606095969984,0.7917187423637486,2.7868177734262174,0.06772828473240769,600.9730111135834,-468.04796606618237,1932.9817445769747,7.970344891772482
2.876000000,0.7744799930180619,0.8083701534616097,0.7914250732398358,2.793613962203093,0.06776196412474711,601.1061315038188,-468.2015740883375,1932.9329318962991,7.973867967552383
2.880000000,0.774183108600127,0.808079701174762,0.7911314048874445,2.800415183113918,0.06779512663971844,601.2392744752153,-468.3548191386178,1932.8840751195328,7.977393388841567
2.884000000,0.7738862269007143,0.8077892561991433,0.7908377415499288,2.8072249239123908,0.06782808645531953,601.3724802157333,-468.50826775283826,1932.8352896270158,7.980943888838884
2.888000000,0.7735893522430075,0.807498822185039,0.7905440872140232,2.814041968106151,0.06786173349598841,601.5057330717373,-468.6620213978776,1932.7866772347297,7.984490810150119
2.892000000,0.7732924893895756,0.8072084025252053,0.7902504459573905,2.8208646585083095,0.06789519558407563,601.6390177563928,-468.81532317328583,1932.7381215907828,7.988019843045231
2.896000000,0.7729956568328902,0.8069180006590102,0.7899568287459502,2.8276917910009662,0.06792739568408501,601.7722742085097,-468.96258483912885,1932.690828364549,7.991354161004106
2.900000000,0.7726988577120579,0.8066276183745771,0.7896632380433175,2.8345274880719447,0.0679611157830178,601.9056356085847,-469.11582017416714,1932.642239506756,7.994908459258536
2.904000000,0.7724020852842415,0.8063372516599259,0.7893696684720837,2.841380223957467,0.06799502186632152,602.0393828472444,-469.26155520665276,1932.5944904446244,7.998249401161686
2.908000000,0.7721053455009184,0.8060469020353054,0.7890761237681119,2.8482262374262466,0.06802825530359419,602.1728902255213,-469.41098727619766,1932.5464114590973,8.001814088227778
2.912000000,0.7718086368394665,0.805756578441958,0.7887826076407123,2.8550867189537867,0.06806131282953609,602.3067316343871,-469.56959604317603,1932.4991112824225,8.005716871871092
2.916000000,0.771511959468981,0.8054662658457801,0.7884891126573805,2.8619476079056327,0.06809155242567891,602.4405143850331,-469.71009365873437,1932.4483184669414,8.008687219912689
2.920000000,0.7712153075255088,0.8051759842741433,0.788195645899826,2.868811109797557,0.0681286778233706,602.5741957666912,-469.87731305307744,1932.4008546170091,8.012823778893797
2.924000000,0.7709186913743622,0.8048857591714551,0.7879022252729087,2.8756733590700594,0.06816144298732832,602.7078057200589,-470.02788292356774,1932.353307529265,8.016081092893096
2.928000000,0.7706221276727376,0.8045955887330791,0.7876088582029084,2.88255727428983,0.06819903827888128,602.8416555511996,-470.1825818319619,1932.3051760218875,8.019506763282031
2.932000000,0.7703256241831014,0.8043054781205967,0.787315551151849,2.889441743216882,0.0682306136757298,602.9753679691539,-470.32912367014455,1932.258273507657,8.02266651851216
2.936000000,0.7700291880761228,0.8040154355587532,0.787022311817438,2.896332450433156,0.06826317060038356,603.1091541272472,-470.4825171352314,1932.210784614308,8.026253724207322
2.940000000,0.7697328247195969,0.8037254518947776,0.7867291383071873,2.903233224800558,0.06829412067903141,603.2430694648397,-470.62702814467343,1932.161452654673,8.029482230487943
2.944000000,0.7694365380526307,0.8034355306205612,0.7864360343365959,2.910135339640884,0.06832737322173268,603.376898027208,-470.7804733949632,1932.1132633016107,8.033143370709382
2.948000000,0.7691403313753966,0.8031456824782879,0.7861430069268422,2.917048055443035,0.06836066843100137,603.5108141910025,-470.9318387133419,1932.0654915647408,8.03665704368495
2.952000000,0.7688442048008568,0.802855911918158,0.7858500583595074,2.9239583975455745,0.06839483045339691,603.6446531016205,-471.0872661080089,1932.0176445984416,8.040510572918965
2.956000000,0.7685481571926545,0.8025662204548496,0.785557188823752,2.9308832116699564,0.06842805890533926,603.7786052282305,-471.239541681758,1931.969689045359,8.044019073648343
2.960000000,0.768252187397735,0.8022766084890947,0.7852643979434148,2.9378131570867123,0.06846179379391165,603.9125588203433,-471.3929502111478,1931.9219589835718,8.047603968911218
2.964000000,0.7679562971157736,0.8019870746385749,0.7849716858771743,2.944743423198559,0.06849383364787467,604.0464589953115,-471.54208957321555,1931.8739745091914,8.0509446656142
2.968000000,0.7676604846960373,0.8016976176584336,0.7846790511772355,2.951688766664406,0.06852764230681137,604.1805011139569,-471.69515082132415,1931.826399472166,8.054564298411751
2.972000000,0.7673647451785683,0.8014082370993805,0.7843864911389744,2.9586395316344407,0.06856159999977607,604.314537275985,-471.8482772432483,1931.7789020069436,8.058118338435909
2.976000000,0.7670690768277666,0.8011189311539795,0.784094003990873,2.9655948056477865,0.06859469235543988,604.4485992401696,-472.0008997405204,1931.7315752649733,8.06171285951553
2.980000000,0.7667734787353027,0.8008296975741018,0.7838015881547022,2.972555901752057,0.068628253443138,604.582669613079,-472.1533038804257,1931.684377243837,8.065230864897956
2.984000000,0.7664779487652424,0.8005405345160028,0.7835092416406226,2.9795235950815,0.06866228587064568,604.7167635678263,-472.3058431686643,1931.6372881170132,8.068843215586632
2.988000000,0.7661824847719032,0.8002514402452761,0.7832169625085896,2.9864965152856238,0.06869557335303549,604.8508702336454,-472.4584975566262,1931.5903223689234,8.072410093377613
2.992000000,0.7658870845055077,0.7999624130023619,0.7829247487539348,2.993475516170173,0.06872954150301505,604.9849894745875,-472.61132851385696,1931.5434264031167,8.07599410131306
2.996000000,0.7655917454156764,0.7996734508964494,0.7826325981560629,3.000460391995503,0.06876284807626694,605.1191272201573,-472.7641015455488,1931.4966581459946,8.079573645892586
3.000000000,0.7652964646390501,0.7993845517431879,0.782340508191119,3.007451863485926,0.06879702179507634,605.2532850883526,-472.91686820396666,1931.44986728442,8.083111548865968
3.004000000,0.765001239059643,0.7990957131878531,0.7820484761237481,3.0144502230785273,0.06883087523453674,605.3874681947316,-473.0696416934095,1931.403215149678,8.086765722661747
3.008000000,0.764706063552623,0.7988069324022433,0.7817564979774332,3.02145590751344,0.06886410436391853,605.5217074855541,-473.2234826321598,1931.3565833463892,8.090217611621588
3.012000000,0.764410933660713,0.7985182071500248,0.7814645704053689,3.0284686986057854,0.06889810100554243,605.6559547500435,-473.377488805568,1931.3100923764891,8.093900691498067
3.016000000,0.7641158465552849,0.798229535957816,0.7811726912565504,3.035491689938104,0.06893118511373332,605.7901741412994,-473.53160549927975,1931.2637186870693,8.097435130325156
3.020000000,0.7638207996091495,0.7979409144625436,0.7808808570358465,3.042514737576807,0.06896488282429533,605.9244490710197,-473.6832503825109,1931.2172926825538,8.101019900258722
3.024000000,0.763525788656807,0.7976523362266761,0.7805890624417415,3.049541497736674,0.06899815489385738,606.0587849923726,-473.8354551008299,1931.1709684949813,8.104598995482366
3.028000000,0.7632308095789,0.7973638012414739,0.7802973054101869,3.056572810920686,0.06903198025542354,606.1930923566166,-473.99078958283786,1931.1249567129512,8.108280558490355
3.032000000,0.7629358589867365,0.797075308760057,0.7800055838733968,3.0636102574956507,0.06906594905315123,606.3274444969893,-474.1454191847923,1931.0788642319353,8.1118488966803
3.036000000,0.7626409344199487,0.796786854246136,0.7797138943330424,3.0706539004409357,0.0690995647669259,606.4618262374843,-474.2996242388587,1931.0330537293016,8.115404981353207
3.040000000,0.762346033404512,0.7964984349867876,0.7794222341956498,3.077702767169166,0.06913329271583302,606.5962265906562,-474.45424120658953,1930.987326073008,8.118993978003108
3.044000000,0.7620511527238278,0.7962100490446034,0.7791306008842156,3.084757553561626,0.06916687354125897,606.7306634490949,-474.60929493155743,1930.9416474426732,8.122663104322026
3.048000000,0.7617562892174874,0.7959216937997553,0.7788389915086213,3.0918165841109166,0.06919952357141698,606.8651287987342,-474.76524147642675,1930.8963616949554,8.126149550259564
3.052000000,0.7614614404508018,0.7956333677750678,0.7785474041129348,3.0988814946104175,0.06923291856416659,606.9996155972284,-474.9206304046748,1930.8509700210554,8.1297553687841
3.056000000,0.761166604192411,0.7953450702128606,0.7782558372026358,3.105951732782575,0.06926645899847532,607.1341327532353,-475.0769358129193,1930.8058010473828,8.133346707317962
3.060000000,0.7608717784424357,0.795056801885579,0.7779642901640074,3.1130231742756287,0.06930034080750959,607.2686275327396,-475.23447122056035,1930.7609643318394,8.137036231959568
3.064000000,0.7605769615973799,0.7947685624853733,0.7776727620413766,3.1201044631122063,0.06933332027646374,607.4032103860472,-475.3912456395775,1930.7159412876545,8.140619577498807
3.068000000,0.7602821543060827,0.7944803510943359,0.7773812527002093,3.1271859044654384,0.06936562856102396,607.5377625141839,-475.54746983310395,1930.671327834878,8.144109508433521
3.072000000,0.7599873564999342,0.79419216825913,0.7770897623795321,3.1342739061328255,0.06939954358206475,607.6723912261839,-475.7052325913027,1930.626545185977,8.14770803923909
3.076000000,0.7596925677855495,0.7939040155846442,0.7767982916850968,3.1413696665713693,0.069432527271277,607.8070289663865,-475.8626074302868,1930.5818655097314,8.151179936004887
3.080000000,0.759397789346707,0.7936158919379608,0.7765068406423339,3.1484734085308013,0.06946633754060484,607.9417342800011,-476.0199677465106,1930.5372147415208,8.15478298277948
3.084000000,0.7591030225363795,0.7933277966384651,0.7762154095874223,3.155576851891618,0.06950012569203173,608.076417407132,-476.1786062607805,1930.4927991911452,8.158374925351952
3.088000000,0.7588082713921835,0.7930397294038585,0.775924000398021,3.162681551122799,0.06952659054054353,608.2110037294316,-476.3342991838276,1930.449086239175,8.162074188229017
3.092000000,0.7585135386711528,0.7927516883341923,0.7756326135026725,3.169794815703913,0.06956104231394075,608.3456939589363,-476.4908057319375,1930.4049243554837,8.16574986730263
3.096000000,0.7582188229264943,0.7924636765021802,0.7753412497143373,3.1769083477228706,0.06960152071307221,608.480273170199,-476.65291610149137,1930.361464116664,8.169163634934284
3.100000000,0.7579241244750818,0.7921756953387415,0.7750499099069117,3.18403273462427,0.06963452368907223,608.6149492581245,-476.8121917133545,1930.3175741690345,8.17275469732446
3.104000000,0.7576294445928511,0.7918877425660753,0.7747585935794632,3.1911618419072263,0.06966851670543345,608.7496561208875,-476.9718739384563,1930.2736486662966,8.176367421085496
3.108000000,0.7573347838885098,0.7915998175824512,0.7744673007354805,3.198296173936521,0.06970106690314135,608.8843926780062,-477.1309579194492,1930.2298986581181,8.179880569294813
3.112000000,0.7570401432079024,0.7913119210637518,0.7741760321358271,3.2054360470578636,0.06973529552954387,609.019161241266,-477.2908967517243,1930.1864077397786,8.183439497856018
3.116000000,0.7567455243804488,0.7910240537170807,0.7738847890487648,3.212579948041963,0.06976863992574507,609.1539387477546,-477.4503575091917,1930.1430729090173,8.18700380947403
3.120000000,0.7564509301738553,0.7907362161847686,0.773593573179312,3.2197286183248064,0.06980240454450304,609.2887518807058,-477.6096666438721,1930.0998888035092,8.190562872587899
3.124000000,0.7561563639447542,0.7904484093340045,0.7733023866393793,3.2268820769417657,0.06983513525463485,609.4235894766397,-477.7686191581308,1930.056777425481,8.194126662206566
3.128000000,0.755861829300315,0.7901606347652717,0.7730112320327933,3.234040857305537,0.06986928152899213,609.5584512387398,-477.92808983293645,1930.0138675993358,8.197653555830293
3.132000000,0.755567332626967,0.7898728924863434,0.7727201125566552,3.241202948809395,0.06990288754966827,609.6933244560713,-478.0838785279575,1929.9711145077522,8.201177211740402
3.136000000,0.7552728773723345,0.7895851843097432,0.7724290308410389,3.2483695238506707,0.06993744559823314,609.8282402190955,-478.24377577173584,1929.9285138345792,8.204827428382654
3.140000000,0.754978467075162,0.78929751337742,0.772137990226291,3.2555397935702124,0.06997159114899823,609.9631541915518,-478.4017954672874,1929.8860854585746,8.208376102939473
3.144000000,0.754684108377063,0.7890098816578615,0.7718469950174622,3.2627140558940995,0.07000566505226205,610.0980807903638,-478.559244810968,1929.8437421028434,8.21193066874209
3.148000000,0.7543898060339558,0.7887222961337983,0.771556051083877,3.2698916221232937,0.07004108402427542,610.2329882687773,-478.72021393167387,1929.8017538450808,8.215592034556593
3.152000000,0.7540955675495411,0.7884347564015144,0.7712651619755277,3.277073711296269,0.0700749399692937,610.367962885633,-478.8728785606936,1929.7595232899434,8.219100404517492
3.156000000,0.7538013965882726,0.788147262434137,0.7709743295112048,3.2842604268281295,0.07010850186350859,610.502953326178,-479.03152458001426,1929.7172572369366,8.222544040976931
3.160000000,0.753507295792204,0.7878598204473946,0.7706835581197993,3.291453381263785,0.07014219108640377,610.6379516522347,-479.18806127892134,1929.6752503715002,8.22617293078914
3.164000000,0.7532132717864641,0.7875724344309702,0.7703928531087172,3.2986489455805006,0.07017618850347651,610.7729482694712,-479.3441036389969,1929.6333526408123,8.229724130216635
3.168000000,0.7529193300885879,0.7872851080134922,0.77010221905104,3.30584896308288,0.07021039726600942,610.9079598107055,-479.49983382109593,1929.5914559165574,8.233281566112687
3.172000000,0.7526254757033115,0.7869978464945433,0.7698116610989274,3.313052252665768,0.0702447598430536,611.0429884824933,-479.65481143491684,1929.5496437886018,8.23707292472385
3.176000000,0.752331714036444,0.7867106554612491,0.7695211847488466,3.3202605389462128,0.07027885684711611,611.1779880525031,-479.8096356047448,1929.5075178720308,8.240600741330738
3.180000000,0.7520380505624189,0.7864235397075845,0.7692307951350017,3.327474584622761,0.07031259673226627,611.3130277743139,-479.96422720576396,1929.4660718826262,8.244145005987878
3.184000000,0.7517444905833628,0.7861365033215577,0.7689404969524603,3.3346920865837895,0.07034598088752511,611.448076117027,-480.1178345692922,1929.4244243378262,8.247687554952767
3.188000000,0.751451039015592,0.7858495511422205,0.7686502950789063,3.341913607993626,0.07038058613251624,611.5831305548102,-480.27210689620256,1929.3828539488711,8.251244328682258
3.192000000,0.7511577012105164,0.7855626883882536,0.768360194799385,3.3491377294371207,0.07041530771985584,611.7181772080669,-480.42518035077006,1929.3412990380675,8.254916807665785
3.196000000,0.7508644821303818,0.7852759210407072,0.7680702015855445,3.3563661471295076,0.07044811355195027,611.8532286918635,-480.5793615731045,1929.2998573151824,8.258348549090968
3.200000000,0.750571386358942,0.784989254578889,0.7677803204689155,3.363599931652664,0.07048198506377712,611.9882585506459,-480.73217816782727,1929.2584131431395,8.261920924207166
3.204000000,0.7502784182270261,0.7847026936550776,0.7674905559410519,3.3708383327696065,0.0705160289344498,612.1232909037075,-480.88480712409483,1929.2169763854558,8.265492066235758
3.208000000,0.7499855809340517,0.7844162434138298,0.7672009121739407,3.378081006154393,0.0705497172115547,612.2583253755769,-481.0376835331506,1929.1756450178448,8.269066695206021
3.212000000,0.7496928771497267,0.7841299077086177,0.7669113924291722,3.3853278296548672,0.07058351447180616,612.3933381962119,-481.19080155482834,1929.1344856468938,8.272621388515748
3.216000000,0.7494003106581175,0.7838436916698157,0.7666220011639666,3.3925782878433433,0.07061685178933422,612.528339899012,-481.34205285889,1929.0931126582207,8.27609665706767
3.220000000,0.7491078837964977,0.7835576001663043,0.766332741981401,3.399833295008095,0.07065236597247365,612.6633419664498,-481.494048090687,1929.0515868419307,8.279625435704343
3.224000000,0.7488155979222313,0.7832716363644892,0.7660436171433602,3.4070932276979593,0.07068261485557636,612.7983322770091,-481.64556155401834,1929.0103296206357,8.283272188273465
3.228000000,0.7485234550031663,0.782985804048792,0.7657546295259792,3.414358399420152,0.07071857434656788,612.933335102282,-481.7971839185106,1928.9696495085461,8.286818150777483
3.232000000,0.748231456860438,0.7827001074974902,0.7654657821789641,3.4216246838783433,0.07075235352920707,613.068267758066,-481.94872078729725,1928.928560869944,8.290438002997266
3.236000000,0.7479396038258983,0.7824145497441322,0.7651770767850152,3.428897850829608,0.07078619664525382,613.2032274795132,-482.1004798614364,1928.8877469776724,8.294005381869525
3.240000000,0.7476478959783606,0.7821291325812325,0.7648885142797965,3.4361748944264248,0.07082040041855739,613.3381515065809,-482.25148504962266,1928.8468093190625,8.297563363523285
3.244000000,0.7473563334492468,0.7818438576079814,0.7646000955286141,3.4434565844431204,0.07085395526886543,613.4730728764121,-482.4025453881379,1928.8059817235035,8.301115882969867
3.248000000,0.7470649148610988,0.7815587259125039,0.7643118203868013,3.450744371554707,0.0708881744620423,613.6079744467296,-482.55470850296314,1928.7654203688146,8.304810025635332
3.252000000,0.7467736388697261,0.7812737369180951,0.7640236878939106,3.45803720888477,0.07092135282149947,613.7428690872285,-482.7055472515719,1928.7246934280147,8.308048957729637
3.256000000,0.7464825053508122,0.7809888875924713,0.7637356964716417,3.465335097623631,0.07095367677539205,613.8777756449324,-482.85371148026627,1928.6838882164911,8.31141110827065
3.260000000,0.7461915108919186,0.7807041814564428,0.7634478461741807,3.472634580986671,0.07098873574661768,614.0126597743208,-483.0078412373453,1928.6432465091095,8.315196940695586
3.264000000,0.7459006572035349,0.7804196213632792,0.7631601392834071,3.479942676010309,0.07102484213877708,614.1474644222471,-483.15617951269843,1928.602835088136,8.319106929360888
3.268000000,0.7456099458461694,0.7801352052887438,0.7628725755674566,3.4872497896946757,0.07105860052813026,614.2822745442267,-483.3065187328911,1928.5623504089353,8.32270368572176
3.272000000,0.7453193750539526,0.7798509247009378,0.7625851498774452,3.4945705488448224,0.0710949542447337,614.4176113195605,-483.44244723680725,1928.5214953324826,8.325761886551295
3.276000000,0.7450289444965534,0.7795667787202945,0.7622978616084239,3.5018868405931145,0.07112428127419797,614.5525885026395,-483.5889838156785,1928.4809760505416,8.32892607582325
3.280000000,0.7447386556138156,0.7792827732641712,0.7620107144389934,3.5091995334445234,0.07115828892435014,614.6874882889002,-483.7343228747603,1928.4407934024625,8.332777986696108
3.284000000,0.7444485023083018,0.7789989108947566,0.7617237066015292,3.5165300044550474,0.07118981877924208,614.8229040358772,-483.89404574149586,1928.4007076198618,8.336964896851605
3.288000000,0.7441584849668175,0.7787151946588864,0.7614368398128519,3.523847935031021,0.07122475575971692,614.9578796453213,-484.04492717098765,1928.3604903164198,8.340504301111924
3.292000000,0.7438686112615756,0.7784316301213181,0.7611501206914468,3.5311642657640547,0.07125868271237208,615.0927158115562,-484.1964667969283,1928.3199405062826,8.344103825541644
3.296000000,0.7435788840761575,0.7781482201523886,0.760863552114273,3.5384926674715826,0.07129266227964876,615.2276618565493,-484.3462721627367,1928.2795739459737,8.347600611664248
3.300000000,0.7432893035429231,0.7778649660764785,0.7605771348097008,3.545826775321576,0.0713267764334693,615.3625300163856,-484.497770607102,1928.2390468514593,8.351214351859204
3.304000000,0.7429998718806416,0.7775818699380892,0.7602908709093654,3.5531641792006865,0.07136059088940044,615.4973385885277,-484.6481659127142,1928.198542565962,8.354742524489282
3.308000000,0.7427105912916829,0.7772989328185105,0.7600047620550967,3.5605071385631217,0.07139446416545961,615.6321296509554,-484.798886242784,1928.1580866511588,8.358311006165753
3.312000000,0.742421462185618,0.7770161544859491,0.7597188083357835,3.567854456067522,0.07142826812553409,615.766872639391,-484.94943420097917,1928.1175565789235,8.361888178310043
3.316000000,0.7421324840514245,0.7767335375057627,0.7594330107785936,3.575205563611592,0.07146288831790043,615.9015556072295,-485.10218283806716,1928.0774518728063,8.365564711902053
3.320000000,0.7418436553975027,0.7764510759609209,0.7591473656792118,3.582562919814503,0.07149641018584392,616.0362477925894,-485.2505909278518,1928.036409261511,8.369078616872212
3.324000000,0.7415549737126241,0.7761687664161911,0.7588618700644076,3.5899229630983025,0.0715309116335311,616.1708557061,-485.40321622391775,1927.9962308413385,8.372727272359313
3.328000000,0.7412664380853187,0.7758866079832956,0.7585765230343071,3.5972874984570087,0.07156397867132887,616.3054436770443,-485.5507055664541,1927.9557514369358,8.376288056999861
3.332000000,0.7409780468592544,0.7756045968113767,0.7582913218353156,3.604653298495051,0.07159697897166119,616.4398543310942,-485.7023179133972,1927.9165210107926,8.379969560977862
3.336000000,0.7406897940637265,0.7753227284879785,0.7580062612758525,3.6120263534827473,0.07163151685635402,616.5743873225476,-485.8536835322835,1927.8758875113604,8.383590486675217
3.340000000,0.740401674866277,0.7750409980195769,0.7577213364429269,3.619403650809926,0.07166517668559996,616.7088333394937,-486.0041669682937,1927.835941036872,8.387201810481628
3.344000000,0.7401136855519894,0.7747594005979153,0.7574365430749523,3.6267846013350895,0.07169920066189561,616.8432451305068,-486.1550309053218,1927.7959863166557,8.390814154013281
3.348000000,0.739825821332758,0.7744779308858796,0.7571518761093188,3.6341682727253874,0.07173346920544317,616.9776017391067,-486.30536991200745,1927.7562246221833,8.39439767588664
3.352000000,0.739538078968522,0.7741965864383502,0.7568673327034361,3.6415535035752136,0.07176900782418552,617.1117885528106,-486.4567960505487,1927.7176257825804,8.398031910844356
3.356000000,0.7392504526725929,0.7739153608791582,0.7565829067758756,3.6489454910684564,0.07180236394055539,617.2460894830587,-486.6066884321576,1927.677444230201,8.401612415958393
3.360000000,0.7389629368088038,0.773634244502361,0.7562985906555824,3.656344576210704,0.07183345263437547,617.380362369266,-486.75535849912615,1927.6386459484963,8.405169017973318
3.364000000,0.7386755261433393,0.7733532309329263,0.7560143785381328,3.663741721497146,0.07186991188890487,617.5144998936665,-486.9055785183447,1927.5987408682347,8.40874278788407
3.368000000,0.7383882089754081,0.7730723088678104,0.7557302589216093,3.6711540971610352,0.07190082927928904,617.6487400537026,-487.05904851186193,1927.558361515894,8.412569132511027
3.372000000,0.7381009796513212,0.7727914711099828,0.755446225380652,3.6785569688476336,0.07193719727086736,617.7827708670505,-487.20653819944624,1927.5190975017492,8.415975008767674
3.376000000,0.7378138348445731,0.7725107132825997,0.7551622740635864,3.685967768942769,0.07197107678472801,617.9168064330634,-487.35620414801355,1927.479713226755,8.41972331623629
3.380000000,0.7375267661388989,0.7722300278506111,0.754878396994755,3.6933832032964307,0.0720077420406765,618.0508393692965,-487.50680239860907,1927.4410417322497,8.423278298835932
3.384000000,0.737239768445491,0.7719494074993918,0.7545945879724414,3.700796806050877,0.0720386064811068,618.1847065414613,-487.65503672802845,1927.4014005408774,8.426795705326953
3.388000000,0.7369528350347707,0.7716688416321631,0.7543108383334669,3.7082276273046375,0.07207526688513924,618.3187228826371,-487.80325084047263,1927.3606188384801,8.430306856980241
3.392000000,0.7366659600032648,0.7713883245865105,0.7540271422948877,3.715646226145306,0.07210778148470574,618.4524851987151,-487.9529677443864,1927.3217901243559,8.433894931928592
3.396000000,0.7363791402257789,0.7711078533889832,0.7537434968073811,3.723071022566791,0.07214249460543458,618.5862414871134,-488.10216197673026,1927.282554865486,8.437417823970069
3.400000000,0.7360923701873503,0.770827422047617,0.7534598961174837,3.7305001629591894,0.0721752366207151,618.7199379117976,-488.25197125246564,1927.2429325359626,8.44104381129456
3.404000000,0.7358056405859799,0.7705470258654401,0.75317633322571,3.7379417355309204,0.07220880297467455,618.8536848926582,-488.4040198581956,1927.2034486650082,8.444901384504606
3.408000000,0.7355189471342385,0.770266661282264,0.7528928042082512,3.745375656579171,0.07224326389336079,618.9872519068439,-488.55285090825674,1927.1639157264988,8.448400938050746
3.412000000,0.7352322879274169,0.7699863247970171,0.752609306362217,3.7528135845867814,0.07227642834815165,619.1207884488375,-488.702310821692,1927.1242519051038,8.451857797639523
3.416000000,0.7349456590966668,0.7697060136578102,0.7523258363772385,3.760254833545016,0.07231040056999463,619.2542665832642,-488.8512294531997,1927.08488169007,8.455420009246946
3.420000000,0.7346590574359482,0.7694257253072578,0.752042391371603,3.7676994496579073,0.07234389780245251,619.3876778740075,-489.0001917545346,1927.0453505329272,8.458983452100107
3.424000000,0.73437248134897,0.769145456557851,0.7517589689534105,3.775144400743752,0.07237750549429084,619.5210269685448,-489.14804714866887,1927.0058299956022,8.462584860173177
3.428000000,0.7340859285268237,0.7688652052579101,0.7514755668923669,3.7825947841529013,0.0724112088206037,619.6543149056462,-489.29741559366164,1926.966257884891,8.466154422615563
3.432000000,0.733799393710612,0.7685849667062712,0.7511921802084416,3.790058599985031,0.07244500501200529,619.7876779005386,-489.44649723079056,1926.9265826123178,8.469781883289656
3.436000000,0.7335128747172917,0.7683047375147396,0.7509088061160156,3.7975130413589375,0.07247889548639211,619.9208339323382,-489.5947858566748,1926.8872766396341,8.473317161436027
3.440000000,0.7332263721471151,0.7680245125017962,0.7506254423244556,3.8049789297580427,0.07251227891347813,620.0540216154408,-489.7403822976485,1926.8475775379695,8.47657629231516
3.444000000,0.7329398842061181,0.7677442888638808,0.7503420865349995,3.8124384648786704,0.07254656427557585,620.1870465667012,-489.88949167146546,1926.8082085317562,8.48019029548071
3.448000000,0.7326534086490142,0.7674640669022921,0.7500587377756531,3.8199022206385913,0.0725800717421067,620.3200137955118,-490.0381158952181,1926.7687481730381,8.483758391632131
3.452000000,0.7323669443685787,0.7671838448837178,0.7497753946261483,3.827370811311212,0.072614643609523,620.4529433080713,-490.1867474332131,1926.729686553875,8.48730294957247
3.456000000,0.7320804891754591,0.7669036254612536,0.7494920573183563,3.8348322290240677,0.07264793181250097,620.5856834708371,-490.33815689372466,1926.690132828817,8.491119006959888
3.460000000,0.7317940448707674,0.7666234086536008,0.7492087267621841,3.842299048518173,0.07268047335606842,620.718373395124,-490.48378929949246,1926.650646354198,8.494380925772425
3.464000000,0.7315076110898815,0.7663431922738511,0.7489254016818663,3.849775561067084,0.07271409154506389,620.8510715206694,-490.63218984261584,1926.6111007038926,8.49796385002099
3.468000000,0.7312211845195264,0.7660629774777021,0.7486420809986143,3.8572541359926853,0.07274772492246308,620.9836980694948,-490.7805845933092,1926.57159643942,8.501519148267693
3.472000000,0.7309347643942488,0.7657827652594449,0.7483587648268468,3.8647345685921977,0.07278107477506773,621.1162485829274,-490.9289379396597,1926.532073328714,8.5050712035394
3.476000000,0.7306483486688364,0.7655025541939722,0.7480754514314043,3.8722211342582895,0.0728135286811104,621.2488611463413,-491.07711692841764,1926.492267298164,8.508645975045571
3.480000000,0.7303619372598007,0.765222345105073,0.7477921411824369,3.879704294347637,0.07284843027076002,621.3812239555674,-491.2250512408174,1926.453093602387,8.512152853945272
3.484000000,0.7300755320874828,0.7649421376570302,0.7475088348722565,3.887194449725226,0.0728813339636567,621.5136170600533,-491.3712778811203,1926.413935369066,8.515606913417294
3.488000000,0.7297891334663831,0.7646619305754712,0.7472255320209271,3.894683416840589,0.07290903984051579,621.6459702971384,-491.5138162313747,1926.3744052636819,8.519167340915907
3.492000000,0.7295027419714017,0.7643817260206021,0.7469422339960019,3.9021756074021736,0.0729418019388024,621.7781950895372,-491.65942920429956,1926.3350169826683,8.522761136274305
3.496000000,0.7292163589152949,0.7641015270226887,0.7466589429689918,3.9096702446625002,0.07297447510213476,621.910340752325,-491.80571235532744,1926.295724552844,8.526399562396922
3.500000000,0.7289299832067115,0.7638213353141339,0.7463756592604227,3.917174630668862,0.07301213824936754,622.0425954926837,-491.95728206391817,1926.2568400297741,8.530003478126261
3.504000000,0.7286436173302349,0.7635411549356519,0.7460923861329434,3.9246647896712816,0.07305207637524554,622.1745030700577,-492.1055980885918,1926.21771398835,8.533645680165506
3.508000000,0.7283572633092632,0.7632609896928528,0.745809126501058,3.9321685386994223,0.07308454790984462,622.3064773113732,-492.25514143861994,1926.1786864867538,8.537270029779968
3.512000000,0.7280709237130907,0.762980840879834,0.7455258822964623,3.9396698791347076,0.0731190665672968,622.4383034447911,-492.4019020313789,1926.139468657114,8.54064898773968
3.516000000,0.7277846021876542,0.7627007103072998,0.745242656247477,3.947176498499512,0.07315183882449927,622.5700750829836,-492.54956323189975,1926.1001906187562,8.544144063305119
3.520000000,0.7274983012635801,0.7624205981048533,0.7449594496842167,3.9546948059410014,0.07318996522052613,622.7020269741876,-492.69062423437674,1926.0607256946676,8.547395637269533
3.524000000,0.7272120238069846,0.762140513437771,0.7446762686223778,3.962183656734618,0.07322215348640466,622.8332984489335,-492.8457910926072,1926.0214777791748,8.550988075525218
3.528000000,0.7269257741151591,0.7618604620989515,0.7443931181070553,3.969698290002896,0.07325347045870514,622.964792432101,-492.99372062635484,1925.982179419789,8.554460094978099
3.532000000,0.7266395504966425,0.7615804416935106,0.7441099960950766,3.9772180273582927,0.07328692794863749,623.0962385108438,-493.1436697772751,1925.942457062409,8.557976990831913
3.536000000,0.7263533510308804,0.7613004517718309,0.7438269014013557,3.9847412089939493,0.0733194039140092,623.2276419989182,-493.29181422871767,1925.9029838236052,8.561580351445642
3.540000000,0.726067179138056,0.7610204949823327,0.7435438370601943,3.992266978680148,0.07334989258077756,623.3589566996542,-493.4405518692713,1925.8645721288985,8.565137049400672
3.544000000,0.7257810340167055,0.7607405736092829,0.7432608038129942,3.9997915139487623,0.07338593216022105,623.4901316130862,-493.5917373076441,1925.8248835569384,8.568728152920276
3.548000000,0.7254949187307886,0.7604606852883933,0.742977802009591,4.007319525674522,0.0734183251825602,623.6212305028599,-493.73678653097477,1925.785848446198,8.571967676311163
3.552000000,0.725208835838572,0.7601808273813049,0.7426948316099384,4.014852120652442,0.07345219494151484,623.7522932832487,-493.8847499796886,1925.7466351912672,8.57549965453641
3.556000000,0.724922783991218,0.7599010021189514,0.7424118930550847,4.022382446520552,0.07348603369854041,623.8832657407889,-494.0335180220384,1925.7077543526857,8.57941288464945
3.560000000,0.7246367638295084,0.7596212107892342,0.7421289873093713,4.029920372366745,0.07352010564690994,624.0141594926663,-494.1822698680682,1925.668721778785,8.582843837339155
3.564000000,0.7243507756920593,0.7593414526739082,0.7418461141829837,4.0374630833311915,0.07355577000121305,624.1450543835604,-494.33115990974267,1925.6305024172866,8.586355764869479
3.568000000,0.724064821256647,0.7590617273065874,0.7415632742816172,4.045001656219685,0.07358605453882641,624.275751786564,-494.477975746908,1925.5913278933037,8.589829344682844
3.572000000,0.723778902035221,0.7587820335919844,0.7412804678136027,4.052546856221996,0.07361864089419103,624.4064519387749,-494.6249864139018,1925.5525032467885,8.5932561941471
3.576000000,0.7234930175692682,0.7585023730540144,0.7409976953116413,4.060091517030095,0.07365227493672341,624.5370226871524,-494.77398590596675,1925.5135333014637,8.596808934658354
3.580000000,0.7232071703563463,0.7582227461715974,0.7407149582639718,4.0676384405365615,0.07368465548035001,624.6674759848802,-494.91882360293357,1925.4746447982402,8.600223202698741
3.584000000,0.7229213624179494,0.7579431519064173,0.7404322571621833,4.075189819048619,0.07371817380683347,624.7979004125838,-495.0657554212837,1925.4358591814746,8.60374351066822
3.588000000,0.7226355939427833,0.7576635891335002,0.7401495915381417,4.082746137288996,0.07375091207432896,624.9282949922772,-495.21165087135387,1925.397044692107,8.607171449745463
3.592000000,0.7223499794438624,0.7573840552152689,0.7398670173295656,4.090274552091118,0.07377042055663507,625.0578532366029,-495.30380033014904,1925.3659524127688,8.608473217345711
3.596000000,0.7220645181770351,0.7571045449160607,0.7395845315465479,4.097836325519401,0.07380695006196501,625.1880838912008,-495.45399899671605,1925.3263049609618,8.612462011094864
3.600000000,0.7217790070232724,0.7568250533177974,0.7393020301705349,4.1054223641197,0.07385255593230457,625.3189597642883,-495.6553208305904,1925.2787495262817,8.618054214345795
3.604000000,0.721493440593008,0.7565455834260462,0.7390195120095271,4.11298449829638,0.07388480723921409,625.4490216710941,-495.8007389787133,1925.2408734892895,8.621491857951286
3.608000000,0.721207907654545,0.7562661402573951,0.7387370239559701,4.1205458812346984,0.07391660323682547,625.5789854929113,-495.94488448042455,1925.2030419226974,8.624600037285749
3.612000000,0.720922396808291,0.7559867277122123,0.7384545622602516,4.128111940803065,0.07394954334390051,625.7088994188513,-496.0912651583309,1925.1646077777332,8.627990884226374
3.616000000,0.7206369027344266,0.755707351468061,0.7381721271012438,4.135679744910548,0.0739819474359944,625.8387287010004,-496.2367119589893,1925.126355538746,8.631386760221757
3.620000000,0.7203514427171029,0.7554280172409022,0.7378897299790026,4.143249830102234,0.07401430504342335,625.9684698449392,-496.3816636606626,1925.0879125509161,8.634769171310676
3.624000000,0.7200660274592536,0.7551487301019932,0.7376073787806234,4.150822133064054,0.07404806511408007,626.0981443570921,-496.5268323899452,1925.0495848621051,8.638151983147045
3.628000000,0.7197806642836042,0.7548694941546614,0.7373250792191328,4.158397063316927,0.07408146221042752,626.22774865979,-496.6725385975545,1925.0110040413792,8.64155184799958
3.632000000,0.7194953585794508,0.7545903119117554,0.7370428352456031,4.165974836069776,0.07411411800629593,626.3572674096088,-496.81791162776534,1924.9724255135286,8.644996556874661
3.636000000,0.7192101144858896,0.7543111830731561,0.7367606487795229,4.173558689766643,0.07414578259722328,626.4868087921795,-496.9617886117574,1924.9348721921162,8.648392529187953
3.640000000,0.7189249314651391,0.7540321087359985,0.7364785201005688,4.181136167320116,0.07418013398637545,626.6161129385627,-497.1092372826984,1924.8958179484869,8.651951330764849
3.644000000,0.7186398066645836,0.7537530891405453,0.7361964479025644,4.18872054866664,0.07421295634937759,626.7454259129372,-497.25535110536333,1924.8571314401029,8.655434881189118
3.648000000,0.718354737847605,0.7534741222258674,0.7359144300367362,4.1963067029861625,0.07424614302040994,626.8746554139777,-497.4016802125459,1924.8185054675705,8.65892007167794
3.652000000,0.7180697221820793,0.7531952068468541,0.7356324645144667,4.2038951127008595,0.07427938768438805,627.0038115555069,-497.5481585193319,1924.779916901854,8.662412716590886
3.656000000,0.7177847554412295,0.7529163438833564,0.735350549662293,4.211489206994588,0.07431342580473904,627.1329458975038,-497.69663311227976,1924.7422248886437,8.665960592338283
3.660000000,0.7174998377554545,0.7526375339090805,0.7350686858322675,4.2190780508269174,0.07434436306511619,627.2619023354524,-497.83828696269876,1924.702558490601,8.669199029296472
3.664000000,0.7172149699898114,0.7523587769800315,0.7347868734849214,4.226671543653591,0.07437758875986702,627.3907990331949,-497.9849505452396,1924.6641335898994,8.672716392025094
3.668000000,0.716930151457376,0.7520800740260256,0.7345051127417008,4.234269384363625,0.07441060482066922,627.5196290835661,-498.1313836954918,1924.62589493835,8.676208545084052
3.672000000,0.7166453833377204,0.7518014243192255,0.734223403828473,4.241866132205764,0.07444399790374973,627.6483694025304,-498.27988603907704,1924.588504333514,8.679817604676698
3.676000000,0.7163606688752537,0.7515228300815124,0.7339417494783831,4.249466385803971,0.07447671955820376,627.7770368654834,-498.424569154821,1924.549972909462,8.683182164394147
3.680000000,0.7160760110816113,0.7512442943539952,0.7336601527178033,4.257069592106369,0.07451225921106543,627.9056898180673,-498.57060688037797,1924.5117846790715,8.686560941515113
3.684000000,0.7157914129966798,0.7509658181397754,0.7333786155682276,4.264672871549712,0.07454412442425573,628.034202786173,-498.7164591023844,1924.4737069399964,8.69003549875968
3.688000000,0.7155068779601095,0.7506874028436386,0.733097140401874,4.272278202405851,0.07457733324341036,628.1626343001499,-498.8622658028781,1924.4357024712572,8.693445630655532
3.692000000,0.7152224086601393,0.7504090497275371,0.7328157291938382,4.27988457614298,0.07460969863905038,628.2909812821065,-499.0079548009797,1924.397845055798,8.696896169911774
3.696000000,0.7149380068458555,0.7501307590255806,0.732534382935718,4.287494371052628,0.0746425640603298,628.419252226229,-499.1535359184767,1924.35972214011,8.700323752028186
3.700000000,0.7146536736253211,0.7498525305678925,0.7322531020966068,4.295105772877012,0.07467547987591446,628.5474343964802,-499.29910243323064,1924.3217279152207,8.703748864061883
3.704000000,0.71436940955995,0.7495743639120889,0.7319718867360194,4.302719551424694,0.0747079209302313,628.6755464458064,-499.4445471130497,1924.2837204907619,8.70717765993146
3.708000000,0.7140852147559826,0.7492962584917393,0.731690736623861,4.310334739133887,0.07474066723553188,628.8035907066728,-499.58974622048044,1924.2456784641645,8.710733858548517
3.712000000,0.713801089153236,0.7490182137845238,0.7314096514688799,4.317951317848639,0.0747734232390409,628.9315296822647,-499.7353597585941,1924.207802671514,8.714174193709628
3.716000000,0.7135170321423345,0.748740228999111,0.7311286305707227,4.325571363836008,0.07480661977480649,629.0594131874695,-499.88076545414503,1924.169785354592,8.717591259250831
3.720000000,0.7132330433447436,0.7484623031396609,0.7308476732422022,4.33319364741425,0.07483939861253762,629.1872127007936,-500.0257550179427,1924.131810052413,8.720979846952325
3.724000000,0.7129491240730488,0.7481844455281674,0.7305667848006081,4.340795195993007,0.07485888313174374,629.3142146694802,-500.17401296974225,1924.0925057260304,8.724912434652792
3.728000000,0.7126652728478291,0.747906661208134,0.7302859670279815,4.348417252445423,0.07489156315166545,629.4415213048123,-500.32140851387527,1924.054668737414,8.728340990312837
3.732000000,0.71238149391246,0.7476289439325257,0.7300052189224928,4.356032342595378,0.07493986708201313,629.568225609568,-500.46394390343426,1924.0145748742561,8.731091262935298
3.736000000,0.7120977849073142,0.7473512857729077,0.729724535340111,4.363675148681855,0.07496504883291506,629.6953866357766,-500.60816984390823,1923.9758020340798,8.734670207770371
3.740000000,0.711814135316132,0.7470736793987811,0.7294439073574566,4.371318520852465,0.07500139917230204,629.8224577054506,-500.75277497065525,1923.9375571310666,8.738025918796676
3.744000000,0.7115305389451834,0.7467961172690991,0.7291633281071412,4.378961587766804,0.07503351086098964,629.9494336423483,-500.89713419825455,1923.8997337247122,8.741445140847468
3.748000000,0.7112469906172691,0.7465185902976543,0.7288827904574617,4.3866028161716555,0.07506658114563981,630.0763055185326,-501.0405653989344,1923.8615015950998,8.744819683290638
3.752000000,0.7109634826261555,0.7462410902741254,0.7286022864501405,4.394248666873802,0.07509924153573967,630.2031644535263,-501.18529827552084,1923.8241115962592,8.748275858602266
3.756000000,0.7106800080863422,0.7459636105808869,0.7283218093336146,4.401890936560357,0.07513394865407555,630.3299342205794,-501.3292889716146,1923.7868909170088,8.751638445269267
3.760000000,0.7103965600633018,0.7456861492463531,0.7280413546548274,4.409539715164003,0.07516867372967784,630.4566476785691,-501.4790307410189,1923.749298159703,8.755225034351794
3.764000000,0.7101131339984335,0.7454086992613611,0.7277609166298973,4.417186580247099,0.0751977306244682,630.5833189191528,-501.6208487987014,1923.7116913358548,8.758471583668165
3.768000000,0.7098297303881935,0.7451312550467435,0.7274804927174685,4.424830449587067,0.07522944189687307,630.7098288487521,-501.7630467529612,1923.6746848302946,8.761733098978329
3.772000000,0.7095463436245808,0.7448538180809692,0.727200080852775,4.432478760678292,0.07526247583202947,630.8363347469062,-501.9095670752898,1923.6377115833411,8.765193451680666
3.776000000,0.7092629692537713,0.7445763883604428,0.7269196788071071,4.4401264415843205,0.07529475863417982,630.9627115340516,-502.05362791431463,1923.600497839758,8.768538845081816
3.780000000,0.7089796087987565,0.7442989653471983,0.7266392870729774,4.447774972967134,0.07532600449473059,631.0890558104437,-502.1970834795141,1923.5636183841148,8.772064777124324
3.784000000,0.7086962618651143,0.7440215500795659,0.7263589059723401,4.455423762710968,0.07535884808106305,631.2152799904854,-502.3416763597735,1923.5262497886572,8.77542614147979
3.788000000,0.7084129281602287,0.7437441435872358,0.7260785358737323,4.4630757098985105,0.07539122297394141,631.3414467717706,-502.4853454176312,1923.4889735638956,8.778775783474172
3.792000000,0.7081296091356961,0.7434667471864458,0.725798178161071,4.47072908102248,0.0754237165173333,631.4675295509021,-502.62912437881954,1923.4516437413388,8.782135882603011
3.796000000,0.7078463062819793,0.7431893624392671,0.7255178343606232,4.478384163812488,0.07545572300029577,631.5935351936956,-502.7726890805083,1923.414221694693,8.785496088227962
3.800000000,0.707563021349003,0.7429119909983513,0.7252375061736771,4.4860393515748145,0.07548802709260596,631.7194705469375,-502.9162113549803,1923.3767891001112,8.788851763728355
3.804000000,0.7072797562785524,0.7426346348512993,0.7249571955649259,4.493696772166133,0.07552005700870337,631.8453277538819,-503.0597762414146,1923.339165456427,8.79221932784814
3.808000000,0.7069965131245937,0.7423572964386409,0.7246769047816173,4.5013564677324975,0.07555235921136709,631.9711133167622,-503.20338431684127,1923.3015317544518,8.795593727513214
3.812000000,0.7067132945243912,0.7420799786201684,0.7243966365722798,4.509016482698719,0.07558429392407756,632.0968052489478,-503.3467460656169,1923.2638776548588,8.798953528329061
3.816000000,0.7064301034231164,0.7418026843549796,0.724116393889048,4.51667812117567,0.07561658315967404,632.2224073922166,-503.4899751590623,1923.2262218300355,8.802288832460322
3.820000000,0.7061469426771367,0.7415254170150263,0.7238361798460815,4.5243410561500665,0.07564915231788531,632.3479339307929,-503.6333193852072,1923.1885595671345,8.805633185461943
3.824000000,0.705863815311389,0.7412481804906434,0.7235559979010162,4.53200460749179,0.07567978762006858,632.4733630671169,-503.77664166306175,1923.150942742093,8.809013236361192
3.828000000,0.7055807246216688,0.7409709787235954,0.7232758516726321,4.539669598239915,0.07571322748959014,632.5987180533373,-503.9199334442038,1923.1133980279792,8.812382249693858
3.832000000,0.7052976738677188,0.7406938156260878,0.7229957447469033,4.5473361857999555,0.07574505336529722,632.7239963697396,-504.0632947448097,1923.0758306138448,8.815768971905126
3.836000000,0.7050146669202633,0.7404166914057697,0.7227156791630165,4.555005367190207,0.07577670834608186,632.8492180709013,-504.2038201174299,1923.0381504547017,8.818994949434407
3.840000000,0.7047317072284613,0.7401396122194512,0.7224356597239563,4.5626733447443275,0.07581014372887936,632.9742964629951,-504.34870066262755,1923.0007370694864,8.822452653947376
3.844000000,0.7044487949256819,0.7398625853432463,0.7221556901344641,4.57034445478395,0.07584203194984904,633.0993340583378,-504.4944135765513,1922.9632826282716,8.825957525196737
3.848000000,0.7041659361612602,0.7395856124999796,0.7218757743306199,4.578014915581126,0.07587390267857705,633.2242405446648,-504.635719512552,1922.9262519303709,8.82916724632658
3.852000000,0.7038831364530438,0.7393086962862725,0.7215959163696581,4.58568804244547,0.07590637220898146,633.3490792771225,-504.77891850782515,1922.8890055528402,8.832514947746464
3.856000000,0.7036003965488504,0.7390318399900053,0.7213161182694279,4.593362205334965,0.07593848995567531,633.4738323513951,-504.92191954310823,1922.8517780714506,8.835864770149415
3.860000000,0.7033177187791324,0.7387550457715975,0.7210363822753649,4.601037975990262,0.07597043527980651,633.5984931866054,-505.06482792146056,1922.8146130998339,8.83920528063361
3.864000000,0.703035105638719,0.7384783157886261,0.7207567107136725,4.6087152215146565,0.07600245256940988,633.7230667279932,-505.20800800861184,1922.777537522386,8.842502506700093
3.868000000,0.7027525586874361,0.7382016515556131,0.7204771051215246,4.616393704335877,0.07603459461334297,633.8475501595722,-505.35077030906626,1922.7404099954263,8.84583684657649
3.872000000,0.7024700801507038,0.7379250540633535,0.7201975671070286,4.624074462091462,0.0760668608845069,633.9719539803406,-505.4929864053089,1922.70338065349,8.849166534198059
3.876000000,0.7021876715174784,0.7376485251673444,0.7199180983424114,4.631756210495197,0.07609912277056088,634.0962755678621,-505.6361191639368,1922.6663698373657,8.852540900141072
3.880000000,0.7019053357734037,0.7373720662003791,0.7196387009868914,4.639438118593503,0.07613063284462687,634.2204953008264,-505.7772429348265,1922.6295358909263,8.855777753117621
3.884000000,0.701623074388749,0.7370956776167077,0.7193593760027284,4.647128008088973,0.07616108039961095,634.3447340837902,-505.9196816248462,1922.593348354333,8.859108651975237
3.888000000,0.7013408879059,0.7368193613762344,0.7190801246410672,4.654810378534795,0.07619406661251762,634.4687337134061,-506.0626518226622,1922.5560895367885,8.862457127911728
3.892000000,0.7010587786037661,0.7365431195241001,0.7188009490639331,4.662497326800275,0.07622736019218328,634.5927092665539,-506.2051745924686,1922.519201122941,8.865764063605525
3.896000000,0.7007767486414451,0.7362669533784896,0.7185218510099673,4.670185596479946,0.07625909546403824,634.7165984634754,-506.3476605904817,1922.4823985500038,8.86909508777849
3.900000000,0.7004947998438809,0.7359908642950899,0.7182428320694854,4.677876012492295,0.07629090801048448,634.8404086297511,-506.4898351868134,1922.4455947515535,8.872400928090896
3.904000000,0.7002129327419624,0.7357148548101833,0.7179638937760728,4.685569329554291,0.0763256337711044,634.9641661549681,-506.6335813568246,1922.409180014834,8.875730455795807
3.908000000,0.6999311494753186,0.7354389258275091,0.7176850376514139,4.6932611948027025,0.07635430527452164,635.0877888041584,-506.77446750332894,1922.3721990665886,8.878985410440523
3.912000000,0.6996494523994556,0.7351630778400846,0.7174062651197701,4.70095574730054,0.07638594934802642,635.211345660908,-506.9165462817879,1922.3355734775187,8.882293664503372
3.916000000,0.6993678420704583,0.734887312345549,0.7171275772080037,4.708651042045371,0.07641834941194386,635.3348205897559,-507.0585988403016,1922.298770848688,8.885606945223657
3.920000000,0.6990863193529719,0.7346116304112655,0.7168489748821187,4.716348009691534,0.07645036931037158,635.4582140034804,-507.2007747007455,1922.262108186304,8.888921836627844
3.924000000,0.6988048855909028,0.7343360321366674,0.7165704588637851,4.724044673235468,0.07648246519672006,635.581478007935,-507.3423790731598,1922.2250785549513,8.892173362793253
3.928000000,0.69852354133495,0.734060517770132,0.716292029552541,4.731746549726305,0.07651414879775721,635.7047160764969,-507.4844375981304,1922.1886087386667,8.895510394332241
3.932000000,0.6982422866422411,0.7337850878035113,0.7160136872228762,4.7394476935719485,0.0765461207664603,635.8278459147186,-507.6264510301399,1922.1520366940704,8.898805515182312
3.936000000,0.6979611229607201,0.7335097416465288,0.7157354323036245,4.747149752131139,0.0765774507484272,635.9508944431484,-507.7671276042065,1922.1156848318108,8.902028132679353
3.940000000,0.6976800499899412,0.733234479736609,0.7154572648632751,4.7548532802343555,0.07660996583683868,636.0738604189776,-507.90987122299924,1922.079284063684,8.90535331113346
3.944000000,0.6973990665934338,0.7329593022666501,0.7151791844300419,4.762557866098218,0.07664161643245686,636.1967295991942,-508.0514160258005,1922.042595033163,8.9086397300213
3.948000000,0.6971181732342302,0.7326842086580712,0.7149011909461507,4.770264555695824,0.07667401900420441,636.3195363835882,-508.1930029683781,1922.0061215085968,8.911907126936974
3.952000000,0.6968373698856993,0.7324091985008749,0.7146232841932871,4.777972359427723,0.0767053268379004,636.4422632143045,-508.33420790793326,1921.9696542650859,8.915187846915074
3.956000000,0.6965566554881946,0.7321342732310256,0.7143454643596101,4.785679909932298,0.07673720790093999,636.564867137823,-508.4768159237802,1921.933149967149,8.918508250433414
3.960000000,0.6962760300908712,0.7318594321207144,0.7140677311057928,4.793393213524014,0.07676744231477134,636.6874658008585,-508.61705637298417,1921.8969539441348,8.921681527320361
3.964000000,0.695995490885025,0.7315846757167179,0.7137900833008715,4.801106315092151,0.07680068315311171,636.8099588582706,-508.761206404718,1921.8609081239554,8.92512642247921
3.968000000,0.6957150367410634,0.7313100045697212,0.7135125206553923,4.8088161048431095,0.07683121658808792,636.9322991455246,-508.9017630029522,1921.8244257754523,8.928336422472189
3.972000000,0.6954346742886344,0.7310354061448265,0.7132350402167305,4.81654379060255,0.07687325778439429,637.0553021794306,-509.02117710297694,1921.7888222721604,8.930758984008483
3.976000000,0.6951544075035514,0.7307608783047641,0.7129576429041578,4.8242500715936,0.07690549223093304,637.1776655033655,-509.15469340595314,1921.752299330401,8.934296627413197
3.980000000,0.6948742380591,0.7304864297430527,0.7126803339010763,4.83195880217613,0.07693572984204636,637.299938625541,-509.28830690641485,1921.7162852691686,8.937730319439432
3.984000000,0.694594158485117,0.730212068240931,0.712403113363024,4.839681719900313,0.07695722668763538,637.4227774469069,-509.4434747020362,1921.6807193261577,8.942021420243824
3.988000000,0.6943141702960247,0.7299378019440894,0.7121259861200571,4.847383700728863,0.07698915571997976,637.5449827598237,-509.5866466824918,1921.6437675363695,8.945300580489135
3.992000000,0.6940342865255218,0.7296636368464959,0.7118489616860089,4.85509396900551,0.07702107280908968,637.6671466905246,-509.72752720696064,1921.607888784261,8.94837958603927
3.996000000,0.6937545134056506,0.7293895796099434,0.711572046507797,4.862803140515506,0.07705324162563915,637.7891976758375,-509.86917664850694,1921.5713685912283,8.951535614501138
4.000000000,0.693474855522922,0.7291156373247389,0.7112952464238305,4.87051665838248,0.07708403971505122,637.9111397802951,-510.01026801937473,1921.5348658837434,8.95466553711987
4.004000000,0.6931953178393542,0.7288418160877086,0.7110185669635314,4.878230846759087,0.07711523626430626,638.0329698946665,-510.1527732010669,1921.4983287511857,8.957869458694775
4.008000000,0.6929159048107039,0.7285681187474324,0.7107420117790682,4.88594713987682,0.07714575271528938,638.154656271959,-510.29280878038736,1921.4609981276833,8.961022265102471
4.012000000,0.6926366184507913,0.7282945480715881,0.7104655832611897,4.893669697496898,0.07717815762099127,638.2763320820688,-510.4356305263834,1921.4245315996884,8.96434808356274
4.016000000,0.6923574609529624,0.7280211062145838,0.7101892835837731,4.901391843108603,0.07720959055888377,638.3978690373872,-510.5762710670037,1921.387971130278,8.967513743556598
4.020000000,0.6920784309305361,0.7277477900799454,0.7099131105052408,4.90911693451992,0.0772413415849306,638.5193113616133,-510.7207375502305,1921.3517373705,8.970927776763173
4.024000000,0.6917995262950996,0.7274746003438679,0.7096370633194837,4.916844091750453,0.07727292301861738,638.6406834588474,-510.8610603127145,1921.3147843035613,8.974087224313461
4.028000000,0.6915207463444943,0.7272015390181394,0.7093611426813169,4.924573119115239,0.07730410053681033,638.7619529941007,-511.0030339249801,1921.27834023807,8.977354414806353
4.032000000,0.6912420890757858,0.7269286036264617,0.7090853463511237,4.932303216905842,0.07733597256174339,638.8831314935995,-511.1440795743347,1921.2420593340423,8.980553413864156
4.036000000,0.6909635511918282,0.7266557918206615,0.7088096715062449,4.940035242411118,0.07736778559953178,639.0042277827902,-511.28586649426404,1921.206017083048,8.983819881418366
4.040000000,0.6906851292365559,0.7263831016693274,0.7085341154529416,4.9477686475538585,0.07739975638934611,639.125243739024,-511.427202280233,1921.1700840425915,8.987057037354663
4.044000000,0.6904068200535391,0.7261105301851671,0.7082586751193531,4.955502407496305,0.0774308497345345,639.2461474618641,-511.5683506927375,1921.134306433259,8.990302878457126
4.048000000,0.6901286202891868,0.7258380736411709,0.7079833469651788,4.963237510851847,0.077461765226111,639.3669642512978,-511.7091147323373,1921.0986626885356,8.993540895384978
4.052000000,0.6898505264181978,0.7255657279337839,0.7077081271759909,4.970973322959393,0.07749244953117931,639.4876777668175,-511.84954216913593,1921.0631946907574,8.996768329667166
4.056000000,0.6895725347897894,0.7252934884187567,0.7074330116042731,4.978711023905333,0.07752439737191082,639.6083104889418,-511.98982753212243,1921.0277503769807,8.999970792497987
4.060000000,0.6892946416265602,0.7250213497681699,0.707157995697365,4.986449506701206,0.07755572884181727,639.7288387810448,-512.1298719276488,1920.9923760423521,9.003179809469842
4.064000000,0.6890168431366703,0.7247493062669292,0.7068830747017998,4.994189582792889,0.07758733218455208,639.8492805560666,-512.2696380796239,1920.9570851080248,9.006370472794163
4.068000000,0.6887391353536145,0.7244773512408926,0.7066082432972536,5.0019334609828805,0.07761787658883416,639.969650282032,-512.408918534526,1920.921735447992,9.009438117850372
4.072000000,0.6884615141759838,0.724205478622963,0.7063334963994734,5.009675960660226,0.07764943388382708,640.0899228785487,-512.5485879472835,1920.8864835799845,9.012645725477277
4.076000000,0.6881839756598112,0.7239336829953942,0.7060588293276027,5.017419106532257,0.07768093226825352,640.2100942856932,-512.6880039688688,1920.8512427033684,9.015823931893667
4.080000000,0.6879065158849045,0.7236619586429498,0.7057842372639271,5.0251631982259894,0.0777118164645199,640.3301677443048,-512.827374845941,1920.816029016894,9.019028723234461
4.084000000,0.6876291304870534,0.7233902996504895,0.7055097150687715,5.032908644607656,0.07774781397463412,640.4501414284014,-512.9668047054383,1920.7802010575242,9.022066479296583
4.088000000,0.6873518155463074,0.723118701154462,0.7052352583503847,5.04065641103473,0.07777325904384265,640.570038617785,-513.1058437664933,1920.7452072767956,9.02542385011564
4.092000000,0.6870745674311536,0.7228471586454219,0.7049608630382878,5.048402692502839,0.07780231722057286,640.6898275147497,-513.2448210494019,1920.7096194944122,9.028645043976425
4.096000000,0.6867973823226521,0.7225756680936399,0.704686525208146,5.05615310740708,0.07783653481457556,640.8095659355154,-513.3841572104266,1920.6745831003616,9.031788509430557
4.100000000,0.6865202569913436,0.7223042258541881,0.7044122414227658,5.06390262433734,0.07786783509454907,640.9291775622852,-513.5229277680148,1920.639068334888,9.034969500777677
4.104000000,0.6862431869705432,0.7220328289951112,0.7041380079828272,5.07165575517238,0.07789929836738484,641.0487388711936,-513.663113670186,1920.603801638551,9.038237596740725
4.108000000,0.6859661691050434,0.7217614747646763,0.7038638219348599,5.079406306209693,0.07793057401445527,641.1681774663372,-513.8016170158508,1920.5684404846932,9.041437486975166
4.112000000,0.6856892013076248,0.7214901606828619,0.7035896809952433,5.087158518089947,0.077961466533335,641.287520084951,-513.9407529526421,1920.5330779298854,9.044622319491548
4.116000000,0.6854122804543437,0.7212188827605246,0.7033155816074341,5.0949151038129745,0.07799186571040301,641.4067938743722,-514.0796563839037,1920.4977661159598,9.04745562959515
4.120000000,0.6851354039446278,0.7209476384786768,0.7030415212116523,5.102667889607347,0.07802135027033211,641.5259565107627,-514.2185286569372,1920.4624216494647,9.050689301360283
4.124000000,0.6848585697852627,0.7206764270912345,0.7027674984382486,5.110422148032611,0.07805174150115574,641.6450336818957,-514.3572160816248,1920.4270625579898,9.053890880588451
4.128000000,0.6845817746818028,0.7204052448766021,0.7024935097792024,5.118178369091201,0.07808358738233984,641.764087319546,-514.4952838956826,1920.3910985539915,9.057067433797894
4.132000000,0.6843050165622628,0.7201340903416877,0.7022195534519753,5.125934094288849,0.07811406809219298,641.8829321661462,-514.6342052830166,1920.3560067588303,9.06022582491632
4.136000000,0.6840282978820511,0.719862960771934,0.7019456293269926,5.133682317300579,0.07814342374051227,642.0016912789931,-514.7688103910413,1920.32027048694,9.062995423755321
4.140000000,0.6837516177740639,0.7195918536851593,0.7016717357296116,5.141440964262084,0.078175075601703,642.1203635512973,-514.9072348640373,1920.2852365656233,9.066237111245778
4.144000000,0.6834749739797417,0.7193207683250193,0.7013978711523805,5.149196872243755,0.07820552311881426,642.2389158035201,-515.0441848178915,1920.2500731672917,9.069309154832666
4.148000000,0.6831983652154037,0.7190497031023284,0.701124034158866,5.156955989271063,0.07823653058399531,642.3574112467807,-515.1822652268437,1920.2147803886996,9.072489990511393
4.152000000,0.6829217890868193,0.7187786568747612,0.7008502229807902,5.164715943841996,0.07826759451472318,642.4758174911212,-515.3202460779866,1920.1795101500677,9.075635351471291
4.156000000,0.6826452436855845,0.7185076292007295,0.700576436443157,5.172476625766639,0.07829873335975643,642.5941311000951,-515.45828510672,1920.144248741715,9.078834499914562
4.160000000,0.6823687276156534,0.7182366199452304,0.7003026737804419,5.180237347039513,0.07832946041331926,642.7123428020076,-515.5956543890325,1920.1090799819335,9.081964505720642
4.164000000,0.6820922376449232,0.7179656365719467,0.700028937108435,5.187985582121436,0.07836321883865294,642.8303317654992,-515.738538386671,1920.0741508329802,9.085520398757456
4.168000000,0.681815771710987,0.7176946813635254,0.6997552265372562,5.195747908149214,0.07839331377013695,642.9483447054347,-515.875604668285,1920.0388186395062,9.08854124018858
4.172000000,0.6815393341373124,0.7174237511565309,0.6994815426469216,5.203509974776071,0.07842200874471178,643.0662602852366,-516.0095501304527,1920.0043670240423,9.091416388183356
4.176000000,0.6812629205217178,0.71715284743577,0.6992078839787439,5.211273569621372,0.0784538838396282,643.1840936234682,-516.148511145438,1919.9687354822645,9.094622050191532
4.180000000,0.680986526056941,0.7168819724034989,0.69893424923022,5.219036590234377,0.0784842405163109,643.3018350024348,-516.2853510656969,1919.9334295330889,9.097855568376703
4.184000000,0.6807101532162676,0.7166111251981278,0.6986606392071977,5.22680154010099,0.07851505324486338,643.4194837721146,-516.4226366483487,1919.898426555511,9.100945323564197
4.188000000,0.6804338020647549,0.7163403055122046,0.6983870537884798,5.234567395111371,0.07854579449169655,643.5370415453997,-516.560570565842,1919.8632140627305,9.10408608710647
4.192000000,0.6801574736531819,0.7160695133887742,0.6981134935209781,5.242333612450451,0.0785763247785736,643.6545052744535,-516.6968862796348,1919.8281463222033,9.107159360643342
4.196000000,0.6798811706685086,0.7157987476672361,0.6978399591678723,5.25009996065934,0.07860682372914074,643.7718796563033,-516.833118604661,1919.793079910068,9.110268610685631
4.200000000,0.679604894482992,0.7155280089510825,0.6975664517170372,5.257866486083372,0.07863762000485058,643.8891402898182,-516.9704569988196,1919.7580325439758,9.113408730336662
4.204000000,0.6793286464336035,0.715257297925632,0.6972929721796177,5.265637425476215,0.07866815045271353,644.0062925441131,-517.1074066486451,1919.7225470907103,9.116519910510938
4.208000000,0.6790524283423309,0.7149866149844968,0.6970195216634139,5.273405391949125,0.07869903409047316,644.123405253803,-517.2442567870428,1919.6877223504162,9.119787122990314
4.212000000,0.6787762415956138,0.714715960695699,0.6967461011456564,5.281174373914588,0.07872970079475289,644.2403938508431,-517.3816671480172,1919.6527323746495,9.122900845537345
4.216000000,0.6785000871545606,0.7144453362381995,0.69647271169638,5.288944536724195,0.078760518266685,644.3573156212404,-517.5189708456807,1919.617705113756,9.12602067222145
4.220000000,0.6782239664419762,0.7141747434751267,0.6961993549585515,5.296713985747187,0.078790675643118,644.4741070849501,-517.6559721843232,1919.5826769100242,9.129144487273532
4.224000000,0.677947880981705,0.7139041834647912,0.6959260322232481,5.304485751664859,0.07882075669037097,644.5908236565302,-517.7925483619597,1919.5477236090164,9.132239446180414
4.228000000,0.6776718317660624,0.7136336578395372,0.6956527448027998,5.31225702111342,0.07885152325003653,644.7074380607266,-517.9298182331252,1919.5127389651382,9.135372563872757
4.232000000,0.6773958195113607,0.7133631689120534,0.6953794942117071,5.320028086078526,0.07888188567155843,644.8239329971038,-518.0673127333032,1919.4774241581451,9.138509789599917
4.236000000,0.6771198458163781,0.7130927177995119,0.695106281807945,5.3278028055450815,0.07891279626464509,644.9403934199458,-518.2039638242386,1919.4426471092668,9.141586590860609
4.240000000,0.6768439126086463,0.7128223055894836,0.6948331090990649,5.335576155707512,0.07894333771738991,645.0567265828163,-518.3408609471285,1919.4077377128983,9.14468927482391
4.244000000,0.6765680211818932,0.7125519386208197,0.6945599799013564,5.3433474100194935,0.07897496757239261,645.1729320303125,-518.4811452513381,1919.373352819317,9.148001942734815
4.248000000,0.6762921730750833,0.7122816149488074,0.6942868940119453,5.351122963357653,0.07900503180507151,645.2891037728764,-518.6156713864932,1919.3382468926852,9.150997708558428
4.252000000,0.6760163700525226,0.7120113314835521,0.6940138507680373,5.35889846302921,0.07903547746697635,645.405167484512,-518.7526302599487,1919.3033781788508,9.154074510808819
4.256000000,0.6757406141032192,0.7117410908200696,0.6937408524616444,5.366673407642955,0.07906609355492325,645.5211122969765,-518.8889595513399,1919.2682670538275,9.157138296817584
4.260000000,0.675464906908303,0.7114708939349015,0.6934679004216022,5.374452062763412,0.07909705299651433,645.6370154096826,-519.0256881299811,1919.2336350164303,9.160220211251747
4.264000000,0.6751892498966754,0.7112007414698951,0.6931949956832852,5.382228645975936,0.07912515288833849,645.7528066202575,-519.16235582884,1919.1989701467571,9.163396615132609
4.268000000,0.6749136447129729,0.7109306348768456,0.6929221397949092,5.3900058074966,0.07915472073840793,645.8685064545906,-519.2991366506296,1919.1642373807385,9.166444254527029
4.272000000,0.674638093259091,0.7106605754990483,0.6926493343790696,5.397784451327992,0.07918534106105968,645.9841177998082,-519.4353913256061,1919.129650499588,9.169513803191624
4.276000000,0.6743625972743388,0.7103905648136077,0.6923765810439733,5.40556415111875,0.07921661095529517,646.0996258151844,-519.5717059155554,1919.0949575943998,9.172564584607859
4.280000000,0.6740871581732364,0.7101206042379431,0.6921038812055897,5.413344872798941,0.0792483371506322,646.2151076345302,-519.7073943212843,1919.0603177806292,9.175576543556165
4.284000000,0.6738117831946511,0.7098506871945744,0.6918312351946128,5.421131613037994,0.07927103835055407,646.3307962642598,-519.8266309134012,1919.0260042368636,9.178377718485477
4.288000000,0.6735364783976081,0.7095808135121331,0.6915586459548706,5.428907971883398,0.07930125236635019,646.4461313697856,-519.9563824589025,1918.991386982581,9.18162051335791
4.292000000,0.6732612460926504,0.7093109903992314,0.6912861182459409,5.436685334366383,0.07933146157171858,646.561368422473,-520.0864118789724,1918.9568244974876,9.184853920193557
4.296000000,0.6729860804026657,0.7090412264327739,0.6910136534177198,5.4444721843937325,0.07936934872857776,646.6768954858804,-520.2348239305995,1918.922458354528,9.1883793788964
4.300000000,0.6727109830295603,0.7087715288422913,0.6907412559359258,5.452247366326457,0.07939943257023971,646.792022322682,-520.3720514107217,1918.887787852432,9.191384948960891
4.304000000,0.6724359637942285,0.7085019026298625,0.6904689332120455,5.460024702431766,0.07942872806887649,646.9070495527811,-520.5089008747816,1918.8531690571967,9.194365797005103
4.308000000,0.6721610272973777,0.708232353900911,0.6901966905991443,5.467801857024853,0.0794599528733684,647.0219804594365,-520.6456870428448,1918.8185495264554,9.19728499982339
4.312000000,0.6718861767793953,0.7079628882960947,0.689924532537745,5.475580461377244,0.07949126266716133,647.1368010466724,-520.7826014701524,1918.7838972925936,9.200493947101577
4.316000000,0.6716114167881102,0.707693509417993,0.6896524631030516,5.483361362128503,0.07952122996377126,647.251522998187,-520.9191249058715,1918.7492247874509,9.203373280853993
4.320000000,0.6713367504494556,0.7074242209464217,0.6893804856979386,5.491145058432134,0.0795510385139643,647.366157612321,-521.0556650507026,1918.7144488762294,9.206378464644285
4.324000000,0.6710621793658049,0.7071550287534905,0.6891086040596477,5.4989245634764075,0.0795811383058508,647.4806308277548,-521.193839054506,1918.679863621782,9.209557738870739
4.328000000,0.670787707346463,0.7068859345713605,0.6888368209589117,5.506706387551379,0.07961014612155487,647.5950015233244,-521.3279816287268,1918.6452461464492,9.212377062139112
4.332000000,0.6705133348098684,0.7066169377727931,0.6885651362913308,5.514496083703496,0.07964074873977825,647.7093557016539,-521.4647151740523,1918.6104567467546,9.215423280367167
4.336000000,0.6702390595690986,0.706348039082755,0.6882935493259268,5.522286141186032,0.07967034806675925,647.8236118793305,-521.6009024850588,1918.5759204918697,9.218462666248033
4.340000000,0.669964881011353,0.7060792382720393,0.6880220596416962,5.530075437002967,0.07970009411740796,647.937739063226,-521.7371017170676,1918.541485796436,9.221505378682107
4.344000000,0.669690797701449,0.7058105340765621,0.6877506658890056,5.53786685818487,0.07973079618322085,648.0518023779294,-521.8732423795793,1918.5071713678583,9.224525418907078
4.348000000,0.6694168073354945,0.7055419249991957,0.6874793661673451,5.545659054697568,0.0797613857242586,648.165774952961,-522.0092920896572,1918.4731883761438,9.227543514842234
4.352000000,0.669142907381385,0.7052734097181883,0.6872081585497867,5.553451978509736,0.07979063509303172,648.279636785512,-522.1457947230933,1918.438952567486,9.23047903500847
4.356000000,0.6688690969741486,0.7050049880253795,0.6869370424997641,5.561239610250508,0.07981734103724766,648.393351006896,-522.281514203681,1918.4055984913534,9.23349955381087
4.360000000,0.6685953759174055,0.7047366586720472,0.6866660172947263,5.569030695268536,0.07985153694529988,648.5070094460548,-522.416380971204,1918.3720270650165,9.236537692196348
4.364000000,0.6683217411358839,0.7044684183150594,0.6863950797254716,5.576828503867215,0.07987991461282576,648.620646975614,-522.5517580894772,1918.3378609469066,9.239545742339038
4.368000000,0.6680481897501949,0.7042002641869232,0.686124226968559,5.584625128417347,0.07991013800944022,648.7341721902308,-522.6868203796616,1918.3040970846766,9.242551035580687
4.372000000,0.6677747218694492,0.7039321920089634,0.6858534569392063,5.592425422411752,0.07993826466771392,648.8476939305464,-522.8195284382318,1918.271330913771,9.245498497298005
4.376000000,0.6675013351824362,0.7036641996442228,0.6855827674133295,5.600218418547402,0.07997048067817389,648.9609730770333,-522.9558581404708,1918.2372940506611,9.248551782997108
4.380000000,0.6672280263143193,0.7033962851115092,0.6853121557129143,5.608015980034984,0.0800000790769797,649.0742280865184,-523.0905997999334,1918.2036743189378,9.251552836277309
4.384000000,0.6669547937202935,0.7031284437344851,0.6850416187273893,5.615814059349958,0.08003020857839357,649.1873837479715,-523.2248341116161,1918.1699859284622,9.254528008933454
4.388000000,0.6666816351111038,0.7028606717371275,0.6847711534241157,5.623614626836833,0.08005984282516267,649.300488289572,-523.3593360495354,1918.136496329738,9.257528373048562
4.392000000,0.6664085476456307,0.702592965977658,0.6845007568116444,5.631414518676871,0.08008981498967246,649.4134892525309,-523.4936066850905,1918.1027648681752,9.260507627676734
4.396000000,0.6661355267824405,0.7023253265718381,0.6842304266771393,5.639218221794188,0.08012081543739241,649.5264678521936,-523.6317671952779,1918.0702292618023,9.263611162817746
4.400000000,0.6658625732200107,0.7020577481800956,0.6839601607000532,5.647015029613685,0.08014827262916288,649.6392134354084,-523.7613386103446,1918.036144474216,9.266375165161424
4.404000000,0.665589684618169,0.70179022527158,0.6836899549448745,5.654817661069323,0.08017846905139027,649.7519726232608,-523.8964727541843,1918.0023037201092,9.269415037475163
4.408000000,0.6653168562064877,0.7015227577084318,0.6834198069574597,5.662619893677062,0.08020802732875734,649.8646207848506,-524.0309523723746,1917.9687473827546,9.272418793339007
4.412000000,0.6650440864859064,0.7012553434753102,0.6831497149806083,5.670424926231359,0.08023786751089035,649.9772100051958,-524.1653300775131,1917.93505767099,9.275433061898251
4.416000000,0.6647713745370822,0.7009879808250901,0.6828796776810862,5.6782257077415395,0.08026777013967447,650.0896746397233,-524.2992159015564,1917.9012996612407,9.278642327724505
4.420000000,0.6644987210084992,0.7007206647843702,0.6826096928964347,5.686034627512908,0.08029661117075775,650.202149518464,-524.4304340542384,1917.8684297817276,9.28148132153154
4.424000000,0.6642261245855821,0.7004533945047626,0.6823397595451723,5.693837028161894,0.08033142732589926,650.3144322157693,-524.566661048774,1917.834306755272,9.28454322431643
4.428000000,0.6639535835748376,0.7001861717472764,0.682069877661057,5.701643221461549,0.08036036249930839,650.4266637816803,-524.7007658912162,1917.800650492235,9.287484652400519
4.432000000,0.6636810980006942,0.6999189947330677,0.681800046366881,5.70944841830276,0.0803897196835644,650.5388070984699,-524.8347535678039,1917.767008284041,9.290456647605863
4.436000000,0.6634086673514759,0.699651862295255,0.6815302648233654,5.717255519530958,0.0804187943259027,650.6508951893817,-524.9680680665888,1917.7332299996929,9.293413954481007
4.440000000,0.6631362905049656,0.6993847744425352,0.6812605324737504,5.725062193954775,0.08044893572715753,650.7628836612465,-525.1017184273793,1917.699530182917,9.29637541421561
4.444000000,0.662863964151768,0.6991177315834705,0.6809908478676192,5.73287395299346,0.08047859531317442,650.8748722887042,-525.237111416096,1917.6667275425432,9.299386933364616
4.448000000,0.6625916885855219,0.6988507331670917,0.6807212108763068,5.740678199072634,0.08050663401414973,650.9866510276305,-525.3689381290262,1917.6328581536795,9.302220885352636
4.452000000,0.6623194649736917,0.6985837791089153,0.6804516220413035,5.748484581961651,0.08053613341895045,651.098365848316,-525.5023414969651,1917.5995832746494,9.305155193118729
4.456000000,0.6620472915383004,0.6983168692469803,0.6801820803926404,5.756292151813241,0.08056598386455138,651.2099846356969,-525.6351732955022,1917.5658137736255,9.308089370789542
4.460000000,0.6617751674501875,0.6980500034496089,0.6799125854498982,5.764100978795541,0.08059611679780565,651.3215544122583,-525.7682131416916,1917.5323234047037,9.311005135460803
4.464000000,0.6615030923928487,0.6977831820612153,0.679643137227032,5.771907713716366,0.08062459602474231,651.4330281076784,-525.9015952021848,1917.4987530567469,9.313893354975018
4.468000000,0.6612310617100405,0.697516405473749,0.6793737335918948,5.779718833264447,0.0806549554182771,651.5444365215168,-526.0377736595221,1917.4647888906304,9.317058214619738
4.472000000,0.6609590792605644,0.6972496739849845,0.6791043766227745,5.787526868755325,0.0806845518177032,651.6557060811948,-526.1690136603327,1917.431635737736,9.319826863728247
4.476000000,0.6606871492988091,0.6969829876982203,0.6788350684985147,5.795336794557759,0.08071392216419623,651.7669149182042,-526.3017713469242,1917.3981671834235,9.32274582188901
4.480000000,0.6604152695364434,0.6967163469190751,0.6785658082277592,5.803146586893819,0.08074330291530737,651.8779901395835,-526.4348359850208,1917.36465179991,9.325669229423491
4.484000000,0.6601434396581851,0.6964497514855594,0.6782965955718723,5.810958240071509,0.08077253478820237,651.9890138791665,-526.5673307484826,1917.3312860384224,9.328570032779181
4.488000000,0.6598716607429083,0.6961832011122482,0.6780274309275782,5.818769081293935,0.0808009861377188,652.0999189613215,-526.6994643587946,1917.2978421524256,9.331514622569454
4.492000000,0.6595999319300176,0.6959166959903484,0.677758313960183,5.826581919838742,0.08083036541810601,652.2107669688335,-526.832338307813,1917.2643981102517,9.3344636311223
4.496000000,0.6593282521118056,0.6956502367083175,0.6774892444100615,5.8343942147065455,0.08085930014483415,652.3215094750065,-526.9652759906858,1917.2309598944707,9.33741155065844
4.500000000,0.6590566211195039,0.6953838231573997,0.6772202221384518,5.842207491900213,0.08088884289787823,652.4321688751083,-527.097611688635,1917.1976040052054,9.340311670085256
4.504000000,0.6587850364991681,0.6951174530616413,0.6769512447804047,5.850017544987549,0.08091596851196059,652.5426491858424,-527.2204562022166,1917.166856263429,9.342743677661304
4.508000000,0.658513495430995,0.6948511260168715,0.6766823107239333,5.857832242035719,0.08094584807604656,652.6531351042591,-527.3535673837457,1917.1333347213865,9.345718324703206
4.512000000,0.6582419973758675,0.6945848439782338,0.6764134206770507,5.865643710764976,0.08097513101594474,652.7634963283255,-527.4866018180709,1917.100123065164,9.348732326676132
4.516000000,0.6579705420000153,0.6943186067898495,0.6761445743949324,5.873459461818252,0.0810043409198333,652.8737911961689,-527.6187098138333,1917.066794590676,9.351641357335536
4.520000000,0.6576991271663672,0.6940524119415414,0.6758757695539543,5.881276289326455,0.08103364243063865,652.9840410449248,-527.7507347641333,1917.0332923376818,9.354545678218265
4.524000000,0.6574277548650684,0.693786261166565,0.6756070080158167,5.889092235272765,0.08106235256420241,653.0941444249027,-527.8828756288291,1917.0004332190047,9.357303651076723
4.528000000,0.657156428074174,0.6935201588996307,0.6753382934869023,5.896903904424632,0.08109218541202844,653.2041257083773,-528.0167174904097,1916.9677725146341,9.360273497432715
4.532000000,0.6568851392138839,0.6932540981268858,0.6750696186703848,5.904741700393488,0.08111950182739655,653.3143096855049,-528.1494330018984,1916.9335759186713,9.36346808946275
4.536000000,0.6566138878911403,0.6929880794246657,0.674800983657903,5.91255513068983,0.08114871987521143,653.424148627159,-528.2821919526,1916.9009680869922,9.366386183859165
4.540000000,0.6563426798630871,0.6927221082216164,0.6745323940423518,5.920371531728596,0.08117848180778588,653.5339365157055,-528.4141392149093,1916.867926896269,9.369245290541798
4.544000000,0.6560715153547818,0.6924561830144711,0.6742638491846265,5.92818880713,0.08120729655395242,653.6436328033998,-528.5458273843776,1916.8346856804608,9.372119118945555
4.548000000,0.6558003945575024,0.6921903045660542,0.6739953495617783,5.936007150070446,0.08123603037359828,653.7532167575091,-528.6788110305191,1916.8018236399946,9.375016697467343
4.552000000,0.655529319336452,0.6919244723911362,0.6737268958637941,5.943826559943152,0.08126509147275196,653.8627548721934,-528.8095894071494,1916.7686564272835,9.3778502398647
4.556000000,0.6552582922966792,0.6916586850918947,0.6734584886942869,5.951645973493967,0.0812941242229259,653.9721848708905,-528.9402514771873,1916.7356793721226,9.380734819583509
4.560000000,0.6549873151006693,0.6913929351481727,0.673190125124421,5.959484552171611,0.0813235546439057,654.08172691756,-529.0669936508948,1916.702240332227,9.383029836090461
4.564000000,0.6547163869898753,0.6911272209417092,0.6729218039657923,5.967307075113499,0.08135248972948597,654.191033328916,-529.2002128093461,1916.6691756578448,9.386229876280554
4.568000000,0.6544455090028123,0.6908615444747852,0.6726535267387987,5.975131158258646,0.08138087473728531,654.3002850196135,-529.3306739877416,1916.636293830218,9.388986269862903
4.572000000,0.6541746840876783,0.6905959043160976,0.672385294201888,5.982950194169258,0.08141025265640205,654.4093872671253,-529.4619936941962,1916.6034701782544,9.391883750734705
4.576000000,0.6539039137037577,0.6903303016449769,0.6721171076743673,5.990770756322563,0.08143961210726314,654.5183937519683,-529.5937081146698,1916.5707520632407,9.394778002222138
4.580000000,0.6536331985053039,0.6900647381231266,0.6718489683142153,5.998592115028307,0.08146797412723601,654.627317414159,-529.7249991849092,1916.5377575429268,9.397668740949275
4.584000000,0.6533625383018631,0.6897992148926022,0.6715808765972326,6.006413872846129,0.08149855561061281,654.7361380035667,-529.8568200692342,1916.504394662961,9.400596590496582
4.588000000,0.6530919321562152,0.6895337350547379,0.6713128336054766,6.014237008808617,0.08152548332763443,654.8449056570555,-529.9894491296702,1916.4711745020138,9.403574061394234
4.592000000,0.6528213806559506,0.6892683006915519,0.6710448406737513,6.022065249450991,0.0815557862325968,654.9536572338193,-530.1201557036231,1916.43837475667,9.40638839527536
4.596000000,0.6525508848899619,0.6890029137100413,0.6707768993000016,6.02988957221652,0.08158430843965203,655.0622815496843,-530.251300223814,1916.4055103744072,9.40921294893153
4.600000000,0.652280497835207,0.688737576199955,0.670509037017581,6.037706004711723,0.08160712957870829,655.1706071497746,-530.35518155775,1916.3782312087699,9.411084506623439
4.604000000,0.652010214573636,0.6884722878531875,0.6702412512134117,6.045532014140642,0.08163637331960726,655.2791440799252,-530.4867956813544,1916.3448480726238,9.414047610369849
4.608000000,0.6517399888327589,0.6882070491202086,0.6699735189764837,6.0533538149935255,0.08166572238669584,655.3874265316045,-530.61916911824,1916.311182536689,9.417060360313492
4.612000000,0.6514698173471913,0.6879418596882658,0.6697058385177286,6.061188457463542,0.08169385120851395,655.4958727651291,-530.749807978145,1916.2800369071242,9.419938317714593
4.616000000,0.6511997008409338,0.687676718445104,0.6694382096430189,6.0690081754918745,0.08172261901770889,655.6039727082751,-530.8790751527748,1916.2471027959966,9.42273222095273
4.620000000,0.6509296315992117,0.6874116252087248,0.6691706284039682,6.076833558990914,0.0817520560336524,655.7120855648529,-531.0093374535954,1916.214398604878,9.425562770485186
4.624000000,0.650659603289327,0.6871465799972469,0.668903091643287,6.08465972526547,0.08178130067737412,655.8201264361979,-531.1408234110736,1916.1814218585612,9.428514204690003
4.628000000,0.6503896232485857,0.6868815834247215,0.6686356033366536,6.09248638931968,0.08180944895366637,655.9280578998487,-531.2677313505869,1916.1494121058993,9.43123517508577
4.632000000,0.6501197017477978,0.6866166360967583,0.668368168922278,6.10031011022745,0.0818376960685381,656.0358515976296,-531.3944618312191,1916.1164787307835,9.433904470488384
4.636000000,0.6498498395953334,0.6863517408363293,0.6681007902158314,6.108141472031074,0.08186608729179112,656.143664764463,-531.5249430251404,1916.0841417044005,9.436840502506957
4.640000000,0.6495800406952554,0.6860869016159228,0.6678334711555891,6.115970320691411,0.08189397288630479,656.2513572622574,-531.6535268303123,1916.0517916244225,9.4396292100643
4.644000000,0.6493103172525707,0.6858221312021158,0.6675662242273432,6.123779275313421,0.08190179373780816,656.3582567913408,-531.7800854589235,1916.0172777127464,9.442943981444012
4.648000000,0.6490406717111767,0.6855574352551201,0.6672990534831484,6.131614536890959,0.08193137000775724,656.46560192248,-531.9082157305477,1915.9840756612955,9.445745792926665
4.652000000,0.6487710985327055,0.6852928103844107,0.6670319544585581,6.139450093621477,0.08195989535022398,656.5728727511639,-532.0363286448357,1915.9509813389045,9.448572596791946
4.656000000,0.6485016040028171,0.6850282583166631,0.6667649311597401,6.147269284053549,0.08200932188153653,656.6793925477336,-532.1640752424278,1915.91551351831,9.450737849350082
4.660000000,0.6482321858560169,0.6847637819278987,0.6664979838919578,6.155110103574925,0.08203767311998078,656.7863135292267,-532.2947654266267,1915.8823365098954,9.453636516692686
4.664000000,0.6479628306875327,0.6844993746296382,0.6662311026585854,6.162952277872322,0.08206540648453928,656.893184116354,-532.4235244709934,1915.8489046548227,9.456464080884892
4.668000000,0.6476935294840018,0.6842350262009944,0.6659642778424981,6.170796329653718,0.08209348420205309,656.9999992152988,-532.5523027514557,1915.8156707918872,9.459295754076681
4.672000000,0.6474242742988281,0.6839707290279478,0.6656975016633879,6.17863792881643,0.08212076261885191,657.106738487087,-532.6812379377686,1915.7828480606636,9.462141306642343
4.676000000,0.6471550563498312,0.6837064752840547,0.6654307658169429,6.186478174718581,0.08214973500455566,657.2133792816244,-532.8102079022894,1915.7501430305,9.46492806960472
4.680000000,0.6468858713852654,0.6834422567874157,0.6651640640863405,6.194317823040171,0.08217713071540504,657.3199415911793,-532.9368384442382,1915.7181813502245,9.467573662967256
4.684000000,0.6466167109687149,0.6831780666323652,0.6648973888005401,6.202158758554538,0.08220579950408266,657.4264503797202,-533.0667313234604,1915.6857946804012,9.470423488930447
4.688000000,0.6463475674456305,0.6829138995769028,0.6646307335112667,6.209999326378735,0.08223360448230585,657.5328721544142,-533.1956396797149,1915.653797795159,9.473226612342923
4.692000000,0.6460784412375915,0.6826497539179286,0.66436409757776,6.217841361783853,0.0822632845476833,657.6392600976545,-533.3338573193562,1915.619322466485,9.476443669328084
4.696000000,0.645809281769715,0.6823856278968776,0.6640974548332963,6.225686460849196,0.08229799990492677,657.7457502108211,-533.4875043527959,1915.5821316020947,9.480178018357087
4.700000000,0.6455400936931568,0.6821215234232199,0.6638308085581883,6.233525252380002,0.08232584005029714,657.8519500610141,-533.6169082844108,1915.5516608833432,9.482828484622308
4.704000000,0.6452709243710757,0.6818574420292833,0.6635641832001795,6.241364864604607,0.0823528614422176,657.958018647579,-533.7431068802713,1915.5198993626727,9.48533907325895
4.708000000,0.6450017797291707,0.6815933836055024,0.6632975816673365,6.249206288341794,0.08238095843241632,658.0640755848644,-533.8717651628466,1915.4881954618681,9.4880163196702
4.712000000,0.6447326614156879,0.6813293553211963,0.6630310083684421,6.2570438998953755,0.08240982735589389,658.1700150594903,-534.0042915454712,1915.456648760238,9.491006048284053
4.716000000,0.6444635830594336,0.6810653556168518,0.6627644693381427,6.264882611074273,0.08243671263685046,658.2758963934558,-534.1281407254625,1915.4246525409224,9.4934099746471
4.720000000,0.644194544704547,0.6808013791997212,0.6624979619521341,6.272722676148574,0.08246562035598201,658.381692500144,-534.2577693116282,1915.3913574696508,9.496272022178992
4.724000000,0.643925537157017,0.6805374284488721,0.6622314828029445,6.280572116709187,0.0824946652645369,658.4875555768198,-534.3902094236809,1915.3591085539051,9.499307495841672
4.728000000,0.6436565576907753,0.6802735039261023,0.6619650308084388,6.288413424863956,0.08252300276953453,658.5932689400331,-534.5198237977181,1915.32684483048,9.50208345089439
4.732000000,0.6433876028759045,0.6800096114863408,0.6616986071811226,6.296246519517401,0.082552105211262,658.6987923930795,-534.6552076963942,1915.2948961683544,9.50534720812414
4.736000000,0.6431186669100981,0.679745747537865,0.6614322072239815,6.304090230399512,0.08258080828099561,658.8043618869643,-534.7832209199871,1915.2621153633327,9.507962427278876
4.740000000,0.6428497467551892,0.6794819053393866,0.6611658260472879,6.311932092328977,0.08260868192202989,658.909822290546,-534.9129200300806,1915.2297287364056,9.510747314430455
4.744000000,0.6425808414924319,0.6792180864049158,0.6608994639486738,6.319774458613319,0.0826372295210018,659.0152112993685,-535.0426096124241,1915.1973763079313,9.513516426038526
4.748000000,0.6423119521732872,0.6789542911815261,0.6606331216774066,6.327612933949262,0.08266400130710946,659.1205222149931,-535.1724448613847,1915.1651197694998,9.516036281579272
4.752000000,0.6420430830405337,0.6786905189673433,0.6603668010039385,6.33545221686835,0.08269382686370506,659.2257539810312,-535.3008406140614,1915.1329192170333,9.519059602355355
4.756000000,0.6417742403546214,0.6784267714665049,0.6601005059105631,6.3432891956357365,0.0827228546649231,659.3307981213899,-535.4298907015885,1915.100134040036,9.521749073043718
4.760000000,0.6415054283347814,0.6781630502448479,0.6598342392898147,6.35113366843614,0.08275019710828622,659.4359453602289,-535.5597024672644,1915.067917069091,9.524527332155142
4.764000000,0.6412366529580424,0.6778993570064102,0.6595680049822263,6.3589763091813225,0.08277829513673951,659.5409207002028,-535.6883570400776,1915.0359227232723,9.527258525879834
4.768000000,0.640967921422984,0.6776356943617543,0.6593018078923691,6.366819967823477,0.0828064668586648,659.6458344117555,-535.8170023856978,1915.0038529272754,9.529984540252403
4.772000000,0.6406992389392201,0.6773720655778277,0.6590356522585239,6.37466297116659,0.08283462637717089,659.7506582327686,-535.9458181458905,1914.971915256792,9.532717865143692
4.776000000,0.6404306085228484,0.6771084707036721,0.6587695396132602,6.382506062121374,0.0828630670261892,659.8553944892401,-536.0768279110189,1914.940448303024,9.535601611544525
4.780000000,0.6401620327854545,0.6768449133252403,0.6585034730553474,6.3903434605253295,0.0828903710582068,659.9599563090228,-536.2077425753455,1914.9084536163314,9.538414693949589
4.784000000,0.639893513562825,0.6765813968690964,0.6582374552159607,6.398189937948856,0.08291906208911308,660.0646277464529,-536.3359185486313,1914.8762633589167,9.541149222457472
4.788000000,0.6396250523177258,0.6763179205631218,0.6579714864404238,6.406035314385639,0.08294703582114303,660.1691741957325,-536.4629688174053,1914.8441875984672,9.543888962072193
4.792000000,0.6393566501296277,0.676054487353241,0.6577055687414344,6.4138805843027695,0.08297604029615624,660.2736055865818,-536.5922678527184,1914.812275986449,9.546651530334007
4.796000000,0.6390883006999246,0.6757911006359194,0.657439700667922,6.421728650188221,0.08300491833520707,660.3780458194989,-536.7256664900691,1914.779948397752,9.54957905172219
4.800000000,0.6388200095127559,0.6755277612936368,0.6571738854031963,6.429572386245096,0.08303227060387611,660.4823113602395,-536.8513817197864,1914.748465551496,9.552103586578252
4.804000000,0.6385517834117422,0.6752644706959074,0.6569081270538248,6.437418169429471,0.08306093301291569,660.5865025361726,-536.9795968108649,1914.7166777824818,9.554777598887123
4.808000000,0.6382836147407005,0.6750012310966582,0.6566424229186794,6.445267663804482,0.08308975933783166,660.6906754977249,-537.1115933361733,1914.6843746517766,9.557718457520224
4.812000000,0.6380155076441127,0.6747380409170916,0.6563767742806021,6.453115832588734,0.08311569902478727,660.7947238618951,-537.2360209242404,1914.6525528432935,9.560093015268466
4.816000000,0.6377474694596259,0.6744749033793482,0.6561111864194871,6.460963221709533,0.08314374825056402,660.8986875863295,-537.3643778992619,1914.6209892473616,9.562854813285444
4.820000000,0.6374795012979462,0.6742118235283101,0.6558456624131281,6.468811657567155,0.08317132788528668,661.0025678506416,-537.4906627060343,1914.5893354907719,9.56552558704282
4.824000000,0.6372116021596526,0.6739488029252954,0.655580202542474,6.476661608340165,0.08319918778757567,661.1063971731851,-537.6196645236689,1914.5574428510108,9.568302463305525
4.828000000,0.6369437721461964,0.6736858435075277,0.655314807826862,6.484513511746388,0.08322570887813267,661.2101748003206,-537.7471047450681,1914.5262379697713,9.571002631874157
4.832000000,0.6366760122979969,0.6734229522817827,0.6550494822898898,6.492358416463165,0.08325661983943632,661.3136749742082,-537.880350436244,1914.4944794910537,9.573798091680775
4.836000000,0.6364083242307288,0.6731601269906804,0.6547842256107046,6.500210575628321,0.08328081076758853,661.4172210725854,-538.0048562080974,1914.462072436364,9.576164599962107
4.840000000,0.636140709502854,0.6728973689222641,0.654519039212559,6.508061730462474,0.0833089924453447,661.5206551289169,-538.1346016865616,1914.4306465298423,9.578908231955893
4.844000000,0.6358731676571949,0.672634683335005,0.6542539254961,6.515915716883808,0.08333580516323415,661.6240573690129,-538.262992489351,1914.398950392966,9.581588766016978
4.848000000,0.6356056980426388,0.6723720690724804,0.6539888835575596,6.523769516797738,0.08336371406003353,661.7273790631002,-538.3909919069911,1914.3672759323317,9.584219009319932
4.852000000,0.6353383015243281,0.6721095251530613,0.6537239133386947,6.531625407122363,0.08338624751893275,661.830700169173,-538.5175532128321,1914.3364174691021,9.58716622997052
4.856000000,0.6350709773578416,0.6718470528452798,0.6534590151015607,6.53947679033152,0.08341860458465558,661.9338296986542,-538.6462824821485,1914.3045216800738,9.589840170079396
4.860000000,0.634803723732702,0.6715846512939123,0.6531941875133072,6.547332594734971,0.08344595124574358,662.0369343874306,-538.7738142422236,1914.2726463676793,9.592496613169153
4.864000000,0.6345365403650192,0.6713223190966744,0.6529294297308468,6.555188272849303,0.08347345954260807,662.1399790731768,-538.9012131768693,1914.2415828827716,9.595152691594798
4.868000000,0.6342694254659165,0.6710600544744096,0.652664739970163,6.563046099712554,0.0835007136182221,662.242999413779,-539.028495327163,1914.2097898632283,9.597817903828771
4.872000000,0.6340023778993782,0.6707978566878694,0.6524001172936238,6.570902380115171,0.08352851070496889,662.3458755274254,-539.1556949421201,1914.1787190491132,9.600484309716874
4.876000000,0.6337353970860988,0.6705357266133376,0.6521355618497182,6.578762371622686,0.08356183351564667,662.4487544521659,-539.2837311431924,1914.148265752227,9.60309503283558
4.880000000,0.6334684827078547,0.6702736633949371,0.6518710730513959,6.586616803869075,0.08358393289112889,662.5514579896928,-539.4099552489047,1914.1166509309826,9.605775909021627
4.884000000,0.6332016349298044,0.6700116659734192,0.6516066504516118,6.594477755985825,0.08361437675543727,662.654183639066,-539.5366830618201,1914.0859042744862,9.608370724244498
4.888000000,0.6329348534238193,0.6697497348549177,0.6513422941393685,6.602332674866019,0.08363985273183491,662.7567605383189,-539.663705819376,1914.054521572155,9.611062585363776
4.892000000,0.6326681381971326,0.6694878702593883,0.6510780042282605,6.610191100347628,0.08366776722791856,662.8592865088968,-539.7905188360312,1914.0233788548203,9.61371581293896
4.896000000,0.6324014896869556,0.6692260703333517,0.6508137800101537,6.61804969157218,0.08369404308055303,662.961732362103,-539.9159726190561,1913.9920396511343,9.616348555100007
4.900000000,0.6321349088063926,0.668964335832996,0.6505496223196943,6.625909309475094,0.08372233452159306,663.0640900048501,-540.0426686094652,1913.960960414724,9.619062956560597
4.904000000,0.6318683930785198,0.6687026682012345,0.6502855306398772,6.633772213091138,0.08375074433005507,663.1664424013887,-540.1714562196883,1913.9298192358863,9.621873933870582
4.908000000,0.6316019439773157,0.668441066521595,0.6500215052494553,6.6416356439969775,0.08377517386861515,663.2687180287653,-540.2967326971733,1913.8992677880992,9.624491964249028
4.912000000,0.6313355642365508,0.6681795301194882,0.6497575471780195,6.649493439898183,0.08380503698622647,663.3708423803041,-540.4228614802335,1913.8680026477207,9.627092509961322
4.916000000,0.6310692525933632,0.6679180586673255,0.6494936556303443,6.657355816998895,0.08383128429277593,663.4729603061444,-540.5491773933813,1913.8368607819523,9.62978505598873
4.920000000,0.6308030098435893,0.6676566509105015,0.6492298303770454,6.665215598709784,0.08385907210182009,663.5749621154001,-540.6740831050429,1913.8057072823112,9.632308908273298
4.924000000,0.6305368362574768,0.6673953063689027,0.6489660713131897,6.6730793359952285,0.08388698776534219,663.6769259963279,-540.8006168390326,1913.774603286902,9.634979161054549
4.928000000,0.6302707304087818,0.6671340248853141,0.648702377647048,6.68094255817025,0.08391432531385756,663.7788101953143,-540.9269694676962,1913.7434824006218,9.637655990809375
4.932000000,0.6300046924676792,0.6668728056721562,0.6484387490699177,6.688806511134708,0.08394199664213918,663.8806150434505,-541.0528505302525,1913.712504211539,9.64028261348092
4.936000000,0.6297387223916502,0.6666116480091233,0.6481751852003867,6.696671268905449,0.08396919717142462,663.9823626595003,-541.1787921317679,1913.6814818579405,9.642923911937777
4.940000000,0.6294728181396465,0.6663505512525205,0.6479116846960835,6.704544990633631,0.0839941385967295,664.0841410975675,-541.3054164938621,1913.6510834873227,9.64566883628602
4.944000000,0.6292069804649998,0.6660895156673519,0.6476482480661758,6.712399764004511,0.0840261375750551,664.1856339514162,-541.4305950089238,1913.6203417331203,9.64824800313892
4.948000000,0.6289412098864773,0.6658285410736653,0.6473848754800713,6.720266212731931,0.08405421623573009,664.2871669289265,-541.5563870511781,1913.589403507508,9.650858632955314
4.952000000,0.6286755051918931,0.665567626844549,0.647121566018221,6.728133512343786,0.08408101038436837,664.388652844531,-541.6820304190537,1913.5592370753468,9.653488731793587
4.956000000,0.6284098659957635,0.6653067727345814,0.6468583193651725,6.735998361057804,0.08410828391131506,664.4899827531832,-541.807620417556,1913.527977301797,9.656108442277139
4.960000000,0.628144291809221,0.6650459768713688,0.6465951343402949,6.743874851182976,0.08413820486024587,664.5913892592123,-541.932336105729,1913.4977805562028,9.658600356776251
4.964000000,0.6278787826042844,0.6647852398246243,0.6463320112144544,6.751732834069032,0.08416056640477207,664.6925368377862,-542.0583989452466,1913.4671633247997,9.661269514592398
4.968000000,0.6276133379703452,0.664524562176382,0.6460689500733636,6.7596012717846925,0.08418793205746895,664.7936982735201,-542.1837847118586,1913.436340933854,9.66388102996271
4.972000000,0.6273479571015201,0.6642639428411883,0.6458059499713542,6.767469588785318,0.08421440288210268,664.8947664669198,-542.3090335291913,1913.4056420394677,9.666516728899053
4.976000000,0.6270826392978819,0.6640033809928809,0.6455430101453814,6.775339629651045,0.0842417503154767,664.9957795280491,-542.4340746434948,1913.3748582722467,9.669119359093477
4.980000000,0.6268173830613222,0.6637428749040168,0.6452801289826695,6.783210215731258,0.08426802133811451,665.0967564495762,-542.5588170984463,1913.3438015833137,9.671712849518618
4.984000000,0.6265521861797225,0.6634824231302616,0.6450173046549921,6.7910812400563545,0.08429719122400607,665.1976497961838,-542.6841153385888,1913.312842299353,9.674315515367923
4.988000000,0.6262870479400675,0.6632220257311161,0.6447545368355918,6.798952005045012,0.08432442332059145,665.298415133337,-542.8092984553489,1913.2823559455262,9.676888343986366
4.992000000,0.6260219668240268,0.6629617286369296,0.6444918477304782,6.8068158551805515,0.08435744269682197,665.3988494473018,-542.9616994738444,1913.2573742333786,9.680486401126934
4.996000000,0.6257569383221266,0.662701526101003,0.6442292322115648,6.814693451292884,0.08438387383002999,665.4994849247237,-543.0859479851881,1913.226077892347,9.682948813056255
5.000000000,0.6254919585906435,0.6624413755292835,0.6439666670599635,6.822567441991029,0.08441028173166285,665.6000757977763,-543.210119368983,1913.1951579540946,9.685386975453046
5.004000000,0.625227025232789,0.6621812718419307,0.6437041485373598,6.830441352732287,0.08443685464529305,665.700571472353,-543.3353564952083,1913.1645306719806,9.687935183208278
5.008000000,0.6249621355001693,0.6619212134615537,0.6434416744808615,6.838313437403238,0.08446360122931444,665.8009890514278,-543.4615288481416,1913.133961910849,9.690606909171589
5.012000000,0.6246972872616254,0.6616611918753676,0.6431792395684965,6.846188145170556,0.08449082891458903,665.9013403926451,-543.5866987333874,1913.103368853449,9.693155788421556
5.016000000,0.6244324794215288,0.6614012034810202,0.6429168414512745,6.854063080687593,0.08451768850660668,666.0016183710795,-543.712298660623,1913.0729280010853,9.695754121145871
5.020000000,0.6241677114377779,0.6611412486424229,0.6426544800401004,6.861939643084511,0.08454487765101969,666.1018379035517,-543.8380172734851,1913.0425125601128,9.698334600843474
5.024000000,0.623902988532663,0.6608813201456769,0.64239215433917,6.869809866971518,0.08454764653184474,666.2023940110444,-543.9494835529163,1913.0161005439668,9.70151427204836
5.028000000,0.6236383020726066,0.6606214198413483,0.6421298609569774,6.877673487820643,0.08460009123760445,666.3029855079876,-544.0833621928933,1912.9911621861327,9.703742669709374
5.032000000,0.6233736433410826,0.6603615537413958,0.6418675985412392,6.885535289822677,0.08462711357444619,666.4031512323663,-544.2098023054396,1912.9634624232779,9.70633018544093
5.036000000,0.6231090150554479,0.6601017203262955,0.6416053676908717,6.893400195813066,0.08465416498437406,666.5032631922977,-544.3353534529429,1912.9353243108937,9.70891585439756
5.040000000,0.6228444182027744,0.6598419190232079,0.6413431686129911,6.901267977813464,0.08468317335515238,666.6032648681744,-544.461100991611,1912.9068403847973,9.71143680249915
5.044000000,0.6225798537115566,0.6595821510422581,0.6410810023769073,6.9091383211755115,0.08470935781311494,666.7032074523096,-544.5865588392494,1912.8781821465532,9.714004422241786
5.048000000,0.6223153253233562,0.6593224172146108,0.6408188712689835,6.917004815247098,0.0847326363792685,666.8030956833919,-544.7126997499706,1912.8489729837402,9.715633471304798
5.052000000,0.6220508368239592,0.6590627188323026,0.6405567778281309,6.92487961175778,0.08476047653318189,666.9028940490448,-544.8384842048185,1912.8196027731012,9.71822994548462
5.056000000,0.6217863927394376,0.658803057766292,0.6402947252528648,6.9327539275148835,0.08478713088602816,667.0026083650368,-544.9634731979697,1912.7900399110342,9.720789292059404
5.060000000,0.6215219993316197,0.6585433890424639,0.6400326941870418,6.940640976247052,0.08480697225642575,667.1025413504116,-545.0604404134024,1912.7543997014868,9.722197815684993
5.064000000,0.6212576641423624,0.6582837204710046,0.6397706923066835,6.948519230303204,0.08483301937221134,667.202083344964,-545.1868182627292,1912.724984491512,9.724562431486103
5.068000000,0.6209933971176298,0.6580240828149329,0.6395087399662813,6.956410654863789,0.0848735488920104,667.3023728584377,-545.2938557404407,1912.6981482501133,9.726443377044097
5.072000000,0.6207292077741897,0.6577644790448005,0.6392468434094951,6.964282115670671,0.08490439935043267,667.4019812786815,-545.4119171373328,1912.6685110167932,9.729636532817043
5.076000000,0.6204651041132365,0.6575049236355994,0.638985013874418,6.972153060522174,0.08493219072937362,667.5014965184115,-545.5303806227453,1912.6387438886875,9.732595045091056
5.080000000,0.6202010774523927,0.6572454338679279,0.6387232556601603,6.980040566358899,0.08494501879808564,667.6017847476259,-545.66883754378,1912.6113858801236,9.736217273902565
5.084000000,0.6199371301612757,0.6569860220970014,0.6384615761291386,6.987903354742002,0.08497063399416813,667.701336187522,-545.79332300637,1912.5817987380474,9.738654420788308
5.088000000,0.6196732777804925,0.656726699361144,0.6381999885708183,6.995767993831949,0.08499755075217519,667.8007501114499,-545.9174906490676,1912.5518601766566,9.741042979054608
5.092000000,0.619409526646308,0.6564674747881725,0.6379385007172402,7.003634214036425,0.08502381638377321,667.9000800713521,-546.0414039154775,1912.521545194684,9.743451314147983
5.096000000,0.619145880558861,0.656208355455135,0.637677118006998,7.011507507877536,0.08504989796761474,667.9993372072973,-546.1653320571229,1912.4910076560816,9.745901738080207
5.100000000,0.6188823451692542,0.6559493471267501,0.6374158461480022,7.019379705580254,0.08507717439155162,668.0984775945783,-546.2885544533749,1912.460403399592,9.748572934564947
5.104000000,0.6186189245390494,0.6556904537662831,0.6371546891526663,7.027256392902032,0.08510328521351218,668.197522634708,-546.4121017227544,1912.4297232477302,9.751034564398957
5.108000000,0.6183556208067387,0.6554316776835805,0.6368936492451596,7.03513550053941,0.08512957446686602,668.2964840267025,-546.5357604035236,1912.399034415663,9.753499952414598
5.112000000,0.618092434973633,0.6551730207235664,0.6366327278485997,7.043016766640686,0.0851558320640856,668.3953566614153,-546.6594327405974,1912.368373445272,9.755984105601115
5.116000000,0.6178293669718471,0.654914484267394,0.6363719256196205,7.0509003736844145,0.08518254129660707,668.4941648215832,-546.7832282841604,1912.3377723730039,9.758477704123198
5.120000000,0.6175664162105932,0.6546560684570863,0.6361112423338398,7.058785903022857,0.08520966130243238,668.5928198494169,-546.9062353000146,1912.3067130041586,9.761029258151444
5.124000000,0.6173035799492226,0.6543977740914215,0.635850677020322,7.066672493638489,0.08523434405379414,668.6914365901367,-547.0305108000114,1912.2762716925508,9.763267522172612
5.128000000,0.6170408558203633,0.6541396009055944,0.6355902283629788,7.074560887726463,0.08526067151010992,668.7900084328779,-547.1533230900241,1912.2465413313594,9.76574891905999
5.132000000,0.6167782413990324,0.6538815477204736,0.635329894559753,7.082448974868532,0.08528787251873957,668.8884812533823,-547.2772342626881,1912.2166199879273,9.768381076316343
5.136000000,0.6165157327768753,0.6536236125634929,0.6350696726701841,7.090339172273501,0.08531359184641872,668.9868643509875,-547.3996048204685,1912.186381622066,9.770838138644198
5.140000000,0.6162533259683727,0.653365793156425,0.6348095595623988,7.098229354865046,0.0853398223643992,669.0851803597433,-547.5232815504943,1912.1566776474667,9.77326915826654
5.144000000,0.6159910158774551,0.6531080847526738,0.6345495503150644,7.106120509300496,0.08536706600277233,669.1833996911,-547.6493699528796,1912.1276011430475,9.77594675745514
5.148000000,0.6157287998390899,0.6528504850403607,0.6342896424397253,7.114007570771069,0.08539268108662838,669.2814744868523,-547.7712053926074,1912.0983127382578,9.778387807054262
5.152000000,0.6154666738456456,0.6525929901709304,0.634029832008288,7.121903578444866,0.08541929813863117,669.3795797142911,-547.8943946409318,1912.0685588586412,9.78090918243485
5.156000000,0.6152046320558924,0.6523355930319923,0.6337701125439423,7.129798854826323,0.08544645653539554,669.4775832849948,-548.017332811252,1912.0391196049166,9.783391428890809
5.160000000,0.6149426687120894,0.6520782875480222,0.6335104781300558,7.137697965020383,0.08547295564576998,669.5755372978853,-548.1412089046421,1912.0097039395482,9.786001740312118
5.164000000,0.6146807788395421,0.6518210670701166,0.6332509229548293,7.1455941671919945,0.08549951244005906,669.6734028854655,-548.2639627222597,1911.9803539375446,9.788480928049019
5.168000000,0.6144189579824939,0.6515639241364681,0.632991441059481,7.153491603805879,0.085525911297787,669.7712065971465,-548.3867476581652,1911.9509792083663,9.79096770343131
5.172000000,0.6141572465584204,0.6513068512930289,0.6327320489257247,7.1613819654599045,0.08554815400132211,669.8686748714512,-548.4886568788755,1911.9251613153376,9.792757771921748
5.176000000,0.6138956371736981,0.6510498383946413,0.6324727377841697,7.16928344458297,0.08557397298601971,669.966316954605,-548.6126333424586,1911.8955408401748,9.79507231081004
5.180000000,0.6136340869693981,0.6507928752944565,0.6322134811319273,7.177184628071986,0.08560131911179057,670.0638968003186,-548.7358499233295,1911.8657295770206,9.797661634533242
5.184000000,0.6133725886605674,0.650535954190687,0.6319542714256272,7.185085430633611,0.08562786687991243,670.1613988324601,-548.8581459750071,1911.836258581854,9.800227374338093
5.188000000,0.6131111369669924,0.6502790679662951,0.6316951024666437,7.192987934660442,0.08565430016535246,670.258826189478,-548.9804558079004,1911.8067717557988,9.802718600449484
5.192000000,0.6128497180343686,0.6500222094771573,0.6314359637557629,7.2008892427566025,0.08568027029273534,670.3561597061,-549.1003283686794,1911.7778684753353,9.805090849401703
5.196000000,0.6125883259257421,0.6497653738618823,0.6311768498938122,7.208793493410707,0.0857076737655442,670.4534549891561,-549.2237659123009,1911.7480505857698,9.807643158069851
5.200000000,0.6123269121594603,0.6495085973105574,0.6309177547350089,7.216698791640824,0.08574203898643194,670.5506576160092,-549.3872853715656,1911.7186759494018,9.811711442416982
5.204000000,0.6120654739786886,0.6492518787866999,0.6306586763826942,7.224601765911907,0.08576678959575104,670.647767411079,-549.5081254414847,1911.6889675845164,9.813971526365219
5.208000000,0.6118040474813995,0.6489951867725097,0.6303996171269546,7.232507342880965,0.08579237322927469,670.7448571954343,-549.6279729713942,1911.6599549571565,9.816138410754546
5.212000000,0.6115426345031381,0.6487385190525288,0.6301405767778334,7.240414052574998,0.08581876878115557,670.8418717678012,-549.7508502058333,1911.630884568059,9.81861543113483
5.216000000,0.6112812351075405,0.6484818745211243,0.6298815548143324,7.248317127362631,0.08584352715377537,670.9387726545108,-549.8722710023274,1911.6014607949483,9.820843389902965
5.220000000,0.6110198569028853,0.6482252453024273,0.6296225511026563,7.256222875263409,0.08586980892292442,671.0356041704413,-549.9930341413507,1911.572096514169,9.823290662100908
5.224000000,0.6107585002030191,0.6479686273684706,0.6293635637857449,7.264128084047728,0.08589698474399343,671.1323703816627,-550.1162484951612,1911.542502586652,9.825762642875159
5.228000000,0.6104971629387848,0.6477119791074131,0.6291045710230989,7.2720442579169475,0.08592024027688472,671.2292910537388,-550.2191905732769,1911.5089641900786,9.827370727313308
5.232000000,0.6102358452270522,0.647455297152419,0.6288455711897356,7.279954314271367,0.08594624212296369,671.32596705811,-550.3423975548603,1911.479505007693,9.830123384135916
5.236000000,0.6099745455334187,0.6471986102011442,0.6285865778672814,7.287861523331519,0.08597196135711277,671.4225266741698,-550.4654802806583,1911.4505502454638,9.832647194020915
5.240000000,0.6097132600932298,0.6469419193636128,0.6283275897284213,7.295769969009303,0.08599957917681374,671.5190401350416,-550.5886579184757,1911.4207555118192,9.835233847949342
5.244000000,0.6094519871687822,0.6466852249689623,0.6280686060688723,7.303673573668633,0.0860272664721372,671.6154022837349,-550.7117531057913,1911.3914952773682,9.837771480719546
5.248000000,0.6091907246453445,0.6464285312806055,0.627809627962975,7.311584314948328,0.08605315247329659,671.7117875831929,-550.8345718787037,1911.3615738312278,9.840271787943292
5.252000000,0.608929470100577,0.6461718383289536,0.6275506542147653,7.319493633806854,0.0860799409261718,671.8080764507805,-550.9570047423879,1911.3318734206666,9.842747142787022
5.256000000,0.608668222549241,0.6459151453544223,0.6272916839518317,7.327402673928211,0.08610663457011453,671.9042786072572,-551.0792143842929,1911.3021956223627,9.845202204913218
5.260000000,0.6084069813453823,0.6456584488379775,0.6270327150916799,7.335315217207618,0.08613313799081908,672.0004617382859,-551.2001234355819,1911.272409157194,9.847538514675866
5.264000000,0.6081457458995914,0.64540174559761,0.6267737457486007,7.343223583257302,0.08615873065999863,672.096520100433,-551.3218813931868,1911.2427536616433,9.849989300950849
5.268000000,0.6078845159394461,0.6451450334742361,0.6265147747068411,7.351133161014748,0.08618424794723092,672.1925005473829,-551.4430654863763,1911.2131224537684,9.85242712739144
5.272000000,0.6076232912629678,0.6448883100067064,0.6262558006348371,7.359043366302521,0.08620938891598279,672.2883875399862,-551.5641401316908,1911.1835627120201,9.854848150098329
5.276000000,0.6073620730751088,0.6446315714356246,0.6259968222553667,7.366958712984111,0.08623493221498502,672.3843148542566,-551.682681483872,1911.1549794290886,9.857140190774652
5.280000000,0.6071008605779724,0.644374818722369,0.6257378396501707,7.374866099732781,0.08626177480232525,672.480004912271,-551.8053406028394,1911.1250270015769,9.85967643660053
5.284000000,0.6068396504950044,0.6441180522391079,0.6254788513670562,7.3827751337311796,0.08628955992495865,672.5756205888363,-551.9356812569406,1911.0981967335013,9.862537815429619
5.288000000,0.6065784426331788,0.6438612702744422,0.6252198564538105,7.390687545151035,0.0863156979216477,672.6712425509328,-552.0557675040569,1911.0684646166742,9.864913975538865
5.292000000,0.6063172375702379,0.64360447443525,0.624960856002744,7.398600181310557,0.08634200893503852,672.7667905191963,-552.1763035346742,1911.0389344345108,9.867232037262362
5.296000000,0.6060560356453806,0.6433476674748277,0.6247018515601042,7.4065123824125685,0.08636654844635205,672.8622522231784,-552.2961786903741,1911.0094712309874,9.869566114151695
5.300000000,0.6057948345287514,0.6430908501998687,0.62444284236431,7.414430730122097,0.08639236845092055,672.9577543640564,-552.4178691241696,1910.9806997321127,9.871984880987469
5.304000000,0.605533635949854,0.6428340256464367,0.6241838307981453,7.422339978509764,0.08641650862535184,673.0529988451938,-552.5363303226558,1910.9509888274135,9.87426729960304
5.308000000,0.6052724428606524,0.642577198538703,0.6239248206996777,7.430252121829772,0.08644142745890127,673.1482497400154,-552.6563760428028,1910.9214548402624,9.876704471297089
5.312000000,0.6050112540755208,0.6423203734766929,0.6236658137761069,7.438167139811616,0.08646692500753532,673.2434394445918,-552.7776783173574,1910.8923810314307,9.879129461538714
5.316000000,0.6047500706369675,0.6420635543419593,0.6234068124894634,7.446081702085664,0.08649468351443418,673.3385166108809,-552.8977681729491,1910.8631120894365,9.881467573650543
5.320000000,0.6044888945051525,0.6418067436472512,0.6231478190762019,7.453997854192722,0.08651875622796475,673.4335431012167,-553.0180409739064,1910.8339152626056,9.883911645420973
5.324000000,0.6042277258396496,0.6415499434330911,0.6228888346363703,7.461914206644955,0.08654407830020047,673.5285146559098,-553.1379368705991,1910.8045008270688,9.886226813831474
5.328000000,0.6039665653577231,0.6412931558852222,0.6226298606214726,7.469830636662659,0.08656991259886823,673.6234086902476,-553.2581736178213,1910.7751924557524,9.888573132308576
5.332000000,0.6037054143314009,0.6410363828738781,0.6223708986026395,7.477743018176562,0.08659511871200222,673.7182188694507,-553.3782635719838,1910.7459506623209,9.89097433526997
5.336000000,0.6034442737715295,0.6407796258285146,0.622111949800022,7.4856603138650355,0.08662176098551777,673.8129477886945,-553.4982842114543,1910.7166883135205,9.893345453044262
5.340000000,0.6031831444117586,0.6405228861490997,0.6218530152804291,7.493578570245868,0.08664671614498579,673.9076071377345,-553.6184927686979,1910.6874208070772,9.895756410977391
5.344000000,0.6029220276301999,0.6402661613524288,0.6215940944913143,7.501499429886199,0.08667180387328888,674.0022330077809,-553.7360859401965,1910.657809158899,9.898083332567237
5.348000000,0.6026609243542111,0.6400094564332477,0.6213351903937294,7.5094191363815375,0.08669789085422865,674.0967462555632,-553.8584963574822,1910.6288602982895,9.900568672713831
5.352000000,0.6023998356335625,0.639752775654344,0.6210763056439532,7.517340137048092,0.08672374565260513,674.1912110214969,-553.9783786632148,1910.5995377426652,9.902953650002717
5.356000000,0.6021387626591235,0.6394961168041675,0.6208174397316455,7.525261056231669,0.08674966711013612,674.28564365182,-554.0981561414003,1910.5701923962208,9.90533639809643
5.360000000,0.601877708332978,0.6392394828808534,0.6205585956069157,7.533180623653892,0.08677573776786937,674.3799454163208,-554.2185650132293,1910.5411980629847,9.90773920924424
5.364000000,0.6016166753738048,0.6389828766947119,0.6202997760342583,7.541103239391431,0.08680103214286186,674.4742188229,-554.3383297349421,1910.5120325766325,9.91012314005482
5.368000000,0.6013556652989678,0.6387262983551807,0.6200409818270742,7.549025953640336,0.08682638369597923,674.568412150698,-554.4582207700038,1910.4828721179954,9.912510526574202
5.372000000,0.6010946807686111,0.6384697496968954,0.6197822152327532,7.556954642502329,0.08685364862729457,674.6626614767162,-554.5781650018503,1910.4557263968734,9.914854220859855
5.376000000,0.6008337239009194,0.6382132329155752,0.6195234784082473,7.56487199002307,0.08687817387427332,674.7566143025803,-554.6993748952599,1910.4258372138152,9.91732250196442
5.380000000,0.6005727936398699,0.6379567478187482,0.6192647707293091,7.57279442694025,0.08690313665286782,674.8505916532039,-554.8169828512273,1910.3973712607467,9.919532262611703
5.384000000,0.6003118927841058,0.637700295005942,0.6190060938950239,7.580720954011713,0.08692921200159934,674.9445612037905,-554.9383744511699,1910.367888151326,9.92199992898923
5.388000000,0.6000510253805089,0.6374438761738617,0.6187474507771853,7.58864680342934,0.08695463642594814,675.0384378694497,-555.0582669856528,1910.3388524571474,9.92437615985989
5.392000000,0.5997901927146074,0.6371874927561976,0.6184888427354025,7.596573724040056,0.08697980984966211,675.1322520649601,-555.178946096051,1910.3097845541786,9.926749933372161
5.396000000,0.5995293968341429,0.636931147123974,0.6182302719790584,7.604494875312113,0.08700591618154627,675.2259400133966,-555.2992592461678,1910.2810028760746,9.929210200287615
5.400000000,0.5992686421852369,0.6366748402282951,0.617971741206766,7.612418704535744,0.08703023699714803,675.3195715610282,-555.4171145487837,1910.2521344750728,9.931477676202412
5.404000000,0.5990079293489714,0.6364185696444622,0.6177132494967168,7.620348043425355,0.08705724699425876,675.4131764582271,-555.5397492685569,1910.223521854704,9.934023740382607
5.408000000,0.5987472589677196,0.6361623382612294,0.6174547986144745,7.628278359504147,0.08708255079915128,675.5067321769112,-555.6581785029374,1910.1941979631474,9.936300990010466
5.412000000,0.5984866338671253,0.6359061497068126,0.617196391786969,7.636208180124237,0.0871081542523285,675.6002200718971,-555.7780501447412,1910.1653554908517,9.938671658541615
5.416000000,0.5982260555389303,0.6356500038978368,0.6169380297183835,7.6441380251817765,0.08713334289864882,675.6936307504988,-555.897768252562,1910.1363781817454,9.941070507802742
5.420000000,0.5979655250988571,0.6353939015060774,0.6166797133024673,7.652068804817779,0.08715931520874964,675.7869751005966,-556.017509307891,1910.1075550560518,9.943424674243435
5.424000000,0.5977050456283166,0.6351378457677868,0.6164214456980517,7.660003380651697,0.08718336100561674,675.8803309206344,-556.127792045548,1910.0760778101915,9.945377770780954
5.428000000,0.5974446183669073,0.6348818392902871,0.6161632288285972,7.667936424154785,0.08720947774698447,675.9735717253498,-556.2482202674048,1910.0474615235764,9.947773400218676
5.432000000,0.5971842429611343,0.63462588291695,0.6159050629390421,7.675868922957917,0.08723525733779178,676.0667283484083,-556.3682721095477,1910.0186905296068,9.950188869877051
5.436000000,0.5969239203067929,0.6343699772579754,0.6156469487823841,7.683800637879825,0.08726090498748015,676.1598184423033,-556.4875762322094,1909.989979141305,9.95274104846648
5.440000000,0.5966636513688002,0.6341141225205291,0.6153888869446646,7.69173384289059,0.08728572198256272,676.2528634342159,-556.6067863243488,1909.961156848269,9.95484726132647
5.444000000,0.596403440169496,0.6338583181872224,0.6151308791783592,7.699657589069044,0.08731032334498605,676.3457680167941,-556.7232621974722,1909.93271820884,9.956943160370457
5.448000000,0.5961432863443434,0.6336025649589914,0.6148729256516674,7.707592527134816,0.08733747841648243,676.4386734215584,-556.8448523718653,1909.9039514677788,9.95945739201472
5.452000000,0.5958831890401797,0.6333468618250038,0.6146150254325917,7.715531259418017,0.08736243481729185,676.5315238582396,-556.9629115163884,1909.8753570331091,9.961736475665745
5.456000000,0.5956231495232345,0.6330912100369517,0.6143571797800931,7.723460510042428,0.08738762991149755,676.6242105093645,-557.084205730428,1909.8468552488796,9.964315139398444
5.460000000,0.5953631713412051,0.6328356084303834,0.6140993898857943,7.731395642842114,0.08741044887862061,676.7168689931827,-557.1999408749726,1909.8180953990664,9.966328642776626
5.464000000,0.5951032536731731,0.6325800583211958,0.6138416559971844,7.7393310666831425,0.08744042339891298,676.8094533586218,-557.3222597066214,1909.7894440004677,9.968907612397464
5.468000000,0.5948433928284658,0.6323245605956629,0.6135839767120643,7.747273490371264,0.08746575008291085,676.9020342238869,-557.4414619678425,1909.7606075367241,9.971161518398967
5.472000000,0.5945835940887747,0.6320691117100949,0.6133263528994348,7.755196729785862,0.0874838953158508,676.994214434754,-557.5516481488155,1909.7314493819385,9.973420559104044
5.476000000,0.5943238580360486,0.6318137097121337,0.6130687838740911,7.763139629131639,0.08750749351724488,677.0865800859028,-557.6668936235346,1909.7030771487664,9.975729452669492
5.480000000,0.5940641776981437,0.6315583532507674,0.6128112654744555,7.7710826900963434,0.08753483102983753,677.1788934505207,-557.7836989107963,1909.6740288110448,9.978116814797248
5.484000000,0.5938045557845868,0.6313030426160395,0.6125537992003132,7.779022472529362,0.08755722211957104,677.270936348941,-557.8980982556157,1909.6468733660663,9.98042299670701
5.488000000,0.5935449901475778,0.6310477752380308,0.6122963826928043,7.786969743469967,0.08758421745001187,677.36320514231,-558.0154024365772,1909.6173999814132,9.982789046400942
5.492000000,0.5932854742280966,0.6307925471819971,0.6120390107050468,7.794917592471066,0.08760951233218348,677.4553429212742,-558.1320233201275,1909.5889222756625,9.985134905410167
5.496000000,0.593026006556201,0.6305373564680679,0.6117816815121344,7.802865766043746,0.08763437419514408,677.5474383142978,-558.2487082293976,1909.5604380578427,9.98747382705741
5.500000000,0.5927665841141163,0.6302822028065123,0.6115243934603143,7.810811443334486,0.08765978948434061,677.6394425267463,-558.3676866372658,1909.5320893201263,9.989781122696959
5.504000000,0.5925072002387424,0.6300270826390886,0.6112671414389155,7.818765703216831,0.08768737767507913,677.7314932658682,-558.4853451912434,1909.5037197663885,9.99228717690811
5.508000000,0.592247857612719,0.6297719946455658,0.6110099261291424,7.826707073635662,0.08771048721916652,677.8232274931486,-558.5996339863764,1909.4771882896603,9.994304232087243
5.512000000,0.5919885542620733,0.6295169378333583,0.6107527460477158,7.834660152160332,0.08773659583862514,677.9151474753689,-558.7175215763873,1909.4481006831916,9.99674312417918
5.516000000,0.5917292842069344,0.6292619100593697,0.610495597133152,7.842611030033075,0.08776195620752264,678.0069408936503,-558.8344071660557,1909.420007055618,9.999047873522251
5.520000000,0.5914700476789534,0.6290069108533629,0.6102384792661582,7.850570623945494,0.08778674890137683,678.0986478741634,-558.9508302844156,1909.3917215715528,10.001335655823123
5.524000000,0.5912108434984162,0.628751939536798,0.6099813915176071,7.858521985966261,0.0878111208299083,678.1903309164837,-559.0673741302162,1909.363667528935,10.003665101797715
5.528000000,0.590951662407619,0.6284969917520868,0.6097243270798529,7.86649243784696,0.08783358184421144,678.2821946213559,-559.1867374660678,1909.333696554846,10.006120008797843
5.532000000,0.590692502921101,0.6282420671068678,0.6094672850139844,7.874439412365371,0.08785929877304777,678.3736901381824,-559.3033882688776,1909.3063991331655,10.008409938068873
5.536000000,0.5904333674630493,0.6279871665185794,0.6092102669908144,7.8823891347324455,0.08788534029521855,678.4651896864204,-559.420168173122,1909.2782646109388,10.010732665993931
5.540000000,0.5901742532709875,0.627732288183509,0.6089532707272483,7.890340472847498,0.08791013296839949,678.5566076024637,-559.5371876293498,1909.2501765873758,10.01300076544932
5.544000000,0.5899151583773232,0.62747743122614,0.6086962948017316,7.898295563460873,0.08793493041554531,678.6479882328169,-559.6543863094389,1909.2219735810427,10.015308322566685
5.548000000,0.5896560823677106,0.6272225954740236,0.6084393389208671,7.906250187428669,0.0879602228348533,678.7393031083818,-559.7717004409201,1909.1937562265216,10.017587846545897
5.552000000,0.5893970218849205,0.6269677740385333,0.6081823979617269,7.914223372914798,0.08798823711269253,678.830796413137,-559.8866557668332,1909.1638140139385,10.01972097528023
5.556000000,0.5891379769696528,0.6267129664889808,0.6079254717293168,7.922176238487254,0.08801332698705044,678.9219679371078,-560.0045261581679,1909.13655883151,10.021942249318528
5.560000000,0.5888789488936794,0.6264581766942285,0.607668562793954,7.930131782833402,0.08803530595518605,679.013104862453,-560.1222924407588,1909.1082708452107,10.024403778512449
5.564000000,0.5886199371903444,0.6262034038184368,0.6074116705043906,7.93808664769832,0.0880604887941329,679.1041504246698,-560.2397016971936,1909.0800482732725,10.026654957657604
5.568000000,0.5883609427822591,0.6259486481252452,0.6071547954537522,7.94603752074477,0.08808929490832043,679.1951564790708,-560.3557415930288,1909.0517421070087,10.029725716466826
5.572000000,0.5881019663921876,0.6256939109726574,0.6068979386824225,7.953993673791819,0.08811431765918218,679.2861027557431,-560.4729563391413,1909.0235716588693,10.032015828550087
5.576000000,0.587843008227992,0.6254391931475425,0.6066411006877672,7.96195315122359,0.0881385414914313,679.3769929247421,-560.5902366134843,1908.9953033255183,10.034295936953107
5.580000000,0.5875840683082316,0.6251844961129933,0.6063842822106125,7.969911826504745,0.08816412056436582,679.4677577736976,-560.7078532990733,1908.9662386538857,10.036694693968048
5.584000000,0.5873251502095655,0.6249298215259671,0.6061274858677663,7.977875396396162,0.0881876259848399,679.5585276467052,-560.8233634601205,1908.9385043607792,10.038764555358146
5.588000000,0.5870662532826998,0.6246751704807139,0.6058707118817068,7.985836197492647,0.08821327710260883,679.6492742518003,-560.9420368652509,1908.9102796087313,10.0411631766091
5.592000000,0.5868073777020157,0.6244205445543969,0.6056139611282063,7.993795824988632,0.08823800373309167,679.7398916000568,-561.0594365450588,1908.88226926176,10.043229618611576
5.596000000,0.5865485311825722,0.6241659332121259,0.605357232197349,8.001768776165127,0.08824525214004933,679.8307391237994,-561.1628210456461,1908.8561642628422,10.045463518930092
5.600000000,0.5862897165971788,0.6239113309134581,0.6051005237553184,8.009730176776644,0.08826846033260628,679.9213312231577,-561.274760818184,1908.828437741388,10.047867371421862
5.604000000,0.5860309351402293,0.623656740957415,0.6048438380488221,8.017689639988452,0.08829480354089564,680.0118038713845,-561.3851150214151,1908.799962473749,10.050161935194572
5.608000000,0.5857721775649196,0.623402168493115,0.6045871730290173,8.025661086776756,0.08833659424589926,680.1025883401294,-561.5112420497017,1908.7746251335152,10.052528787827757
5.612000000,0.5855134402583957,0.6231476176208304,0.604330528939613,8.03362059069116,0.08836248521472526,680.1930505207149,-561.6285640616254,1908.7472708951182,10.054569720625693
5.616000000,0.5852547302018536,0.6228930902085636,0.6040739102052086,8.041582259631072,0.08838751437754325,680.2834616433777,-561.7454276566136,1908.7196197904366,10.056808914195914
5.620000000,0.5849960495428519,0.6226385911477337,0.6038173203452928,8.049543414439865,0.08841212925087763,680.3738072730556,-561.8631963897838,1908.6919631480512,10.059028083454358
5.624000000,0.5847374002013765,0.6223841264373249,0.6035607633193507,8.057505830225802,0.08843642132219577,680.4640649175109,-561.9804464221686,1908.6642722951556,10.061231590948914
5.628000000,0.5844787861949925,0.6221297006362505,0.6033042434156215,8.065469339575122,0.08846008855087732,680.5542659664662,-562.0976283354767,1908.6364289295418,10.063444328044085
5.632000000,0.5842202109273416,0.6218753180134371,0.6030477644703893,8.073434402751948,0.08848470720781568,680.6443946105863,-562.214903756965,1908.6085172798903,10.065640345126955
5.636000000,0.5839616772425131,0.621620982732864,0.6027913299876886,8.081397704491124,0.08851064917385451,680.7344414805616,-562.3334842265625,1908.5806708149541,10.068139882807774
5.640000000,0.5837031879154466,0.6213666977443921,0.6025349428299194,8.089364462019864,0.08853493083734992,680.8244193055687,-562.4509713977118,1908.5527205831404,10.070371293438836
5.644000000,0.5834447468327824,0.6211124634221079,0.6022786051274451,8.097330838548244,0.08855931990439943,680.9142875114948,-562.5686076975596,1908.5251479915714,10.07260602543538
5.648000000,0.5831863546441127,0.6208582804383269,0.6020223175412198,8.105303571279132,0.08858215632042254,681.0041571954918,-562.685607824943,1908.4968944372865,10.074902604688528
5.652000000,0.582928012238284,0.6206041479341167,0.6017660800862004,8.113277629391094,0.08860977620757961,681.0939898913,-562.8011509581879,1908.4692035258527,10.0769450251094
5.656000000,0.5826697198465922,0.6203500656247627,0.6015098927356775,8.12124791643173,0.08863368518785855,681.1837094767867,-562.919592504421,1908.4411433944422,10.079303171911569
5.660000000,0.5824114768794288,0.6200960343504249,0.6012537556149269,8.129218468418307,0.08865963464211184,681.2733877673176,-563.0368989433555,1908.4133504273723,10.081646961405507
5.664000000,0.5821532841179646,0.6198420538889735,0.6009976690034691,8.137191975401892,0.08868428523972799,681.3630008498915,-563.1541566824606,1908.3855918517545,10.083866664723454
5.668000000,0.5818951414744475,0.6195881234017833,0.6007416324381154,8.145164279520234,0.08870758538142576,681.4525719508591,-563.2711460480866,1908.3577880048806,10.085977733740803
5.672000000,0.5816370489791325,0.6193342435860814,0.6004856462826069,8.15313973235874,0.0887320987005197,681.5420566459616,-563.3883486545236,1908.3318114311314,10.088194868115288
5.676000000,0.5813802768431628,0.6190816720725252,0.600230974457844,8.152188402675659,0.0887434756056995,681.5665778083284,-563.5021448522972,1908.5086764708617,10.089477005388934
5.680000000,0.5811267861028284,0.6188323432328247,0.5999795646678265,8.149368688066595,0.08874873959407462,681.5722973414461,-563.6088418967208,1908.6469968400104,10.09029347321222
5.684000000,0.580877951050482,0.6185876127728278,0.5997327819116549,8.148216585070642,0.08875607409182246,681.5803301885458,-563.7172502985567,1908.7240503556268,10.091347999827338
5.688000000,0.5806350613156752,0.6183487551316205,0.5994919082236478,8.147407990730004,0.08876357421579455,681.5882798219212,-563.8245692447639,1908.7790264594169,10.092432568471295
5.692000000,0.5803995806352162,0.6181172141559017,0.599258397395559,8.146338284617283,0.08877101438048066,681.5949466686898,-563.9318818040398,1908.8062301755058,10.093571609697051
5.696000000,0.5801728761111065,0.6178943309322449,0.5990336035216757,8.145337088886393,0.08877772919109644,681.6016091250066,-564.0350891298356,1908.8193718167447,10.09456701010528
5.700000000,0.579956167523136,0.6176812983498792,0.5988187329365076,8.14449348122973,0.08878473250209859,681.6083260373414,-564.136844550678,1908.8252834534908,10.09559413959585
5.704000000,0.5797505271233803,0.6174791658268646,0.5986148464751224,8.143768629695678,0.08879185479105901,681.6150826807699,-564.2360233524412,1908.8257542637966,10.096591769090647
5.708000000,0.5795568577654819,0.6172888163151526,0.5984228370403173,8.143137482342224,0.08879781226554434,681.621866389583,-564.3320806844067,1908.8230931160022,10.097563141517181
5.712000000,0.5793758832996332,0.6171109588656378,0.5982434210826355,8.142596732910919,0.08880396742548093,681.6288307031226,-564.42477742807,1908.8195017611963,10.09835182311891
5.716000000,0.5792081522910877,0.6169461341663691,0.5980771432287284,8.142139126855529,0.08880937916621007,681.6360537638121,-564.5131096501456,1908.8168187753508,10.099177537548492
5.720000000,0.5790540524401138,0.6167947284841233,0.5979243904621185,8.141762864883287,0.08881274466204198,681.6435891083945,-564.5965365031245,1908.8167651133667,10.099964317937204
5.724000000,0.5789138301425965,0.6166569925351553,0.5977854113388759,8.141466945121048,0.08881771897853362,681.6515809020781,-564.6745510224514,1908.8206645930636,10.100587835295084
5.728000000,0.578787614137255,0.6165330635394639,0.5976603388383595,8.141248981402848,0.0888220920302549,681.6600695467994,-564.74656024611,1908.8296561911018,10.101087577765812
5.732000000,0.5786754395481211,0.6164229872157989,0.59754921338196,8.141107005089612,0.08882704835365779,681.669105192242,-564.812240882371,1908.8445332786678,10.101416932111842
5.736000000,0.5785772689335857,0.6163267368024066,0.5974520028679962,8.14103951213693,0.08882835493211037,681.6786841009658,-564.870958635393,1908.8656784016182,10.101697266969392
5.740000000,0.5784930082864861,0.6162442273893447,0.5973686178379154,8.14104821053188,0.08882784036978855,681.6889168690855,-564.9224858631833,1908.8929325910922,10.101917316030391
5.744000000,0.5784225170481534,0.6161753257411959,0.5972989213946747,8.141131696790723,0.08883186653323646,681.6999202654785,-564.9673960750213,1908.9258258475456,10.101909335814248
5.748000000,0.5783656146531655,0.6161198561447492,0.5972427353989573,8.141288449003532,0.08883260415697841,681.7116925868701,-565.0054075372582,1908.963740291399,10.101882197337028
5.752000000,0.5783220819383388,0.6160776019783754,0.5971998419583571,8.141517024281958,0.0888342773471962,681.724293649106,-565.0372680532665,1909.0058816220276,10.101768827965593
5.756000000,0.578291658592704,0.6160483044278493,0.5971699815102767,8.141815635978958,0.08883301569352775,681.7377094402052,-565.063226915549,1909.0513150904617,10.101710029768979
5.760000000,0.5782740390027357,0.6160316595539257,0.5971528492783307,8.142185167095514,0.0888338344880746,681.7520725021237,-565.0840362446523,1909.0989935630678,10.101609479781747
5.764000000,0.5782688687442743,0.616027315942631,0.5971480923434527,8.142623052576438,0.08883375231730614,681.7673993555466,-565.1001407779389,1909.148040404166,10.101566533591686
5.768000000,0.5782757425364338,0.6160348738271324,0.5971553081817831,8.143125997641286,0.0888372147631649,681.7837355121451,-565.1125622921738,1909.1978483333594,10.101469226948854
5.772000000,0.5782942042425816,0.6160538855058775,0.5971740448742295,8.143690437405672,0.08883759796129978,681.8010495532353,-565.1212793916823,1909.2477535453165,10.101509166796333
5.776000000,0.578323749335425,0.6160838578710468,0.5972038036032359,8.14431383467232,0.0888379931057462,681.819380250507,-565.1267565292314,1909.2975183608232,10.101620792469543
5.780000000,0.5783638298099589,0.6161242572765815,0.5972440435432702,8.144990568409137,0.08883716727416388,681.8386642342741,-565.129372018738,1909.3469729877856,10.101844923909422
5.784000000,0.5784138605776548,0.6161745154271898,0.5972941880024223,8.145718233465294,0.0888390953066572,681.8589690777122,-565.1293707940381,1909.395961917978,10.102069815055438
5.788000000,0.5784732279306297,0.6162340368792911,0.5973536324049604,8.146489484806564,0.08884046414399797,681.8801848703584,-565.126867863929,1909.444624009433,10.102370603046555
5.792000000,0.5785412983902489,0.6163022068871982,0.5974217526387235,8.147300127897031,0.08884172224949999,681.9022719387402,-565.1219303762787,1909.4930588710567,10.102740320741256
5.796000000,0.5786174261777717,0.6163783981296973,0.5974979121537345,8.148146504131155,0.08884511955870489,681.925261906028,-565.1148210939293,1909.5412808219094,10.103091804691708
5.800000000,0.578700961016537,0.6164619776319142,0.5975814693242256,8.149021237434482,0.08884662646909755,681.9489951733725,-565.1054763456666,1909.5895056920456,10.103526696517854
5.804000000,0.5787912541358651,0.616552312236351,0.597671783186108,8.149920474284137,0.08884894588125455,681.9734336690944,-565.0941669878075,1909.6377556141467,10.10397490503384
5.808000000,0.5788876620178769,0.6166487720040692,0.597768217010973,8.150841472366537,0.0888490248955997,681.9985235102248,-565.0807107959872,1909.6859252827644,10.104523968945882
5.812000000,0.5789895488974537,0.6167507327383674,0.5978701408179106,8.151781176570541,0.08885207095019221,682.0242846328762,-565.0655411192631,1909.7338524097045,10.105025636492151
5.816000000,0.5790962890064719,0.616857578331448,0.59797693366896,8.152733477296044,0.0888545843210076,682.050578473146,-565.0487144771716,1909.7814663467877,10.105567109750641
5.820000000,0.5792072675363897,0.6169687018438736,0.5980879846901317,8.153696624423903,0.0888571385053301,682.0773918045109,-565.0304446017958,1909.8285119157126,10.106138272375144
5.824000000,0.5793218806715004,0.6170835058286457,0.598202693250073,8.154665795824997,0.08886160816983427,682.1046728677927,-565.0108042367644,1909.8747334347738,10.106799224938337
5.828000000,0.5794395362063511,0.6172014032384396,0.5983204697223954,8.15564025604062,0.0888641942979072,682.1323344338497,-564.9903134438046,1909.9199204981187,10.107434024140838
5.832000000,0.5795596563937551,0.6173218178214483,0.5984407371076017,8.156615380450889,0.08886658920662421,682.1603185934064,-564.9674589384576,1909.9637766496464,10.108007094648514
5.836000000,0.579681673210203,0.6174441858061073,0.5985629295081552,8.157592438475568,0.08886991297601167,682.1886337723548,-564.9463145465332,1910.0060049911467,10.108768018148321
5.840000000,0.5798050328141784,0.6175679577358011,0.5986864952749897,8.158566395409043,0.08887346914109621,682.2171920806602,-564.9241835298496,1910.0464660326245,10.109510290387052
5.844000000,0.5799292010638624,0.617692600212294,0.5988109006380782,8.159534949914244,0.08887701567693532,682.2459220837676,-564.9018773249459,1910.0849746399126,10.110296032237601
5.848000000,0.5800536624374786,0.6178175984494345,0.5989356304434565,8.160496373553936,0.0888793313725195,682.2747627723825,-564.8795981976671,1910.1213785842963,10.111156282910962
5.852000000,0.5801779224019725,0.6179424585202185,0.5990601904610955,8.16145083335786,0.08888366415931834,682.3037665809126,-564.8576346634685,1910.1554043191845,10.112001026456666
5.856000000,0.580301511346974,0.6180667104742952,0.5991841109106346,8.162393002123894,0.08888837985905393,682.3327801794394,-564.8362294538022,1910.1871046779283,10.112870754218546
5.860000000,0.5804239872254016,0.6181899107825473,0.5993069490039744,8.163322288449443,0.08889286128946515,682.3617703964583,-564.8151722682968,1910.2164161703313,10.113775296134278
5.864000000,0.5805449367381641,0.6183116438440095,0.5994282902910868,8.164237068522695,0.08889758592065365,682.3906886263675,-564.7948731567001,1910.2432580636791,10.114709974324084
5.868000000,0.5806639765702215,0.6184315235374527,0.5995477500538371,8.165136392662516,0.08890262905741637,682.4194948338167,-564.775392364209,1910.2675961491234,10.115666876356661
5.872000000,0.5807807545983508,0.6185491941890007,0.5996649743936757,8.166019355754209,0.08890751257567805,682.4481644637328,-564.7568037326755,1910.2893819294482,10.116653175201824
5.876000000,0.5808949502169156,0.6186643310734894,0.5997796406452025,8.166884035333025,0.08891288403256856,682.4766404098474,-564.7392711736627,1910.30864752914,10.117653324765019
5.880000000,0.5810062742682334,0.618776640490367,0.5998914573793002,8.167728532873868,0.08891755903690762,682.5048480179586,-564.7227103931186,1910.325472442399,10.11869546545242
5.884000000,0.5811144679555014,0.6188858588043331,0.6000001633799172,8.168554787798683,0.08892238038721535,682.532837190139,-564.7072988261416,1910.3397881747242,10.119747986467765
5.888000000,0.5812193021555885,0.6189917519226924,0.6001055270391404,8.169359328196991,0.08892735978844069,682.5605143856387,-564.6930610931198,1910.3517187620466,10.120814037170126
5.892000000,0.5813205765595342,0.6190941145432021,0.6002073455513681,8.170143282632221,0.08893282827411772,682.587902651249,-564.6800367447679,1910.3612576206772,10.121882859392336
5.896000000,0.5814181185728273,0.619192769190704,0.6003054438817657,8.170902179433504,0.08893960074031206,682.6148734145049,-564.6684172898555,1910.3686612563145,10.122916962327807
5.900000000,0.5815117818302866,0.6192875646748206,0.6003996732525536,8.17163931695445,0.08894488739936893,682.6414436127387,-564.6579571004255,1910.3739585203239,10.123994983202744
5.904000000,0.5816014446380962,0.6193783746101218,0.600489909624109,8.17235477185125,0.08894975312077595,682.6676232371359,-564.6487169843443,1910.3771602276004,10.12508929650531
5.908000000,0.5816870092073287,0.6194650968163131,0.6005760530118209,8.173047565653302,0.0889549659554421,682.693372279848,-564.6407366317151,1910.3784242411461,10.126181798428181
5.912000000,0.5817684002441155,0.6195476526005734,0.6006580264223444,8.173717303630903,0.08895958774185456,682.7186654560728,-564.6345142379505,1910.3778403213892,10.127302684246484
5.916000000,0.5818455656286403,0.6196259854601465,0.6007357755443934,8.174363727779824,0.08896500147407826,682.7434676114565,-564.6285470155167,1910.3757122593825,10.128363356497553
5.920000000,0.5819184742106245,0.6197000602108318,0.6008092672107281,8.174987621070441,0.08897090896889703,682.7677771614682,-564.6242241353596,1910.3719762121482,10.129433881862766
5.924000000,0.5819871139419348,0.6197698620259899,0.6008784879839624,8.175591979124691,0.08897406271440847,682.7916592473834,-564.6207893700287,1910.366675037127,10.130558774288529
5.928000000,0.582051492926908,0.6198353962632837,0.6009434445950959,8.17617192629189,0.08897960210979922,682.8149851795414,-564.6185919957975,1910.3601168877606,10.131623594899436
5.932000000,0.5821116385944549,0.6198966870847755,0.6010041628396152,8.176732995340098,0.08898342207847629,682.837806320141,-564.6161457050775,1910.3522380721297,10.132388312473259
5.936000000,0.5821675953989001,0.6199537765555476,0.6010606859772238,8.177270901651944,0.08898806335034602,682.8601014312236,-564.6157398255541,1910.3433005258426,10.133425555871089
5.940000000,0.5822194240480769,0.6200067241060765,0.6011130740770767,8.177789013424947,0.08899269735223107,682.8818835931493,-564.6164633849751,1910.333336700894,10.134459563359593
5.944000000,0.5822672010617396,0.6200556049512898,0.6011614030065147,8.178287268822528,0.08899709756627298,682.9031330725873,-564.6180690964175,1910.3224370582673,10.135483313383753
5.948000000,0.5823110173334953,0.6201005087955309,0.6012057630645131,8.178766926745658,0.0890017161074515,682.9238600031232,-564.6205636760276,1910.3106828016105,10.13648732476743
5.952000000,0.5823509768246709,0.6201415387438942,0.6012462577842825,8.179228744124373,0.08900563778282027,682.9440572254665,-564.6238315941637,1910.2981567870352,10.137495345057836
5.956000000,0.5823871952527782,0.6201788098618977,0.6012830025573379,8.179674185896905,0.08900987282103312,682.963755893269,-564.6279059116074,1910.2849225038333,10.138471307604346
5.960000000,0.582419798875577,0.6202124479505216,0.6013161234130493,8.18010368688529,0.08901399137614319,682.9829465790626,-564.632725511324,1910.271080625982,10.139439304612338
5.964000000,0.5824489233306878,0.6202425883896723,0.60134575586018,8.180518422464962,0.08901820766312606,683.0016459988991,-564.6382942949879,1910.2567055318402,10.140389048350865
5.968000000,0.5824747123794651,0.6202693748684567,0.6013720436239609,8.18091912710692,0.0890221475087148,683.0198595185616,-564.6445499578188,1910.2418894127225,10.141327988721343
5.972000000,0.582497316726645,0.6202929581793626,0.6013951374530038,8.181307388754574,0.08902555928859408,683.0376186784748,-564.6514033534431,1910.226683914185,10.142261477651324
5.976000000,0.5825168929619338,0.6203134951976494,0.6014151940797916,8.18168387465253,0.08902922174125265,683.0549399262402,-564.6588712444097,1910.2111692009018,10.143177262481952
5.980000000,0.582533602627251,0.6203311479538343,0.6014323752905426,8.182048944359401,0.08903298821561825,683.0718240908931,-564.6669309943643,1910.1954605571113,10.14407719272399
5.984000000,0.5825476112009085,0.6203460825703786,0.6014468468856435,8.182403433663987,0.08903673186623018,683.0882797010264,-564.6755357442973,1910.1796523819678,10.14496260030159
5.988000000,0.5825590870026502,0.6203584681534267,0.6014587775780385,8.182748625629793,0.08904053274464464,683.1043294820555,-564.6846420173442,1910.1638081778258,10.1458312039269
5.992000000,0.5825682002326857,0.6203684758033319,0.6014683380180088,8.183085558685745,0.089043876289569,683.1199942213991,-564.6941774677368,1910.1479887483554,10.146693827420254
5.996000000,0.5825751221226483,0.6203762777265496,0.6014756999245989,8.183415191513289,0.08904704644974253,683.1352963514701,-564.7040947466699,1910.132260880104,10.14754571324451
6.000000000,0.5825800241258747,0.6203820464097731,0.6014810352678239,8.183737753481834,0.08905031964441926,683.15023363832,-564.7143679696994,1910.1167271478755,10.148381516775306
6.004000000,0.5826884783775341,0.6204912418972413,0.6015898601373877,8.184054981376413,0.08905355016701567,683.164849671153,-564.7249492547,1910.103117999473,10.14920589794253
6.008000000,0.5826421812209048,0.620445831422586,0.6015440063217454,8.182255877975154,0.08906262312919708,683.1450330918619,-564.7374264360046,1911.252034009082,10.147727037564847
6.012000000,0.5827173035327036,0.6205217024181309,0.6016195029754172,8.183629591716068,0.08905542944655592,683.1724197824741,-564.7418797506621,1909.5889157485442,10.150640460753493
6.016000000,0.5827145834574026,0.620519844727724,0.6016172140925633,8.182560219275176,0.08906988441032156,683.1652315420569,-564.7657493657553,1910.9057501916052,10.14967834580341
6.020000000,0.5827567916315246,0.6205628296993666,0.6016598106654456,8.183400866093097,0.0890609096443773,683.1832586470988,-564.7544592917894,1909.895310377542,10.150483747597399
6.024000000,0.5827684447850174,0.620575278215199,0.6016718615001082,8.182758983449764,0.08907289519509334,683.1818137518605,-564.7811661883939,1910.6220528477204,10.150657070792356
6.028000000,0.582796063222716,0.6206036301864799,0.601699846704598,8.183191751953997,0.08906682306927975,683.1935713609025,-564.7713734322376,1910.1015297793313,10.150766478903902
6.032000000,0.5828111272839465,0.6206193936441053,0.6017152604640259,8.182855286504761,0.0890741353204374,683.1952877293467,-564.7884299967079,1910.4566098565774,10.151003951031182
6.036000000,0.5828312435778429,0.6206401431077495,0.6017356933427962,8.183041742719974,0.08907137329021916,683.2031060321041,-564.784826382971,1910.2148920435432,10.15103206582435
6.040000000,0.5828456765780885,0.6206551533012998,0.6017504149396942,8.182866556952984,0.08907528805495085,683.2061415203013,-564.7937138796315,1910.3760713128813,10.151135582911277
6.044000000,0.5828610902531324,0.6206710791760486,0.6017660847145905,8.182929084902149,0.0890745706414572,683.2117261772972,-564.7940165207494,1910.2700940696443,10.151194724531619
6.048000000,0.5828734689022639,0.6206839131339592,0.6017786910181115,8.182830741864116,0.08907721487131107,683.2150803190834,-564.7983486914122,1910.3393075513466,10.151186067857227
6.052000000,0.5828853476332796,0.6206961915122662,0.6017907695727729,8.182835655531596,0.08907783610585457,683.2193489241575,-564.8001642593882,1910.2936706275,10.151246349078676
6.056000000,0.5828952480254088,0.6207064428019464,0.6018008454136776,8.182771836026477,0.08907891385917531,683.2225375046665,-564.8023584412194,1910.3208642520733,10.151222277215531
6.060000000,0.5829041560226074,0.6207156559886471,0.6018099060056272,8.182754184096469,0.08907886071394111,683.2260327580927,-564.8043738762567,1910.2997130020244,10.151291483976422
6.064000000,0.5829115554048059,0.6207233185882473,0.6018174369965266,8.182706426436255,0.08907947915243868,683.2289476473477,-564.8057880791519,1910.30758139322,10.15127131787504
6.068000000,0.5829178586950405,0.6207298442197384,0.6018238514573895,8.18267766056079,0.08907978834208712,683.2318653385557,-564.8077755285989,1910.29534157206,10.151327136006415
6.072000000,0.5829229192122227,0.6207350867426982,0.6018290029774604,8.18263635667954,0.08908022836663006,683.2344462727865,-564.8092026822032,1910.294128104592,10.151327176634826
6.076000000,0.5829269409797604,0.6207392496112902,0.6018330952955253,8.182602837886,0.08908045242525386,683.2369323148387,-564.8113331905406,1910.2845472691458,10.151385724114604
6.080000000,0.5829299207792502,0.6207423294294614,0.6018361251043558,8.182563444240968,0.08908071625015723,683.2391821378117,-564.8132696700764,1910.2790106965124,10.151417487370926
6.084000000,0.5829319871940299,0.6207444551662036,0.6018382211801168,8.182526780094099,0.0890809193816427,683.241306199902,-564.8158505456261,1910.2700705243792,10.151488385560764
6.088000000,0.5829331908455799,0.620745679175144,0.601839435010362,8.182486827427367,0.08908096703516602,683.2432458690897,-564.8184489654564,1910.2626666037024,10.151551474600222
6.092000000,0.5829336299789816,0.6207461029146373,0.6018398664468094,8.18244685302675,0.08908141083102368,683.2450367826098,-564.8215634622735,1910.2540841079917,10.151630683086328
6.096000000,0.5829333712298279,0.6207457977646982,0.601839584497263,8.182404718041594,0.08908147206586799,683.2466655439562,-564.8247395435151,1910.2462916427037,10.15171055495929
6.100000000,0.5829324958398558,0.6207448509185838,0.6018386733792198,8.182361798860349,0.08908171858658241,683.248146588088,-564.8281941207871,1910.238347483957,10.151796791132384
6.104000000,0.5829310698207308,0.6207433351210483,0.6018372024708896,8.182317044451754,0.08908184333407153,683.2494647905216,-564.831630917098,1910.2310802847092,10.151876726888368
6.108000000,0.5829291610043725,0.6207413251637348,0.6018352430840537,8.182272111369949,0.0890820228183968,683.2506578748547,-564.8351057430103,1910.2241314130633,10.151953770483031
6.112000000,0.5829268281504056,0.6207388864700789,0.6018328573102423,8.182226147846993,0.08908210199590683,683.2517137475119,-564.8384267243622,1910.2178453569395,10.152020243249522
6.116000000,0.5829241277682797,0.6207360814421463,0.601830104605213,8.18217878562669,0.08908210078207712,683.2526040419705,-564.841590214837,1910.2121835939506,10.15207786078767
6.120000000,0.5829211101049054,0.6207329651971065,0.601827037651006,8.18213239327969,0.08908223785421117,683.2533986359933,-564.8445278955332,1910.2071347449737,10.152120206594605
6.124000000,0.5829178221671469,0.6207295884558306,0.6018237053114888,8.182086084720147,0.08908228626200125,683.2540807040776,-564.8472289920493,1910.202669023879,10.152152002279557
6.128000000,0.5829143070405536,0.6207259968510215,0.6018201519457875,8.182040118886933,0.08908224917733444,683.2546582765136,-564.8496653180778,1910.1988034096628,10.152173049617709
6.132000000,0.5829106052524793,0.6207222324480597,0.6018164188502695,8.18199477015505,0.08908218699548145,683.2551422316511,-564.8518698059207,1910.1954597451133,10.15218522713176
6.136000000,0.5829067546900859,0.6207183338954394,0.6018125442927627,8.181950685300354,0.0890822677307148,683.2555563001384,-564.8538755088678,1910.1925614701838,10.152187499158227
6.140000000,0.5829027915304437,0.6207143375695949,0.6018085645500193,8.181907030944108,0.08908232600772797,683.2558771024192,-564.8557210355344,1910.1900850026639,10.152184640615147
6.144000000,0.582898750359405,0.6207102777855056,0.6018045140724553,8.181863916870132,0.08908208182036473,683.2560938597521,-564.8570961569258,1910.188006876389,10.152176396991258
6.148000000,0.5828946640373402,0.6207061870313026,0.6018004255343214,8.181823749180214,0.08908206114017425,683.2562753582929,-564.8585866515866,1910.1861079183352,10.152175745788629
6.152000000,0.5828905638552726,0.6207020962056333,0.601796330030453,8.181786000492234,0.08908222833839621,683.2564279034472,-564.8600161624416,1910.1843280641706,10.152172546037658
6.156000000,0.5828864800760272,0.6206980351146001,0.6017922575953136,8.181748833951486,0.08908226991994643,683.2564955081526,-564.8614718794829,1910.1827465307872,10.15217482746334
6.160000000,0.5828824414725631,0.6206940319830636,0.6017882367278133,8.181714592250737,0.08908231088878324,683.2565449426851,-564.8629124912059,1910.1812080267189,10.15217935611717
6.164000000,0.5828784751212766,0.6206901131998706,0.6017842941605736,8.18168279029177,0.08908235415993052,683.2565770941031,-564.8643694209151,1910.179678112866,10.152187582140357
6.168000000,0.5828746065875521,0.6206863034886112,0.6017804550380816,8.181653136325822,0.089082412067575,683.2565914619222,-564.8658528795822,1910.1781714703236,10.152199082677754
6.172000000,0.5828708597792343,0.6206826257231626,0.6017767427511984,8.181625525830261,0.08908248413869417,683.2565952149808,-564.8673700159111,1910.1766823982325,10.152213812902984
6.176000000,0.5828672567648425,0.6206791007112855,0.601773178738064,8.181599579324674,0.08908240522092586,683.2565786723669,-564.8688990784201,1910.1752422473667,10.15223369757831
6.180000000,0.5828638175911465,0.6206757470620659,0.6017697823266062,8.181575675236259,0.0890825166773603,683.2565542882093,-564.8704699408927,1910.1738537794326,10.152253401205032
6.184000000,0.5828605601263206,0.6206725810832694,0.601766570604795,8.181553893101185,0.08908262308928189,683.256530947551,-564.8720627036455,1910.1725232678382,10.152275045743792
6.188000000,0.5828575000486609,0.6206696168204502,0.6017635584345555,8.181534028138163,0.08908268625631963,683.2565094297814,-564.8736665534144,1910.1712837710727,10.15229866761511
6.192000000,0.5828546508354293,0.6206668661319981,0.6017607584837137,8.181515573345395,0.08908310777795403,683.2564772344895,-564.8753036453452,1910.1701890459901,10.152316359208946
6.196000000,0.5828520236418626,0.6206643386315847,0.6017581811367236,8.181499468471912,0.08908326892539373,683.2564669625109,-564.876926118683,1910.169210530944,10.152337833828216
6.200000000,0.5828496274115764,0.6206620418527535,0.601755834632165,8.181484682020402,0.08908366912091867,683.2564576343585,-564.8785481635821,1910.1684058915528,10.152353830588448
6.204000000,0.5828474690136574,0.6206599814033353,0.6017537252084963,8.181471322091607,0.08908381640494868,683.256450999763,-564.8801076863631,1910.1677992696837,10.152371137840593
6.208000000,0.5828455532152788,0.620658160952388,0.6017518570838334,8.181459425474259,0.08908396227122559,683.2564502942619,-564.8815991430836,1910.1673885485764,10.152385898024825
6.212000000,0.5828438827658289,0.6206565823224253,0.6017502325441271,8.181448982427879,0.08908411827099218,683.2564554208308,-564.8830038606204,1910.1671768630254,10.15239717671314
6.216000000,0.5828424585370726,0.6206552456025776,0.6017488520698251,8.181439838153565,0.08908428313297685,683.2564613210183,-564.8843089344372,1910.1671697003467,10.152404832405256
6.220000000,0.5828412796001743,0.6206541491911537,0.601747714395664,8.181432275022866,0.08908428448169164,683.2564764299058,-564.8854857048673,1910.1673437685906,10.152411615182135
6.224000000,0.5828403433513074,0.6206532898934825,0.6017468166223949,8.18142615372093,0.0890842178340841,683.2564993566995,-564.8865216295783,1910.1676862287934,10.152416087947023
6.228000000,0.5828396456725784,0.6206526630828506,0.6017461543777145,8.181421381576556,0.08908435419799318,683.2565278309752,-564.8874370288861,1910.1681835819816,10.152413862584432
6.232000000,0.5828391810186844,0.6206522627838069,0.6017457219012456,8.181418887274393,0.089084643366216,683.2565994724315,-564.8882390175684,1910.1687557059179,10.152406184051875
6.236000000,0.582838942789266,0.6206520820164201,0.601745512402843,8.181417087124698,0.08908469002468869,683.2566784325388,-564.8889000542831,1910.1694477334117,10.152398986093445
6.240000000,0.5828389235465039,0.6206521130010287,0.6017455182737663,8.181416036328065,0.08908467317103079,683.2567598452513,-564.8894253963967,1910.1702570523985,10.152390077455665
6.244000000,0.5828391149241554,0.6206523471301324,0.6017457310271439,8.181416143556497,0.08908489822570899,683.2568534914591,-564.8898549843314,1910.1711355474063,10.152375414831635
6.248000000,0.5828395077235768,0.6206527750739639,0.6017461413987704,8.181418067007067,0.0890849446597971,683.2569852341486,-564.8901694826841,1910.1720164782437,10.152362438759894
6.252000000,0.5828400922845418,0.620653387125671,0.6017467397051064,8.18142052439128,0.08908466641931097,683.257123061027,-564.8903402030667,1910.1729408017386,10.152353754632312
6.256000000,0.5828408585746274,0.6206541733199771,0.6017475159473022,8.181423657586288,0.089084697838476,683.2572681887541,-564.8904229141283,1910.1738984658987,10.152339750847544
6.260000000,0.5828417960929215,0.6206551233642728,0.6017484597285971,8.181427784637153,0.08908459514189093,683.2574289320132,-564.8904199798643,1910.1748516098617,10.15232859942955
6.264000000,0.5828428939795174,0.6206562267275189,0.6017495603535181,8.1814331514039,0.08908455401119872,683.2576171729576,-564.8903434272854,1910.1757703481771,10.15231728405286
6.268000000,0.5828441412373309,0.620657472845977,0.601750807041654,8.181438812602753,0.08908459721764966,683.257808220997,-564.8902022719991,1910.1766892353253,10.152304789442194
6.272000000,0.5828455267278514,0.6206588511082174,0.6017521889180344,8.181445231833283,0.08908467479471749,683.2580130681578,-564.8900135085312,1910.1775912472078,10.152292486961759
6.276000000,0.5828470391414413,0.6206603508024813,0.6017536949719613,8.181452404991179,0.08908457136781289,683.2582356284521,-564.8897586156957,1910.1784568686896,10.152283904852581
6.280000000,0.5828486671220929,0.6206619612247835,0.6017553141734382,8.1814601129774,0.08908451560956136,683.258472050285,-564.8894525446098,1910.1792950046708,10.152275495078396
6.284000000,0.5828503993458582,0.6206636717412977,0.601757035543578,8.18146796751387,0.0890845523264939,683.2587104334157,-564.8891089151625,1910.1801264821624,10.152266307786538
6.288000000,0.5828522244693062,0.6206654717185103,0.6017588480939082,8.181476281558066,0.08908452344395373,683.2589583812123,-564.888722410447,1910.1809367342657,10.15225891451379
6.292000000,0.5828541311296078,0.6206673505125622,0.601760740821085,8.181485211980437,0.08908453507967345,683.2592247849756,-564.8883041784416,1910.1817077273695,10.152251884802538
6.296000000,0.5828561080774932,0.6206692975931531,0.6017627028353232,8.181494390935688,0.0890845434911568,683.2595040484329,-564.8878565253265,1910.1824530328258,10.152245645455338
6.300000000,0.5828581442895171,0.6206713026326725,0.6017647234610948,8.181503188089492,0.08908461249662708,683.2597753249438,-564.8873854663532,1910.1832093060932,10.152238652437006
6.304000000,0.5828602288680429,0.6206733553937482,0.6017667921308956,8.181512422666463,0.08908446742667292,683.2600602250324,-564.8868698969655,1910.1839371843855,10.152235910839234
6.308000000,0.5828623510803794,0.6206754457743386,0.601768898427359,8.181521628226324,0.08908437699934743,683.2603481781556,-564.8863273677035,1910.1846476213805,10.152233332344391
6.312000000,0.5828645004815485,0.6206775639206796,0.601771032201114,8.181530779121776,0.08908435373435838,683.2606366272057,-564.8857681293032,1910.185345802694,10.152230488596787
6.316000000,0.5828666669025324,0.6206797002080577,0.6017731835552951,8.18154012011002,0.0890843018771392,683.260935454096,-564.8851898676926,1910.1860115879715,10.152229068551161
6.320000000,0.5828688405267286,0.6206818453148344,0.6017753429207815,8.181549442676086,0.08908439788715587,683.261243129858,-564.8846122990051,1910.1866424334412,10.152226056848466
6.324000000,0.5828710120305658,0.6206839903478851,0.6017775011892255,8.181558314198094,0.08908439405793289,683.2615460196608,-564.8840275694862,1910.1872618692005,10.15222519868311
6.328000000,0.5828731725758445,0.6206861268255182,0.6017796497006813,8.181566797507497,0.08908445340036997,683.2618413415797,-564.8834457478379,1910.1878674640238,10.152223904227597
6.332000000,0.5828753137413258,0.6206882466221089,0.6017817801817174,8.181575304826742,0.08908447124389622,683.2621398867279,-564.8828697421036,1910.1884320893012,10.152224287794905
6.336000000,0.582877427596614,0.6206903420342655,0.6017838848154398,8.181583554195514,0.08908449848202575,683.262434018101,-564.8823054118462,1910.1889609078148,10.152225414220913
6.340000000,0.5828795067479717,0.620692405828521,0.6017859562882464,8.1815919336001,0.08908443969167777,683.2627378271179,-564.8817477652831,1910.1894286070537,10.15222915496916
6.344000000,0.5828815444040174,0.6206944313036189,0.6017879878538182,8.181599837543898,0.0890843702480059,683.2630376482535,-564.8811971989664,1910.189855216538,10.152234063985805
6.348000000,0.5828835344217538,0.6206964123410188,0.6017899733813863,8.181607189286181,0.08908435947993616,683.2633274102667,-564.8806697313759,1910.190251407797,10.15223913528356
6.352000000,0.58288547120749,0.6206983433245625,0.6017919072660263,8.18161440026073,0.08908439259129049,683.2636183455253,-564.880170790572,1910.1905923408378,10.15224467801644
6.356000000,0.5828873497423359,0.6207002191674746,0.6017937844549053,8.181621178436963,0.08908454097441457,683.2639021635941,-564.8797160344947,1910.1908876410514,10.152249236891763
6.360000000,0.5828891655976207,0.6207020353342898,0.6017956004659553,8.181627873478432,0.08908463261281604,683.2641905652291,-564.8792934068549,1910.1911198398655,10.152255463736413
6.364000000,0.5828909149622206,0.620703787864727,0.6017973514134738,8.181633901353619,0.08908469300576449,683.2644683198528,-564.8789054492152,1910.1913140147221,10.152262844528554
6.368000000,0.5828925946134405,0.6207054733577593,0.6017990339855999,8.181639400904288,0.08908478567103889,683.2647346553412,-564.8785575522713,1910.1914718423247,10.152270270718645
6.372000000,0.5828942018211336,0.6207070888757045,0.601800645348419,8.181644492901784,0.08908473630049277,683.2649905562087,-564.8782315439381,1910.1915888370077,10.152280580101996
6.376000000,0.5828957343016725,0.6207086319116968,0.6018021831066847,8.181649301625335,0.08908477019171973,683.265238028112,-564.8779422896071,1910.1916612525388,10.152290386364802
6.380000000,0.5828971902070776,0.6207101003836328,0.6018036452953552,8.181653826356948,0.0890848406041048,683.2654777729464,-564.8776904456797,1910.191690587182,10.152300121956701
6.384000000,0.5828985681128103,0.6207114926179997,0.601805030365405,8.18165810527668,0.08908478911302163,683.2657126646349,-564.8774594463187,1910.1916748136005,10.152312246451746
6.388000000,0.5828998670207852,0.620712807352021,0.6018063371864031,8.181661940091763,0.08908478871898888,683.2659380850451,-564.8772548408818,1910.1916278770816,10.152323821872425
6.392000000,0.5829010863248385,0.6207140437656449,0.6018075650452417,8.181665448639164,0.08908483014507797,683.2661576548168,-564.8771171158821,1910.1915494760758,10.152335915068555
6.396000000,0.5829022258201064,0.6207152013581521,0.6018087135891292,8.181668329536869,0.08908496118789533,683.2663617905176,-564.8769601215475,1910.1914528062755,10.152344047630336
6.400000000,0.5829032856494223,0.6207162799697699,0.6018097828095961,8.18167088469969,0.08908498883448157,683.2665558274651,-564.8768439216337,1910.1913369596414,10.1523547208469
6.404000000,0.5829042662565911,0.6207172797980434,0.6018107730273172,8.181672890635452,0.089085000020007,683.2667313124203,-564.8767447177381,1910.191213740693,10.152365268284674
6.408000000,0.5829051683222275,0.6207182012767589,0.6018116847994932,8.181674906372027,0.0890850652195819,683.2669037545318,-564.8766729212348,1910.1910581717632,10.152374985898796
6.412000000,0.5829059927845179,0.6207190450983404,0.6018125189414292,8.181676588149799,0.08908508911321973,683.2670668529782,-564.8766154405704,1910.190883264297,10.152384840042325
6.416000000,0.582906740870996,0.6207198122659463,0.6018132765684712,8.18167784663331,0.08908518157960844,683.2672169084179,-564.8765821917432,1910.190700755314,10.152393078518509
6.420000000,0.5829074140334427,0.6207205040272186,0.6018139590303306,8.181678984956955,0.08908525464685627,683.2673642186038,-564.8765669273414,1910.1904951051317,10.152401109753663
6.424000000,0.5829080139732952,0.6207211218934958,0.6018145679333955,8.18167943410842,0.08908534967493985,683.2674906953671,-564.8765674398439,1910.190296004538,10.152407811786002
6.428000000,0.5829085425845193,0.6207216675925196,0.6018151050885194,8.18167993652382,0.08908542046359766,683.2676162852057,-564.8765800459316,1910.1900730404825,10.1524143624763
6.432000000,0.5829090019423688,0.6207221430586998,0.6018155725005343,8.181679948767416,0.08908548746270736,683.2677272588568,-564.8766068931541,1910.1898481036335,10.152420375049637
6.436000000,0.5829093943176247,0.6207225504394387,0.6018159723785317,8.1816798791572,0.08908543822100395,683.2678339760818,-564.8766328520315,1910.1896086460247,10.152427768836288
6.440000000,0.5829097221458284,0.6207228920751646,0.6018163071104965,8.181679526236945,0.0890854474044945,683.2679334863775,-564.87666813673,1910.1893569934202,10.152433926829698
6.444000000,0.582909988052208,0.6207231705185166,0.6018165792853623,8.181678666283018,0.08908547969452488,683.2680156984663,-564.8767153719051,1910.1891137194857,10.152439137917252
6.448000000,0.5829101947628459,0.6207233884451,0.601816791603973,8.18167790069268,0.08908543180738165,683.2680980513348,-564.8767613204789,1910.188849412762,10.15244529577372
6.452000000,0.5829103451110456,0.62072354866757,0.6018169468893078,8.18167683863057,0.08908554278333115,683.2681714912061,-564.8768294316546,1910.1885779077347,10.15244855973533
6.456000000,0.5829104420729863,0.6207236541646921,0.6018170481188392,8.18167541835856,0.08908565917054033,683.2682313646271,-564.876911871809,1910.1883125346233,10.152450944074781
6.460000000,0.5829104886850871,0.6207237079874375,0.6018170983362623,8.181673898020037,0.08908569649534276,683.2682837381273,-564.8769980909999,1910.1880415667245,10.152453985076667
6.464000000,0.5829104879953206,0.6207237132205137,0.6018171006079172,8.181672388370515,0.08908571611516691,683.2683329519307,-564.8770886892856,1910.1877582861666,10.152456994673845
6.468000000,0.5829104431076928,0.6207236730231642,0.6018170580654285,8.18167077887398,0.08908569746629738,683.2683778441357,-564.8771804042287,1910.1874685083103,10.152460362351796
6.472000000,0.5829103571930858,0.6207235906380646,0.6018169739155752,8.181668702199673,0.08908582380904347,683.2684053037946,-564.8772901806236,1910.187196177592,10.152460905892967
6.476000000,0.5829102333777882,0.6207234692788006,0.6018168513282944,8.181667025053645,0.08908581520637732,683.2684409327343,-564.8773956386416,1910.186901742663,10.152463396573626
6.480000000,0.5829100747963025,0.6207233121763522,0.6018166934863274,8.181664868352684,0.08908585828199089,683.2684616821849,-564.8775102877405,1910.1866223567727,10.152464730400581
6.484000000,0.5829098845919418,0.6207231225756544,0.6018165035837981,8.181662871087585,0.08908578460414032,683.2684837110568,-564.8776168015614,1910.1863405297318,10.15246773368488
6.488000000,0.582909665865202,0.6207229036914867,0.6018162847783444,8.181660728201125,0.08908584294753835,683.2685016960838,-564.8777361379389,1910.1860620071752,10.152468596773591
6.492000000,0.5829094217126567,0.6207226587340955,0.6018160402233761,8.181658352781819,0.08908577946819901,683.2685102440904,-564.8778448971377,1910.1858000105988,10.152470867073003
6.496000000,0.5829091551765089,0.6207223908492381,0.6018157730128735,8.181655933314106,0.08908570097459986,683.2685132910444,-564.8779460119016,1910.18554823809,10.152473294795664
6.500000000,0.5829088691891968,0.620722103083267,0.6018154861362319,8.181653482529832,0.08908576247540587,683.2685103318522,-564.8780585603395,1910.1853062414395,10.152473471465552
6.504000000,0.5829085665707083,0.6207217983710507,0.6018151824708795,8.181651172310909,0.08908583589674382,683.2685066570059,-564.8781785795977,1910.1850680504622,10.152473246334289
6.508000000,0.582908250047879,0.6207214795483225,0.6018148647981008,8.181648813902637,0.08908592713937089,683.2684982167202,-564.8783060844283,1910.184840798228,10.152472303110072
6.512000000,0.5829079222529998,0.6207211493400706,0.6018145357965352,8.181646351073676,0.08908590770179745,683.2684813070117,-564.8784258330052,1910.1846331970912,10.152472684204387
6.516000000,0.5829075856628378,0.6207208103091091,0.6018141979859735,8.181644115244504,0.08908590976094041,683.2684657979551,-564.8785448804861,1910.1844297256794,10.152472733494807
6.520000000,0.5829072426219142,0.6207204648794544,0.6018138537506843,8.181641749818388,0.08908589003366105,683.2684414563936,-564.8786592835672,1910.184246741729,10.152472918358594
6.524000000,0.5829068953390788,0.6207201153243886,0.6018135053317337,8.181639523110286,0.08908583362565456,683.2684141051617,-564.8787651841537,1910.1840766571877,10.152473675073487
6.528000000,0.5829065458461571,0.6207197637357069,0.601813154790932,8.181637558070852,0.08908583213955165,683.2683902816855,-564.8788719192589,1910.1839089899254,10.152473762558472
6.532000000,0.5829061960612592,0.62071941208238,0.6018128040718196,8.181635488726526,0.08908583624735811,683.2683598189677,-564.8789772885004,1910.1837616459106,10.152473580935427
6.536000000,0.5829058477838487,0.6207190622022267,0.6018124549930377,8.181633549558626,0.08908586995737376,683.2683285318473,-564.8790844440273,1910.1836279295385,10.152472830290861
6.540000000,0.5829055026636212,0.6207187157726963,0.6018121092181588,8.181631717631024,0.08908583773445695,683.2682969863597,-564.8791819539092,1910.183504959842,10.152472928430829
6.544000000,0.5829051622389301,0.6207183743413367,0.6018117682901334,8.181629870730104,0.08908573924806525,683.2682606696978,-564.8792647104184,1910.1834010558919,10.152474028111456
6.548000000,0.5829048279035618,0.6207180393117397,0.6018114336076508,8.181628466906727,0.08908573817400463,683.2682360030983,-564.8793486437994,1910.1832904642424,10.152473976673035
6.552000000,0.5829045009906366,0.6207177120130325,0.6018111065018346,8.181626542317254,0.08908569485613127,683.2681940105812,-564.8794236393302,1910.183218508581,10.152474185596967
6.556000000,0.5829041827016113,0.6207173936328303,0.6018107881672208,8.181625088943456,0.08908569706550201,683.2681597608486,-564.87949746679,1910.1831477235057,10.152473870483183
6.560000000,0.5829038740808272,0.6207170851945278,0.6018104796376775,8.181623438756946,0.08908570134456333,683.2681155899878,-564.8795663792157,1910.1830981207772,10.152473235907316
6.564000000,0.5829035760295795,0.6207167875717943,0.6018101818006869,8.181622292892216,0.08908562268088274,683.2680804978595,-564.8796219538106,1910.1830440832427,10.152474121670725
6.568000000,0.5829032893234256,0.6207165015130727,0.6018098954182491,8.181621262200409,0.08908567014920526,683.2680493483468,-564.8796850550555,1910.182990876091,10.152473233259753
6.572000000,0.5829030146849874,0.6207162277101332,0.6018096211975603,8.181620202339193,0.08908566705396424,683.2680176436476,-564.8797419179411,1910.1829511315677,10.152472883841538
6.576000000,0.5829027527749417,0.6207159667817734,0.6018093597783576,8.181618900864697,0.08908568810762979,683.2679759656924,-564.8797981825144,1910.1829379591122,10.152471884557919
6.580000000,0.5829025040896738,0.6207157191836643,0.6018091116366691,8.181618065954058,0.08908567078931001,683.2679439874682,-564.8798473845602,1910.1829173814226,10.152471587482662
6.584000000,0.582902269015591,0.6207154852635597,0.6018088771395753,8.18161720693222,0.08908562324127178,683.2679102253326,-564.8798876880754,1910.1829044825176,10.152471750586436
6.588000000,0.5829020478790312,0.620715265307993,0.6018086565935121,8.181616569201543,0.08908560475481733,683.2678819143106,-564.8799243616187,1910.1828938927943,10.152471621067361
6.592000000,0.5829018409363584,0.6207150595374031,0.6018084502368808,8.1816157853604,0.08908560202746102,683.2678490010163,-564.8799576127337,1910.1828973300376,10.152471131428708
6.596000000,0.5829016483491216,0.6207148680775987,0.6018082582133601,8.18161530840115,0.08908557418141659,683.267823893254,-564.8799875374091,1910.1828971604016,10.152471243900997
6.600000000,0.5829014702054991,0.620714690992969,0.6018080805992341,8.181614835221424,0.08908562214038512,683.2678004443242,-564.8800225804752,1910.1829007901713,10.152470122209882
6.604000000,0.5829013065662707,0.6207145283158013,0.601807917441036,8.18161437276329,0.08908561233333347,683.2677777818503,-564.8800487471781,1910.182913116635,10.152469632861747
6.608000000,0.5829011574390535,0.6207143800287298,0.6018077687338916,8.181613825960175,0.08908562984411954,683.2677517455988,-564.8800732419377,1910.1829379276194,10.152468605252492
6.612000000,0.582901022735868,0.6207142460262247,0.6018076343810463,8.181613513888712,0.08908567357719695,683.2677307846731,-564.8801004555166,1910.182960549572,10.152467238558849
6.616000000,0.582900902296771,0.6207141261369742,0.6018075142168726,8.181613207459543,0.089085661621184,683.2677092885649,-564.8801191989007,1910.182988157633,10.152466580895588
6.620000000,0.5829007959170553,0.6207140201412926,0.601807408029174,8.181612825990928,0.0890856864272284,683.2676821984434,-564.8801407228812,1910.1830300052297,10.152465343378978
6.624000000,0.5829007032741771,0.6207139277109519,0.6018073154925645,8.181612747644165,0.08908567828428839,683.2676603812646,-564.880155683675,1910.1830669406231,10.15246464356186
6.628000000,0.5829006239484755,0.6207138484243018,0.6018072361863886,8.181612892788772,0.08908564374227826,683.2676451199114,-564.8801638206883,1910.1830956332963,10.152464550258081
6.632000000,0.5829005575076991,0.6207137818499007,0.6018071696787999,8.181612981275888,0.08908566232345035,683.2676294103966,-564.88017110792,1910.1831314511155,10.152463560321193
6.636000000,0.5829005034991184,0.6207137275365113,0.6018071155178149,8.181612968522968,0.08908567741409479,683.2676100030711,-564.8801740452795,1910.183180878769,10.152462474401185
6.640000000,0.58290046139183,0.6207136849536283,0.6018070731727292,8.181613232760073,0.08908561365028506,683.2675982571186,-564.8801654551587,1910.1832231825958,10.15246275094509
6.644000000,0.5829004306235248,0.6207136535449962,0.6018070420842605,8.181613376782988,0.08908560615326355,683.2675834032854,-564.8801550216137,1910.1832740661932,10.152462204659848
6.648000000,0.5829004106194446,0.620713632744966,0.6018070216822053,8.181613651541669,0.08908562251527585,683.2675716410538,-564.8801442185043,1910.1833260194746,10.152461303465303
6.652000000,0.5829004007745624,0.6207136219558862,0.6018070113652243,8.181613786124297,0.08908560538125909,683.2675546145089,-564.8801261305141,1910.1833890360044,10.152460723684257
6.656000000,0.5829004004377083,0.6207136205347439,0.6018070104862261,8.181614023752479,0.08908567403440217,683.2675365032594,-564.880114545544,1910.1834565755848,10.152458808243765
6.660000000,0.5829004088809029,0.6207136277680547,0.6018070183244788,8.181614503665463,0.08908565073872833,683.2675233742993,-564.8800931689944,1910.1835160122548,10.152458237926258
6.664000000,0.5829004253545236,0.6207136429176217,0.6018070341360726,8.181615093225831,0.08908566278148403,683.2675139559816,-564.8800718849579,1910.183570629738,10.152457233014683
6.668000000,0.5829004491322536,0.6207136652715093,0.6018070572018814,8.181615484864597,0.08908569863949711,683.2674984915445,-564.8800518920748,1910.1836381938006,10.152455668619274
6.672000000,0.582900479459667,0.6207136940872999,0.6018070867734835,8.181616126361911,0.08908566672018381,683.2674897736156,-564.8800222980867,1910.1836975595622,10.152455171726473
6.676000000,0.5829005155735558,0.6207137286106814,0.6018071220921186,8.181616684051075,0.08908563214481285,683.2674797800128,-564.8799868745548,1910.1837588145959,10.152454763145492
6.680000000,0.5829005567398866,0.6207137681177528,0.6018071624288197,8.181617272167923,0.08908557332594243,683.2674706374121,-564.8799430942047,1910.1838213360818,10.152454848213535
6.684000000,0.5829006022290599,0.6207138118950866,0.6018072070620732,8.181617928072166,0.08908562856270429,683.2674650107866,-564.8799083618359,1910.1838785781179,10.152453357665031
6.688000000,0.5829006513429675,0.620713859261457,0.6018072553022122,8.181618484057358,0.08908565480777027,683.2674576772887,-564.8798724678768,1910.1839390144455,10.152452111987966
6.692000000,0.5829007034300702,0.6207139095693179,0.601807306499694,8.181618849219443,0.08908558967787772,683.2674428469692,-564.8798267517652,1910.1840118024475,10.152452190110271
6.696000000,0.5829007577997061,0.6207139621369606,0.6018073599683333,8.181619514600005,0.08908556811434318,683.26743455532,-564.8797818296989,1910.1840705957754,10.152451891111312
6.700000000,0.5829008137562539,0.6207140162854898,0.6018074150208719,8.181620270995522,0.08908561602897228,683.2674304721461,-564.8797425189055,1910.1841178322877,10.15245059085072
6.704000000,0.5829008706805325,0.6207140714093526,0.6018074710449426,8.181620880631392,0.08908558471046399,683.267423742812,-564.8796959360084,1910.1841684670114,10.152450378291528
6.708000000,0.582900927998395,0.6207141269385374,0.6018075274684662,8.18162152104566,0.0890856094282092,683.2674193290936,-564.8796540664905,1910.1842145482983,10.152449434357775
6.712000000,0.5829009851571243,0.6207141823336002,0.6018075837453623,8.1816220505239,0.08908560868495619,683.2674126482692,-564.8796112722393,1910.1842609638138,10.152448829063623
6.716000000,0.5829010416442486,0.620714237087185,0.6018076393657168,8.18162258611584,0.08908558839399489,683.2674057787066,-564.8795663109879,1910.184304967314,10.152448597986494
6.720000000,0.5829010969706445,0.6207142907196044,0.6018076938451244,8.18162299219279,0.08908565972337895,683.2673935550756,-564.8795318066598,1910.1843529285322,10.152446932649033
6.724000000,0.5829011506434654,0.6207143427453445,0.601807746694405,8.181623603013524,0.0890856281087306,683.2673853697786,-564.8794926263897,1910.184389580625,10.152446932293625
6.728000000,0.5829012021832938,0.6207143926912835,0.6018077974372886,8.181624174946243,0.08908562198350203,683.2673760432257,-564.8794539490748,1910.1844223587832,10.152446609766894
6.732000000,0.5829012511483,0.620714440122228,0.601807845635264,8.181624837161744,0.08908561460328715,683.2673699485393,-564.8794162700281,1910.1844477299376,10.152446453962614
6.736000000,0.5829012971342706,0.620714484643031,0.6018078908886508,8.18162547920101,0.08908567065101855,683.2673660480813,-564.8793884906644,1910.1844673038106,10.15244538128637
6.740000000,0.5829013398068952,0.620714525922466,0.6018079328646806,8.181625942659743,0.08908559228837949,683.2673587787839,-564.879347783402,1910.1844911216458,10.152446181663297
6.744000000,0.5829013788714832,0.6207145636661267,0.6018079712688049,8.181626535014765,0.08908561409460775,683.2673575571289,-564.8793137390669,1910.1845043763935,10.15244572357581
6.748000000,0.5829014140888376,0.6207145976401449,0.6018080058644912,8.18162701116833,0.0890855535141942,683.2673569878648,-564.879273962584,1910.1845150668528,10.15244657079688
6.752000000,0.5829014453128991,0.6207146276987743,0.6018080365058367,8.18162728162207,0.08908556650179518,683.2673524616948,-564.8792397847171,1910.1845319192034,10.152446299488936
6.756000000,0.5829014724384223,0.6207146537355044,0.6018080630869633,8.181627486079083,0.08908555178391003,683.2673461479797,-564.8792061730428,1910.1845502377603,10.152446450779859
6.760000000,0.5829014953694838,0.6207146756546393,0.6018080855120616,8.181627642687635,0.08908557133382414,683.2673369932163,-564.8791765025193,1910.1845670424727,10.152446018402632
6.764000000,0.5829015140201363,0.6207146933687397,0.601808103694438,8.181627733873954,0.08908567156361744,683.2673225491826,-564.8791553222982,1910.1845888238636,10.152443999165042
6.768000000,0.5829015282753431,0.6207147067569849,0.601808117516164,8.18162814813215,0.0890855354554341,683.2673160325974,-564.8791169127375,1910.1845897918206,10.152446026715097
6.772000000,0.5829015380455473,0.6207147157169857,0.6018081268812665,8.181628369933113,0.08908544520625516,683.2673043319181,-564.8790752150446,1910.1845932738631,10.152447648342909
6.776000000,0.5829015432630484,0.6207147201772756,0.601808131720162,8.181628793380991,0.08908548963644652,683.2672992410098,-564.8790460637478,1910.184585151454,10.152447481459891
6.780000000,0.5829015438958152,0.6207147200986327,0.6018081319972239,8.181628936741552,0.08908546169263312,683.2672879353831,-564.8790122538494,1910.184583820599,10.152448160013485
6.784000000,0.5829015399420001,0.6207147154665194,0.6018081277042597,8.181629124497588,0.08908550395391059,683.2672770277733,-564.8789871223943,1910.1845817367707,10.15244779976561
6.788000000,0.5829015313956063,0.6207147062664689,0.6018081188310376,8.181629488072014,0.0890854573821267,683.2672737365571,-564.878958667544,1910.1845650327837,10.152448894065625
6.792000000,0.5829015183152393,0.6207146925505214,0.6018081054328803,8.181629843315635,0.08908542994265332,683.267276010585,-564.8789302061923,1910.184540193653,10.152449808841846
6.796000000,0.5829015008881839,0.6207146744956873,0.6018080876919356,8.181629683239606,0.08908543583545722,683.2672665763482,-564.8789030133019,1910.1845370011044,10.15244981150187
6.800000000,0.5829014793221035,0.6207146523017855,0.6018080658119445,8.181629601254446,0.0890854875725785,683.2672584964503,-564.8788837090841,1910.1845326706166,10.152449102549856
6.804000000,0.5829014538031174,0.6207146261526475,0.6018080399778825,8.181629324846357,0.08908552933532485,683.2672422493152,-564.8788686612571,1910.1845352623218,10.15244830818529
6.808000000,0.5829014244938833,0.6207145962069944,0.6018080103504388,8.181629391758925,0.08908550082742485,683.2672329313087,-564.8788504602776,1910.184523522171,10.152448769641342
6.812000000,0.5829013915477503,0.6207145626256505,0.6018079770867004,8.181629488546562,0.08908558614577014,683.2672262506518,-564.8788469586323,1910.184502492835,10.152447585447089
6.816000000,0.5829013551687297,0.6207145256164637,0.6018079403925967,8.181629470513396,0.08908554720710002,683.2672178787209,-564.8788385200503,1910.1844835292834,10.152448153526759
6.820000000,0.5829013155841523,0.6207144854059692,0.6018079004950607,8.18162933006577,0.08908556506999268,683.267206330751,-564.878833962269,1910.1844695328152,10.152447785700733
6.824000000,0.5829012730028182,0.6207144422033934,0.6018078576031058,8.181629155106101,0.08908555091613335,683.2671922056296,-564.8788275265136,1910.1844579525023,10.152447853423002
6.828000000,0.5829012276057313,0.6207143961923123,0.6018078118990218,8.18162906691685,0.08908558510975409,683.2671788262933,-564.8788283504899,1910.1844426815903,10.152447296070044
6.832000000,0.5829011795624979,0.6207143475468513,0.6018077635546746,8.181629013203828,0.08908556387908043,683.267165679293,-564.8788259343503,1910.184425023934,10.152447555785468
6.836000000,0.5829011290508248,0.6207142964430403,0.6018077127469326,8.181628870616658,0.08908558510464362,683.267148685895,-564.8788283967879,1910.184412321197,10.152447155184191
6.840000000,0.5829010762302289,0.6207142430364456,0.6018076596333373,8.181628742970913,0.08908551327632183,683.2671295552742,-564.8788208145622,1910.184402285497,10.152448132578515
6.844000000,0.5829010212165571,0.6207141874410098,0.6018076043287834,8.181628813479499,0.08908551202294301,683.2671153987391,-564.878817645892,1910.1843836682226,10.152448304384789
6.848000000,0.5829009641320795,0.6207141297822005,0.60180754695714,8.181628755176082,0.08908555486228717,683.2670976598762,-564.8788198459181,1910.1843706431457,10.152447634619879
6.852000000,0.5829009051108613,0.6207140701925766,0.601807487651719,8.181628715945553,0.08908558009329337,683.267079711964,-564.8788242403458,1910.184360650793,10.152447125033131
6.856000000,0.5829008442630936,0.6207140087868055,0.6018074265249496,8.181628795053356,0.0890856642275928,683.2670663445388,-564.8788389107144,1910.1843441791502,10.152445633425545
6.860000000,0.5829007817237795,0.6207139457001887,0.6018073637119841,8.18162875507065,0.0890856594337837,683.2670512710978,-564.8788480927034,1910.1843324011586,10.152445186417362
6.864000000,0.5829007176588021,0.6207138810986095,0.6018072993787058,8.181628694683324,0.08908565916036043,683.2670368014824,-564.8788570510055,1910.184323438333,10.152444637956796
6.868000000,0.582900652241733,0.6207138151535361,0.6018072336976346,8.181628501500064,0.08908563724507584,683.2670186201422,-564.878862854453,1910.1843212093331,10.152444338830986
6.872000000,0.5829005856354854,0.6207137480298286,0.601807166832657,8.181628365036714,0.08908563817758852,683.2670009083175,-564.8788698108737,1910.18431883022,10.15244374293032
6.876000000,0.5829005179878521,0.620713679874612,0.6018070989312321,8.181628257361078,0.0890856134384013,683.2669836126811,-564.8788730679875,1910.1843146967058,10.152443559166855
6.880000000,0.5829004494525662,0.6207136108367735,0.6018070301446699,8.181628014482806,0.08908554223302423,683.2669604473492,-564.8788676166218,1910.1843186527208,10.15244406947328
6.884000000,0.5829003801469241,0.6207135410268876,0.6018069605869059,8.181627977107823,0.08908549205807391,683.2669413270041,-564.8788587987488,1910.1843149908389,10.152444538052716
6.888000000,0.5829003101571146,0.6207134705268942,0.6018068903420044,8.181628010557786,0.0890854744007848,683.2669250994709,-564.8788489132636,1910.1843042928888,10.152444656954023
6.892000000,0.5829002395976914,0.6207133994458616,0.6018068195217765,8.181627977648935,0.08908543341215147,683.2669081760274,-564.878835486408,1910.1842957569386,10.15244517716585
6.896000000,0.5829001685974902,0.6207133279062447,0.6018067482518674,8.181627927155027,0.08908552035910061,683.2668920838173,-564.8788358399981,1910.1842871945264,10.152443737541704
6.900000000,0.5829000972857443,0.6207132560348327,0.6018066766602885,8.181627877733854,0.08908552163499525,683.2668775647943,-564.878832593683,1910.1842773011451,10.152443394291646
6.904000000,0.5829000258175938,0.6207131839771591,0.6018066048973765,8.181627708709854,0.08908552926261697,683.2668602705744,-564.8788304369557,1910.1842725442807,10.1524428570056
6.908000000,0.5828999543495144,0.6207131118860474,0.6018065331177809,8.181627594473719,0.0890855569166292,683.2668445614835,-564.8788324342479,1910.1842662377283,10.152442002886918
6.912000000,0.5828998830370296,0.6207130399132552,0.6018064614751424,8.181627368033581,0.08908552390924718,683.2668250002695,-564.8788287265361,1910.1842646204607,10.152441956318402
6.916000000,0.5828998120211963,0.6207129681962869,0.6018063901087416,8.181627232103947,0.08908551003232652,683.2668062854332,-564.8788253451082,1910.1842613521412,10.152441744901944
6.920000000,0.5828997414153179,0.620712896851785,0.6018063191335514,8.181627159992804,0.08908551744286425,683.2667890643341,-564.8788247959224,1910.1842543280723,10.152441296204307
6.924000000,0.5828996713301393,0.620712825990239,0.6018062486601892,8.181627076579344,0.08908542910656578,683.2667713614031,-564.8788122582189,1910.1842473615768,10.1524423319262
6.928000000,0.5828996018703947,0.6207127557207599,0.6018061787955773,8.181627034607057,0.08908549630445162,683.2667551144607,-564.8788139347298,1910.1842390835795,10.152441174613399
6.932000000,0.5828995331308278,0.6207126861461774,0.6018061096385026,8.18162692018419,0.08908552560794836,683.2667369543022,-564.8788168302356,1910.1842345879804,10.152440376871079
6.936000000,0.5828994652035817,0.6207126173574835,0.6018060412805326,8.18162672812173,0.08908547841455396,683.2667146303456,-564.8788114844532,1910.1842370453617,10.152440615027805
6.940000000,0.5828993981288733,0.6207125494007215,0.6018059737647974,8.181626725205048,0.08908557390572691,683.2666961583654,-564.878822482389,1910.1842335814547,10.152438842884344
6.944000000,0.5828993319246081,0.6207124823038015,0.6018059071142048,8.181626655942834,0.08908559362445825,683.266675030002,-564.878831520093,1910.1842333101208,10.152437944754752
6.948000000,0.5828992666001938,0.6207124160786464,0.6018058413394201,8.181626742834428,0.08908559797757713,683.2666581651438,-564.8788401255697,1910.1842288327034,10.152437301000786
6.952000000,0.5828992021596662,0.62071235073374,0.6018057764467031,8.181626729935891,0.08908555466754639,683.2666394868284,-564.8788419327943,1910.184228271367,10.152437324367899
6.956000000,0.5828991386140103,0.6207122862781915,0.6018057124461009,8.181626714645256,0.08908550156378492,683.2666205579604,-564.8788379590274,1910.184230931742,10.152437590561354
6.960000000,0.5828990759557513,0.6207122227103667,0.601805649333059,8.181626741567445,0.08908548276681627,683.2666032142417,-564.8788340012093,1910.1842326037945,10.152437484715955
6.964000000,0.5828990141790911,0.6207121600281482,0.6018055871036196,8.181626751044028,0.08908548691365101,683.2665860665414,-564.8788312037614,1910.1842357954065,10.15243702488049
6.968000000,0.5828989532899271,0.6207120982408298,0.6018055257653785,8.181626688270002,0.08908549624976686,683.2665667739874,-564.8788285439896,1910.1842440962735,10.152436377088613
6.972000000,0.5828988932828167,0.6207120373432105,0.6018054653130136,8.181626711947859,0.08908546432748317,683.2665498961451,-564.8788207189134,1910.1842498942442,10.152436376331636
6.976000000,0.5828988341531129,0.6207119773276304,0.6018054057403717,8.181626607772515,0.08908541189156624,683.2665286974999,-564.878806147826,1910.184262065921,10.152436666442117
6.980000000,0.5828987758797268,0.6207119181702012,0.601805347024964,8.181626669505754,0.0890854275785235,683.2665113602035,-564.8787962093251,1910.18426896332,10.152436091924951
6.984000000,0.582898718428936,0.6207118598397301,0.6018052891343331,8.1816266970767,0.08908542117374474,683.266493703296,-564.878784529282,1910.1842751313368,10.152435803071754
6.988000000,0.5828986617823091,0.6207118023124991,0.6018052320474041,8.181626724623309,0.08908542632554323,683.2664761723973,-564.8787733096117,1910.18428187383,10.152435306117738
6.992000000,0.5828986059162418,0.6207117455640372,0.6018051757401395,8.18162682288542,0.08908543483725914,683.266461992808,-564.878763704678,1910.1842840325392,10.152434796475642
6.996000000,0.5828985508265561,0.6207116895858604,0.6018051202062082,8.181626781304438,0.08908542340295242,683.2664446560904,-564.8787520254994,1910.1842913636751,10.152434471886663
7.000000000,0.5828984965198742,0.6207116343783383,0.6018050654491063,8.18162670228529,0.08908540883628746,683.2664251622246,-564.8787384886348,1910.1843029627269,10.152434167440727
7.004000000,0.5828984429746242,0.6207115799135892,0.6018050114441067,8.181626676101498,0.08908537959701304,683.2664056265078,-564.8787218578333,1910.184312754101,10.152434154473202
7.008000000,0.5828983901468376,0.620711526145783,0.6018049581463103,8.181626731994815,0.08908535689391178,683.2663874735629,-564.8787039892254,1910.1843186540948,10.152434176993392
7.012000000,0.5828983379966246,0.6207114730302266,0.6018049055134256,8.181626704837685,0.08908534718025263,683.2663656746004,-564.878686178034,1910.1843289207736,10.152433994736292
7.016000000,0.5828982864609458,0.6207114205025732,0.6018048534817595,8.181626785507168,0.0890853795762658,683.2663453091942,-564.878673888378,1910.1843364104254,10.152433238198798
7.020000000,0.5828982354473169,0.6207113684726693,0.6018048019599931,8.18162703157589,0.08908537170105214,683.2663308055137,-564.8786596617228,1910.1843339710606,10.152433141175026
7.024000000,0.5828981848920023,0.6207113168816392,0.6018047508868207,8.181627183156454,0.08908543431792909,683.2663160955763,-564.878654778059,1910.184333473742,10.152431894175276
7.028000000,0.5828981347773521,0.6207112657101561,0.6018047002437541,8.181627170543,0.08908542152528323,683.2662974758402,-564.8786447521261,1910.184342034876,10.152431522200294
7.032000000,0.5828980850690897,0.6207112149258336,0.6018046499974616,8.181627249093337,0.08908541147140966,683.2662816127098,-564.8786339521462,1910.1843476728714,10.152431184338862
7.036000000,0.5828980357298974,0.620711164491965,0.6018046001109312,8.181627316092856,0.08908536990637977,683.2662662879188,-564.8786179511453,1910.1843523782084,10.152431371604766
7.040000000,0.5828979867453086,0.6207111143999526,0.6018045505726306,8.181627373336182,0.089085374227099,683.266251454008,-564.8786051028349,1910.1843575387197,10.152430961836304
7.044000000,0.582897938111401,0.6207110646523546,0.6018045013818778,8.181627408486056,0.08908538830443874,683.2662370465124,-564.8785943904984,1910.1843627922324,10.15243038158526
7.048000000,0.5828978898353512,0.6207110152627564,0.6018044525490538,8.18162735778117,0.0890854188923636,683.2662201725859,-564.8785872736183,1910.1843719796962,10.152429441430867
7.052000000,0.5828978419133932,0.620710966231826,0.6018044040726096,8.181627407785852,0.08908538182919737,683.2662061333342,-564.878574138194,1910.1843765460933,10.152429541629921
7.056000000,0.582897794342216,0.6207109175626897,0.6018043559524529,8.18162742008231,0.08908540871878683,683.2661916511407,-564.8785671227913,1910.1843807061546,10.1524287413374
7.060000000,0.5828977471282712,0.6207108692673984,0.6018043081978348,8.181627488349541,0.08908538574247712,683.2661797083997,-564.8785561892448,1910.1843813479263,10.152428685230035
7.064000000,0.5828977002914115,0.6207108213706221,0.6018042608310168,8.18162745129372,0.08908538374498998,683.266165766029,-564.8785466232946,1910.184384644349,10.152428324563608
7.068000000,0.5828976538594759,0.6207107739001003,0.6018042138797881,8.181627410368352,0.08908535704435339,683.26615141306,-564.8785341283401,1910.1843885555027,10.152428352524016
7.072000000,0.582897607844302,0.6207107268765526,0.6018041673604273,8.181627387277288,0.08908542241843072,683.2661372766431,-564.8785329408108,1910.1843911577043,10.15242703972746
7.076000000,0.582897562256619,0.6207106803121007,0.6018041212843599,8.181627370367448,0.08908541525540623,683.2661229622969,-564.878528266012,1910.1843930022367,10.152426702646157
7.080000000,0.5828975171125705,0.6207106341789626,0.6018040756457665,8.181627367951624,0.08908540472204535,683.266108779999,-564.8784898244974,1910.1843926502852,10.152425594242722
7.084000000,0.5828974724173293,0.620710588513262,0.6018040304652956,8.181627320108305,0.08908542127389413,683.266092409498,-564.8785097028358,1910.1843988766386,10.152426267004069
7.088000000,0.5828974281522932,0.6207105433369833,0.6018039857446382,8.181627392717084,0.08908541901283934,683.2660789774621,-564.8785076405086,1910.1843980300712,10.152425972978856
7.092000000,0.5828973843051557,0.6207104986118424,0.601803941458499,8.181627420377856,0.08908541125304692,683.2660646364117,-564.8785030837826,1910.1843977260812,10.152425687645772
7.096000000,0.5828973408721936,0.620710454326769,0.6018038975994813,8.18162736196587,0.08908535604380252,683.2660465968586,-564.87849217696,1910.1844040665956,10.152426111077533
7.100000000,0.5828972978193718,0.6207104104507977,0.6018038541350847,8.181627424821748,0.08908535529900108,683.2660307569878,-564.8784843091619,1910.184406962267,10.152425894234703
7.104000000,0.5828972550902023,0.6207103669263176,0.60180381100826,8.181627555896306,0.08908532915827043,683.2660173263905,-564.8784732934753,1910.1844059513517,10.152426110602285
7.108000000,0.58289721265038,0.6207103237142206,0.6018037681823003,8.181627607369157,0.08908529777042423,683.266002106439,-564.8784589341117,1910.1844091746623,10.152426393029724
7.112000000,0.5828971704682715,0.6207102807802158,0.6018037256242437,8.181627716989718,0.0890853264001297,683.2659893154664,-564.8784506215736,1910.1844109591534,10.152425852277942
7.116000000,0.5828971285114903,0.6207102380919594,0.6018036833017248,8.181627839212496,0.08908531421697292,683.2659788973358,-564.878439119125,1910.1844105421962,10.152425845852969
7.120000000,0.5828970867807755,0.6207101956473196,0.6018036412140475,8.181627845712505,0.08908534134621318,683.2659666894003,-564.8784319157348,1910.1844152177098,10.152425173773844
7.124000000,0.5828970452923841,0.6207101534605783,0.6018035993764812,8.18162785804815,0.08908532788828954,683.2659555668733,-564.8784215036962,1910.1844201953904,10.152425036367836
7.128000000,0.5828970040647761,0.6207101115484193,0.6018035578065977,8.181627872128953,0.08908532794707746,683.2659458054366,-564.8784120309955,1910.1844233142708,10.152424729099593
7.132000000,0.5828969631367187,0.6207100699491406,0.6018035165429296,8.181627783632084,0.08908534921846997,683.2659334563638,-564.8784055667807,1910.1844309111868,10.152424019361757
7.136000000,0.5828969225478318,0.6207100287017653,0.6018034756247985,8.18162772239302,0.08908533802142404,683.2659214087412,-564.8783971287197,1910.1844376896884,10.152423790320732
7.140000000,0.5828968823245333,0.6207099878309492,0.6018034350777413,8.181627694226286,0.08908532523470059,683.2659101972001,-564.8783879383986,1910.1844414027419,10.152423651408334
7.144000000,0.5828968424929144,0.6207099473627409,0.6018033949278276,8.181627669788634,0.08908531112525994,683.2658990885606,-564.8783781871267,1910.1844437183008,10.152423593883594
7.148000000,0.5828968030823347,0.620709907326713,0.6018033552045239,8.181627612908823,0.0890853371511777,683.2658867656924,-564.8783736450154,1910.1844468159293,10.152422951178924
7.152000000,0.5828967641091367,0.6207098677411977,0.6018033159251672,8.181627628790755,0.08908534394536992,683.2658764325665,-564.8783698758025,1910.1844459082988,10.152422607236907
7.156000000,0.5828967255876591,0.6207098286222532,0.6018032771049562,8.181627627249272,0.08908538679583647,683.2658661073798,-564.8783726561734,1910.1844440357268,10.152421689611886
7.160000000,0.5828966875415773,0.6207097899951606,0.6018032387683689,8.18162760735433,0.0890853884824922,683.2658553551705,-564.8783737446283,1910.1844429771656,10.152421288293906
7.164000000,0.5828966499934438,0.6207097518834388,0.6018032009384413,8.181627577556256,0.08908540124874509,683.2658442377167,-564.8783773985393,1910.18444240936,10.15242074557767
7.168000000,0.5828966129597433,0.6207097143033025,0.6018031636315229,8.18162754208826,0.08908538181058777,683.2658323817749,-564.8783783347246,1910.1844427381625,10.152420675864153
7.172000000,0.5828965764497838,0.6207096772653671,0.6018031268575754,8.181627489318144,0.08908538872937044,683.2658188967924,-564.8783817598012,1910.1844452034563,10.152420249624486
7.176000000,0.5828965404530209,0.6207096407596566,0.6018030906063387,8.181627502472779,0.08908536615458656,683.2658060880291,-564.8783822353857,1910.1844463241023,10.152420300169656
7.180000000,0.5828965049430082,0.6207096047630642,0.6018030548530362,8.18162758300537,0.08908536755302318,683.2657951469553,-564.8783844274551,1910.1844445983147,10.152420087709453
7.184000000,0.5828964698980599,0.6207095692530515,0.6018030195755557,8.181627614358666,0.08908536474822282,683.2657829844443,-564.8783860320166,1910.1844455837943,10.152419882109706
7.188000000,0.5828964352975134,0.620709534210107,0.6018029847538102,8.181627643677986,0.08908534315546643,683.2657705231821,-564.878384569135,1910.1844485940396,10.152419955586678
7.192000000,0.5828964011064244,0.6207094995947529,0.6018029503505886,8.181627719752163,0.08908533870607008,683.2657596413104,-564.8783833838469,1910.1844501839266,10.152419828292118
7.196000000,0.582896367291724,0.6207094653759668,0.6018029163338454,8.18162773990407,0.08908534428011189,683.2657473324779,-564.8783829241165,1910.184455182705,10.15241949162893
7.200000000,0.5828963338212247,0.620709431516488,0.6018028826688564,8.181627798704872,0.08908534843565145,683.2657361755591,-564.878382162127,1910.1844598223877,10.152419144322506
7.204000000,0.582896300660181,0.6207093979793115,0.6018028493197463,8.181627822712496,0.08908532475255254,683.265724269473,-564.8783775938979,1910.1844663197166,10.152419171853214
7.208000000,0.5828962677755101,0.6207093647243056,0.6018028162499078,8.181627862336974,0.08908532131253505,683.2657126692027,-564.8783729643596,1910.1844731485219,10.152418918030829
7.212000000,0.5828962351299367,0.6207093317109695,0.6018027834204531,8.18162791921217,0.08908530108461091,683.2657019632898,-564.8783656667194,1910.1844788291244,10.152418938988113
7.216000000,0.5828962026928934,0.620709298903634,0.6018027507982637,8.181627962926733,0.08908528839254998,683.2656914034279,-564.878357387805,1910.184484767242,10.15241886909304
7.220000000,0.5828961704435187,0.6207092662749716,0.6018027183592451,8.181627957699805,0.0890852725469661,683.2656794801327,-564.8783470931706,1910.1844930477473,10.152418820183144
7.224000000,0.5828961383567162,0.6207092337940452,0.6018026860753807,8.181628012041202,0.08908526744120718,683.265669353862,-564.8783368553653,1910.1844984992133,10.152418671112635
7.228000000,0.5828961064080715,0.6207092014352611,0.6018026539216663,8.181628026172545,0.08908528691792549,683.2656584571438,-564.8783296065369,1910.184504478639,10.15241812625225
7.232000000,0.5828960745890868,0.6207091691818363,0.6018026218854615,8.181627960565255,0.08908527034462177,683.265644179522,-564.8783189609746,1910.1845149791388,10.152418018395256
7.236000000,0.5828960428689243,0.6207091369980304,0.6018025899334773,8.18162801272571,0.08908525119083133,683.2656321702083,-564.8783064519578,1910.184520791403,10.15241805373575
7.240000000,0.5828960112037578,0.6207091048363935,0.6018025580200757,8.18162809838305,0.08908524268211002,683.2656212260682,-564.8782943784486,1910.1845231735138,10.152418019657063
7.244000000,0.5828959795642419,0.6207090726646243,0.6018025261144331,8.18162820533844,0.08908521446487708,683.2656117537088,-564.8782790443856,1910.1845233884947,10.152418324588897
7.248000000,0.5828959479385247,0.6207090404694213,0.601802494203973,8.181628297033136,0.08908523094436946,683.265603512425,-564.8782675963249,1910.1845224299748,10.152417999014222
7.252000000,0.582895916333598,0.6207090082584159,0.601802462296007,8.181628311456965,0.08908525021390076,683.2655942301861,-564.878258358726,1910.184523880133,10.152417534776745
7.256000000,0.5828958847727819,0.6207089760523701,0.601802430412576,8.181628252540857,0.08908522914075451,683.2655826262949,-564.8782452797036,1910.1845291893533,10.152417592911018
7.260000000,0.5828958532684965,0.6207089438639173,0.6018023985662069,8.181628177609706,0.0890852635799174,683.2655690156696,-564.8782382892724,1910.1845366708164,10.152416818432844
7.264000000,0.58289582180727,0.620708911682712,0.601802366744991,8.181628237989313,0.08908524206834698,683.2655581929662,-564.8782271346317,1910.184538380196,10.152416906462655
7.268000000,0.5828957903738399,0.6207088794938613,0.6018023349338506,8.181628291449433,0.08908519633691861,683.2655472430694,-564.8782110205215,1910.1845389822363,10.152417446126254
7.272000000,0.582895758963403,0.6207088472937414,0.6018023031285722,8.181628284349411,0.08908520078466425,683.2655339905133,-564.8781979168022,1910.184543043609,10.152417267264521
7.276000000,0.5828957275534918,0.6207088150631108,0.6018022713083013,8.181628320351853,0.08908518986400123,683.265521113142,-564.8781830518158,1910.1845462841075,10.152417318399959
7.280000000,0.5828956960993565,0.6207087827612128,0.6018022394302847,8.181628484964913,0.08908519259382508,683.2655126162251,-564.8781700004834,1910.1845424450662,10.152417285140853
7.284000000,0.5828956645775207,0.6207087503712927,0.6018022074744067,8.181628530088641,0.08908523746668374,683.2655019692505,-564.8781628358669,1910.18454268292,10.152416487969573
7.288000000,0.5828956329821864,0.6207087178913326,0.6018021754367595,8.181628631171222,0.08908521990278767,683.2654941728593,-564.878150952567,1910.1845410258845,10.15241655512461
7.292000000,0.5828956013197626,0.6207086853296033,0.601802143324683,8.181628571171025,0.08908524039480444,683.2654824019626,-564.8781425800084,1910.1845457552454,10.15241596640357
7.296000000,0.5828955695932336,0.6207086526975729,0.6018021111454033,8.181628602050697,0.08908527211969472,683.2654728216938,-564.8781379496452,1910.184548415041,10.152415182090898
7.300000000,0.5828955378038359,0.6207086200012952,0.6018020789025655,8.181628636983614,0.08908525843302814,683.2654642758479,-564.878130058371,1910.1845490025878,10.152415046039174
7.304000000,0.5828955059706118,0.6207085872655114,0.6018020466180616,8.181628607944964,0.08908524454682623,683.2654541215019,-564.878121022127,1910.1845524889202,10.15241490675195
7.308000000,0.5828954741174499,0.6207085545198083,0.6018020143186291,8.181628576228732,0.08908525822002893,683.265443638635,-564.8781150777321,1910.1845565441208,10.15241438127119
7.312000000,0.5828954422573105,0.620708521782575,0.6018019820199427,8.181628532096456,0.08908523189318626,683.2654320954127,-564.8781050217763,1910.1845611222761,10.152414437756358
7.316000000,0.582895410392581,0.6207084890598935,0.6018019497262372,8.181628561112582,0.08908522713345263,683.2654221847702,-564.8780960308429,1910.1845624637288,10.152414287942698
7.320000000,0.5828953785233608,0.6207084563597931,0.601801917441577,8.181628592341148,0.08908524614012245,683.2654127341768,-564.8780907383994,1910.184562186808,10.152413805633444
7.324000000,0.5828953466585887,0.6207084236942109,0.6018018851763998,8.18162861331151,0.08908523323081358,683.2654034370188,-564.8780830500018,1910.1845619202045,10.152413766332092
7.328000000,0.5828953148165823,0.6207083910814788,0.6018018529490305,8.181628546241338,0.08908521741045614,683.2653911835245,-564.878074094192,1910.1845658264094,10.152413754081703
7.332000000,0.5828952829971286,0.6207083585221653,0.6018018207596469,8.181628581682268,0.0890852323560079,683.2653811968921,-564.8780683478232,1910.184566077323,10.15241335927475
7.336000000,0.582895251193392,0.6207083260113535,0.6018017886023728,8.181628609208575,0.0890852083438524,683.2653712345342,-564.8780590352615,1910.184565461461,10.15241354211726
7.340000000,0.582895219412535,0.6207082935535198,0.6018017564830274,8.181628618239023,0.08908522300071499,683.2653606489963,-564.8780534273022,1910.1845663353213,10.152413169257299
7.344000000,0.5828951876573001,0.6207082611538794,0.6018017244055898,8.181628620123742,0.08908523890234438,683.2653497063297,-564.8780496264458,1910.1845678514937,10.152412727749155
7.348000000,0.5828951559279574,0.6207082288077146,0.601801692367836,8.181628614211949,0.08908521019263801,683.2653379540978,-564.8780412186547,1910.184570407472,10.152412922042041
7.352000000,0.5828951242133513,0.620708196502747,0.6018016603580492,8.181628690155678,0.08908520306360196,683.2653285664949,-564.8780336602579,1910.184569573963,10.152412907194982
7.356000000,0.5828950925109666,0.6207081642337755,0.6018016283723711,8.181628699301257,0.08908519990311323,683.265317678087,-564.8780262125119,1910.1845710950072,10.152412802163198
7.360000000,0.5828950608210022,0.6207081319988106,0.6018015964099064,8.181628759097055,0.08908515424948962,683.2653085120846,-564.878012646798,1910.1845712160248,10.152413376729267
7.364000000,0.5828950291467692,0.6207080998001544,0.6018015644734618,8.181628779147383,0.0890852288781324,683.2652990346872,-564.8780122173819,1910.1845720993442,10.152412186426002
7.368000000,0.5828949974986841,0.6207080676464471,0.6018015325725656,8.181628801946237,0.08908517748773243,683.2652900893479,-564.8780007561647,1910.1845732615277,10.152412724868089
7.372000000,0.582894965896898,0.6207080355525392,0.6018015007247186,8.181628763737933,0.089085175821157,683.2652795077424,-564.8779916156991,1910.1845771071255,10.152412588334794
7.376000000,0.5828949343580234,0.6207080035293302,0.6018014689436768,8.181628714784361,0.08908515619840275,683.2652676790541,-564.8779799609586,1910.1845827829798,10.152412704312988
7.380000000,0.5828949028753385,0.6207079715717185,0.6018014372235285,8.181628797879256,0.08908519737887054,683.2652597675935,-564.8779756407359,1910.1845820061371,10.152412021325434
7.384000000,0.5828948714554372,0.6207079396839674,0.6018014055697023,8.181628780753757,0.08908520001428838,683.2652495823158,-564.8779698411918,1910.184584040374,10.152411756972452
7.388000000,0.5828948401140792,0.6207079078796909,0.601801373996885,8.181628810587053,0.08908520372066203,683.2652408962172,-564.877964637426,1910.1845848918933,10.152411491221716
7.392000000,0.5828948088615817,0.6207078761664206,0.6018013425140012,8.181628839400826,0.08908519669050938,683.265233234596,-564.8779585697807,1910.1845838736647,10.152411390132055
7.396000000,0.5828947777240643,0.6207078445684715,0.6018013111462679,8.181628781901555,0.08908518958967165,683.2652232114042,-564.877951814029,1910.184586704846,10.152411254872902
7.400000000,0.5828947467255148,0.6207078131074582,0.6018012799164865,8.181628772677662,0.08908518750364783,683.26521429671,-564.8779457703881,1910.1845881045476,10.152411099622357
7.404000000,0.5828947158810394,0.620707781800192,0.6018012488406157,8.181628744005389,0.08908521413573148,683.2652047210607,-564.8779439870874,1910.1845894689309,10.152410505854451
7.408000000,0.5828946852057726,0.6207077506632714,0.601801217934522,8.181628773479188,0.0890852155740213,683.2651969259957,-564.877941661248,1910.1845882024693,10.152410276666568
7.412000000,0.5828946547214144,0.6207077197189363,0.6018011872201754,8.181628776643805,0.08908520930113725,683.2651891400707,-564.8779387721834,1910.184586700214,10.152410158888191
7.416000000,0.5828946244608204,0.6207076889997296,0.601801156730275,8.181628718502154,0.08908521616509582,683.2651794451205,-564.877937454932,1910.1845884571392,10.152409816933208
7.420000000,0.5828945944478079,0.6207076585305913,0.6018011264891996,8.181628662803949,0.0890851948442293,683.265168942075,-564.8779330772406,1910.1845911880766,10.152409892697607
7.424000000,0.5828945646882318,0.6207076283142783,0.601801096501255,8.18162868694572,0.08908516683012868,683.2651602258236,-564.8779262166742,1910.184590450029,10.152410183983037
7.428000000,0.5828945351828452,0.6207075983558639,0.6018010667693545,8.181628738314178,0.08908517416009037,683.2651528662999,-564.8779223326292,1910.1845874846947,10.152410030474318
7.432000000,0.5828945059484738,0.6207075686714489,0.6018010373099614,8.181628757892112,0.08908516368655221,683.265145478473,-564.8779167349899,1910.1845854075398,10.152410100362257
7.436000000,0.5828944770099156,0.6207075392863288,0.6018010081481222,8.18162870501171,0.08908516886735009,683.2651361352538,-564.8779124865277,1910.1845872812964,10.152409892677113
7.440000000,0.5828944483833993,0.620707510212938,0.6018009792981687,8.181628677475482,0.08908516111202211,683.2651269169736,-564.8779068625535,1910.1845892161966,10.152409864183308
7.444000000,0.5828944200704456,0.6207074814514044,0.601800950760925,8.18162870758221,0.08908511904755488,683.2651193905738,-564.8778957298855,1910.1845883371973,10.152410411489454
7.448000000,0.5828943920782734,0.6207074530080803,0.6018009225431769,8.181628716521255,0.08908513263152777,683.2651117147591,-564.877888664347,1910.184588107371,10.152410187145682
7.452000000,0.5828943644223727,0.6207074248970059,0.6018008946596893,8.181628684544737,0.08908512465141602,683.2651028667249,-564.8778797170178,1910.1845904217228,10.152410212914392
7.456000000,0.5828943371083284,0.6207073971222741,0.6018008671153012,8.181628706322867,0.08908514614378316,683.2650956774146,-564.8778742631773,1910.1845906399678,10.15240982114614
7.460000000,0.5828943101396504,0.6207073696901659,0.6018008399149082,8.18162867908588,0.0890851810577245,683.2650872224265,-564.8778727388886,1910.1845927995835,10.152409122914875
7.464000000,0.5828942835234017,0.6207073426073464,0.601800813065374,8.18162864558004,0.08908520844829088,683.2650779567211,-564.8778731567139,1910.1845965759808,10.152408420316714
7.468000000,0.5828942572507003,0.6207073158667242,0.6018007865587123,8.18162866039422,0.08908521408157312,683.2650697812214,-564.8778732444815,1910.1845983375945,10.152408021084874
7.472000000,0.5828942313098224,0.6207072894575134,0.6018007603836679,8.181628665081416,0.08908521319394225,683.2650611826148,-564.8778729946152,1910.1846004817392,10.15240770381357
7.476000000,0.5828942056891577,0.6207072633705337,0.6018007345298457,8.181628644449033,0.08908521919423329,683.2650513202985,-564.8778737252624,1910.1846047508343,10.15240727641455
7.480000000,0.5828941803638941,0.6207072375829341,0.6018007089734141,8.181628703883842,0.08908521751795992,683.2650435891201,-564.8778743686652,1910.184605790943,10.152407011092322
7.484000000,0.5828941553055955,0.6207072120720767,0.6018006836888361,8.181628767717333,0.08908522426615016,683.2650368329172,-564.877876337051,1910.1846054218006,10.152406637046985
7.488000000,0.5828941305063324,0.620707186830586,0.6018006586684592,8.181628760242305,0.08908520009867146,683.2650284049643,-564.8778744240702,1910.1846086175428,10.152406680882752
7.492000000,0.5828941059573509,0.6207071618512146,0.6018006339042827,8.181628779925697,0.08908519246673019,683.2650208352591,-564.8778728254232,1910.1846112669748,10.152406555253027
7.496000000,0.5828940816468986,0.6207071371232757,0.6018006093850872,8.18162876727833,0.08908517923613637,683.2650122917513,-564.8778698654503,1910.184615166925,10.15240652245445
7.500000000,0.5828940575632373,0.6207071126353156,0.6018005850992765,8.181628802490906,0.08908515179273209,683.2650050392456,-564.8778638641684,1910.1846173970575,10.152406770238857
7.504000000,0.5828940337016917,0.6207070883793904,0.601800561040541,8.181628761943792,0.08908512911025308,683.2649953581504,-564.8778558688098,1910.184622836293,10.15240695870215
7.508000000,0.5828940100465871,0.6207070643405359,0.6018005371935615,8.181628783624559,0.08908514540526571,683.2649866505631,-564.8778515103818,1910.184626846348,10.152406627863494
7.512000000,0.5828939865728415,0.6207070404922774,0.6018005135325595,8.181628830868396,0.08908515653325742,683.2649787271371,-564.8778481282916,1910.184628787697,10.152406341528284
7.516000000,0.5828939632592238,0.6207070168111954,0.6018004900352096,8.18162889732714,0.0890851422350733,683.264971847257,-564.877842113925,1910.184629419817,10.152406415771095
7.520000000,0.5828939400957864,0.6207069932865465,0.6018004666911665,8.18162892884341,0.08908517915002895,683.2649646973159,-564.8778419486648,1910.1846309170662,10.152405698227497
7.524000000,0.5828939170791472,0.6207069699110832,0.6018004434951152,8.181628901738245,0.08908515602517694,683.2649557126982,-564.8778363909953,1910.1846355874407,10.152405758392696
7.528000000,0.5828938941958199,0.6207069466703956,0.6018004204331078,8.181628965704896,0.08908518462850586,683.2649493989106,-564.877836463129,1910.1846363976936,10.152405141753109
7.532000000,0.5828938714347061,0.620706923552774,0.60180039749374,8.181628983380582,0.0890851608399137,683.2649424343047,-564.8778317888853,1910.1846377827076,10.152405231286117
7.536000000,0.5828938488019872,0.6207069005607622,0.6018003746813747,8.181628978086499,0.08908513370955694,683.2649347727524,-564.8778246142294,1910.1846408335255,10.152405422561706
7.540000000,0.5828938262986156,0.6207068776933227,0.6018003519959692,8.181628967110719,0.08908513422025598,683.2649267503401,-564.8778190318865,1910.1846441788286,10.152405251358795
7.544000000,0.5828938039138762,0.6207068549431796,0.6018003294285279,8.18162902926977,0.08908514045138154,683.2649210936712,-564.877814858336,1910.1846436437181,10.152405050851362
7.548000000,0.5828937816509949,0.6207068323117397,0.6018003069813673,8.181629027940987,0.08908513367602741,683.2649142219753,-564.8778094022346,1910.1846448636043,10.152404989987046
7.552000000,0.5828937595239694,0.6207068098112387,0.601800284667604,8.181628969063864,0.08908511948957493,683.2649050135494,-564.8778024057793,1910.1846498728892,10.152405016635374
7.556000000,0.5828937375257226,0.6207067874345427,0.6018002624801326,8.181628996437018,0.08908513854351005,683.2648976556618,-564.8777991263216,1910.1846515237792,10.152404615928386
7.560000000,0.5828937156406795,0.6207067651677534,0.6018002404042164,8.181629004560742,0.08908514959380204,683.2648895269762,-564.8777967391964,1910.1846532428167,10.15240428394348
7.564000000,0.5828936938565192,0.6207067429988058,0.6018002184276625,8.181629052169747,0.0890851623279516,683.2648823952279,-564.877795738508,1910.1846536849662,10.15240391344802
7.568000000,0.5828936721597415,0.6207067209147539,0.6018001965372477,8.181629116507427,0.08908516439637479,683.2648765278091,-564.877794686201,1910.1846522712246,10.15240369572501
7.572000000,0.5828936505484421,0.6207066989121444,0.6018001747302932,8.18162911453657,0.0890851212751565,683.2648691214631,-564.8777873468703,1910.1846536874305,10.152404127248825
7.576000000,0.5828936290247384,0.6207066769915457,0.601800153008142,8.181629069554326,0.08908513119707387,683.2648597679951,-564.8777837014353,1910.1846585430155,10.152403819467011
7.580000000,0.5828936075725721,0.620706655136047,0.6018001313543095,8.181629069115724,0.08908510837885296,683.2648505714609,-564.877776491149,1910.1846625631524,10.152404007428885
7.584000000,0.5828935861583489,0.6207066333144695,0.6018001097364092,8.181629135023249,0.08908513337686846,683.2648428714674,-564.87777415589,1910.1846635080242,10.152403556602478
7.588000000,0.5828935647556648,0.6207066115011344,0.6018000881283996,8.181629155832564,0.08908513675902599,683.2648336891901,-564.8777709490972,1910.184666641196,10.152403327571172
7.592000000,0.5828935433380735,0.6207065896673072,0.6018000665026904,8.181629179851953,0.08908511635859712,683.264823919479,-564.8777645848761,1910.184670994168,10.15240343944259
7.596000000,0.5828935218647899,0.6207065677712507,0.6018000448180203,8.181629211816677,0.08908511476267648,683.2648136196382,-564.877758879636,1910.1846756744212,10.152403298731178
7.600000000,0.5828935002834186,0.6207065457595036,0.6018000230214611,8.18162930698714,0.08908511131276259,683.2648047884916,-564.8777526842885,1910.1846780194592,10.152403210587288
7.604000000,0.5828934785439941,0.6207065235822284,0.6018000010631113,8.181629407149401,0.08908510379119854,683.2647966564289,-564.8777455577593,1910.1846795650397,10.15240318839059
7.608000000,0.5828934566111172,0.6207065012008854,0.6017999789060013,8.181629446678377,0.08908509071177413,683.2647870151451,-564.8777364016482,1910.1846842787818,10.152403202026484
7.612000000,0.5828934344490904,0.6207064785767926,0.6017999565129415,8.181629540628764,0.08908507200161714,683.2647792627461,-564.8777250736866,1910.1846870308655,10.15240335036206
7.616000000,0.5828934120270048,0.6207064556772934,0.6017999338521491,8.181629570149717,0.08908506945607994,683.264770123745,-564.8777141962082,1910.1846918732822,10.152403248632076
7.620000000,0.5828933893230328,0.6207064324801195,0.6017999109015761,8.181629653262432,0.08908506886862556,683.2647628801845,-564.8777033354306,1910.1846946660235,10.152403134227189
7.624000000,0.5828933663242566,0.620706408969852,0.6017998876470543,8.181629679389461,0.08908507697831652,683.2647547980234,-564.8776935050472,1910.184698553631,10.152402842374633
7.628000000,0.5828933430338736,0.6207063851483099,0.6017998640910918,8.181629621015283,0.08908505871621114,683.264743443009,-564.8776804181705,1910.1847073159722,10.152402857155423
7.632000000,0.5828933194359252,0.6207063609966212,0.6017998402162732,8.18162969587341,0.08908506612187667,683.264735389775,-564.8776697320695,1910.18471037959,10.152402605122735
7.636000000,0.5828932955089385,0.620706336496724,0.6017998160028313,8.18162981272974,0.08908504588267577,683.2647298797907,-564.8776559958287,1910.1847082368647,10.152402795464958
7.640000000,0.582893271267281,0.6207063116621185,0.6017997914646998,8.181629852227971,0.08908506056572296,683.2647236863852,-564.8776456684756,1910.1847079127483,10.152402463807931
7.644000000,0.582893246745499,0.6207062865308899,0.6017997666381945,8.181629833541798,0.08908508227899296,683.2647167156911,-564.8776379561089,1910.1847094185841,10.152401947985055
7.648000000,0.5828932219799583,0.6207062611398442,0.6017997415599012,8.181629752016239,0.08908507948417028,683.2647075090455,-564.8776289726584,1910.1847135433145,10.152401718544155
7.652000000,0.5828931969964515,0.62070623551746,0.6017997162569557,8.181629726453778,0.08908510217094957,683.2646989051859,-564.8776241803907,1910.1847154982859,10.15240115543656
7.656000000,0.5828931718092605,0.6207062096836324,0.6017996907464465,8.181629718130882,0.08908512712534719,683.2646902643968,-564.8776224531857,1910.1847156360873,10.152400526207725
7.660000000,0.5828931464351683,0.6207061836601326,0.6017996650476505,8.181629732938015,0.08908512419356762,683.2646819319849,-564.8776199019552,1910.1847144038138,10.152400298489944
7.664000000,0.582893120890148,0.6207061574642978,0.6017996391772229,8.181629731111927,0.0890850915380792,683.2646728924893,-564.8776134744585,1910.1847133785998,10.152400544764973
7.668000000,0.5828930951793438,0.6207061311078945,0.6017996131436192,8.181629825541474,0.08908509032184865,683.2646671768875,-564.8776094730736,1910.184707365825,10.152400474475533
7.672000000,0.5828930693222816,0.6207061046145697,0.6017995869684256,8.181629881978251,0.08908507000574913,683.2646621300689,-564.8776032166738,1910.1847008526463,10.152400698144234
7.676000000,0.5828930433650612,0.6207060780328248,0.601799560698943,8.181629824407828,0.08908505034043651,683.2646544379985,-564.8775953836061,1910.1846997610623,10.152400893804963
7.680000000,0.5828930173524611,0.6207060514112044,0.6017995343818328,8.181629791822164,0.08908506568430889,683.2646473367816,-564.8775911131444,1910.1846985833533,10.15240060620464
7.684000000,0.582892991319099,0.6207060247865286,0.6017995080528138,8.18162974177244,0.08908505956454307,683.2646394518324,-564.8775855135572,1910.1846980849955,10.152400595018616
7.688000000,0.5828929652996493,0.620705998196712,0.6017994817481807,8.181629733923698,0.08908505060175101,683.2646324630799,-564.8775791884127,1910.1846963520331,10.15240065637866
7.692000000,0.582892939328616,0.6207059716751502,0.6017994555018831,8.181629696590365,0.08908504743184553,683.2646245516165,-564.8775729913618,1910.1846957844512,10.152400625834083
7.696000000,0.5828929134343355,0.6207059452531354,0.6017994293437354,8.181629685702529,0.08908504942521088,683.2646171233141,-564.8775675057002,1910.1846947745282,10.152400530225709
7.700000000,0.5828928876356372,0.6207059189526944,0.6017994032941658,8.181629738755799,0.08908509940741928,683.2646123242234,-564.8775695248281,1910.1846900438138,10.15239973204103
7.704000000,0.5828928619660019,0.6207058928097666,0.6017993773878842,8.181629677368036,0.0890851126527442,683.2646047923962,-564.8775708016466,1910.1846899217414,10.152399283754892
7.708000000,0.5828928364583419,0.6207058668581595,0.6017993516582507,8.181629704190152,0.08908511898414076,683.2646001807742,-564.8775726169329,1910.1846868066505,10.152398959546552
7.712000000,0.5828928111461948,0.6207058411321356,0.6017993261391652,8.181629652005395,0.08908511820976522,683.2645941570208,-564.8775741399411,1910.1846856891784,10.152398694330957
7.716000000,0.5828927860714259,0.620705815674782,0.601799300873104,8.181629606842316,0.08908511099794765,683.264588257211,-564.8775749242634,1910.184685413357,10.152398538852012
7.720000000,0.5828927612738539,0.6207057905246671,0.6017992758992605,8.181629528942763,0.08908508512104421,683.2645812372389,-564.8775727613669,1910.184686608593,10.152398688677149
7.724000000,0.5828927367832364,0.6207057657120174,0.6017992512476269,8.181629468078006,0.08908508415275372,683.2645738846169,-564.8775720753904,1910.1846879941431,10.152398537668592
7.728000000,0.5828927126214012,0.6207057412564012,0.6017992269389012,8.181629386870002,0.08908506808878647,683.2645647520734,-564.8775694622609,1910.1846910898153,10.152398613282315
7.732000000,0.5828926887840566,0.6207057171568664,0.6017992029704615,8.18162947919568,0.08908510615761595,683.2645605909254,-564.8775739162006,1910.184686559326,10.152398020474742
7.736000000,0.5828926652789335,0.6207056934202058,0.6017991793495696,8.181629471051314,0.0890850797015508,683.2645546865022,-564.8775725195392,1910.1846843535411,10.152398257826356
7.740000000,0.5828926421307159,0.620705670067295,0.6017991560990055,8.181629455477731,0.08908508184000785,683.2645486976445,-564.8775729204086,1910.184684079421,10.152398115099949
7.744000000,0.5828926193569828,0.6207056471112651,0.6017991332341239,8.181629417160027,0.08908507592855466,683.2645421747061,-564.8775725926714,1910.184684777917,10.152398074548845
7.748000000,0.5828925969640721,0.6207056245588944,0.6017991107614833,8.181629462390351,0.0890850872683955,683.264538478169,-564.8775744650612,1910.1846818409754,10.152397837316997
7.752000000,0.582892574977933,0.6207056024298367,0.6017990887038849,8.181629383488119,0.08908505690619133,683.2645315341964,-564.8775711791945,1910.1846839401298,10.152398125615015
7.756000000,0.5828925534211606,0.6207055807445698,0.6017990670828652,8.181629351288409,0.08908509117347782,683.2645252346772,-564.8775745200162,1910.1846861384706,10.152397518763907
7.760000000,0.5828925323003205,0.6207055595065754,0.6017990459034479,8.181629328734797,0.08908508378447168,683.2645190048124,-564.8775750907264,1910.1846874147084,10.152397463594012
7.764000000,0.5828925116187662,0.6207055387166633,0.6017990251677148,8.18162934880047,0.08908506326853763,683.2645139459273,-564.8775733311095,1910.184687091312,10.152397658297877
7.768000000,0.5828924913852944,0.6207055183783154,0.6017990048818049,8.181629320885193,0.08908505874392614,683.2645076801888,-564.8775717585916,1910.1846887224237,10.152397620537272
7.772000000,0.5828924716032731,0.6207054984930664,0.6017989850481698,8.181629315606445,0.08908504587021081,683.264501805054,-564.8775686216632,1910.1846902527616,10.152397729172309
7.776000000,0.5828924522692489,0.6207054790523472,0.601798965660798,8.18162928645484,0.08908504298068086,683.264494867803,-564.8775657283252,1910.1846931077241,10.15239769760856
7.780000000,0.582892433368329,0.620705460041151,0.60179894670474,8.181629314617128,0.08908506972955968,683.2644892718774,-564.8775667249135,1910.1846941351328,10.152397232650358
7.784000000,0.5828924148824655,0.6207054414392559,0.6017989281608607,8.181629385802271,0.08908508053625863,683.2644857979116,-564.8775677265439,1910.1846922224643,10.152396965650054
7.788000000,0.582892396808802,0.6207054232431943,0.6017989100259982,8.18162937197597,0.08908507796860456,683.2644806154249,-564.8775679363962,1910.1846936796815,10.152396827472437
7.792000000,0.5828923791545435,0.6207054054536485,0.601798892304096,8.181629343562332,0.08908504967531955,683.2644748902555,-564.8775639191481,1910.1846970553288,10.152397062708328
7.796000000,0.5828923619085771,0.6207053880613387,0.6017988749849579,8.181629368657457,0.08908509146808653,683.264470915023,-564.877567461557,1910.184697867334,10.152396333071982
7.800000000,0.5828923450662842,0.6207053710624422,0.6017988580643632,8.18162937819582,0.08908507711118999,683.2644670529749,-564.8775669152114,1910.1846986522105,10.152396350404617
7.804000000,0.5828923286375414,0.6207053544652155,0.6017988415513784,8.181629321516146,0.08908508532403128,683.2644611167634,-564.8775681402486,1910.184702944996,10.152396014679736
7.808000000,0.582892312623386,0.6207053382684791,0.6017988254459326,8.181629310534344,0.0890850471442535,683.2644559561227,-564.8775634855208,1910.1847060250307,10.152396392376012
7.812000000,0.5828922970088684,0.6207053224601964,0.6017988097345324,8.181629330628445,0.08908506459528505,683.2644517388111,-564.8775634368185,1910.1847069801088,10.152396050089724
7.816000000,0.5828922817868403,0.6207053070377668,0.6017987944123036,8.181629309123108,0.08908513317299566,683.2644461369923,-564.8775724023583,1910.1847098335618,10.152394846448578
7.820000000,0.5828922669458052,0.6207052919907738,0.6017987794682895,8.181629342232394,0.08908508037073631,683.2644420626623,-564.8775704492748,1910.1847106272764,10.152395366901924
7.824000000,0.582892252475034,0.620705277303486,0.60179876488926,8.181629340975297,0.08908503455175258,683.2644372166528,-564.8775645334783,1910.1847121809121,10.152395909084142
7.828000000,0.5828922383609836,0.6207052629664247,0.6017987506637041,8.181629333574572,0.08908506798190836,683.2644318320691,-564.8775657575111,1910.1847149002415,10.152395338991184
7.832000000,0.5828922245844694,0.6207052489616558,0.6017987367730626,8.181629334782354,0.08908505999969998,683.2644262687073,-564.8775642687582,1910.184717664001,10.15239532398618
7.836000000,0.5828922111188319,0.6207052352614255,0.6017987231901287,8.181629361308788,0.08908504408112436,683.264421044686,-564.8775609318407,1910.184719611474,10.152395461297111
7.840000000,0.582892197934072,0.6207052218357063,0.6017987098848891,8.181629441196481,0.08908502799578279,683.2644178291193,-564.8775561525217,1910.1847188250279,10.152395666142887
7.844000000,0.5828921850124971,0.6207052086649725,0.6017986968387348,8.181629434836246,0.08908502427490247,683.2644125407138,-564.8775513082221,1910.1847215353907,10.152395658428775
7.848000000,0.5828921723369263,0.6207051957320573,0.6017986840344918,8.181629458130049,0.08908501279767979,683.2644079046015,-564.8775449521347,1910.184724191515,10.15239577966511
7.852000000,0.5828921598839543,0.6207051830109123,0.6017986714474333,8.18162949880879,0.08908500242239327,683.2644041201648,-564.877537521869,1910.1847254387028,10.152395913108927
7.856000000,0.5828921476352775,0.6207051704842854,0.6017986590597815,8.18162952381071,0.08908501114111346,683.2644002227482,-564.8775316872677,1910.1847273265607,10.152395757310016
7.860000000,0.5828921355813605,0.6207051581428118,0.6017986468620862,8.181629524272125,0.08908503628382439,683.2643957411619,-564.8775288739921,1910.1847305627534,10.152395295907274
7.864000000,0.5828921237079356,0.6207051459725506,0.6017986348402431,8.181629583522968,0.0890850387050785,683.2643934887033,-564.8775253817171,1910.1847307346004,10.152395154764383
7.868000000,0.5828921120095742,0.6207051339700342,0.6017986229898042,8.181629614185788,0.08908502828824791,683.2643915556852,-564.877520079395,1910.1847306660188,10.152395183203529
7.872000000,0.5828921005034147,0.6207051221504116,0.6017986113269131,8.181629509651804,0.0890850287419946,683.2643853319748,-564.8775152051514,1910.1847373962319,10.152394981926676
7.876000000,0.5828920891892864,0.6207051105129437,0.6017985998511151,8.181629459453294,0.08908501536327425,683.2643789880441,-564.8775084376471,1910.1847438240634,10.152395016362764
7.880000000,0.5828920780355134,0.6207050990270915,0.6017985885313024,8.181629481625441,0.08908500754893775,683.2643736729777,-564.8775015443773,1910.1847466142053,10.152395059623753
7.884000000,0.5828920670082454,0.620705087661193,0.6017985773347192,8.181629509221482,0.08908502989251954,683.2643677902031,-564.877498521581,1910.184749239515,10.152394666652352
7.888000000,0.5828920560674504,0.6207050763784565,0.6017985662229535,8.181629585275715,0.08908504329908368,683.2643631969114,-564.877496525011,1910.1847497495435,10.152394380585957
7.892000000,0.5828920451726134,0.6207050651382531,0.6017985551554332,8.18162967946148,0.0890850229135224,683.2643599169696,-564.8774910282841,1910.1847483732404,10.15239459675319
7.896000000,0.5828920342967336,0.6207050539114789,0.6017985441041063,8.181629735274804,0.08908497198319354,683.2643564506594,-564.8774793335799,1910.1847482231155,10.152395316368674
7.900000000,0.582892023425174,0.6207050426821894,0.6017985330536817,8.181629729090558,0.08908498056402203,683.2643513869776,-564.8774713345414,1910.1847513816153,10.152395204607128
7.904000000,0.5828920125368313,0.6207050314320384,0.6017985219844348,8.181629770177913,0.08908498997169444,683.2643476753875,-564.8774642783192,1910.1847529831034,10.152395073021893
7.908000000,0.5828920016155053,0.6207050201442428,0.601798510879874,8.181629773928078,0.0890849940444241,683.2643429689671,-564.8774572134432,1910.1847558887107,10.15239497042059
7.912000000,0.5828919906473118,0.6207050088079455,0.6017984997276287,8.181629817821433,0.08908503139616972,683.2643394622004,-564.877455438487,1910.184757445912,10.15239435859223
7.916000000,0.5828919796260692,0.6207049974182866,0.6017984885221779,8.181629815385618,0.0890850325563032,683.2643348407821,-564.8774518814205,1910.1847603705448,10.152394173472846
7.920000000,0.5828919685468321,0.6207049859696667,0.6017984772582494,8.181629807039807,0.08908500819838154,683.2643295261352,-564.8774447444736,1910.1847643514072,10.152394367192905
7.924000000,0.5828919573959013,0.620704974449751,0.6017984659228262,8.181629822842986,0.08908503208675636,683.2643244718049,-564.877442365324,1910.1847672446054,10.152393900833943
7.928000000,0.5828919461490614,0.6207049628416001,0.6017984544953308,8.181629910225357,0.08908506063893218,683.2643218769591,-564.8774433823405,1910.1847661104725,10.152393355675102
7.932000000,0.5828919348012107,0.6207049511407661,0.6017984429709884,8.181629902033665,0.08908505004301118,683.2643170556199,-564.8774413116256,1910.1847682132473,10.152393284919377
7.936000000,0.5828919233498766,0.6207049393450745,0.6017984313474756,8.181629926052903,0.08908503159491724,683.2643130368363,-564.8774374129265,1910.1847697179517,10.152393387116174
7.940000000,0.5828919117851967,0.620704927447278,0.6017984196162374,8.181629949024781,0.08908504354057037,683.2643093309554,-564.877436492816,1910.1847701826368,10.152393087117483
7.944000000,0.5828919001044284,0.6207049154475754,0.6017984077760019,8.181629928035186,0.08908504358991597,683.2643040764884,-564.8774352151122,1910.1847728176444,10.152392916742107
7.948000000,0.5828918883020435,0.6207049033406662,0.6017983958213549,8.181629980978498,0.08908503135888833,683.2643010127392,-564.8774326180849,1910.1847721440222,10.152392988368344
7.952000000,0.5828918763739779,0.6207048911252571,0.6017983837496175,8.181630012692924,0.0890850368514764,683.2642981160653,-564.8774316695296,1910.184770827637,10.152392817795246
7.956000000,0.5828918643324528,0.6207048788135268,0.6017983715729898,8.181630012552032,0.08908502597841171,683.2642947110467,-564.8774291846055,1910.1847709403294,10.15239287077118
7.960000000,0.5828918521975623,0.6207048664232957,0.601798359310429,8.181629945005822,0.08908499446749589,683.2642889069785,-564.8774227975589,1910.1847744540396,10.15239322514823
7.964000000,0.5828918399720635,0.6207048539555444,0.601798346963804,8.181629975785244,0.08908498711559014,683.2642853687909,-564.8774172992262,1910.1847741440204,10.152393349574181
7.968000000,0.5828918276580595,0.6207048414115945,0.601798334534827,8.18162995799179,0.08908497916101221,683.264280332994,-564.8774110462393,1910.1847749459596,10.152393469612896
7.972000000,0.582891815261064,0.6207048287945298,0.6017983220277969,8.181629953239087,0.08908498305330562,683.2642749497179,-564.8774059553862,1910.1847763868366,10.1523934293034
7.976000000,0.5828918027753787,0.6207048160975575,0.6017983094364681,8.181629957888296,0.08908500014216728,683.2642693234462,-564.8774032291083,1910.1847774618643,10.152393167204046
7.980000000,0.5828917901858404,0.6207048033019902,0.6017982967439153,8.181630015566176,0.08908498263466606,683.2642650519509,-564.877397291355,1910.1847762385737,10.152393415334187
7.984000000,0.5828917774828142,0.6207047903942282,0.6017982839385212,8.181630034777376,0.0890849836965509,683.264259821447,-564.8773922766935,1910.1847764861325,10.152393388614252
7.988000000,0.5828917646554999,0.6207047773613255,0.6017982710084127,8.181630074055736,0.08908497895415654,683.2642551538775,-564.877386549786,1910.184776498062,10.15239344352641
7.992000000,0.5828917516935235,0.6207047641898669,0.6017982579416952,8.181630080014635,0.08908499121072312,683.2642494837709,-564.8773827510354,1910.1847780797802,10.152393217623295
7.996000000,0.5828917385825036,0.6207047508647037,0.6017982447236037,8.181630103455921,0.08908503134261957,683.2642439396304,-564.8773839780347,1910.1847798394967,10.152392521786162
