
>>>>>> DUST beginning >>>>>>


Reading input parameters from file "dust.in"


====== Input parameters: ======

Reading input parameters from file "dust.in"

Using PreCICE
Authorization required, but no authorization protocol specified

Authorization required, but no authorization protocol specified

Authorization required, but no authorization protocol specified

Authorization required, but no authorization protocol specified


====== Geometry Creation ======

Reading input parameters from file "References.in"
Reading geometry from file "geo_input.h5"
Created geometry in:     0.043 s.

====== Initializing Octree ======
Initialized octree in:     1.443 s.

====== Initializing Wake ======

====== Initializing Linear System ======
Initialized linear system in:     0.146 s.

------ Completed all preliminary operations in:     3.890 s.
  is coupling ongoing:            1
  dt_precice         :    4.0000000000000001E-003

////////// Performing Computations //////////

--> Step     1 of  2001 simulation time:    0.0000
Elapsed wall time:     3.902
Assembled linear system in:     0.089 s.
Solved linear system in:     0.163 s.
Updated wake in:     0.011 s.
Updated geometry in:     0.002 s.

--> Step     2 of  2001 simulation time:    0.0040
Elapsed wall time:     4.488
Assembled linear system in:     0.096 s.
Solved linear system in:     0.167 s.
Updated wake in:     0.019 s.
Updated geometry in:     0.002 s.

--> Step     3 of  2001 simulation time:    0.0080
Elapsed wall time:     5.007
Assembled linear system in:     0.096 s.
Solved linear system in:     0.163 s.
Updated wake in:     0.025 s.
Updated geometry in:     0.002 s.

--> Step     4 of  2001 simulation time:    0.0120
Elapsed wall time:     5.523
Assembled linear system in:     0.096 s.
Solved linear system in:     0.159 s.
Updated wake in:     0.035 s.
Updated geometry in:     0.002 s.

--> Step     5 of  2001 simulation time:    0.0160
Elapsed wall time:     6.071
Assembled linear system in:     0.101 s.
Solved linear system in:     0.158 s.
Updated wake in:     0.044 s.
Updated geometry in:     0.002 s.

--> Step     6 of  2001 simulation time:    0.0200
Elapsed wall time:     6.604
Assembled linear system in:     0.104 s.
Solved linear system in:     0.162 s.
Updated wake in:     0.046 s.
Updated geometry in:     0.002 s.

--> Step     7 of  2001 simulation time:    0.0240
Elapsed wall time:     7.136
Assembled linear system in:     0.101 s.
Solved linear system in:     0.158 s.
Updated wake in:     0.048 s.
Updated geometry in:     0.002 s.

--> Step     8 of  2001 simulation time:    0.0280
Elapsed wall time:     7.673
Assembled linear system in:     0.102 s.
Solved linear system in:     0.161 s.
Updated wake in:     0.049 s.
Updated geometry in:     0.002 s.

--> Step     9 of  2001 simulation time:    0.0320
Elapsed wall time:     8.214
Assembled linear system in:     0.102 s.
Solved linear system in:     0.159 s.
Updated wake in:     0.051 s.
Updated geometry in:     0.002 s.

--> Step    10 of  2001 simulation time:    0.0360
Elapsed wall time:     8.762
Assembled linear system in:     0.124 s.
Solved linear system in:     0.168 s.
Updated wake in:     0.055 s.
Updated geometry in:     0.002 s.

--> Step    11 of  2001 simulation time:    0.0400
Elapsed wall time:     9.345
Assembled linear system in:     0.138 s.
Solved linear system in:     0.159 s.
Updated wake in:     0.055 s.
Updated geometry in:     0.002 s.

--> Step    12 of  2001 simulation time:    0.0440
Elapsed wall time:     9.938
Assembled linear system in:     0.103 s.
Solved linear system in:     0.159 s.
Updated wake in:     0.058 s.
Updated geometry in:     0.002 s.

--> Step    13 of  2001 simulation time:    0.0480
Elapsed wall time:    10.495
Assembled linear system in:     0.106 s.
Solved linear system in:     0.158 s.
Updated wake in:     0.058 s.
Updated geometry in:     0.002 s.

--> Step    14 of  2001 simulation time:    0.0520
Elapsed wall time:    11.054
Assembled linear system in:     0.109 s.
Solved linear system in:     0.156 s.
Updated wake in:     0.063 s.
Updated geometry in:     0.002 s.

--> Step    15 of  2001 simulation time:    0.0560
Elapsed wall time:    11.618
Assembled linear system in:     0.108 s.
Solved linear system in:     0.162 s.
Updated wake in:     0.066 s.
Updated geometry in:     0.002 s.

--> Step    16 of  2001 simulation time:    0.0600
Elapsed wall time:    12.189
Assembled linear system in:     0.108 s.
Solved linear system in:     0.157 s.
Updated wake in:     0.070 s.
Updated geometry in:     0.002 s.

--> Step    17 of  2001 simulation time:    0.0640
Elapsed wall time:    12.760
Assembled linear system in:     0.110 s.
Solved linear system in:     0.159 s.
Updated wake in:     0.073 s.
Updated geometry in:     0.002 s.

--> Step    18 of  2001 simulation time:    0.0680
Elapsed wall time:    13.342
Assembled linear system in:     0.108 s.
Solved linear system in:     0.159 s.
Updated wake in:     0.073 s.
Updated geometry in:     0.002 s.

--> Step    19 of  2001 simulation time:    0.0720
Elapsed wall time:    13.972
Assembled linear system in:     0.113 s.
Solved linear system in:     0.158 s.
Updated wake in:     0.076 s.
Updated geometry in:     0.002 s.

--> Step    20 of  2001 simulation time:    0.0760
Elapsed wall time:    14.554
Assembled linear system in:     0.112 s.
Solved linear system in:     0.158 s.
Updated wake in:     0.079 s.
Updated geometry in:     0.002 s.

--> Step    21 of  2001 simulation time:    0.0800
Elapsed wall time:    15.156
Assembled linear system in:     0.116 s.
Solved linear system in:     0.157 s.
Updated wake in:     0.078 s.
Updated geometry in:     0.002 s.

--> Step    22 of  2001 simulation time:    0.0840
Elapsed wall time:    15.782
Assembled linear system in:     0.113 s.
Solved linear system in:     0.162 s.
Updated wake in:     0.085 s.
Updated geometry in:     0.002 s.

--> Step    23 of  2001 simulation time:    0.0880
Elapsed wall time:    16.380
Assembled linear system in:     0.114 s.
Solved linear system in:     0.159 s.
Updated wake in:     0.085 s.
Updated geometry in:     0.002 s.

--> Step    24 of  2001 simulation time:    0.0920
Elapsed wall time:    17.006
Assembled linear system in:     0.115 s.
Solved linear system in:     0.162 s.
Updated wake in:     0.087 s.
Updated geometry in:     0.002 s.

--> Step    25 of  2001 simulation time:    0.0960
Elapsed wall time:    17.609
Assembled linear system in:     0.113 s.
Solved linear system in:     0.160 s.
Updated wake in:     0.092 s.
Updated geometry in:     0.002 s.

--> Step    26 of  2001 simulation time:    0.1000
Elapsed wall time:    18.212
Assembled linear system in:     0.117 s.
Solved linear system in:     0.160 s.
Updated wake in:     0.093 s.
Updated geometry in:     0.002 s.

--> Step    27 of  2001 simulation time:    0.1040
Elapsed wall time:    18.824
Assembled linear system in:     0.115 s.
Solved linear system in:     0.158 s.
Updated wake in:     0.097 s.
Updated geometry in:     0.002 s.

--> Step    28 of  2001 simulation time:    0.1080
Elapsed wall time:    19.436
Assembled linear system in:     0.118 s.
Solved linear system in:     0.158 s.
Updated wake in:     0.101 s.
Updated geometry in:     0.002 s.

--> Step    29 of  2001 simulation time:    0.1120
Elapsed wall time:    20.052
Assembled linear system in:     0.118 s.
Solved linear system in:     0.158 s.
Updated wake in:     0.100 s.
Updated geometry in:     0.002 s.

--> Step    30 of  2001 simulation time:    0.1160
Elapsed wall time:    20.669
Assembled linear system in:     0.153 s.
Solved linear system in:     0.158 s.
Updated wake in:     0.103 s.
Updated geometry in:     0.002 s.

--> Step    31 of  2001 simulation time:    0.1200
Elapsed wall time:    21.322
Assembled linear system in:     0.121 s.
Solved linear system in:     0.158 s.
Updated wake in:     0.108 s.
Updated geometry in:     0.002 s.

--> Step    32 of  2001 simulation time:    0.1240
Elapsed wall time:    21.960
Assembled linear system in:     0.122 s.
Solved linear system in:     0.157 s.
Updated wake in:     0.111 s.
Updated geometry in:     0.002 s.

--> Step    33 of  2001 simulation time:    0.1280
Elapsed wall time:    22.600
Assembled linear system in:     0.123 s.
Solved linear system in:     0.158 s.
Updated wake in:     0.112 s.
Updated geometry in:     0.002 s.

--> Step    34 of  2001 simulation time:    0.1320
Elapsed wall time:    23.236
Assembled linear system in:     0.121 s.
Solved linear system in:     0.161 s.
Updated wake in:     0.117 s.
Updated geometry in:     0.002 s.

--> Step    35 of  2001 simulation time:    0.1360
Elapsed wall time:    23.881
Assembled linear system in:     0.124 s.
Solved linear system in:     0.159 s.
Updated wake in:     0.115 s.
Updated geometry in:     0.002 s.

--> Step    36 of  2001 simulation time:    0.1400
Elapsed wall time:    24.576
Assembled linear system in:     0.124 s.
Solved linear system in:     0.158 s.
Updated wake in:     0.119 s.
Updated geometry in:     0.002 s.

--> Step    37 of  2001 simulation time:    0.1440
Elapsed wall time:    25.220
Assembled linear system in:     0.126 s.
Solved linear system in:     0.163 s.
Updated wake in:     0.123 s.
Updated geometry in:     0.002 s.

--> Step    38 of  2001 simulation time:    0.1480
Elapsed wall time:    25.954
Assembled linear system in:     0.127 s.
Solved linear system in:     0.158 s.
Updated wake in:     0.126 s.
Updated geometry in:     0.002 s.

--> Step    39 of  2001 simulation time:    0.1520
Elapsed wall time:    26.626
Assembled linear system in:     0.127 s.
Solved linear system in:     0.159 s.
Updated wake in:     0.128 s.
Updated geometry in:     0.002 s.

--> Step    40 of  2001 simulation time:    0.1560
Elapsed wall time:    27.292
Assembled linear system in:     0.126 s.
Solved linear system in:     0.168 s.
Updated wake in:     0.133 s.
Updated geometry in:     0.002 s.

--> Step    41 of  2001 simulation time:    0.1600
Elapsed wall time:    28.000
Assembled linear system in:     0.130 s.
Solved linear system in:     0.158 s.
Updated wake in:     0.134 s.
Updated geometry in:     0.002 s.

--> Step    42 of  2001 simulation time:    0.1640
Elapsed wall time:    28.674
Assembled linear system in:     0.131 s.
Solved linear system in:     0.157 s.
Updated wake in:     0.136 s.
Updated geometry in:     0.002 s.

--> Step    43 of  2001 simulation time:    0.1680
Elapsed wall time:    29.344
Assembled linear system in:     0.129 s.
Solved linear system in:     0.159 s.
Updated wake in:     0.134 s.
Updated geometry in:     0.002 s.

--> Step    44 of  2001 simulation time:    0.1720
Elapsed wall time:    30.016
Assembled linear system in:     0.131 s.
Solved linear system in:     0.158 s.
Updated wake in:     0.137 s.
Updated geometry in:     0.002 s.

--> Step    45 of  2001 simulation time:    0.1760
Elapsed wall time:    30.686
Assembled linear system in:     0.133 s.
Solved linear system in:     0.158 s.
Updated wake in:     0.143 s.
Updated geometry in:     0.002 s.

--> Step    46 of  2001 simulation time:    0.1800
Elapsed wall time:    31.367
Assembled linear system in:     0.134 s.
Solved linear system in:     0.158 s.
Updated wake in:     0.145 s.
Updated geometry in:     0.002 s.

--> Step    47 of  2001 simulation time:    0.1840
Elapsed wall time:    32.050
Assembled linear system in:     0.132 s.
Solved linear system in:     0.158 s.
Updated wake in:     0.154 s.
Updated geometry in:     0.002 s.

--> Step    48 of  2001 simulation time:    0.1880
Elapsed wall time:    32.738
Assembled linear system in:     0.167 s.
Solved linear system in:     0.162 s.
Updated wake in:     0.156 s.
Updated geometry in:     0.002 s.

--> Step    49 of  2001 simulation time:    0.1920
Elapsed wall time:    33.471
Assembled linear system in:     0.135 s.
Solved linear system in:     0.160 s.
Updated wake in:     0.158 s.
Updated geometry in:     0.002 s.

--> Step    50 of  2001 simulation time:    0.1960
Elapsed wall time:    34.174
Assembled linear system in:     0.137 s.
Solved linear system in:     0.159 s.
Updated wake in:     0.156 s.
Updated geometry in:     0.002 s.

--> Step    51 of  2001 simulation time:    0.2000
Elapsed wall time:    34.878
Assembled linear system in:     0.134 s.
Solved linear system in:     0.159 s.
Updated wake in:     0.154 s.
Updated geometry in:     0.002 s.

--> Step    52 of  2001 simulation time:    0.2040
Elapsed wall time:    35.584
Assembled linear system in:     0.140 s.
Solved linear system in:     0.164 s.
Updated wake in:     0.159 s.
Updated geometry in:     0.002 s.

--> Step    53 of  2001 simulation time:    0.2080
Elapsed wall time:    36.298
Assembled linear system in:     0.137 s.
Solved linear system in:     0.158 s.
Updated wake in:     0.163 s.
Updated geometry in:     0.002 s.

--> Step    54 of  2001 simulation time:    0.2120
Elapsed wall time:    37.005
Assembled linear system in:     0.141 s.
Solved linear system in:     0.159 s.
Updated wake in:     0.162 s.
Updated geometry in:     0.002 s.

--> Step    55 of  2001 simulation time:    0.2160
Elapsed wall time:    37.714
Assembled linear system in:     0.142 s.
Solved linear system in:     0.166 s.
Updated wake in:     0.168 s.
Updated geometry in:     0.002 s.

--> Step    56 of  2001 simulation time:    0.2200
Elapsed wall time:    38.441
Assembled linear system in:     0.141 s.
Solved linear system in:     0.159 s.
Updated wake in:     0.171 s.
Updated geometry in:     0.002 s.

--> Step    57 of  2001 simulation time:    0.2240
Elapsed wall time:    39.159
Assembled linear system in:     0.144 s.
Solved linear system in:     0.159 s.
Updated wake in:     0.174 s.
Updated geometry in:     0.002 s.

--> Step    58 of  2001 simulation time:    0.2280
Elapsed wall time:    39.885
Assembled linear system in:     0.144 s.
Solved linear system in:     0.160 s.
Updated wake in:     0.177 s.
Updated geometry in:     0.002 s.

--> Step    59 of  2001 simulation time:    0.2320
Elapsed wall time:    40.619
Assembled linear system in:     0.144 s.
Solved linear system in:     0.157 s.
Updated wake in:     0.181 s.
Updated geometry in:     0.002 s.

--> Step    60 of  2001 simulation time:    0.2360
Elapsed wall time:    41.352
Assembled linear system in:     0.147 s.
Solved linear system in:     0.158 s.
Updated wake in:     0.186 s.
Updated geometry in:     0.002 s.

--> Step    61 of  2001 simulation time:    0.2400
Elapsed wall time:    42.096
Assembled linear system in:     0.144 s.
Solved linear system in:     0.157 s.
Updated wake in:     0.187 s.
Updated geometry in:     0.002 s.

--> Step    62 of  2001 simulation time:    0.2440
Elapsed wall time:    42.844
Assembled linear system in:     0.147 s.
Solved linear system in:     0.160 s.
Updated wake in:     0.192 s.
Updated geometry in:     0.002 s.

--> Step    63 of  2001 simulation time:    0.2480
Elapsed wall time:    43.595
Assembled linear system in:     0.145 s.
Solved linear system in:     0.160 s.
Updated wake in:     0.194 s.
Updated geometry in:     0.002 s.

--> Step    64 of  2001 simulation time:    0.2520
Elapsed wall time:    44.348
Assembled linear system in:     0.147 s.
Solved linear system in:     0.159 s.
Updated wake in:     0.195 s.
Updated geometry in:     0.002 s.

--> Step    65 of  2001 simulation time:    0.2560
Elapsed wall time:    45.103
Assembled linear system in:     0.152 s.
Solved linear system in:     0.156 s.
Updated wake in:     0.197 s.
Updated geometry in:     0.002 s.

--> Step    66 of  2001 simulation time:    0.2600
Elapsed wall time:    45.862
Assembled linear system in:     0.150 s.
Solved linear system in:     0.160 s.
Updated wake in:     0.200 s.
Updated geometry in:     0.002 s.

--> Step    67 of  2001 simulation time:    0.2640
Elapsed wall time:    46.628
Assembled linear system in:     0.151 s.
Solved linear system in:     0.157 s.
Updated wake in:     0.202 s.
Updated geometry in:     0.002 s.

--> Step    68 of  2001 simulation time:    0.2680
Elapsed wall time:    47.395
Assembled linear system in:     0.152 s.
Solved linear system in:     0.156 s.
Updated wake in:     0.204 s.
Updated geometry in:     0.002 s.

--> Step    69 of  2001 simulation time:    0.2720
Elapsed wall time:    48.163
Assembled linear system in:     0.153 s.
Solved linear system in:     0.157 s.
Updated wake in:     0.206 s.
Updated geometry in:     0.002 s.

--> Step    70 of  2001 simulation time:    0.2760
Elapsed wall time:    48.933
Assembled linear system in:     0.155 s.
Solved linear system in:     0.154 s.
Updated wake in:     0.207 s.
Updated geometry in:     0.002 s.

--> Step    71 of  2001 simulation time:    0.2800
Elapsed wall time:    49.704
Assembled linear system in:     0.153 s.
Solved linear system in:     0.156 s.
Updated wake in:     0.209 s.
Updated geometry in:     0.002 s.

--> Step    72 of  2001 simulation time:    0.2840
Elapsed wall time:    50.483
Assembled linear system in:     0.155 s.
Solved linear system in:     0.155 s.
Updated wake in:     0.214 s.
Updated geometry in:     0.002 s.

--> Step    73 of  2001 simulation time:    0.2880
Elapsed wall time:    51.262
Assembled linear system in:     0.153 s.
Solved linear system in:     0.157 s.
Updated wake in:     0.215 s.
Updated geometry in:     0.002 s.

--> Step    74 of  2001 simulation time:    0.2920
Elapsed wall time:    52.041
Assembled linear system in:     0.155 s.
Solved linear system in:     0.156 s.
Updated wake in:     0.216 s.
Updated geometry in:     0.002 s.

--> Step    75 of  2001 simulation time:    0.2960
Elapsed wall time:    52.823
Assembled linear system in:     0.155 s.
Solved linear system in:     0.155 s.
Updated wake in:     0.221 s.
Updated geometry in:     0.002 s.

--> Step    76 of  2001 simulation time:    0.3000
Elapsed wall time:    53.606
Assembled linear system in:     0.156 s.
Solved linear system in:     0.156 s.
Updated wake in:     0.224 s.
Updated geometry in:     0.002 s.

--> Step    77 of  2001 simulation time:    0.3040
Elapsed wall time:    54.399
Assembled linear system in:     0.162 s.
Solved linear system in:     0.157 s.
Updated wake in:     0.225 s.
Updated geometry in:     0.003 s.

--> Step    78 of  2001 simulation time:    0.3080
Elapsed wall time:    55.200
Assembled linear system in:     0.159 s.
Solved linear system in:     0.158 s.
Updated wake in:     0.229 s.
Updated geometry in:     0.002 s.

--> Step    79 of  2001 simulation time:    0.3120
Elapsed wall time:    56.000
Assembled linear system in:     0.159 s.
Solved linear system in:     0.157 s.
Updated wake in:     0.232 s.
Updated geometry in:     0.002 s.

--> Step    80 of  2001 simulation time:    0.3160
Elapsed wall time:    56.802
Assembled linear system in:     0.160 s.
Solved linear system in:     0.158 s.
Updated wake in:     0.235 s.
Updated geometry in:     0.002 s.

--> Step    81 of  2001 simulation time:    0.3200
Elapsed wall time:    57.608
Assembled linear system in:     0.162 s.
Solved linear system in:     0.158 s.
Updated wake in:     0.234 s.
Updated geometry in:     0.002 s.

--> Step    82 of  2001 simulation time:    0.3240
Elapsed wall time:    58.423
Assembled linear system in:     0.163 s.
Solved linear system in:     0.161 s.
Updated wake in:     0.239 s.
Updated geometry in:     0.002 s.

--> Step    83 of  2001 simulation time:    0.3280
Elapsed wall time:    59.242
Assembled linear system in:     0.164 s.
Solved linear system in:     0.158 s.
Updated wake in:     0.241 s.
Updated geometry in:     0.002 s.

--> Step    84 of  2001 simulation time:    0.3320
Elapsed wall time:    60.061
Assembled linear system in:     0.163 s.
Solved linear system in:     0.158 s.
Updated wake in:     0.240 s.
Updated geometry in:     0.002 s.

--> Step    85 of  2001 simulation time:    0.3360
Elapsed wall time:    60.876
Assembled linear system in:     0.167 s.
Solved linear system in:     0.157 s.
Updated wake in:     0.245 s.
Updated geometry in:     0.002 s.

--> Step    86 of  2001 simulation time:    0.3400
Elapsed wall time:    61.703
Assembled linear system in:     0.167 s.
Solved linear system in:     0.157 s.
Updated wake in:     0.250 s.
Updated geometry in:     0.002 s.

--> Step    87 of  2001 simulation time:    0.3440
Elapsed wall time:    62.533
Assembled linear system in:     0.168 s.
Solved linear system in:     0.163 s.
Updated wake in:     0.251 s.
Updated geometry in:     0.002 s.

--> Step    88 of  2001 simulation time:    0.3480
Elapsed wall time:    63.366
Assembled linear system in:     0.167 s.
Solved linear system in:     0.156 s.
Updated wake in:     0.255 s.
Updated geometry in:     0.002 s.

--> Step    89 of  2001 simulation time:    0.3520
Elapsed wall time:    64.199
Assembled linear system in:     0.169 s.
Solved linear system in:     0.157 s.
Updated wake in:     0.257 s.
Updated geometry in:     0.002 s.

--> Step    90 of  2001 simulation time:    0.3560
Elapsed wall time:    65.041
Assembled linear system in:     0.175 s.
Solved linear system in:     0.161 s.
Updated wake in:     0.261 s.
Updated geometry in:     0.002 s.

--> Step    91 of  2001 simulation time:    0.3600
Elapsed wall time:    65.889
Assembled linear system in:     0.168 s.
Solved linear system in:     0.158 s.
Updated wake in:     0.264 s.
Updated geometry in:     0.002 s.

--> Step    92 of  2001 simulation time:    0.3640
Elapsed wall time:    66.743
Assembled linear system in:     0.174 s.
Solved linear system in:     0.161 s.
Updated wake in:     0.268 s.
Updated geometry in:     0.002 s.

--> Step    93 of  2001 simulation time:    0.3680
Elapsed wall time:    67.609
Assembled linear system in:     0.173 s.
Solved linear system in:     0.158 s.
Updated wake in:     0.273 s.
Updated geometry in:     0.002 s.

--> Step    94 of  2001 simulation time:    0.3720
Elapsed wall time:    68.469
Assembled linear system in:     0.173 s.
Solved linear system in:     0.158 s.
Updated wake in:     0.274 s.
Updated geometry in:     0.002 s.

--> Step    95 of  2001 simulation time:    0.3760
Elapsed wall time:    69.331
Assembled linear system in:     0.175 s.
Solved linear system in:     0.157 s.
Updated wake in:     0.277 s.
Updated geometry in:     0.002 s.

--> Step    96 of  2001 simulation time:    0.3800
Elapsed wall time:    70.198
Assembled linear system in:     0.174 s.
Solved linear system in:     0.158 s.
Updated wake in:     0.278 s.
Updated geometry in:     0.002 s.

--> Step    97 of  2001 simulation time:    0.3840
Elapsed wall time:    71.069
Assembled linear system in:     0.176 s.
Solved linear system in:     0.157 s.
Updated wake in:     0.285 s.
Updated geometry in:     0.002 s.

--> Step    98 of  2001 simulation time:    0.3880
Elapsed wall time:    71.947
Assembled linear system in:     0.178 s.
Solved linear system in:     0.156 s.
Updated wake in:     0.283 s.
Updated geometry in:     0.002 s.

--> Step    99 of  2001 simulation time:    0.3920
Elapsed wall time:    72.828
Assembled linear system in:     0.175 s.
Solved linear system in:     0.162 s.
Updated wake in:     0.287 s.
Updated geometry in:     0.002 s.

--> Step   100 of  2001 simulation time:    0.3960
Elapsed wall time:    73.714
Assembled linear system in:     0.176 s.
Solved linear system in:     0.156 s.
Updated wake in:     0.288 s.
Updated geometry in:     0.002 s.

--> Step   101 of  2001 simulation time:    0.4000
Elapsed wall time:    74.595
Assembled linear system in:     0.177 s.
Solved linear system in:     0.156 s.
Updated wake in:     0.287 s.
Updated geometry in:     0.002 s.

--> Step   102 of  2001 simulation time:    0.4040
Elapsed wall time:    75.483
Assembled linear system in:     0.179 s.
Solved linear system in:     0.158 s.
Updated wake in:     0.294 s.
Updated geometry in:     0.002 s.

--> Step   103 of  2001 simulation time:    0.4080
Elapsed wall time:    76.375
Assembled linear system in:     0.180 s.
Solved linear system in:     0.156 s.
Updated wake in:     0.298 s.
Updated geometry in:     0.002 s.

--> Step   104 of  2001 simulation time:    0.4120
Elapsed wall time:    77.270
Assembled linear system in:     0.180 s.
Solved linear system in:     0.157 s.
Updated wake in:     0.302 s.
Updated geometry in:     0.002 s.

--> Step   105 of  2001 simulation time:    0.4160
Elapsed wall time:    78.167
Assembled linear system in:     0.180 s.
Solved linear system in:     0.156 s.
Updated wake in:     0.301 s.
Updated geometry in:     0.002 s.

--> Step   106 of  2001 simulation time:    0.4200
Elapsed wall time:    79.065
Assembled linear system in:     0.183 s.
Solved linear system in:     0.162 s.
Updated wake in:     0.309 s.
Updated geometry in:     0.002 s.

--> Step   107 of  2001 simulation time:    0.4240
Elapsed wall time:    79.978
Assembled linear system in:     0.182 s.
Solved linear system in:     0.157 s.
Updated wake in:     0.305 s.
Updated geometry in:     0.002 s.

--> Step   108 of  2001 simulation time:    0.4280
Elapsed wall time:    80.886
Assembled linear system in:     0.184 s.
Solved linear system in:     0.157 s.
Updated wake in:     0.309 s.
Updated geometry in:     0.003 s.

--> Step   109 of  2001 simulation time:    0.4320
Elapsed wall time:    81.802
Assembled linear system in:     0.188 s.
Solved linear system in:     0.158 s.
Updated wake in:     0.310 s.
Updated geometry in:     0.002 s.

--> Step   110 of  2001 simulation time:    0.4360
Elapsed wall time:    82.724
Assembled linear system in:     0.185 s.
Solved linear system in:     0.159 s.
Updated wake in:     0.315 s.
Updated geometry in:     0.002 s.

--> Step   111 of  2001 simulation time:    0.4400
Elapsed wall time:    83.646
Assembled linear system in:     0.185 s.
Solved linear system in:     0.157 s.
Updated wake in:     0.316 s.
Updated geometry in:     0.002 s.

--> Step   112 of  2001 simulation time:    0.4440
Elapsed wall time:    84.577
Assembled linear system in:     0.189 s.
Solved linear system in:     0.156 s.
Updated wake in:     0.317 s.
Updated geometry in:     0.002 s.

--> Step   113 of  2001 simulation time:    0.4480
Elapsed wall time:    85.499
Assembled linear system in:     0.190 s.
Solved linear system in:     0.155 s.
Updated wake in:     0.322 s.
Updated geometry in:     0.002 s.

--> Step   114 of  2001 simulation time:    0.4520
Elapsed wall time:    86.426
Assembled linear system in:     0.187 s.
Solved linear system in:     0.156 s.
Updated wake in:     0.322 s.
Updated geometry in:     0.002 s.

--> Step   115 of  2001 simulation time:    0.4560
Elapsed wall time:    87.353
Assembled linear system in:     0.190 s.
Solved linear system in:     0.158 s.
Updated wake in:     0.326 s.
Updated geometry in:     0.002 s.

--> Step   116 of  2001 simulation time:    0.4600
Elapsed wall time:    88.290
Assembled linear system in:     0.190 s.
Solved linear system in:     0.156 s.
Updated wake in:     0.331 s.
Updated geometry in:     0.002 s.

--> Step   117 of  2001 simulation time:    0.4640
Elapsed wall time:    89.228
Assembled linear system in:     0.191 s.
Solved linear system in:     0.154 s.
Updated wake in:     0.330 s.
Updated geometry in:     0.002 s.

--> Step   118 of  2001 simulation time:    0.4680
Elapsed wall time:    90.168
Assembled linear system in:     0.193 s.
Solved linear system in:     0.156 s.
Updated wake in:     0.334 s.
Updated geometry in:     0.002 s.

--> Step   119 of  2001 simulation time:    0.4720
Elapsed wall time:    91.116
Assembled linear system in:     0.192 s.
Solved linear system in:     0.156 s.
Updated wake in:     0.337 s.
Updated geometry in:     0.002 s.

--> Step   120 of  2001 simulation time:    0.4760
Elapsed wall time:    92.065
Assembled linear system in:     0.194 s.
Solved linear system in:     0.155 s.
Updated wake in:     0.341 s.
Updated geometry in:     0.002 s.

--> Step   121 of  2001 simulation time:    0.4800
Elapsed wall time:    93.018
Assembled linear system in:     0.196 s.
Solved linear system in:     0.156 s.
Updated wake in:     0.343 s.
Updated geometry in:     0.002 s.

--> Step   122 of  2001 simulation time:    0.4840
Elapsed wall time:    93.981
Assembled linear system in:     0.198 s.
Solved linear system in:     0.156 s.
Updated wake in:     0.343 s.
Updated geometry in:     0.002 s.

--> Step   123 of  2001 simulation time:    0.4880
Elapsed wall time:    94.944
Assembled linear system in:     0.198 s.
Solved linear system in:     0.157 s.
Updated wake in:     0.348 s.
Updated geometry in:     0.002 s.

--> Step   124 of  2001 simulation time:    0.4920
Elapsed wall time:    95.911
Assembled linear system in:     0.197 s.
Solved linear system in:     0.158 s.
Updated wake in:     0.354 s.
Updated geometry in:     0.002 s.

--> Step   125 of  2001 simulation time:    0.4960
Elapsed wall time:    96.883
Assembled linear system in:     0.196 s.
Solved linear system in:     0.158 s.
Updated wake in:     0.352 s.
Updated geometry in:     0.002 s.

--> Step   126 of  2001 simulation time:    0.5000
Elapsed wall time:    97.854
Assembled linear system in:     0.200 s.
Solved linear system in:     0.157 s.
Updated wake in:     0.353 s.
Updated geometry in:     0.002 s.

--> Step   127 of  2001 simulation time:    0.5040
Elapsed wall time:    98.827
Assembled linear system in:     0.200 s.
Solved linear system in:     0.158 s.
Updated wake in:     0.358 s.
Updated geometry in:     0.002 s.

--> Step   128 of  2001 simulation time:    0.5080
Elapsed wall time:    99.805
Assembled linear system in:     0.200 s.
Solved linear system in:     0.159 s.
Updated wake in:     0.359 s.
Updated geometry in:     0.002 s.

--> Step   129 of  2001 simulation time:    0.5120
Elapsed wall time:   100.786
Assembled linear system in:     0.199 s.
Solved linear system in:     0.158 s.
Updated wake in:     0.363 s.
Updated geometry in:     0.002 s.

--> Step   130 of  2001 simulation time:    0.5160
Elapsed wall time:   101.770
Assembled linear system in:     0.201 s.
Solved linear system in:     0.157 s.
Updated wake in:     0.366 s.
Updated geometry in:     0.002 s.

--> Step   131 of  2001 simulation time:    0.5200
Elapsed wall time:   102.736
Assembled linear system in:     0.205 s.
Solved linear system in:     0.159 s.
Updated wake in:     0.369 s.
Updated geometry in:     0.002 s.

--> Step   132 of  2001 simulation time:    0.5240
Elapsed wall time:   103.712
Assembled linear system in:     0.204 s.
Solved linear system in:     0.158 s.
Updated wake in:     0.369 s.
Updated geometry in:     0.002 s.

--> Step   133 of  2001 simulation time:    0.5280
Elapsed wall time:   104.684
Assembled linear system in:     0.204 s.
Solved linear system in:     0.157 s.
Updated wake in:     0.371 s.
Updated geometry in:     0.002 s.

--> Step   134 of  2001 simulation time:    0.5320
Elapsed wall time:   105.657
Assembled linear system in:     0.204 s.
Solved linear system in:     0.156 s.
Updated wake in:     0.376 s.
Updated geometry in:     0.003 s.

--> Step   135 of  2001 simulation time:    0.5360
Elapsed wall time:   106.634
Assembled linear system in:     0.207 s.
Solved linear system in:     0.158 s.
Updated wake in:     0.379 s.
Updated geometry in:     0.002 s.

--> Step   136 of  2001 simulation time:    0.5400
Elapsed wall time:   107.623
Assembled linear system in:     0.211 s.
Solved linear system in:     0.157 s.
Updated wake in:     0.382 s.
Updated geometry in:     0.002 s.

--> Step   137 of  2001 simulation time:    0.5440
Elapsed wall time:   108.613
Assembled linear system in:     0.208 s.
Solved linear system in:     0.157 s.
Updated wake in:     0.383 s.
Updated geometry in:     0.002 s.

--> Step   138 of  2001 simulation time:    0.5480
Elapsed wall time:   109.603
Assembled linear system in:     0.210 s.
Solved linear system in:     0.156 s.
Updated wake in:     0.385 s.
Updated geometry in:     0.003 s.

--> Step   139 of  2001 simulation time:    0.5520
Elapsed wall time:   110.596
Assembled linear system in:     0.210 s.
Solved linear system in:     0.154 s.
Updated wake in:     0.389 s.
Updated geometry in:     0.002 s.

--> Step   140 of  2001 simulation time:    0.5560
Elapsed wall time:   111.592
Assembled linear system in:     0.210 s.
Solved linear system in:     0.155 s.
Updated wake in:     0.389 s.
Updated geometry in:     0.002 s.

--> Step   141 of  2001 simulation time:    0.5600
Elapsed wall time:   112.589
Assembled linear system in:     0.210 s.
Solved linear system in:     0.155 s.
Updated wake in:     0.394 s.
Updated geometry in:     0.002 s.

--> Step   142 of  2001 simulation time:    0.5640
Elapsed wall time:   113.593
Assembled linear system in:     0.210 s.
Solved linear system in:     0.157 s.
Updated wake in:     0.394 s.
Updated geometry in:     0.002 s.

--> Step   143 of  2001 simulation time:    0.5680
Elapsed wall time:   114.595
Assembled linear system in:     0.212 s.
Solved linear system in:     0.157 s.
Updated wake in:     0.402 s.
Updated geometry in:     0.002 s.

--> Step   144 of  2001 simulation time:    0.5720
Elapsed wall time:   115.609
Assembled linear system in:     0.214 s.
Solved linear system in:     0.156 s.
Updated wake in:     0.400 s.
Updated geometry in:     0.002 s.

--> Step   145 of  2001 simulation time:    0.5760
Elapsed wall time:   116.622
Assembled linear system in:     0.215 s.
Solved linear system in:     0.157 s.
Updated wake in:     0.404 s.
Updated geometry in:     0.002 s.

--> Step   146 of  2001 simulation time:    0.5800
Elapsed wall time:   117.667
Assembled linear system in:     0.216 s.
Solved linear system in:     0.158 s.
Updated wake in:     0.408 s.
Updated geometry in:     0.002 s.

--> Step   147 of  2001 simulation time:    0.5840
Elapsed wall time:   118.715
Assembled linear system in:     0.218 s.
Solved linear system in:     0.157 s.
Updated wake in:     0.408 s.
Updated geometry in:     0.002 s.

--> Step   148 of  2001 simulation time:    0.5880
Elapsed wall time:   119.760
Assembled linear system in:     0.220 s.
Solved linear system in:     0.157 s.
Updated wake in:     0.410 s.
Updated geometry in:     0.002 s.

--> Step   149 of  2001 simulation time:    0.5920
Elapsed wall time:   120.806
Assembled linear system in:     0.217 s.
Solved linear system in:     0.158 s.
Updated wake in:     0.416 s.
Updated geometry in:     0.002 s.

--> Step   150 of  2001 simulation time:    0.5960
Elapsed wall time:   121.857
Assembled linear system in:     0.220 s.
Solved linear system in:     0.157 s.
Updated wake in:     0.418 s.
Updated geometry in:     0.003 s.

--> Step   151 of  2001 simulation time:    0.6000
Elapsed wall time:   122.916
Assembled linear system in:     0.218 s.
Solved linear system in:     0.155 s.
Updated wake in:     0.418 s.
Updated geometry in:     0.002 s.

--> Step   152 of  2001 simulation time:    0.6040
Elapsed wall time:   123.975
Assembled linear system in:     0.222 s.
Solved linear system in:     0.156 s.
Updated wake in:     0.423 s.
Updated geometry in:     0.002 s.

--> Step   153 of  2001 simulation time:    0.6080
Elapsed wall time:   125.040
Assembled linear system in:     0.224 s.
Solved linear system in:     0.157 s.
Updated wake in:     0.422 s.
Updated geometry in:     0.003 s.

--> Step   154 of  2001 simulation time:    0.6120
Elapsed wall time:   126.112
Assembled linear system in:     0.223 s.
Solved linear system in:     0.156 s.
Updated wake in:     0.426 s.
Updated geometry in:     0.002 s.

--> Step   155 of  2001 simulation time:    0.6160
Elapsed wall time:   127.181
Assembled linear system in:     0.224 s.
Solved linear system in:     0.157 s.
Updated wake in:     0.433 s.
Updated geometry in:     0.002 s.

--> Step   156 of  2001 simulation time:    0.6200
Elapsed wall time:   128.265
Assembled linear system in:     0.224 s.
Solved linear system in:     0.155 s.
Updated wake in:     0.434 s.
Updated geometry in:     0.002 s.

--> Step   157 of  2001 simulation time:    0.6240
Elapsed wall time:   129.342
Assembled linear system in:     0.225 s.
Solved linear system in:     0.156 s.
Updated wake in:     0.437 s.
Updated geometry in:     0.002 s.

--> Step   158 of  2001 simulation time:    0.6280
Elapsed wall time:   130.427
Assembled linear system in:     0.226 s.
Solved linear system in:     0.157 s.
Updated wake in:     0.440 s.
Updated geometry in:     0.003 s.

--> Step   159 of  2001 simulation time:    0.6320
Elapsed wall time:   131.516
Assembled linear system in:     0.228 s.
Solved linear system in:     0.156 s.
Updated wake in:     0.441 s.
Updated geometry in:     0.003 s.

--> Step   160 of  2001 simulation time:    0.6360
Elapsed wall time:   132.611
Assembled linear system in:     0.228 s.
Solved linear system in:     0.157 s.
Updated wake in:     0.444 s.
Updated geometry in:     0.002 s.

--> Step   161 of  2001 simulation time:    0.6400
Elapsed wall time:   133.708
Assembled linear system in:     0.230 s.
Solved linear system in:     0.157 s.
Updated wake in:     0.442 s.
Updated geometry in:     0.002 s.

--> Step   162 of  2001 simulation time:    0.6440
Elapsed wall time:   134.817
Assembled linear system in:     0.228 s.
Solved linear system in:     0.157 s.
Updated wake in:     0.447 s.
Updated geometry in:     0.002 s.

--> Step   163 of  2001 simulation time:    0.6480
Elapsed wall time:   135.919
Assembled linear system in:     0.228 s.
Solved linear system in:     0.157 s.
Updated wake in:     0.447 s.
Updated geometry in:     0.003 s.

--> Step   164 of  2001 simulation time:    0.6520
Elapsed wall time:   137.018
Assembled linear system in:     0.230 s.
Solved linear system in:     0.159 s.
Updated wake in:     0.451 s.
Updated geometry in:     0.003 s.

--> Step   165 of  2001 simulation time:    0.6560
Elapsed wall time:   138.119
Assembled linear system in:     0.232 s.
Solved linear system in:     0.157 s.
Updated wake in:     0.455 s.
Updated geometry in:     0.002 s.

--> Step   166 of  2001 simulation time:    0.6600
Elapsed wall time:   139.230
Assembled linear system in:     0.232 s.
Solved linear system in:     0.162 s.
Updated wake in:     0.457 s.
Updated geometry in:     0.002 s.

--> Step   167 of  2001 simulation time:    0.6640
Elapsed wall time:   140.355
Assembled linear system in:     0.233 s.
Solved linear system in:     0.157 s.
Updated wake in:     0.463 s.
Updated geometry in:     0.003 s.

--> Step   168 of  2001 simulation time:    0.6680
Elapsed wall time:   141.499
Assembled linear system in:     0.235 s.
Solved linear system in:     0.159 s.
Updated wake in:     0.465 s.
Updated geometry in:     0.002 s.

--> Step   169 of  2001 simulation time:    0.6720
Elapsed wall time:   142.635
Assembled linear system in:     0.235 s.
Solved linear system in:     0.159 s.
Updated wake in:     0.470 s.
Updated geometry in:     0.002 s.

--> Step   170 of  2001 simulation time:    0.6760
Elapsed wall time:   143.775
Assembled linear system in:     0.237 s.
Solved linear system in:     0.156 s.
Updated wake in:     0.469 s.
Updated geometry in:     0.003 s.

--> Step   171 of  2001 simulation time:    0.6800
Elapsed wall time:   144.910
Assembled linear system in:     0.238 s.
Solved linear system in:     0.157 s.
Updated wake in:     0.471 s.
Updated geometry in:     0.002 s.

--> Step   172 of  2001 simulation time:    0.6840
Elapsed wall time:   146.058
Assembled linear system in:     0.238 s.
Solved linear system in:     0.157 s.
Updated wake in:     0.477 s.
Updated geometry in:     0.003 s.

--> Step   173 of  2001 simulation time:    0.6880
Elapsed wall time:   147.210
Assembled linear system in:     0.238 s.
Solved linear system in:     0.159 s.
Updated wake in:     0.479 s.
Updated geometry in:     0.002 s.

--> Step   174 of  2001 simulation time:    0.6920
Elapsed wall time:   148.364
Assembled linear system in:     0.241 s.
Solved linear system in:     0.158 s.
Updated wake in:     0.481 s.
Updated geometry in:     0.002 s.

--> Step   175 of  2001 simulation time:    0.6960
Elapsed wall time:   149.515
Assembled linear system in:     0.240 s.
Solved linear system in:     0.156 s.
Updated wake in:     0.480 s.
Updated geometry in:     0.002 s.

--> Step   176 of  2001 simulation time:    0.7000
Elapsed wall time:   150.664
Assembled linear system in:     0.241 s.
Solved linear system in:     0.163 s.
Updated wake in:     0.488 s.
Updated geometry in:     0.002 s.

--> Step   177 of  2001 simulation time:    0.7040
Elapsed wall time:   151.840
Assembled linear system in:     0.243 s.
Solved linear system in:     0.157 s.
Updated wake in:     0.486 s.
Updated geometry in:     0.002 s.

--> Step   178 of  2001 simulation time:    0.7080
Elapsed wall time:   153.001
Assembled linear system in:     0.243 s.
Solved linear system in:     0.159 s.
Updated wake in:     0.492 s.
Updated geometry in:     0.002 s.

--> Step   179 of  2001 simulation time:    0.7120
Elapsed wall time:   154.171
Assembled linear system in:     0.244 s.
Solved linear system in:     0.156 s.
Updated wake in:     0.491 s.
Updated geometry in:     0.002 s.

--> Step   180 of  2001 simulation time:    0.7160
Elapsed wall time:   155.337
Assembled linear system in:     0.245 s.
Solved linear system in:     0.155 s.
Updated wake in:     0.496 s.
Updated geometry in:     0.002 s.

--> Step   181 of  2001 simulation time:    0.7200
Elapsed wall time:   156.509
Assembled linear system in:     0.243 s.
Solved linear system in:     0.158 s.
Updated wake in:     0.497 s.
Updated geometry in:     0.002 s.

--> Step   182 of  2001 simulation time:    0.7240
Elapsed wall time:   157.694
Assembled linear system in:     0.245 s.
Solved linear system in:     0.161 s.
Updated wake in:     0.501 s.
Updated geometry in:     0.003 s.

--> Step   183 of  2001 simulation time:    0.7280
Elapsed wall time:   158.876
Assembled linear system in:     0.247 s.
Solved linear system in:     0.159 s.
Updated wake in:     0.503 s.
Updated geometry in:     0.002 s.

--> Step   184 of  2001 simulation time:    0.7320
Elapsed wall time:   160.064
Assembled linear system in:     0.246 s.
Solved linear system in:     0.158 s.
Updated wake in:     0.505 s.
Updated geometry in:     0.002 s.

--> Step   185 of  2001 simulation time:    0.7360
Elapsed wall time:   161.250
Assembled linear system in:     0.250 s.
Solved linear system in:     0.157 s.
Updated wake in:     0.511 s.
Updated geometry in:     0.002 s.

--> Step   186 of  2001 simulation time:    0.7400
Elapsed wall time:   162.443
Assembled linear system in:     0.249 s.
Solved linear system in:     0.157 s.
Updated wake in:     0.512 s.
Updated geometry in:     0.003 s.

--> Step   187 of  2001 simulation time:    0.7440
Elapsed wall time:   163.639
Assembled linear system in:     0.250 s.
Solved linear system in:     0.158 s.
Updated wake in:     0.514 s.
Updated geometry in:     0.002 s.

--> Step   188 of  2001 simulation time:    0.7480
Elapsed wall time:   164.809
Assembled linear system in:     0.250 s.
Solved linear system in:     0.155 s.
Updated wake in:     0.517 s.
Updated geometry in:     0.003 s.

--> Step   189 of  2001 simulation time:    0.7520
Elapsed wall time:   165.980
Assembled linear system in:     0.250 s.
Solved linear system in:     0.159 s.
Updated wake in:     0.515 s.
Updated geometry in:     0.003 s.

--> Step   190 of  2001 simulation time:    0.7560
Elapsed wall time:   167.158
Assembled linear system in:     0.253 s.
Solved linear system in:     0.158 s.
Updated wake in:     0.521 s.
Updated geometry in:     0.002 s.

--> Step   191 of  2001 simulation time:    0.7600
Elapsed wall time:   168.344
Assembled linear system in:     0.251 s.
Solved linear system in:     0.155 s.
Updated wake in:     0.523 s.
Updated geometry in:     0.002 s.

--> Step   192 of  2001 simulation time:    0.7640
Elapsed wall time:   169.527
Assembled linear system in:     0.254 s.
Solved linear system in:     0.159 s.
Updated wake in:     0.529 s.
Updated geometry in:     0.002 s.

--> Step   193 of  2001 simulation time:    0.7680
Elapsed wall time:   170.721
Assembled linear system in:     0.255 s.
Solved linear system in:     0.157 s.
Updated wake in:     0.531 s.
Updated geometry in:     0.002 s.

--> Step   194 of  2001 simulation time:    0.7720
Elapsed wall time:   171.915
Assembled linear system in:     0.255 s.
Solved linear system in:     0.157 s.
Updated wake in:     0.531 s.
Updated geometry in:     0.003 s.

--> Step   195 of  2001 simulation time:    0.7760
Elapsed wall time:   173.108
Assembled linear system in:     0.255 s.
Solved linear system in:     0.157 s.
Updated wake in:     0.537 s.
Updated geometry in:     0.002 s.

--> Step   196 of  2001 simulation time:    0.7800
Elapsed wall time:   174.308
Assembled linear system in:     0.257 s.
Solved linear system in:     0.158 s.
Updated wake in:     0.537 s.
Updated geometry in:     0.003 s.

--> Step   197 of  2001 simulation time:    0.7840
Elapsed wall time:   175.509
Assembled linear system in:     0.258 s.
Solved linear system in:     0.156 s.
Updated wake in:     0.537 s.
Updated geometry in:     0.002 s.

--> Step   198 of  2001 simulation time:    0.7880
Elapsed wall time:   176.711
Assembled linear system in:     0.260 s.
Solved linear system in:     0.158 s.
Updated wake in:     0.542 s.
Updated geometry in:     0.003 s.

--> Step   199 of  2001 simulation time:    0.7920
Elapsed wall time:   177.925
Assembled linear system in:     0.260 s.
Solved linear system in:     0.156 s.
Updated wake in:     0.544 s.
Updated geometry in:     0.002 s.

--> Step   200 of  2001 simulation time:    0.7960
Elapsed wall time:   179.137
Assembled linear system in:     0.258 s.
Solved linear system in:     0.158 s.
Updated wake in:     0.546 s.
Updated geometry in:     0.002 s.

--> Step   201 of  2001 simulation time:    0.8000
Elapsed wall time:   180.353
Assembled linear system in:     0.261 s.
Solved linear system in:     0.157 s.
Updated wake in:     0.548 s.
Updated geometry in:     0.002 s.

--> Step   202 of  2001 simulation time:    0.8040
Elapsed wall time:   181.578
Assembled linear system in:     0.262 s.
Solved linear system in:     0.157 s.
Updated wake in:     0.553 s.
Updated geometry in:     0.003 s.

--> Step   203 of  2001 simulation time:    0.8080
Elapsed wall time:   182.803
Assembled linear system in:     0.265 s.
Solved linear system in:     0.157 s.
Updated wake in:     0.553 s.
Updated geometry in:     0.002 s.

--> Step   204 of  2001 simulation time:    0.8120
Elapsed wall time:   184.031
Assembled linear system in:     0.265 s.
Solved linear system in:     0.157 s.
Updated wake in:     0.557 s.
Updated geometry in:     0.003 s.

--> Step   205 of  2001 simulation time:    0.8160
Elapsed wall time:   185.265
Assembled linear system in:     0.267 s.
Solved linear system in:     0.172 s.
Updated wake in:     0.561 s.
Updated geometry in:     0.003 s.

--> Step   206 of  2001 simulation time:    0.8200
Elapsed wall time:   186.523
Assembled linear system in:     0.266 s.
Solved linear system in:     0.158 s.
Updated wake in:     0.563 s.
Updated geometry in:     0.003 s.

--> Step   207 of  2001 simulation time:    0.8240
Elapsed wall time:   187.769
Assembled linear system in:     0.267 s.
Solved linear system in:     0.157 s.
Updated wake in:     0.562 s.
Updated geometry in:     0.002 s.

--> Step   208 of  2001 simulation time:    0.8280
Elapsed wall time:   189.011
Assembled linear system in:     0.265 s.
Solved linear system in:     0.158 s.
Updated wake in:     0.566 s.
Updated geometry in:     0.002 s.

--> Step   209 of  2001 simulation time:    0.8320
Elapsed wall time:   190.255
Assembled linear system in:     0.268 s.
Solved linear system in:     0.158 s.
Updated wake in:     0.567 s.
Updated geometry in:     0.002 s.

--> Step   210 of  2001 simulation time:    0.8360
Elapsed wall time:   191.513
Assembled linear system in:     0.269 s.
Solved linear system in:     0.158 s.
Updated wake in:     0.570 s.
Updated geometry in:     0.003 s.

--> Step   211 of  2001 simulation time:    0.8400
Elapsed wall time:   192.768
Assembled linear system in:     0.271 s.
Solved linear system in:     0.158 s.
Updated wake in:     0.575 s.
Updated geometry in:     0.002 s.

--> Step   212 of  2001 simulation time:    0.8440
Elapsed wall time:   194.036
Assembled linear system in:     0.270 s.
Solved linear system in:     0.157 s.
Updated wake in:     0.575 s.
Updated geometry in:     0.002 s.

--> Step   213 of  2001 simulation time:    0.8480
Elapsed wall time:   195.296
Assembled linear system in:     0.273 s.
Solved linear system in:     0.156 s.
Updated wake in:     0.580 s.
Updated geometry in:     0.003 s.

--> Step   214 of  2001 simulation time:    0.8520
Elapsed wall time:   196.564
Assembled linear system in:     0.273 s.
Solved linear system in:     0.156 s.
Updated wake in:     0.581 s.
Updated geometry in:     0.002 s.

--> Step   215 of  2001 simulation time:    0.8560
Elapsed wall time:   197.831
Assembled linear system in:     0.272 s.
Solved linear system in:     0.155 s.
Updated wake in:     0.584 s.
Updated geometry in:     0.003 s.

--> Step   216 of  2001 simulation time:    0.8600
Elapsed wall time:   199.101
Assembled linear system in:     0.274 s.
Solved linear system in:     0.161 s.
Updated wake in:     0.590 s.
Updated geometry in:     0.002 s.

--> Step   217 of  2001 simulation time:    0.8640
Elapsed wall time:   200.384
Assembled linear system in:     0.275 s.
Solved linear system in:     0.157 s.
Updated wake in:     0.589 s.
Updated geometry in:     0.003 s.

--> Step   218 of  2001 simulation time:    0.8680
Elapsed wall time:   201.663
Assembled linear system in:     0.277 s.
Solved linear system in:     0.157 s.
Updated wake in:     0.591 s.
Updated geometry in:     0.002 s.

--> Step   219 of  2001 simulation time:    0.8720
Elapsed wall time:   202.945
Assembled linear system in:     0.276 s.
Solved linear system in:     0.156 s.
Updated wake in:     0.593 s.
Updated geometry in:     0.003 s.

--> Step   220 of  2001 simulation time:    0.8760
Elapsed wall time:   204.237
Assembled linear system in:     0.278 s.
Solved linear system in:     0.157 s.
Updated wake in:     0.593 s.
Updated geometry in:     0.003 s.

--> Step   221 of  2001 simulation time:    0.8800
Elapsed wall time:   205.525
Assembled linear system in:     0.279 s.
Solved linear system in:     0.156 s.
Updated wake in:     0.597 s.
Updated geometry in:     0.002 s.

--> Step   222 of  2001 simulation time:    0.8840
Elapsed wall time:   206.824
Assembled linear system in:     0.277 s.
Solved linear system in:     0.157 s.
Updated wake in:     0.605 s.
Updated geometry in:     0.003 s.

--> Step   223 of  2001 simulation time:    0.8880
Elapsed wall time:   208.122
Assembled linear system in:     0.279 s.
Solved linear system in:     0.157 s.
Updated wake in:     0.603 s.
Updated geometry in:     0.002 s.

--> Step   224 of  2001 simulation time:    0.8920
Elapsed wall time:   209.421
Assembled linear system in:     0.282 s.
Solved linear system in:     0.160 s.
Updated wake in:     0.607 s.
Updated geometry in:     0.002 s.

--> Step   225 of  2001 simulation time:    0.8960
Elapsed wall time:   210.730
Assembled linear system in:     0.283 s.
Solved linear system in:     0.158 s.
Updated wake in:     0.614 s.
Updated geometry in:     0.002 s.

--> Step   226 of  2001 simulation time:    0.9000
Elapsed wall time:   212.045
Assembled linear system in:     0.281 s.
Solved linear system in:     0.158 s.
Updated wake in:     0.609 s.
Updated geometry in:     0.002 s.

--> Step   227 of  2001 simulation time:    0.9040
Elapsed wall time:   213.352
Assembled linear system in:     0.280 s.
Solved linear system in:     0.155 s.
Updated wake in:     0.613 s.
Updated geometry in:     0.002 s.

--> Step   228 of  2001 simulation time:    0.9080
Elapsed wall time:   214.663
Assembled linear system in:     0.284 s.
Solved linear system in:     0.155 s.
Updated wake in:     0.619 s.
Updated geometry in:     0.003 s.

--> Step   229 of  2001 simulation time:    0.9120
Elapsed wall time:   215.984
Assembled linear system in:     0.282 s.
Solved linear system in:     0.155 s.
Updated wake in:     0.620 s.
Updated geometry in:     0.002 s.

--> Step   230 of  2001 simulation time:    0.9160
Elapsed wall time:   217.304
Assembled linear system in:     0.285 s.
Solved linear system in:     0.154 s.
Updated wake in:     0.622 s.
Updated geometry in:     0.003 s.

--> Step   231 of  2001 simulation time:    0.9200
Elapsed wall time:   218.626
Assembled linear system in:     0.286 s.
Solved linear system in:     0.155 s.
Updated wake in:     0.628 s.
Updated geometry in:     0.002 s.

--> Step   232 of  2001 simulation time:    0.9240
Elapsed wall time:   219.989
Assembled linear system in:     0.286 s.
Solved linear system in:     0.156 s.
Updated wake in:     0.627 s.
Updated geometry in:     0.003 s.

--> Step   233 of  2001 simulation time:    0.9280
Elapsed wall time:   221.346
Assembled linear system in:     0.288 s.
Solved linear system in:     0.159 s.
Updated wake in:     0.633 s.
Updated geometry in:     0.003 s.

--> Step   234 of  2001 simulation time:    0.9320
Elapsed wall time:   222.714
Assembled linear system in:     0.288 s.
Solved linear system in:     0.156 s.
Updated wake in:     0.635 s.
Updated geometry in:     0.003 s.

--> Step   235 of  2001 simulation time:    0.9360
Elapsed wall time:   224.085
Assembled linear system in:     0.289 s.
Solved linear system in:     0.155 s.
Updated wake in:     0.637 s.
Updated geometry in:     0.002 s.

--> Step   236 of  2001 simulation time:    0.9400
Elapsed wall time:   225.455
Assembled linear system in:     0.291 s.
Solved linear system in:     0.160 s.
Updated wake in:     0.641 s.
Updated geometry in:     0.002 s.

--> Step   237 of  2001 simulation time:    0.9440
Elapsed wall time:   226.838
Assembled linear system in:     0.292 s.
Solved linear system in:     0.157 s.
Updated wake in:     0.646 s.
Updated geometry in:     0.002 s.

--> Step   238 of  2001 simulation time:    0.9480
Elapsed wall time:   228.224
Assembled linear system in:     0.291 s.
Solved linear system in:     0.157 s.
Updated wake in:     0.644 s.
Updated geometry in:     0.003 s.

--> Step   239 of  2001 simulation time:    0.9520
Elapsed wall time:   229.603
Assembled linear system in:     0.293 s.
Solved linear system in:     0.157 s.
Updated wake in:     0.647 s.
Updated geometry in:     0.003 s.

--> Step   240 of  2001 simulation time:    0.9560
Elapsed wall time:   230.993
Assembled linear system in:     0.294 s.
Solved linear system in:     0.157 s.
Updated wake in:     0.653 s.
Updated geometry in:     0.003 s.

--> Step   241 of  2001 simulation time:    0.9600
Elapsed wall time:   232.389
Assembled linear system in:     0.294 s.
Solved linear system in:     0.157 s.
Updated wake in:     0.648 s.
Updated geometry in:     0.003 s.

--> Step   242 of  2001 simulation time:    0.9640
Elapsed wall time:   233.790
Assembled linear system in:     0.296 s.
Solved linear system in:     0.160 s.
Updated wake in:     0.657 s.
Updated geometry in:     0.003 s.

--> Step   243 of  2001 simulation time:    0.9680
Elapsed wall time:   235.198
Assembled linear system in:     0.298 s.
Solved linear system in:     0.157 s.
Updated wake in:     0.661 s.
Updated geometry in:     0.003 s.

--> Step   244 of  2001 simulation time:    0.9720
Elapsed wall time:   236.603
Assembled linear system in:     0.302 s.
Solved linear system in:     0.159 s.
Updated wake in:     0.660 s.
Updated geometry in:     0.003 s.

--> Step   245 of  2001 simulation time:    0.9760
Elapsed wall time:   238.015
Assembled linear system in:     0.297 s.
Solved linear system in:     0.155 s.
Updated wake in:     0.661 s.
Updated geometry in:     0.003 s.

--> Step   246 of  2001 simulation time:    0.9800
Elapsed wall time:   239.425
Assembled linear system in:     0.299 s.
Solved linear system in:     0.157 s.
Updated wake in:     0.665 s.
Updated geometry in:     0.003 s.

--> Step   247 of  2001 simulation time:    0.9840
Elapsed wall time:   240.841
Assembled linear system in:     0.300 s.
Solved linear system in:     0.157 s.
Updated wake in:     0.669 s.
Updated geometry in:     0.003 s.

--> Step   248 of  2001 simulation time:    0.9880
Elapsed wall time:   242.258
Assembled linear system in:     0.298 s.
Solved linear system in:     0.162 s.
Updated wake in:     0.666 s.
Updated geometry in:     0.003 s.

--> Step   249 of  2001 simulation time:    0.9920
Elapsed wall time:   243.697
Assembled linear system in:     0.301 s.
Solved linear system in:     0.157 s.
Updated wake in:     0.668 s.
Updated geometry in:     0.003 s.

--> Step   250 of  2001 simulation time:    0.9960
Elapsed wall time:   245.114
Assembled linear system in:     0.302 s.
Solved linear system in:     0.157 s.
Updated wake in:     0.670 s.
Updated geometry in:     0.003 s.

--> Step   251 of  2001 simulation time:    1.0000
Elapsed wall time:   246.527
Assembled linear system in:     0.303 s.
Solved linear system in:     0.159 s.
Updated wake in:     0.677 s.
Updated geometry in:     0.003 s.

--> Step   252 of  2001 simulation time:    1.0040
Elapsed wall time:   247.970
Assembled linear system in:     0.303 s.
Solved linear system in:     0.157 s.
Updated wake in:     0.678 s.
Updated geometry in:     0.003 s.

--> Step   253 of  2001 simulation time:    1.0080
Elapsed wall time:   249.395
Assembled linear system in:     0.305 s.
Solved linear system in:     0.159 s.
Updated wake in:     0.673 s.
Updated geometry in:     0.003 s.

--> Step   254 of  2001 simulation time:    1.0120
Elapsed wall time:   250.824
Assembled linear system in:     0.303 s.
Solved linear system in:     0.157 s.
Updated wake in:     0.691 s.
Updated geometry in:     0.003 s.

--> Step   255 of  2001 simulation time:    1.0160
Elapsed wall time:   252.265
Assembled linear system in:     0.306 s.
Solved linear system in:     0.156 s.
Updated wake in:     0.689 s.
Updated geometry in:     0.003 s.

--> Step   256 of  2001 simulation time:    1.0200
Elapsed wall time:   253.713
Assembled linear system in:     0.305 s.
Solved linear system in:     0.158 s.
Updated wake in:     0.684 s.
Updated geometry in:     0.003 s.

--> Step   257 of  2001 simulation time:    1.0240
Elapsed wall time:   255.158
Assembled linear system in:     0.308 s.
Solved linear system in:     0.158 s.
Updated wake in:     0.696 s.
Updated geometry in:     0.003 s.

--> Step   258 of  2001 simulation time:    1.0280
Elapsed wall time:   256.618
Assembled linear system in:     0.307 s.
Solved linear system in:     0.158 s.
Updated wake in:     0.693 s.
Updated geometry in:     0.003 s.

--> Step   259 of  2001 simulation time:    1.0320
Elapsed wall time:   258.075
Assembled linear system in:     0.310 s.
Solved linear system in:     0.156 s.
Updated wake in:     0.694 s.
Updated geometry in:     0.003 s.

--> Step   260 of  2001 simulation time:    1.0360
Elapsed wall time:   259.531
Assembled linear system in:     0.309 s.
Solved linear system in:     0.155 s.
Updated wake in:     0.700 s.
Updated geometry in:     0.003 s.

--> Step   261 of  2001 simulation time:    1.0400
Elapsed wall time:   260.992
Assembled linear system in:     0.311 s.
Solved linear system in:     0.158 s.
Updated wake in:     0.707 s.
Updated geometry in:     0.003 s.

--> Step   262 of  2001 simulation time:    1.0440
Elapsed wall time:   262.501
Assembled linear system in:     0.313 s.
Solved linear system in:     0.157 s.
Updated wake in:     0.707 s.
Updated geometry in:     0.003 s.

--> Step   263 of  2001 simulation time:    1.0480
Elapsed wall time:   263.976
Assembled linear system in:     0.315 s.
Solved linear system in:     0.157 s.
Updated wake in:     0.705 s.
Updated geometry in:     0.003 s.

--> Step   264 of  2001 simulation time:    1.0520
Elapsed wall time:   265.446
Assembled linear system in:     0.313 s.
Solved linear system in:     0.157 s.
Updated wake in:     0.715 s.
Updated geometry in:     0.003 s.

--> Step   265 of  2001 simulation time:    1.0560
Elapsed wall time:   266.926
Assembled linear system in:     0.314 s.
Solved linear system in:     0.157 s.
Updated wake in:     0.717 s.
Updated geometry in:     0.003 s.

--> Step   266 of  2001 simulation time:    1.0600
Elapsed wall time:   268.412
Assembled linear system in:     0.315 s.
Solved linear system in:     0.156 s.
Updated wake in:     0.712 s.
Updated geometry in:     0.003 s.

--> Step   267 of  2001 simulation time:    1.0640
Elapsed wall time:   269.894
Assembled linear system in:     0.316 s.
Solved linear system in:     0.156 s.
Updated wake in:     0.710 s.
Updated geometry in:     0.003 s.

--> Step   268 of  2001 simulation time:    1.0680
Elapsed wall time:   271.372
Assembled linear system in:     0.317 s.
Solved linear system in:     0.158 s.
Updated wake in:     0.723 s.
Updated geometry in:     0.003 s.

--> Step   269 of  2001 simulation time:    1.0720
Elapsed wall time:   272.877
Assembled linear system in:     0.318 s.
Solved linear system in:     0.157 s.
Updated wake in:     0.722 s.
Updated geometry in:     0.003 s.

--> Step   270 of  2001 simulation time:    1.0760
Elapsed wall time:   274.372
Assembled linear system in:     0.319 s.
Solved linear system in:     0.157 s.
Updated wake in:     0.729 s.
Updated geometry in:     0.003 s.

--> Step   271 of  2001 simulation time:    1.0800
Elapsed wall time:   275.873
Assembled linear system in:     0.320 s.
Solved linear system in:     0.157 s.
Updated wake in:     0.725 s.
Updated geometry in:     0.003 s.

--> Step   272 of  2001 simulation time:    1.0840
Elapsed wall time:   277.382
Assembled linear system in:     0.317 s.
Solved linear system in:     0.157 s.
Updated wake in:     0.733 s.
Updated geometry in:     0.003 s.

--> Step   273 of  2001 simulation time:    1.0880
Elapsed wall time:   278.888
Assembled linear system in:     0.320 s.
Solved linear system in:     0.155 s.
Updated wake in:     0.733 s.
Updated geometry in:     0.003 s.

--> Step   274 of  2001 simulation time:    1.0920
Elapsed wall time:   280.393
Assembled linear system in:     0.322 s.
Solved linear system in:     0.154 s.
Updated wake in:     0.736 s.
Updated geometry in:     0.003 s.

--> Step   275 of  2001 simulation time:    1.0960
Elapsed wall time:   281.903
Assembled linear system in:     0.323 s.
Solved linear system in:     0.157 s.
Updated wake in:     0.735 s.
Updated geometry in:     0.003 s.

--> Step   276 of  2001 simulation time:    1.1000
Elapsed wall time:   283.416
Assembled linear system in:     0.327 s.
Solved linear system in:     0.155 s.
Updated wake in:     0.739 s.
Updated geometry in:     0.003 s.

--> Step   277 of  2001 simulation time:    1.1040
Elapsed wall time:   284.935
Assembled linear system in:     0.329 s.
Solved linear system in:     0.158 s.
Updated wake in:     0.748 s.
Updated geometry in:     0.003 s.

--> Step   278 of  2001 simulation time:    1.1080
Elapsed wall time:   286.468
Assembled linear system in:     0.326 s.
Solved linear system in:     0.156 s.
Updated wake in:     0.749 s.
Updated geometry in:     0.003 s.

--> Step   279 of  2001 simulation time:    1.1120
Elapsed wall time:   288.000
Assembled linear system in:     0.328 s.
Solved linear system in:     0.158 s.
Updated wake in:     0.745 s.
Updated geometry in:     0.003 s.

--> Step   280 of  2001 simulation time:    1.1160
Elapsed wall time:   289.530
Assembled linear system in:     0.330 s.
Solved linear system in:     0.157 s.
Updated wake in:     0.753 s.
Updated geometry in:     0.003 s.

--> Step   281 of  2001 simulation time:    1.1200
Elapsed wall time:   291.066
Assembled linear system in:     0.329 s.
Solved linear system in:     0.158 s.
Updated wake in:     0.758 s.
Updated geometry in:     0.003 s.

--> Step   282 of  2001 simulation time:    1.1240
Elapsed wall time:   292.618
Assembled linear system in:     0.330 s.
Solved linear system in:     0.156 s.
Updated wake in:     0.758 s.
Updated geometry in:     0.003 s.

--> Step   283 of  2001 simulation time:    1.1280
Elapsed wall time:   294.162
Assembled linear system in:     0.336 s.
Solved linear system in:     0.157 s.
Updated wake in:     0.758 s.
Updated geometry in:     0.003 s.

--> Step   284 of  2001 simulation time:    1.1320
Elapsed wall time:   295.715
Assembled linear system in:     0.334 s.
Solved linear system in:     0.158 s.
Updated wake in:     0.764 s.
Updated geometry in:     0.003 s.

--> Step   285 of  2001 simulation time:    1.1360
Elapsed wall time:   297.270
Assembled linear system in:     0.333 s.
Solved linear system in:     0.157 s.
Updated wake in:     0.770 s.
Updated geometry in:     0.003 s.

--> Step   286 of  2001 simulation time:    1.1400
Elapsed wall time:   298.829
Assembled linear system in:     0.335 s.
Solved linear system in:     0.157 s.
Updated wake in:     0.775 s.
Updated geometry in:     0.003 s.

--> Step   287 of  2001 simulation time:    1.1440
Elapsed wall time:   300.395
Assembled linear system in:     0.337 s.
Solved linear system in:     0.158 s.
Updated wake in:     0.774 s.
Updated geometry in:     0.003 s.

--> Step   288 of  2001 simulation time:    1.1480
Elapsed wall time:   301.963
Assembled linear system in:     0.337 s.
Solved linear system in:     0.156 s.
Updated wake in:     0.774 s.
Updated geometry in:     0.003 s.

--> Step   289 of  2001 simulation time:    1.1520
Elapsed wall time:   303.532
Assembled linear system in:     0.337 s.
Solved linear system in:     0.157 s.
Updated wake in:     0.774 s.
Updated geometry in:     0.003 s.

--> Step   290 of  2001 simulation time:    1.1560
Elapsed wall time:   305.102
Assembled linear system in:     0.342 s.
Solved linear system in:     0.157 s.
Updated wake in:     0.778 s.
Updated geometry in:     0.003 s.

--> Step   291 of  2001 simulation time:    1.1600
Elapsed wall time:   306.681
Assembled linear system in:     0.339 s.
Solved linear system in:     0.160 s.
Updated wake in:     0.777 s.
Updated geometry in:     0.003 s.

--> Step   292 of  2001 simulation time:    1.1640
Elapsed wall time:   308.271
Assembled linear system in:     0.341 s.
Solved linear system in:     0.158 s.
Updated wake in:     0.783 s.
Updated geometry in:     0.003 s.

--> Step   293 of  2001 simulation time:    1.1680
Elapsed wall time:   309.859
Assembled linear system in:     0.341 s.
Solved linear system in:     0.157 s.
Updated wake in:     0.787 s.
Updated geometry in:     0.003 s.

--> Step   294 of  2001 simulation time:    1.1720
Elapsed wall time:   311.446
Assembled linear system in:     0.343 s.
Solved linear system in:     0.158 s.
Updated wake in:     0.783 s.
Updated geometry in:     0.003 s.

--> Step   295 of  2001 simulation time:    1.1760
Elapsed wall time:   313.034
Assembled linear system in:     0.347 s.
Solved linear system in:     0.158 s.
Updated wake in:     0.794 s.
Updated geometry in:     0.003 s.

--> Step   296 of  2001 simulation time:    1.1800
Elapsed wall time:   314.636
Assembled linear system in:     0.346 s.
Solved linear system in:     0.158 s.
Updated wake in:     0.801 s.
Updated geometry in:     0.003 s.

--> Step   297 of  2001 simulation time:    1.1840
Elapsed wall time:   316.245
Assembled linear system in:     0.349 s.
Solved linear system in:     0.159 s.
Updated wake in:     0.795 s.
Updated geometry in:     0.003 s.

--> Step   298 of  2001 simulation time:    1.1880
Elapsed wall time:   317.858
Assembled linear system in:     0.346 s.
Solved linear system in:     0.158 s.
Updated wake in:     0.798 s.
Updated geometry in:     0.003 s.

--> Step   299 of  2001 simulation time:    1.1920
Elapsed wall time:   319.467
Assembled linear system in:     0.350 s.
Solved linear system in:     0.158 s.
Updated wake in:     0.804 s.
Updated geometry in:     0.003 s.

--> Step   300 of  2001 simulation time:    1.1960
Elapsed wall time:   321.087
Assembled linear system in:     0.350 s.
Solved linear system in:     0.159 s.
Updated wake in:     0.808 s.
Updated geometry in:     0.003 s.

--> Step   301 of  2001 simulation time:    1.2000
Elapsed wall time:   322.713
Assembled linear system in:     0.348 s.
Solved linear system in:     0.157 s.
Updated wake in:     0.806 s.
Updated geometry in:     0.003 s.

--> Step   302 of  2001 simulation time:    1.2040
Elapsed wall time:   324.340
Assembled linear system in:     0.352 s.
Solved linear system in:     0.156 s.
Updated wake in:     0.808 s.
Updated geometry in:     0.003 s.

--> Step   303 of  2001 simulation time:    1.2080
Elapsed wall time:   325.938
Assembled linear system in:     0.356 s.
Solved linear system in:     0.157 s.
Updated wake in:     0.812 s.
Updated geometry in:     0.003 s.

--> Step   304 of  2001 simulation time:    1.2120
Elapsed wall time:   327.541
Assembled linear system in:     0.351 s.
Solved linear system in:     0.157 s.
Updated wake in:     0.820 s.
Updated geometry in:     0.003 s.

--> Step   305 of  2001 simulation time:    1.2160
Elapsed wall time:   329.155
Assembled linear system in:     0.351 s.
Solved linear system in:     0.156 s.
Updated wake in:     0.826 s.
Updated geometry in:     0.003 s.

--> Step   306 of  2001 simulation time:    1.2200
Elapsed wall time:   330.771
Assembled linear system in:     0.353 s.
Solved linear system in:     0.156 s.
Updated wake in:     0.830 s.
Updated geometry in:     0.003 s.

--> Step   307 of  2001 simulation time:    1.2240
Elapsed wall time:   332.394
Assembled linear system in:     0.351 s.
Solved linear system in:     0.155 s.
Updated wake in:     0.827 s.
Updated geometry in:     0.003 s.

--> Step   308 of  2001 simulation time:    1.2280
Elapsed wall time:   334.011
Assembled linear system in:     0.353 s.
Solved linear system in:     0.157 s.
Updated wake in:     0.830 s.
Updated geometry in:     0.003 s.

--> Step   309 of  2001 simulation time:    1.2320
Elapsed wall time:   335.641
Assembled linear system in:     0.356 s.
Solved linear system in:     0.160 s.
Updated wake in:     0.833 s.
Updated geometry in:     0.003 s.

--> Step   310 of  2001 simulation time:    1.2360
Elapsed wall time:   337.274
Assembled linear system in:     0.356 s.
Solved linear system in:     0.157 s.
Updated wake in:     0.837 s.
Updated geometry in:     0.003 s.

--> Step   311 of  2001 simulation time:    1.2400
Elapsed wall time:   338.910
Assembled linear system in:     0.358 s.
Solved linear system in:     0.158 s.
Updated wake in:     0.841 s.
Updated geometry in:     0.003 s.

--> Step   312 of  2001 simulation time:    1.2440
Elapsed wall time:   340.563
Assembled linear system in:     0.360 s.
Solved linear system in:     0.157 s.
Updated wake in:     0.844 s.
Updated geometry in:     0.003 s.

--> Step   313 of  2001 simulation time:    1.2480
Elapsed wall time:   342.211
Assembled linear system in:     0.359 s.
Solved linear system in:     0.156 s.
Updated wake in:     0.847 s.
Updated geometry in:     0.003 s.

--> Step   314 of  2001 simulation time:    1.2520
Elapsed wall time:   343.857
Assembled linear system in:     0.359 s.
Solved linear system in:     0.158 s.
Updated wake in:     0.841 s.
Updated geometry in:     0.003 s.

--> Step   315 of  2001 simulation time:    1.2560
Elapsed wall time:   345.503
Assembled linear system in:     0.360 s.
Solved linear system in:     0.155 s.
Updated wake in:     0.850 s.
Updated geometry in:     0.003 s.

--> Step   316 of  2001 simulation time:    1.2600
Elapsed wall time:   347.155
Assembled linear system in:     0.368 s.
Solved linear system in:     0.158 s.
Updated wake in:     0.856 s.
Updated geometry in:     0.003 s.

--> Step   317 of  2001 simulation time:    1.2640
Elapsed wall time:   348.822
Assembled linear system in:     0.361 s.
Solved linear system in:     0.158 s.
Updated wake in:     0.851 s.
Updated geometry in:     0.003 s.

--> Step   318 of  2001 simulation time:    1.2680
Elapsed wall time:   350.479
Assembled linear system in:     0.364 s.
Solved linear system in:     0.157 s.
Updated wake in:     0.863 s.
Updated geometry in:     0.004 s.

--> Step   319 of  2001 simulation time:    1.2720
Elapsed wall time:   352.151
Assembled linear system in:     0.364 s.
Solved linear system in:     0.159 s.
Updated wake in:     0.861 s.
Updated geometry in:     0.003 s.

--> Step   320 of  2001 simulation time:    1.2760
Elapsed wall time:   353.823
Assembled linear system in:     0.365 s.
Solved linear system in:     0.158 s.
Updated wake in:     0.861 s.
Updated geometry in:     0.003 s.

--> Step   321 of  2001 simulation time:    1.2800
Elapsed wall time:   355.494
Assembled linear system in:     0.366 s.
Solved linear system in:     0.157 s.
Updated wake in:     0.862 s.
Updated geometry in:     0.003 s.

--> Step   322 of  2001 simulation time:    1.2840
Elapsed wall time:   357.176
Assembled linear system in:     0.367 s.
Solved linear system in:     0.157 s.
Updated wake in:     0.870 s.
Updated geometry in:     0.003 s.

--> Step   323 of  2001 simulation time:    1.2880
Elapsed wall time:   358.860
Assembled linear system in:     0.366 s.
Solved linear system in:     0.159 s.
Updated wake in:     0.879 s.
Updated geometry in:     0.003 s.

--> Step   324 of  2001 simulation time:    1.2920
Elapsed wall time:   360.558
Assembled linear system in:     0.367 s.
Solved linear system in:     0.158 s.
Updated wake in:     0.879 s.
Updated geometry in:     0.003 s.

--> Step   325 of  2001 simulation time:    1.2960
Elapsed wall time:   362.253
Assembled linear system in:     0.372 s.
Solved linear system in:     0.159 s.
Updated wake in:     0.884 s.
Updated geometry in:     0.003 s.

--> Step   326 of  2001 simulation time:    1.3000
Elapsed wall time:   363.956
Assembled linear system in:     0.370 s.
Solved linear system in:     0.156 s.
Updated wake in:     0.882 s.
Updated geometry in:     0.003 s.

--> Step   327 of  2001 simulation time:    1.3040
Elapsed wall time:   365.653
Assembled linear system in:     0.371 s.
Solved linear system in:     0.157 s.
Updated wake in:     0.886 s.
Updated geometry in:     0.003 s.

--> Step   328 of  2001 simulation time:    1.3080
Elapsed wall time:   367.358
Assembled linear system in:     0.373 s.
Solved linear system in:     0.156 s.
Updated wake in:     0.885 s.
Updated geometry in:     0.003 s.

--> Step   329 of  2001 simulation time:    1.3120
Elapsed wall time:   369.058
Assembled linear system in:     0.372 s.
Solved linear system in:     0.156 s.
Updated wake in:     0.893 s.
Updated geometry in:     0.003 s.

--> Step   330 of  2001 simulation time:    1.3160
Elapsed wall time:   370.772
Assembled linear system in:     0.374 s.
Solved linear system in:     0.162 s.
Updated wake in:     0.902 s.
Updated geometry in:     0.003 s.

--> Step   331 of  2001 simulation time:    1.3200
Elapsed wall time:   372.502
Assembled linear system in:     0.373 s.
Solved linear system in:     0.157 s.
Updated wake in:     0.899 s.
Updated geometry in:     0.003 s.

--> Step   332 of  2001 simulation time:    1.3240
Elapsed wall time:   374.229
Assembled linear system in:     0.376 s.
Solved linear system in:     0.157 s.
Updated wake in:     0.902 s.
Updated geometry in:     0.003 s.

--> Step   333 of  2001 simulation time:    1.3280
Elapsed wall time:   375.954
Assembled linear system in:     0.375 s.
Solved linear system in:     0.157 s.
Updated wake in:     0.896 s.
Updated geometry in:     0.003 s.

--> Step   334 of  2001 simulation time:    1.3320
Elapsed wall time:   377.672
Assembled linear system in:     0.379 s.
Solved linear system in:     0.159 s.
Updated wake in:     0.904 s.
Updated geometry in:     0.003 s.

--> Step   335 of  2001 simulation time:    1.3360
Elapsed wall time:   379.404
Assembled linear system in:     0.378 s.
Solved linear system in:     0.158 s.
Updated wake in:     0.909 s.
Updated geometry in:     0.004 s.

--> Step   336 of  2001 simulation time:    1.3400
Elapsed wall time:   381.142
Assembled linear system in:     0.380 s.
Solved linear system in:     0.160 s.
Updated wake in:     0.900 s.
Updated geometry in:     0.003 s.

--> Step   337 of  2001 simulation time:    1.3440
Elapsed wall time:   382.899
Assembled linear system in:     0.380 s.
Solved linear system in:     0.158 s.
Updated wake in:     0.914 s.
Updated geometry in:     0.003 s.

--> Step   338 of  2001 simulation time:    1.3480
Elapsed wall time:   384.668
Assembled linear system in:     0.382 s.
Solved linear system in:     0.157 s.
Updated wake in:     0.917 s.
Updated geometry in:     0.003 s.

--> Step   339 of  2001 simulation time:    1.3520
Elapsed wall time:   386.437
Assembled linear system in:     0.382 s.
Solved linear system in:     0.156 s.
Updated wake in:     0.923 s.
Updated geometry in:     0.003 s.

--> Step   340 of  2001 simulation time:    1.3560
Elapsed wall time:   388.215
Assembled linear system in:     0.383 s.
Solved linear system in:     0.157 s.
Updated wake in:     0.914 s.
Updated geometry in:     0.003 s.

--> Step   341 of  2001 simulation time:    1.3600
Elapsed wall time:   389.989
Assembled linear system in:     0.383 s.
Solved linear system in:     0.161 s.
Updated wake in:     0.921 s.
Updated geometry in:     0.004 s.

--> Step   342 of  2001 simulation time:    1.3640
Elapsed wall time:   391.777
Assembled linear system in:     0.386 s.
Solved linear system in:     0.157 s.
Updated wake in:     0.921 s.
Updated geometry in:     0.003 s.

--> Step   343 of  2001 simulation time:    1.3680
Elapsed wall time:   393.567
Assembled linear system in:     0.387 s.
Solved linear system in:     0.160 s.
Updated wake in:     0.921 s.
Updated geometry in:     0.003 s.

--> Step   344 of  2001 simulation time:    1.3720
Elapsed wall time:   395.358
Assembled linear system in:     0.386 s.
Solved linear system in:     0.157 s.
Updated wake in:     0.929 s.
Updated geometry in:     0.003 s.

--> Step   345 of  2001 simulation time:    1.3760
Elapsed wall time:   397.152
Assembled linear system in:     0.388 s.
Solved linear system in:     0.157 s.
Updated wake in:     0.929 s.
Updated geometry in:     0.004 s.

--> Step   346 of  2001 simulation time:    1.3800
Elapsed wall time:   398.944
Assembled linear system in:     0.389 s.
Solved linear system in:     0.157 s.
Updated wake in:     0.929 s.
Updated geometry in:     0.003 s.

--> Step   347 of  2001 simulation time:    1.3840
Elapsed wall time:   400.742
Assembled linear system in:     0.388 s.
Solved linear system in:     0.156 s.
Updated wake in:     0.934 s.
Updated geometry in:     0.003 s.

--> Step   348 of  2001 simulation time:    1.3880
Elapsed wall time:   402.547
Assembled linear system in:     0.390 s.
Solved linear system in:     0.162 s.
Updated wake in:     0.944 s.
Updated geometry in:     0.003 s.

--> Step   349 of  2001 simulation time:    1.3920
Elapsed wall time:   404.369
Assembled linear system in:     0.391 s.
Solved linear system in:     0.155 s.
Updated wake in:     0.946 s.
Updated geometry in:     0.003 s.

--> Step   350 of  2001 simulation time:    1.3960
Elapsed wall time:   406.187
Assembled linear system in:     0.391 s.
Solved linear system in:     0.157 s.
Updated wake in:     0.946 s.
Updated geometry in:     0.003 s.

--> Step   351 of  2001 simulation time:    1.4000
Elapsed wall time:   408.011
Assembled linear system in:     0.392 s.
Solved linear system in:     0.159 s.
Updated wake in:     0.948 s.
Updated geometry in:     0.003 s.

--> Step   352 of  2001 simulation time:    1.4040
Elapsed wall time:   409.850
Assembled linear system in:     0.393 s.
Solved linear system in:     0.158 s.
Updated wake in:     0.949 s.
Updated geometry in:     0.003 s.

--> Step   353 of  2001 simulation time:    1.4080
Elapsed wall time:   411.681
Assembled linear system in:     0.393 s.
Solved linear system in:     0.157 s.
Updated wake in:     0.954 s.
Updated geometry in:     0.003 s.

--> Step   354 of  2001 simulation time:    1.4120
Elapsed wall time:   413.511
Assembled linear system in:     0.395 s.
Solved linear system in:     0.156 s.
Updated wake in:     0.952 s.
Updated geometry in:     0.003 s.

--> Step   355 of  2001 simulation time:    1.4160
Elapsed wall time:   415.342
Assembled linear system in:     0.399 s.
Solved linear system in:     0.155 s.
Updated wake in:     0.956 s.
Updated geometry in:     0.003 s.

--> Step   356 of  2001 simulation time:    1.4200
Elapsed wall time:   417.184
Assembled linear system in:     0.394 s.
Solved linear system in:     0.157 s.
Updated wake in:     0.961 s.
Updated geometry in:     0.003 s.

--> Step   357 of  2001 simulation time:    1.4240
Elapsed wall time:   419.025
Assembled linear system in:     0.397 s.
Solved linear system in:     0.157 s.
Updated wake in:     0.964 s.
Updated geometry in:     0.003 s.

--> Step   358 of  2001 simulation time:    1.4280
Elapsed wall time:   420.869
Assembled linear system in:     0.398 s.
Solved linear system in:     0.155 s.
Updated wake in:     0.973 s.
Updated geometry in:     0.003 s.

--> Step   359 of  2001 simulation time:    1.4320
Elapsed wall time:   422.724
Assembled linear system in:     0.398 s.
Solved linear system in:     0.156 s.
Updated wake in:     0.979 s.
Updated geometry in:     0.003 s.

--> Step   360 of  2001 simulation time:    1.4360
Elapsed wall time:   424.590
Assembled linear system in:     0.403 s.
Solved linear system in:     0.157 s.
Updated wake in:     0.972 s.
Updated geometry in:     0.003 s.

--> Step   361 of  2001 simulation time:    1.4400
Elapsed wall time:   426.452
Assembled linear system in:     0.401 s.
Solved linear system in:     0.155 s.
Updated wake in:     0.980 s.
Updated geometry in:     0.004 s.

--> Step   362 of  2001 simulation time:    1.4440
Elapsed wall time:   428.330
Assembled linear system in:     0.405 s.
Solved linear system in:     0.157 s.
Updated wake in:     0.981 s.
Updated geometry in:     0.004 s.

--> Step   363 of  2001 simulation time:    1.4480
Elapsed wall time:   430.206
Assembled linear system in:     0.403 s.
Solved linear system in:     0.156 s.
Updated wake in:     0.988 s.
Updated geometry in:     0.003 s.

--> Step   364 of  2001 simulation time:    1.4520
Elapsed wall time:   432.083
Assembled linear system in:     0.404 s.
Solved linear system in:     0.157 s.
Updated wake in:     0.983 s.
Updated geometry in:     0.003 s.

--> Step   365 of  2001 simulation time:    1.4560
Elapsed wall time:   433.961
Assembled linear system in:     0.405 s.
Solved linear system in:     0.160 s.
Updated wake in:     0.988 s.
Updated geometry in:     0.004 s.

--> Step   366 of  2001 simulation time:    1.4600
Elapsed wall time:   435.844
Assembled linear system in:     0.403 s.
Solved linear system in:     0.157 s.
Updated wake in:     0.986 s.
Updated geometry in:     0.003 s.

--> Step   367 of  2001 simulation time:    1.4640
Elapsed wall time:   437.721
Assembled linear system in:     0.408 s.
Solved linear system in:     0.157 s.
Updated wake in:     0.993 s.
Updated geometry in:     0.004 s.

--> Step   368 of  2001 simulation time:    1.4680
Elapsed wall time:   439.612
Assembled linear system in:     0.406 s.
Solved linear system in:     0.157 s.
Updated wake in:     0.994 s.
Updated geometry in:     0.003 s.

--> Step   369 of  2001 simulation time:    1.4720
Elapsed wall time:   441.503
Assembled linear system in:     0.408 s.
Solved linear system in:     0.157 s.
Updated wake in:     0.995 s.
Updated geometry in:     0.003 s.

--> Step   370 of  2001 simulation time:    1.4760
Elapsed wall time:   443.400
Assembled linear system in:     0.409 s.
Solved linear system in:     0.157 s.
Updated wake in:     1.001 s.
Updated geometry in:     0.003 s.

--> Step   371 of  2001 simulation time:    1.4800
Elapsed wall time:   445.301
Assembled linear system in:     0.409 s.
Solved linear system in:     0.159 s.
Updated wake in:     1.001 s.
Updated geometry in:     0.003 s.

--> Step   372 of  2001 simulation time:    1.4840
Elapsed wall time:   447.216
Assembled linear system in:     0.410 s.
Solved linear system in:     0.157 s.
Updated wake in:     1.005 s.
Updated geometry in:     0.003 s.

--> Step   373 of  2001 simulation time:    1.4880
Elapsed wall time:   449.120
Assembled linear system in:     0.410 s.
Solved linear system in:     0.157 s.
Updated wake in:     1.005 s.
Updated geometry in:     0.003 s.

--> Step   374 of  2001 simulation time:    1.4920
Elapsed wall time:   451.027
Assembled linear system in:     0.413 s.
Solved linear system in:     0.158 s.
Updated wake in:     1.013 s.
Updated geometry in:     0.004 s.

--> Step   375 of  2001 simulation time:    1.4960
Elapsed wall time:   452.948
Assembled linear system in:     0.414 s.
Solved linear system in:     0.160 s.
Updated wake in:     1.014 s.
Updated geometry in:     0.003 s.

--> Step   376 of  2001 simulation time:    1.5000
Elapsed wall time:   454.875
Assembled linear system in:     0.412 s.
Solved linear system in:     0.156 s.
Updated wake in:     1.018 s.
Updated geometry in:     0.003 s.

--> Step   377 of  2001 simulation time:    1.5040
Elapsed wall time:   456.798
Assembled linear system in:     0.414 s.
Solved linear system in:     0.157 s.
Updated wake in:     1.016 s.
Updated geometry in:     0.004 s.

--> Step   378 of  2001 simulation time:    1.5080
Elapsed wall time:   458.723
Assembled linear system in:     0.415 s.
Solved linear system in:     0.159 s.
Updated wake in:     1.022 s.
Updated geometry in:     0.003 s.

--> Step   379 of  2001 simulation time:    1.5120
Elapsed wall time:   460.661
Assembled linear system in:     0.414 s.
Solved linear system in:     0.156 s.
Updated wake in:     1.026 s.
Updated geometry in:     0.003 s.

--> Step   380 of  2001 simulation time:    1.5160
Elapsed wall time:   462.593
Assembled linear system in:     0.418 s.
Solved linear system in:     0.157 s.
Updated wake in:     1.036 s.
Updated geometry in:     0.003 s.

--> Step   381 of  2001 simulation time:    1.5200
Elapsed wall time:   464.542
Assembled linear system in:     0.416 s.
Solved linear system in:     0.157 s.
Updated wake in:     1.033 s.
Updated geometry in:     0.003 s.

--> Step   382 of  2001 simulation time:    1.5240
Elapsed wall time:   466.496
Assembled linear system in:     0.416 s.
Solved linear system in:     0.157 s.
Updated wake in:     1.043 s.
Updated geometry in:     0.003 s.

--> Step   383 of  2001 simulation time:    1.5280
Elapsed wall time:   468.457
Assembled linear system in:     0.419 s.
Solved linear system in:     0.156 s.
Updated wake in:     1.038 s.
Updated geometry in:     0.004 s.

--> Step   384 of  2001 simulation time:    1.5320
Elapsed wall time:   470.412
Assembled linear system in:     0.420 s.
Solved linear system in:     0.158 s.
Updated wake in:     1.044 s.
Updated geometry in:     0.004 s.

--> Step   385 of  2001 simulation time:    1.5360
Elapsed wall time:   472.375
Assembled linear system in:     0.421 s.
Solved linear system in:     0.159 s.
Updated wake in:     1.044 s.
Updated geometry in:     0.004 s.

--> Step   386 of  2001 simulation time:    1.5400
Elapsed wall time:   474.342
Assembled linear system in:     0.421 s.
Solved linear system in:     0.158 s.
Updated wake in:     1.046 s.
Updated geometry in:     0.004 s.

--> Step   387 of  2001 simulation time:    1.5440
Elapsed wall time:   476.327
Assembled linear system in:     0.422 s.
Solved linear system in:     0.160 s.
Updated wake in:     1.044 s.
Updated geometry in:     0.003 s.

--> Step   388 of  2001 simulation time:    1.5480
Elapsed wall time:   478.371
Assembled linear system in:     0.425 s.
Solved linear system in:     0.159 s.
Updated wake in:     1.058 s.
Updated geometry in:     0.003 s.

--> Step   389 of  2001 simulation time:    1.5520
Elapsed wall time:   480.358
Assembled linear system in:     0.422 s.
Solved linear system in:     0.157 s.
Updated wake in:     1.049 s.
Updated geometry in:     0.003 s.

--> Step   390 of  2001 simulation time:    1.5560
Elapsed wall time:   482.355
Assembled linear system in:     0.424 s.
Solved linear system in:     0.160 s.
Updated wake in:     1.074 s.
Updated geometry in:     0.003 s.

--> Step   391 of  2001 simulation time:    1.5600
Elapsed wall time:   484.360
Assembled linear system in:     0.429 s.
Solved linear system in:     0.161 s.
Updated wake in:     1.060 s.
Updated geometry in:     0.004 s.

--> Step   392 of  2001 simulation time:    1.5640
Elapsed wall time:   486.369
Assembled linear system in:     0.458 s.
Solved linear system in:     0.159 s.
Updated wake in:     1.061 s.
Updated geometry in:     0.004 s.

--> Step   393 of  2001 simulation time:    1.5680
Elapsed wall time:   488.391
Assembled linear system in:     0.427 s.
Solved linear system in:     0.156 s.
Updated wake in:     1.064 s.
Updated geometry in:     0.003 s.

--> Step   394 of  2001 simulation time:    1.5720
Elapsed wall time:   490.382
Assembled linear system in:     0.427 s.
Solved linear system in:     0.159 s.
Updated wake in:     1.074 s.
Updated geometry in:     0.003 s.

--> Step   395 of  2001 simulation time:    1.5760
Elapsed wall time:   492.388
Assembled linear system in:     0.427 s.
Solved linear system in:     0.157 s.
Updated wake in:     1.069 s.
Updated geometry in:     0.003 s.

--> Step   396 of  2001 simulation time:    1.5800
Elapsed wall time:   494.388
Assembled linear system in:     0.430 s.
Solved linear system in:     0.160 s.
Updated wake in:     1.076 s.
Updated geometry in:     0.003 s.

--> Step   397 of  2001 simulation time:    1.5840
Elapsed wall time:   496.400
Assembled linear system in:     0.431 s.
Solved linear system in:     0.161 s.
Updated wake in:     1.072 s.
Updated geometry in:     0.004 s.

--> Step   398 of  2001 simulation time:    1.5880
Elapsed wall time:   498.416
Assembled linear system in:     0.433 s.
Solved linear system in:     0.156 s.
Updated wake in:     1.079 s.
Updated geometry in:     0.004 s.

--> Step   399 of  2001 simulation time:    1.5920
Elapsed wall time:   500.431
Assembled linear system in:     0.431 s.
Solved linear system in:     0.156 s.
Updated wake in:     1.080 s.
Updated geometry in:     0.003 s.

--> Step   400 of  2001 simulation time:    1.5960
Elapsed wall time:   502.445
Assembled linear system in:     0.431 s.
Solved linear system in:     0.156 s.
Updated wake in:     1.089 s.
Updated geometry in:     0.003 s.

--> Step   401 of  2001 simulation time:    1.6000
Elapsed wall time:   504.470
Assembled linear system in:     0.433 s.
Solved linear system in:     0.159 s.
Updated wake in:     1.083 s.
Updated geometry in:     0.004 s.

--> Step   402 of  2001 simulation time:    1.6040
Elapsed wall time:   506.506
Assembled linear system in:     0.435 s.
Solved linear system in:     0.160 s.
Updated wake in:     1.096 s.
Updated geometry in:     0.003 s.

--> Step   403 of  2001 simulation time:    1.6080
Elapsed wall time:   508.545
Assembled linear system in:     0.435 s.
Solved linear system in:     0.156 s.
Updated wake in:     1.091 s.
Updated geometry in:     0.004 s.

--> Step   404 of  2001 simulation time:    1.6120
Elapsed wall time:   510.578
Assembled linear system in:     0.434 s.
Solved linear system in:     0.156 s.
Updated wake in:     1.099 s.
Updated geometry in:     0.003 s.

--> Step   405 of  2001 simulation time:    1.6160
Elapsed wall time:   512.617
Assembled linear system in:     0.438 s.
Solved linear system in:     0.157 s.
Updated wake in:     1.098 s.
Updated geometry in:     0.004 s.

--> Step   406 of  2001 simulation time:    1.6200
Elapsed wall time:   514.659
Assembled linear system in:     0.438 s.
Solved linear system in:     0.160 s.
Updated wake in:     1.109 s.
Updated geometry in:     0.003 s.

--> Step   407 of  2001 simulation time:    1.6240
Elapsed wall time:   516.720
Assembled linear system in:     0.441 s.
Solved linear system in:     0.160 s.
Updated wake in:     1.099 s.
Updated geometry in:     0.003 s.

--> Step   408 of  2001 simulation time:    1.6280
Elapsed wall time:   518.769
Assembled linear system in:     0.439 s.
Solved linear system in:     0.158 s.
Updated wake in:     1.108 s.
Updated geometry in:     0.003 s.

--> Step   409 of  2001 simulation time:    1.6320
Elapsed wall time:   520.827
Assembled linear system in:     0.439 s.
Solved linear system in:     0.157 s.
Updated wake in:     1.107 s.
Updated geometry in:     0.004 s.

--> Step   410 of  2001 simulation time:    1.6360
Elapsed wall time:   522.881
Assembled linear system in:     0.441 s.
Solved linear system in:     0.158 s.
Updated wake in:     1.112 s.
Updated geometry in:     0.003 s.

--> Step   411 of  2001 simulation time:    1.6400
Elapsed wall time:   524.943
Assembled linear system in:     0.443 s.
Solved linear system in:     0.159 s.
Updated wake in:     1.112 s.
Updated geometry in:     0.003 s.

--> Step   412 of  2001 simulation time:    1.6440
Elapsed wall time:   527.018
Assembled linear system in:     0.447 s.
Solved linear system in:     0.161 s.
Updated wake in:     1.114 s.
Updated geometry in:     0.003 s.

--> Step   413 of  2001 simulation time:    1.6480
Elapsed wall time:   529.097
Assembled linear system in:     0.442 s.
Solved linear system in:     0.155 s.
Updated wake in:     1.117 s.
Updated geometry in:     0.003 s.

--> Step   414 of  2001 simulation time:    1.6520
Elapsed wall time:   531.165
Assembled linear system in:     0.445 s.
Solved linear system in:     0.156 s.
Updated wake in:     1.125 s.
Updated geometry in:     0.003 s.

--> Step   415 of  2001 simulation time:    1.6560
Elapsed wall time:   533.240
Assembled linear system in:     0.444 s.
Solved linear system in:     0.157 s.
Updated wake in:     1.128 s.
Updated geometry in:     0.003 s.

--> Step   416 of  2001 simulation time:    1.6600
Elapsed wall time:   535.324
Assembled linear system in:     0.448 s.
Solved linear system in:     0.158 s.
Updated wake in:     1.130 s.
Updated geometry in:     0.003 s.

--> Step   417 of  2001 simulation time:    1.6640
Elapsed wall time:   537.415
Assembled linear system in:     0.446 s.
Solved linear system in:     0.157 s.
Updated wake in:     1.132 s.
Updated geometry in:     0.003 s.

--> Step   418 of  2001 simulation time:    1.6680
Elapsed wall time:   539.502
Assembled linear system in:     0.448 s.
Solved linear system in:     0.159 s.
Updated wake in:     1.133 s.
Updated geometry in:     0.003 s.

--> Step   419 of  2001 simulation time:    1.6720
Elapsed wall time:   541.599
Assembled linear system in:     0.449 s.
Solved linear system in:     0.156 s.
Updated wake in:     1.137 s.
Updated geometry in:     0.003 s.

--> Step   420 of  2001 simulation time:    1.6760
Elapsed wall time:   543.692
Assembled linear system in:     0.450 s.
Solved linear system in:     0.157 s.
Updated wake in:     1.142 s.
Updated geometry in:     0.003 s.

--> Step   421 of  2001 simulation time:    1.6800
Elapsed wall time:   545.794
Assembled linear system in:     0.452 s.
Solved linear system in:     0.157 s.
Updated wake in:     1.144 s.
Updated geometry in:     0.003 s.

--> Step   422 of  2001 simulation time:    1.6840
Elapsed wall time:   547.916
Assembled linear system in:     0.451 s.
Solved linear system in:     0.156 s.
Updated wake in:     1.144 s.
Updated geometry in:     0.003 s.

--> Step   423 of  2001 simulation time:    1.6880
Elapsed wall time:   550.024
Assembled linear system in:     0.452 s.
Solved linear system in:     0.155 s.
Updated wake in:     1.150 s.
Updated geometry in:     0.003 s.

--> Step   424 of  2001 simulation time:    1.6920
Elapsed wall time:   552.139
Assembled linear system in:     0.454 s.
Solved linear system in:     0.155 s.
Updated wake in:     1.154 s.
Updated geometry in:     0.004 s.

--> Step   425 of  2001 simulation time:    1.6960
Elapsed wall time:   554.259
Assembled linear system in:     0.456 s.
Solved linear system in:     0.157 s.
Updated wake in:     1.156 s.
Updated geometry in:     0.003 s.

--> Step   426 of  2001 simulation time:    1.7000
Elapsed wall time:   556.384
Assembled linear system in:     0.453 s.
Solved linear system in:     0.156 s.
Updated wake in:     1.164 s.
Updated geometry in:     0.003 s.

--> Step   427 of  2001 simulation time:    1.7040
Elapsed wall time:   558.513
Assembled linear system in:     0.455 s.
Solved linear system in:     0.157 s.
Updated wake in:     1.171 s.
Updated geometry in:     0.003 s.

--> Step   428 of  2001 simulation time:    1.7080
Elapsed wall time:   560.649
Assembled linear system in:     0.461 s.
Solved linear system in:     0.157 s.
Updated wake in:     1.165 s.
Updated geometry in:     0.003 s.

--> Step   429 of  2001 simulation time:    1.7120
Elapsed wall time:   562.789
Assembled linear system in:     0.458 s.
Solved linear system in:     0.159 s.
Updated wake in:     1.170 s.
Updated geometry in:     0.004 s.

--> Step   430 of  2001 simulation time:    1.7160
Elapsed wall time:   564.934
Assembled linear system in:     0.460 s.
Solved linear system in:     0.156 s.
Updated wake in:     1.176 s.
Updated geometry in:     0.003 s.

--> Step   431 of  2001 simulation time:    1.7200
Elapsed wall time:   567.089
Assembled linear system in:     0.460 s.
Solved linear system in:     0.156 s.
Updated wake in:     1.170 s.
Updated geometry in:     0.004 s.

--> Step   432 of  2001 simulation time:    1.7240
Elapsed wall time:   569.245
Assembled linear system in:     0.459 s.
Solved linear system in:     0.156 s.
Updated wake in:     1.167 s.
Updated geometry in:     0.003 s.

--> Step   433 of  2001 simulation time:    1.7280
Elapsed wall time:   571.400
Assembled linear system in:     0.461 s.
Solved linear system in:     0.161 s.
Updated wake in:     1.181 s.
Updated geometry in:     0.004 s.

--> Step   434 of  2001 simulation time:    1.7320
Elapsed wall time:   573.559
Assembled linear system in:     0.463 s.
Solved linear system in:     0.158 s.
Updated wake in:     1.184 s.
Updated geometry in:     0.003 s.

--> Step   435 of  2001 simulation time:    1.7360
Elapsed wall time:   575.720
Assembled linear system in:     0.466 s.
Solved linear system in:     0.159 s.
Updated wake in:     1.181 s.
Updated geometry in:     0.004 s.

--> Step   436 of  2001 simulation time:    1.7400
Elapsed wall time:   577.885
Assembled linear system in:     0.467 s.
Solved linear system in:     0.158 s.
Updated wake in:     1.192 s.
Updated geometry in:     0.003 s.

--> Step   437 of  2001 simulation time:    1.7440
Elapsed wall time:   580.062
Assembled linear system in:     0.465 s.
Solved linear system in:     0.157 s.
Updated wake in:     1.187 s.
Updated geometry in:     0.003 s.

--> Step   438 of  2001 simulation time:    1.7480
Elapsed wall time:   582.233
Assembled linear system in:     0.466 s.
Solved linear system in:     0.157 s.
Updated wake in:     1.195 s.
Updated geometry in:     0.003 s.

--> Step   439 of  2001 simulation time:    1.7520
Elapsed wall time:   584.414
Assembled linear system in:     0.467 s.
Solved linear system in:     0.158 s.
Updated wake in:     1.197 s.
Updated geometry in:     0.003 s.

--> Step   440 of  2001 simulation time:    1.7560
Elapsed wall time:   586.645
Assembled linear system in:     0.466 s.
Solved linear system in:     0.159 s.
Updated wake in:     1.204 s.
Updated geometry in:     0.004 s.

--> Step   441 of  2001 simulation time:    1.7600
Elapsed wall time:   588.913
Assembled linear system in:     0.473 s.
Solved linear system in:     0.157 s.
Updated wake in:     1.198 s.
Updated geometry in:     0.003 s.

--> Step   442 of  2001 simulation time:    1.7640
Elapsed wall time:   591.110
Assembled linear system in:     0.469 s.
Solved linear system in:     0.158 s.
Updated wake in:     1.203 s.
Updated geometry in:     0.004 s.

--> Step   443 of  2001 simulation time:    1.7680
Elapsed wall time:   593.325
Assembled linear system in:     0.467 s.
Solved linear system in:     0.157 s.
Updated wake in:     1.207 s.
Updated geometry in:     0.004 s.

--> Step   444 of  2001 simulation time:    1.7720
Elapsed wall time:   595.522
Assembled linear system in:     0.469 s.
Solved linear system in:     0.158 s.
Updated wake in:     1.210 s.
Updated geometry in:     0.004 s.

--> Step   445 of  2001 simulation time:    1.7760
Elapsed wall time:   597.723
Assembled linear system in:     0.503 s.
Solved linear system in:     0.160 s.
Updated wake in:     1.211 s.
Updated geometry in:     0.004 s.

--> Step   446 of  2001 simulation time:    1.7800
Elapsed wall time:   599.961
Assembled linear system in:     0.473 s.
Solved linear system in:     0.158 s.
Updated wake in:     1.210 s.
Updated geometry in:     0.003 s.

--> Step   447 of  2001 simulation time:    1.7840
Elapsed wall time:   602.166
Assembled linear system in:     0.474 s.
Solved linear system in:     0.158 s.
Updated wake in:     1.220 s.
Updated geometry in:     0.004 s.

--> Step   448 of  2001 simulation time:    1.7880
Elapsed wall time:   604.381
Assembled linear system in:     0.477 s.
Solved linear system in:     0.156 s.
Updated wake in:     1.218 s.
Updated geometry in:     0.003 s.

--> Step   449 of  2001 simulation time:    1.7920
Elapsed wall time:   606.599
Assembled linear system in:     0.475 s.
Solved linear system in:     0.161 s.
Updated wake in:     1.224 s.
Updated geometry in:     0.003 s.

--> Step   450 of  2001 simulation time:    1.7960
Elapsed wall time:   608.820
Assembled linear system in:     0.474 s.
Solved linear system in:     0.157 s.
Updated wake in:     1.230 s.
Updated geometry in:     0.003 s.

--> Step   451 of  2001 simulation time:    1.8000
Elapsed wall time:   611.046
Assembled linear system in:     0.486 s.
Solved linear system in:     0.156 s.
Updated wake in:     1.223 s.
Updated geometry in:     0.003 s.

--> Step   452 of  2001 simulation time:    1.8040
Elapsed wall time:   613.286
Assembled linear system in:     0.479 s.
Solved linear system in:     0.155 s.
Updated wake in:     1.228 s.
Updated geometry in:     0.003 s.

--> Step   453 of  2001 simulation time:    1.8080
Elapsed wall time:   615.509
Assembled linear system in:     0.486 s.
Solved linear system in:     0.156 s.
Updated wake in:     1.233 s.
Updated geometry in:     0.004 s.

--> Step   454 of  2001 simulation time:    1.8120
Elapsed wall time:   617.749
Assembled linear system in:     0.480 s.
Solved linear system in:     0.157 s.
Updated wake in:     1.241 s.
Updated geometry in:     0.004 s.

--> Step   455 of  2001 simulation time:    1.8160
Elapsed wall time:   619.990
Assembled linear system in:     0.481 s.
Solved linear system in:     0.157 s.
Updated wake in:     1.241 s.
Updated geometry in:     0.004 s.

--> Step   456 of  2001 simulation time:    1.8200
Elapsed wall time:   622.231
Assembled linear system in:     0.479 s.
Solved linear system in:     0.157 s.
Updated wake in:     1.249 s.
Updated geometry in:     0.003 s.

--> Step   457 of  2001 simulation time:    1.8240
Elapsed wall time:   624.484
Assembled linear system in:     0.480 s.
Solved linear system in:     0.158 s.
Updated wake in:     1.249 s.
Updated geometry in:     0.003 s.

--> Step   458 of  2001 simulation time:    1.8280
Elapsed wall time:   626.735
Assembled linear system in:     0.486 s.
Solved linear system in:     0.159 s.
Updated wake in:     1.251 s.
Updated geometry in:     0.004 s.

--> Step   459 of  2001 simulation time:    1.8320
Elapsed wall time:   628.995
Assembled linear system in:     0.487 s.
Solved linear system in:     0.157 s.
Updated wake in:     1.246 s.
Updated geometry in:     0.003 s.

--> Step   460 of  2001 simulation time:    1.8360
Elapsed wall time:   631.249
Assembled linear system in:     0.491 s.
Solved linear system in:     0.157 s.
Updated wake in:     1.250 s.
Updated geometry in:     0.004 s.

--> Step   461 of  2001 simulation time:    1.8400
Elapsed wall time:   633.513
Assembled linear system in:     0.485 s.
Solved linear system in:     0.158 s.
Updated wake in:     1.261 s.
Updated geometry in:     0.004 s.

--> Step   462 of  2001 simulation time:    1.8440
Elapsed wall time:   635.788
Assembled linear system in:     0.488 s.
Solved linear system in:     0.156 s.
Updated wake in:     1.261 s.
Updated geometry in:     0.004 s.

--> Step   463 of  2001 simulation time:    1.8480
Elapsed wall time:   638.059
Assembled linear system in:     0.487 s.
Solved linear system in:     0.155 s.
Updated wake in:     1.261 s.
Updated geometry in:     0.004 s.

--> Step   464 of  2001 simulation time:    1.8520
Elapsed wall time:   640.326
Assembled linear system in:     0.491 s.
Solved linear system in:     0.160 s.
Updated wake in:     1.273 s.
Updated geometry in:     0.004 s.

--> Step   465 of  2001 simulation time:    1.8560
Elapsed wall time:   642.590
Assembled linear system in:     0.490 s.
Solved linear system in:     0.157 s.
Updated wake in:     1.279 s.
Updated geometry in:     0.004 s.

--> Step   466 of  2001 simulation time:    1.8600
Elapsed wall time:   644.855
Assembled linear system in:     0.491 s.
Solved linear system in:     0.158 s.
Updated wake in:     1.271 s.
Updated geometry in:     0.004 s.

--> Step   467 of  2001 simulation time:    1.8640
Elapsed wall time:   647.142
Assembled linear system in:     0.501 s.
Solved linear system in:     0.158 s.
Updated wake in:     1.270 s.
Updated geometry in:     0.004 s.

--> Step   468 of  2001 simulation time:    1.8680
Elapsed wall time:   649.443
Assembled linear system in:     0.495 s.
Solved linear system in:     0.157 s.
Updated wake in:     1.281 s.
Updated geometry in:     0.004 s.

--> Step   469 of  2001 simulation time:    1.8720
Elapsed wall time:   651.742
Assembled linear system in:     0.492 s.
Solved linear system in:     0.157 s.
Updated wake in:     1.281 s.
Updated geometry in:     0.004 s.

--> Step   470 of  2001 simulation time:    1.8760
Elapsed wall time:   654.040
Assembled linear system in:     0.493 s.
Solved linear system in:     0.156 s.
Updated wake in:     1.292 s.
Updated geometry in:     0.004 s.

--> Step   471 of  2001 simulation time:    1.8800
Elapsed wall time:   656.346
Assembled linear system in:     0.496 s.
Solved linear system in:     0.158 s.
Updated wake in:     1.288 s.
Updated geometry in:     0.004 s.

--> Step   472 of  2001 simulation time:    1.8840
Elapsed wall time:   658.666
Assembled linear system in:     0.502 s.
Solved linear system in:     0.158 s.
Updated wake in:     1.294 s.
Updated geometry in:     0.003 s.

--> Step   473 of  2001 simulation time:    1.8880
Elapsed wall time:   660.988
Assembled linear system in:     0.498 s.
Solved linear system in:     0.153 s.
Updated wake in:     1.302 s.
Updated geometry in:     0.004 s.

--> Step   474 of  2001 simulation time:    1.8920
Elapsed wall time:   663.308
Assembled linear system in:     0.504 s.
Solved linear system in:     0.162 s.
Updated wake in:     1.295 s.
Updated geometry in:     0.004 s.

--> Step   475 of  2001 simulation time:    1.8960
Elapsed wall time:   665.640
Assembled linear system in:     0.510 s.
Solved linear system in:     0.157 s.
Updated wake in:     1.300 s.
Updated geometry in:     0.004 s.

--> Step   476 of  2001 simulation time:    1.9000
Elapsed wall time:   667.991
Assembled linear system in:     0.503 s.
Solved linear system in:     0.158 s.
Updated wake in:     1.306 s.
Updated geometry in:     0.004 s.

--> Step   477 of  2001 simulation time:    1.9040
Elapsed wall time:   670.317
Assembled linear system in:     0.500 s.
Solved linear system in:     0.158 s.
Updated wake in:     1.312 s.
Updated geometry in:     0.003 s.

--> Step   478 of  2001 simulation time:    1.9080
Elapsed wall time:   672.656
Assembled linear system in:     0.505 s.
Solved linear system in:     0.155 s.
Updated wake in:     1.311 s.
Updated geometry in:     0.004 s.

--> Step   479 of  2001 simulation time:    1.9120
Elapsed wall time:   674.990
Assembled linear system in:     0.504 s.
Solved linear system in:     0.157 s.
Updated wake in:     1.309 s.
Updated geometry in:     0.004 s.

--> Step   480 of  2001 simulation time:    1.9160
Elapsed wall time:   677.329
Assembled linear system in:     0.513 s.
Solved linear system in:     0.156 s.
Updated wake in:     1.316 s.
Updated geometry in:     0.004 s.

--> Step   481 of  2001 simulation time:    1.9200
Elapsed wall time:   679.679
Assembled linear system in:     0.509 s.
Solved linear system in:     0.157 s.
Updated wake in:     1.317 s.
Updated geometry in:     0.003 s.

--> Step   482 of  2001 simulation time:    1.9240
Elapsed wall time:   682.032
Assembled linear system in:     0.511 s.
Solved linear system in:     0.157 s.
Updated wake in:     1.322 s.
Updated geometry in:     0.004 s.

--> Step   483 of  2001 simulation time:    1.9280
Elapsed wall time:   684.389
Assembled linear system in:     0.513 s.
Solved linear system in:     0.157 s.
Updated wake in:     1.325 s.
Updated geometry in:     0.004 s.

--> Step   484 of  2001 simulation time:    1.9320
Elapsed wall time:   686.750
Assembled linear system in:     0.514 s.
Solved linear system in:     0.158 s.
Updated wake in:     1.333 s.
Updated geometry in:     0.004 s.

--> Step   485 of  2001 simulation time:    1.9360
Elapsed wall time:   689.122
Assembled linear system in:     0.516 s.
Solved linear system in:     0.158 s.
Updated wake in:     1.335 s.
Updated geometry in:     0.003 s.

--> Step   486 of  2001 simulation time:    1.9400
Elapsed wall time:   691.497
Assembled linear system in:     0.513 s.
Solved linear system in:     0.158 s.
Updated wake in:     1.341 s.
Updated geometry in:     0.004 s.

--> Step   487 of  2001 simulation time:    1.9440
Elapsed wall time:   693.874
Assembled linear system in:     0.519 s.
Solved linear system in:     0.156 s.
Updated wake in:     1.337 s.
Updated geometry in:     0.004 s.

--> Step   488 of  2001 simulation time:    1.9480
Elapsed wall time:   696.255
Assembled linear system in:     0.518 s.
Solved linear system in:     0.156 s.
Updated wake in:     1.340 s.
Updated geometry in:     0.004 s.

--> Step   489 of  2001 simulation time:    1.9520
Elapsed wall time:   698.634
Assembled linear system in:     0.521 s.
Solved linear system in:     0.154 s.
Updated wake in:     1.344 s.
Updated geometry in:     0.004 s.

--> Step   490 of  2001 simulation time:    1.9560
Elapsed wall time:   701.016
Assembled linear system in:     0.518 s.
Solved linear system in:     0.159 s.
Updated wake in:     1.345 s.
Updated geometry in:     0.004 s.

--> Step   491 of  2001 simulation time:    1.9600
Elapsed wall time:   703.409
Assembled linear system in:     0.526 s.
Solved linear system in:     0.157 s.
Updated wake in:     1.342 s.
Updated geometry in:     0.004 s.

--> Step   492 of  2001 simulation time:    1.9640
Elapsed wall time:   705.818
Assembled linear system in:     0.521 s.
Solved linear system in:     0.156 s.
Updated wake in:     1.355 s.
Updated geometry in:     0.004 s.

--> Step   493 of  2001 simulation time:    1.9680
Elapsed wall time:   708.218
Assembled linear system in:     0.522 s.
Solved linear system in:     0.159 s.
Updated wake in:     1.356 s.
Updated geometry in:     0.004 s.

--> Step   494 of  2001 simulation time:    1.9720
Elapsed wall time:   710.629
Assembled linear system in:     0.528 s.
Solved linear system in:     0.160 s.
Updated wake in:     1.364 s.
Updated geometry in:     0.004 s.

--> Step   495 of  2001 simulation time:    1.9760
Elapsed wall time:   713.054
Assembled linear system in:     0.524 s.
Solved linear system in:     0.157 s.
Updated wake in:     1.358 s.
Updated geometry in:     0.004 s.

--> Step   496 of  2001 simulation time:    1.9800
Elapsed wall time:   715.467
Assembled linear system in:     0.526 s.
Solved linear system in:     0.159 s.
Updated wake in:     1.361 s.
Updated geometry in:     0.004 s.

--> Step   497 of  2001 simulation time:    1.9840
Elapsed wall time:   717.890
Assembled linear system in:     0.526 s.
Solved linear system in:     0.155 s.
Updated wake in:     1.375 s.
Updated geometry in:     0.004 s.

--> Step   498 of  2001 simulation time:    1.9880
Elapsed wall time:   720.292
Assembled linear system in:     0.527 s.
Solved linear system in:     0.156 s.
Updated wake in:     1.365 s.
Updated geometry in:     0.004 s.

--> Step   499 of  2001 simulation time:    1.9920
Elapsed wall time:   722.685
Assembled linear system in:     0.528 s.
Solved linear system in:     0.157 s.
Updated wake in:     1.381 s.
Updated geometry in:     0.004 s.

--> Step   500 of  2001 simulation time:    1.9960
Elapsed wall time:   725.095
Assembled linear system in:     0.530 s.
Solved linear system in:     0.156 s.
Updated wake in:     1.381 s.
Updated geometry in:     0.004 s.

--> Step   501 of  2001 simulation time:    2.0000
Elapsed wall time:   727.509
Assembled linear system in:     0.529 s.
Solved linear system in:     0.157 s.
Updated wake in:     1.379 s.
Updated geometry in:     0.004 s.

--> Step   502 of  2001 simulation time:    2.0040
Elapsed wall time:   729.930
Assembled linear system in:     0.535 s.
Solved linear system in:     0.155 s.
Updated wake in:     1.392 s.
Updated geometry in:     0.004 s.

--> Step   503 of  2001 simulation time:    2.0080
Elapsed wall time:   732.360
Assembled linear system in:     0.536 s.
Solved linear system in:     0.157 s.
Updated wake in:     1.390 s.
Updated geometry in:     0.004 s.

--> Step   504 of  2001 simulation time:    2.0120
Elapsed wall time:   734.791
Assembled linear system in:     0.535 s.
Solved linear system in:     0.159 s.
Updated wake in:     1.392 s.
Updated geometry in:     0.004 s.

--> Step   505 of  2001 simulation time:    2.0160
Elapsed wall time:   737.249
Assembled linear system in:     0.538 s.
Solved linear system in:     0.155 s.
Updated wake in:     1.386 s.
Updated geometry in:     0.004 s.

--> Step   506 of  2001 simulation time:    2.0200
Elapsed wall time:   739.705
Assembled linear system in:     0.537 s.
Solved linear system in:     0.156 s.
Updated wake in:     1.390 s.
Updated geometry in:     0.004 s.

--> Step   507 of  2001 simulation time:    2.0240
Elapsed wall time:   742.165
Assembled linear system in:     0.539 s.
Solved linear system in:     0.158 s.
Updated wake in:     1.401 s.
Updated geometry in:     0.004 s.

--> Step   508 of  2001 simulation time:    2.0280
Elapsed wall time:   744.636
Assembled linear system in:     0.537 s.
Solved linear system in:     0.155 s.
Updated wake in:     1.400 s.
Updated geometry in:     0.004 s.

--> Step   509 of  2001 simulation time:    2.0320
Elapsed wall time:   747.105
Assembled linear system in:     0.547 s.
Solved linear system in:     0.156 s.
Updated wake in:     1.400 s.
Updated geometry in:     0.004 s.

--> Step   510 of  2001 simulation time:    2.0360
Elapsed wall time:   749.582
Assembled linear system in:     0.546 s.
Solved linear system in:     0.158 s.
Updated wake in:     1.398 s.
Updated geometry in:     0.004 s.

--> Step   511 of  2001 simulation time:    2.0400
Elapsed wall time:   752.061
Assembled linear system in:     0.545 s.
Solved linear system in:     0.155 s.
Updated wake in:     1.411 s.
Updated geometry in:     0.004 s.

--> Step   512 of  2001 simulation time:    2.0440
Elapsed wall time:   754.556
Assembled linear system in:     0.543 s.
Solved linear system in:     0.159 s.
Updated wake in:     1.418 s.
Updated geometry in:     0.004 s.

--> Step   513 of  2001 simulation time:    2.0480
Elapsed wall time:   757.054
Assembled linear system in:     0.544 s.
Solved linear system in:     0.156 s.
Updated wake in:     1.407 s.
Updated geometry in:     0.004 s.

--> Step   514 of  2001 simulation time:    2.0520
Elapsed wall time:   759.538
Assembled linear system in:     0.553 s.
Solved linear system in:     0.154 s.
Updated wake in:     1.412 s.
Updated geometry in:     0.004 s.

--> Step   515 of  2001 simulation time:    2.0560
Elapsed wall time:   762.036
Assembled linear system in:     0.546 s.
Solved linear system in:     0.155 s.
Updated wake in:     1.419 s.
Updated geometry in:     0.004 s.

--> Step   516 of  2001 simulation time:    2.0600
Elapsed wall time:   764.538
Assembled linear system in:     0.553 s.
Solved linear system in:     0.156 s.
Updated wake in:     1.417 s.
Updated geometry in:     0.004 s.

--> Step   517 of  2001 simulation time:    2.0640
Elapsed wall time:   767.045
Assembled linear system in:     0.554 s.
Solved linear system in:     0.157 s.
Updated wake in:     1.420 s.
Updated geometry in:     0.004 s.

--> Step   518 of  2001 simulation time:    2.0680
Elapsed wall time:   769.555
Assembled linear system in:     0.551 s.
Solved linear system in:     0.158 s.
Updated wake in:     1.424 s.
Updated geometry in:     0.004 s.

--> Step   519 of  2001 simulation time:    2.0720
Elapsed wall time:   772.072
Assembled linear system in:     0.559 s.
Solved linear system in:     0.158 s.
Updated wake in:     1.430 s.
Updated geometry in:     0.004 s.

--> Step   520 of  2001 simulation time:    2.0760
Elapsed wall time:   774.601
Assembled linear system in:     0.556 s.
Solved linear system in:     0.157 s.
Updated wake in:     1.443 s.
Updated geometry in:     0.004 s.

--> Step   521 of  2001 simulation time:    2.0800
Elapsed wall time:   777.140
Assembled linear system in:     0.554 s.
Solved linear system in:     0.157 s.
Updated wake in:     1.437 s.
Updated geometry in:     0.004 s.

--> Step   522 of  2001 simulation time:    2.0840
Elapsed wall time:   779.685
Assembled linear system in:     0.559 s.
Solved linear system in:     0.158 s.
Updated wake in:     1.439 s.
Updated geometry in:     0.004 s.

--> Step   523 of  2001 simulation time:    2.0880
Elapsed wall time:   782.219
Assembled linear system in:     0.555 s.
Solved linear system in:     0.154 s.
Updated wake in:     1.439 s.
Updated geometry in:     0.004 s.

--> Step   524 of  2001 simulation time:    2.0920
Elapsed wall time:   784.750
Assembled linear system in:     0.557 s.
Solved linear system in:     0.156 s.
Updated wake in:     1.448 s.
Updated geometry in:     0.004 s.

--> Step   525 of  2001 simulation time:    2.0960
Elapsed wall time:   787.293
Assembled linear system in:     0.566 s.
Solved linear system in:     0.156 s.
Updated wake in:     1.441 s.
Updated geometry in:     0.004 s.

--> Step   526 of  2001 simulation time:    2.1000
Elapsed wall time:   789.841
Assembled linear system in:     0.558 s.
Solved linear system in:     0.157 s.
Updated wake in:     1.459 s.
Updated geometry in:     0.004 s.

--> Step   527 of  2001 simulation time:    2.1040
Elapsed wall time:   792.395
Assembled linear system in:     0.566 s.
Solved linear system in:     0.156 s.
Updated wake in:     1.454 s.
Updated geometry in:     0.004 s.

--> Step   528 of  2001 simulation time:    2.1080
Elapsed wall time:   794.952
Assembled linear system in:     0.564 s.
Solved linear system in:     0.161 s.
Updated wake in:     1.453 s.
Updated geometry in:     0.004 s.

--> Step   529 of  2001 simulation time:    2.1120
Elapsed wall time:   797.516
Assembled linear system in:     0.567 s.
Solved linear system in:     0.155 s.
Updated wake in:     1.460 s.
Updated geometry in:     0.004 s.

--> Step   530 of  2001 simulation time:    2.1160
Elapsed wall time:   800.084
Assembled linear system in:     0.566 s.
Solved linear system in:     0.157 s.
Updated wake in:     1.456 s.
Updated geometry in:     0.004 s.

--> Step   531 of  2001 simulation time:    2.1200
Elapsed wall time:   802.648
Assembled linear system in:     0.574 s.
Solved linear system in:     0.158 s.
Updated wake in:     1.463 s.
Updated geometry in:     0.004 s.

--> Step   532 of  2001 simulation time:    2.1240
Elapsed wall time:   805.241
Assembled linear system in:     0.574 s.
Solved linear system in:     0.159 s.
Updated wake in:     1.462 s.
Updated geometry in:     0.004 s.

--> Step   533 of  2001 simulation time:    2.1280
Elapsed wall time:   807.821
Assembled linear system in:     0.577 s.
Solved linear system in:     0.156 s.
Updated wake in:     1.468 s.
Updated geometry in:     0.004 s.

--> Step   534 of  2001 simulation time:    2.1320
Elapsed wall time:   810.410
Assembled linear system in:     0.574 s.
Solved linear system in:     0.161 s.
Updated wake in:     1.477 s.
Updated geometry in:     0.004 s.

--> Step   535 of  2001 simulation time:    2.1360
Elapsed wall time:   813.006
Assembled linear system in:     0.579 s.
Solved linear system in:     0.157 s.
Updated wake in:     1.473 s.
Updated geometry in:     0.004 s.

--> Step   536 of  2001 simulation time:    2.1400
Elapsed wall time:   815.605
Assembled linear system in:     0.583 s.
Solved linear system in:     0.168 s.
Updated wake in:     1.484 s.
Updated geometry in:     0.004 s.

--> Step   537 of  2001 simulation time:    2.1440
Elapsed wall time:   818.227
Assembled linear system in:     0.570 s.
Solved linear system in:     0.157 s.
Updated wake in:     1.490 s.
Updated geometry in:     0.004 s.

--> Step   538 of  2001 simulation time:    2.1480
Elapsed wall time:   820.828
Assembled linear system in:     0.577 s.
Solved linear system in:     0.157 s.
Updated wake in:     1.492 s.
Updated geometry in:     0.004 s.

--> Step   539 of  2001 simulation time:    2.1520
Elapsed wall time:   823.444
Assembled linear system in:     0.580 s.
Solved linear system in:     0.156 s.
Updated wake in:     1.483 s.
Updated geometry in:     0.004 s.

--> Step   540 of  2001 simulation time:    2.1560
Elapsed wall time:   826.050
Assembled linear system in:     0.592 s.
Solved linear system in:     0.156 s.
Updated wake in:     1.494 s.
Updated geometry in:     0.004 s.

--> Step   541 of  2001 simulation time:    2.1600
Elapsed wall time:   828.678
Assembled linear system in:     0.581 s.
Solved linear system in:     0.155 s.
Updated wake in:     1.491 s.
Updated geometry in:     0.004 s.

--> Step   542 of  2001 simulation time:    2.1640
Elapsed wall time:   831.304
Assembled linear system in:     0.588 s.
Solved linear system in:     0.156 s.
Updated wake in:     1.496 s.
Updated geometry in:     0.004 s.

--> Step   543 of  2001 simulation time:    2.1680
Elapsed wall time:   833.930
Assembled linear system in:     0.583 s.
Solved linear system in:     0.157 s.
Updated wake in:     1.501 s.
Updated geometry in:     0.004 s.

--> Step   544 of  2001 simulation time:    2.1720
Elapsed wall time:   836.561
Assembled linear system in:     0.591 s.
Solved linear system in:     0.161 s.
Updated wake in:     1.504 s.
Updated geometry in:     0.005 s.

--> Step   545 of  2001 simulation time:    2.1760
Elapsed wall time:   839.207
Assembled linear system in:     0.586 s.
Solved linear system in:     0.156 s.
Updated wake in:     1.497 s.
Updated geometry in:     0.004 s.

--> Step   546 of  2001 simulation time:    2.1800
Elapsed wall time:   841.832
Assembled linear system in:     0.589 s.
Solved linear system in:     0.160 s.
Updated wake in:     1.509 s.
Updated geometry in:     0.004 s.

--> Step   547 of  2001 simulation time:    2.1840
Elapsed wall time:   844.481
Assembled linear system in:     0.586 s.
Solved linear system in:     0.156 s.
Updated wake in:     1.511 s.
Updated geometry in:     0.004 s.

--> Step   548 of  2001 simulation time:    2.1880
Elapsed wall time:   847.127
Assembled linear system in:     0.596 s.
Solved linear system in:     0.157 s.
Updated wake in:     1.509 s.
Updated geometry in:     0.004 s.

--> Step   549 of  2001 simulation time:    2.1920
Elapsed wall time:   849.781
Assembled linear system in:     0.591 s.
Solved linear system in:     0.155 s.
Updated wake in:     1.513 s.
Updated geometry in:     0.004 s.

--> Step   550 of  2001 simulation time:    2.1960
Elapsed wall time:   852.432
Assembled linear system in:     0.590 s.
Solved linear system in:     0.157 s.
Updated wake in:     1.526 s.
Updated geometry in:     0.004 s.

--> Step   551 of  2001 simulation time:    2.2000
Elapsed wall time:   855.091
Assembled linear system in:     0.591 s.
Solved linear system in:     0.157 s.
Updated wake in:     1.521 s.
Updated geometry in:     0.005 s.

--> Step   552 of  2001 simulation time:    2.2040
Elapsed wall time:   857.763
Assembled linear system in:     0.593 s.
Solved linear system in:     0.155 s.
Updated wake in:     1.519 s.
Updated geometry in:     0.004 s.

--> Step   553 of  2001 simulation time:    2.2080
Elapsed wall time:   860.420
Assembled linear system in:     0.604 s.
Solved linear system in:     0.155 s.
Updated wake in:     1.528 s.
Updated geometry in:     0.004 s.

--> Step   554 of  2001 simulation time:    2.2120
Elapsed wall time:   863.095
Assembled linear system in:     0.600 s.
Solved linear system in:     0.157 s.
Updated wake in:     1.524 s.
Updated geometry in:     0.004 s.

--> Step   555 of  2001 simulation time:    2.2160
Elapsed wall time:   865.769
Assembled linear system in:     0.605 s.
Solved linear system in:     0.156 s.
Updated wake in:     1.534 s.
Updated geometry in:     0.004 s.

--> Step   556 of  2001 simulation time:    2.2200
Elapsed wall time:   868.452
Assembled linear system in:     0.598 s.
Solved linear system in:     0.157 s.
Updated wake in:     1.544 s.
Updated geometry in:     0.005 s.

--> Step   557 of  2001 simulation time:    2.2240
Elapsed wall time:   871.141
Assembled linear system in:     0.601 s.
Solved linear system in:     0.157 s.
Updated wake in:     1.538 s.
Updated geometry in:     0.004 s.

--> Step   558 of  2001 simulation time:    2.2280
Elapsed wall time:   873.830
Assembled linear system in:     0.598 s.
Solved linear system in:     0.155 s.
Updated wake in:     1.539 s.
Updated geometry in:     0.004 s.

--> Step   559 of  2001 simulation time:    2.2320
Elapsed wall time:   876.517
Assembled linear system in:     0.605 s.
Solved linear system in:     0.156 s.
Updated wake in:     1.547 s.
Updated geometry in:     0.004 s.

--> Step   560 of  2001 simulation time:    2.2360
Elapsed wall time:   879.218
Assembled linear system in:     0.608 s.
Solved linear system in:     0.156 s.
Updated wake in:     1.542 s.
Updated geometry in:     0.004 s.

--> Step   561 of  2001 simulation time:    2.2400
Elapsed wall time:   881.918
Assembled linear system in:     0.614 s.
Solved linear system in:     0.163 s.
Updated wake in:     1.551 s.
Updated geometry in:     0.004 s.

--> Step   562 of  2001 simulation time:    2.2440
Elapsed wall time:   884.655
Assembled linear system in:     0.615 s.
Solved linear system in:     0.157 s.
Updated wake in:     1.558 s.
Updated geometry in:     0.004 s.

--> Step   563 of  2001 simulation time:    2.2480
Elapsed wall time:   887.379
Assembled linear system in:     0.615 s.
Solved linear system in:     0.156 s.
Updated wake in:     1.555 s.
Updated geometry in:     0.004 s.

--> Step   564 of  2001 simulation time:    2.2520
Elapsed wall time:   890.098
Assembled linear system in:     0.609 s.
Solved linear system in:     0.158 s.
Updated wake in:     1.562 s.
Updated geometry in:     0.004 s.

--> Step   565 of  2001 simulation time:    2.2560
Elapsed wall time:   892.824
Assembled linear system in:     0.611 s.
Solved linear system in:     0.157 s.
Updated wake in:     1.552 s.
Updated geometry in:     0.004 s.

--> Step   566 of  2001 simulation time:    2.2600
Elapsed wall time:   895.544
Assembled linear system in:     0.615 s.
Solved linear system in:     0.157 s.
Updated wake in:     1.554 s.
Updated geometry in:     0.004 s.

--> Step   567 of  2001 simulation time:    2.2640
Elapsed wall time:   898.267
Assembled linear system in:     0.612 s.
Solved linear system in:     0.162 s.
Updated wake in:     1.570 s.
Updated geometry in:     0.004 s.

--> Step   568 of  2001 simulation time:    2.2680
Elapsed wall time:   901.007
Assembled linear system in:     0.613 s.
Solved linear system in:     0.157 s.
Updated wake in:     1.562 s.
Updated geometry in:     0.004 s.

--> Step   569 of  2001 simulation time:    2.2720
Elapsed wall time:   903.743
Assembled linear system in:     0.616 s.
Solved linear system in:     0.157 s.
Updated wake in:     1.573 s.
Updated geometry in:     0.004 s.

--> Step   570 of  2001 simulation time:    2.2760
Elapsed wall time:   906.485
Assembled linear system in:     0.620 s.
Solved linear system in:     0.157 s.
Updated wake in:     1.583 s.
Updated geometry in:     0.004 s.

--> Step   571 of  2001 simulation time:    2.2800
Elapsed wall time:   909.240
Assembled linear system in:     0.625 s.
Solved linear system in:     0.160 s.
Updated wake in:     1.574 s.
Updated geometry in:     0.004 s.

--> Step   572 of  2001 simulation time:    2.2840
Elapsed wall time:   912.019
Assembled linear system in:     0.620 s.
Solved linear system in:     0.157 s.
Updated wake in:     1.581 s.
Updated geometry in:     0.004 s.

--> Step   573 of  2001 simulation time:    2.2880
Elapsed wall time:   914.774
Assembled linear system in:     0.643 s.
Solved linear system in:     0.157 s.
Updated wake in:     1.586 s.
Updated geometry in:     0.004 s.

--> Step   574 of  2001 simulation time:    2.2920
Elapsed wall time:   917.561
Assembled linear system in:     0.627 s.
Solved linear system in:     0.158 s.
Updated wake in:     1.586 s.
Updated geometry in:     0.004 s.

--> Step   575 of  2001 simulation time:    2.2960
Elapsed wall time:   920.331
Assembled linear system in:     0.622 s.
Solved linear system in:     0.156 s.
Updated wake in:     1.594 s.
Updated geometry in:     0.004 s.

--> Step   576 of  2001 simulation time:    2.3000
Elapsed wall time:   923.100
Assembled linear system in:     0.623 s.
Solved linear system in:     0.155 s.
Updated wake in:     1.585 s.
Updated geometry in:     0.004 s.

--> Step   577 of  2001 simulation time:    2.3040
Elapsed wall time:   925.865
Assembled linear system in:     0.624 s.
Solved linear system in:     0.156 s.
Updated wake in:     1.588 s.
Updated geometry in:     0.004 s.

--> Step   578 of  2001 simulation time:    2.3080
Elapsed wall time:   928.636
Assembled linear system in:     0.631 s.
Solved linear system in:     0.157 s.
Updated wake in:     1.595 s.
Updated geometry in:     0.004 s.

--> Step   579 of  2001 simulation time:    2.3120
Elapsed wall time:   931.411
Assembled linear system in:     0.631 s.
Solved linear system in:     0.159 s.
Updated wake in:     1.597 s.
Updated geometry in:     0.004 s.

--> Step   580 of  2001 simulation time:    2.3160
Elapsed wall time:   934.202
Assembled linear system in:     0.631 s.
Solved linear system in:     0.163 s.
Updated wake in:     1.607 s.
Updated geometry in:     0.004 s.

--> Step   581 of  2001 simulation time:    2.3200
Elapsed wall time:   937.003
Assembled linear system in:     0.632 s.
Solved linear system in:     0.157 s.
Updated wake in:     1.604 s.
Updated geometry in:     0.004 s.

--> Step   582 of  2001 simulation time:    2.3240
Elapsed wall time:   939.809
Assembled linear system in:     0.632 s.
Solved linear system in:     0.161 s.
Updated wake in:     1.612 s.
Updated geometry in:     0.004 s.

--> Step   583 of  2001 simulation time:    2.3280
Elapsed wall time:   942.614
Assembled linear system in:     0.636 s.
Solved linear system in:     0.159 s.
Updated wake in:     1.606 s.
Updated geometry in:     0.004 s.

--> Step   584 of  2001 simulation time:    2.3320
Elapsed wall time:   945.419
Assembled linear system in:     0.633 s.
Solved linear system in:     0.156 s.
Updated wake in:     1.610 s.
Updated geometry in:     0.004 s.

--> Step   585 of  2001 simulation time:    2.3360
Elapsed wall time:   948.215
Assembled linear system in:     0.645 s.
Solved linear system in:     0.157 s.
Updated wake in:     1.612 s.
Updated geometry in:     0.004 s.

--> Step   586 of  2001 simulation time:    2.3400
Elapsed wall time:   951.028
Assembled linear system in:     0.640 s.
Solved linear system in:     0.156 s.
Updated wake in:     1.615 s.
Updated geometry in:     0.004 s.

--> Step   587 of  2001 simulation time:    2.3440
Elapsed wall time:   953.842
Assembled linear system in:     0.644 s.
Solved linear system in:     0.158 s.
Updated wake in:     1.624 s.
Updated geometry in:     0.004 s.

--> Step   588 of  2001 simulation time:    2.3480
Elapsed wall time:   956.667
Assembled linear system in:     0.646 s.
Solved linear system in:     0.157 s.
Updated wake in:     1.624 s.
Updated geometry in:     0.004 s.

--> Step   589 of  2001 simulation time:    2.3520
Elapsed wall time:   959.496
Assembled linear system in:     0.649 s.
Solved linear system in:     0.158 s.
Updated wake in:     1.634 s.
Updated geometry in:     0.004 s.

--> Step   590 of  2001 simulation time:    2.3560
Elapsed wall time:   962.335
Assembled linear system in:     0.646 s.
Solved linear system in:     0.157 s.
Updated wake in:     1.637 s.
Updated geometry in:     0.005 s.

--> Step   591 of  2001 simulation time:    2.3600
Elapsed wall time:   965.174
Assembled linear system in:     0.651 s.
Solved linear system in:     0.156 s.
Updated wake in:     1.637 s.
Updated geometry in:     0.004 s.

--> Step   592 of  2001 simulation time:    2.3640
Elapsed wall time:   968.036
Assembled linear system in:     0.643 s.
Solved linear system in:     0.153 s.
Updated wake in:     1.630 s.
Updated geometry in:     0.004 s.

--> Step   593 of  2001 simulation time:    2.3680
Elapsed wall time:   970.872
Assembled linear system in:     0.634 s.
Solved linear system in:     0.158 s.
Updated wake in:     1.635 s.
Updated geometry in:     0.004 s.

--> Step   594 of  2001 simulation time:    2.3720
Elapsed wall time:   973.700
Assembled linear system in:     0.651 s.
Solved linear system in:     0.157 s.
Updated wake in:     1.652 s.
Updated geometry in:     0.004 s.

--> Step   595 of  2001 simulation time:    2.3760
Elapsed wall time:   976.565
Assembled linear system in:     0.652 s.
Solved linear system in:     0.157 s.
Updated wake in:     1.650 s.
Updated geometry in:     0.004 s.

--> Step   596 of  2001 simulation time:    2.3800
Elapsed wall time:   979.432
Assembled linear system in:     0.656 s.
Solved linear system in:     0.156 s.
Updated wake in:     1.652 s.
Updated geometry in:     0.004 s.

--> Step   597 of  2001 simulation time:    2.3840
Elapsed wall time:   982.302
Assembled linear system in:     0.654 s.
Solved linear system in:     0.162 s.
Updated wake in:     1.655 s.
Updated geometry in:     0.004 s.

--> Step   598 of  2001 simulation time:    2.3880
Elapsed wall time:   985.178
Assembled linear system in:     0.663 s.
Solved linear system in:     0.157 s.
Updated wake in:     1.653 s.
Updated geometry in:     0.004 s.

--> Step   599 of  2001 simulation time:    2.3920
Elapsed wall time:   988.064
Assembled linear system in:     0.657 s.
Solved linear system in:     0.156 s.
Updated wake in:     1.656 s.
Updated geometry in:     0.004 s.

--> Step   600 of  2001 simulation time:    2.3960
Elapsed wall time:   990.940
Assembled linear system in:     0.662 s.
Solved linear system in:     0.157 s.
Updated wake in:     1.659 s.
Updated geometry in:     0.004 s.

--> Step   601 of  2001 simulation time:    2.4000
Elapsed wall time:   993.824
Assembled linear system in:     0.658 s.
Solved linear system in:     0.158 s.
Updated wake in:     1.669 s.
Updated geometry in:     0.004 s.

--> Step   602 of  2001 simulation time:    2.4040
Elapsed wall time:   996.731
Assembled linear system in:     0.662 s.
Solved linear system in:     0.158 s.
Updated wake in:     1.665 s.
Updated geometry in:     0.004 s.

--> Step   603 of  2001 simulation time:    2.4080
Elapsed wall time:   999.624
Assembled linear system in:     0.662 s.
Solved linear system in:     0.157 s.
Updated wake in:     1.673 s.
Updated geometry in:     0.005 s.

--> Step   604 of  2001 simulation time:    2.4120
Elapsed wall time:  1002.525
Assembled linear system in:     0.660 s.
Solved linear system in:     0.156 s.
Updated wake in:     1.680 s.
Updated geometry in:     0.004 s.

--> Step   605 of  2001 simulation time:    2.4160
Elapsed wall time:  1005.433
Assembled linear system in:     0.666 s.
Solved linear system in:     0.155 s.
Updated wake in:     1.667 s.
Updated geometry in:     0.004 s.

--> Step   606 of  2001 simulation time:    2.4200
Elapsed wall time:  1008.331
Assembled linear system in:     0.664 s.
Solved linear system in:     0.156 s.
Updated wake in:     1.677 s.
Updated geometry in:     0.005 s.

--> Step   607 of  2001 simulation time:    2.4240
Elapsed wall time:  1011.239
Assembled linear system in:     0.666 s.
Solved linear system in:     0.159 s.
Updated wake in:     1.677 s.
Updated geometry in:     0.004 s.

--> Step   608 of  2001 simulation time:    2.4280
Elapsed wall time:  1014.149
Assembled linear system in:     0.668 s.
Solved linear system in:     0.162 s.
Updated wake in:     1.691 s.
Updated geometry in:     0.004 s.

--> Step   609 of  2001 simulation time:    2.4320
Elapsed wall time:  1017.081
Assembled linear system in:     0.671 s.
Solved linear system in:     0.161 s.
Updated wake in:     1.687 s.
Updated geometry in:     0.004 s.

--> Step   610 of  2001 simulation time:    2.4360
Elapsed wall time:  1020.012
Assembled linear system in:     0.672 s.
Solved linear system in:     0.162 s.
Updated wake in:     1.698 s.
Updated geometry in:     0.004 s.

--> Step   611 of  2001 simulation time:    2.4400
Elapsed wall time:  1022.954
Assembled linear system in:     0.680 s.
Solved linear system in:     0.155 s.
Updated wake in:     1.685 s.
Updated geometry in:     0.004 s.

--> Step   612 of  2001 simulation time:    2.4440
Elapsed wall time:  1025.892
Assembled linear system in:     0.671 s.
Solved linear system in:     0.157 s.
Updated wake in:     1.701 s.
Updated geometry in:     0.004 s.

--> Step   613 of  2001 simulation time:    2.4480
Elapsed wall time:  1028.836
Assembled linear system in:     0.680 s.
Solved linear system in:     0.158 s.
Updated wake in:     1.694 s.
Updated geometry in:     0.004 s.

--> Step   614 of  2001 simulation time:    2.4520
Elapsed wall time:  1031.776
Assembled linear system in:     0.675 s.
Solved linear system in:     0.156 s.
Updated wake in:     1.698 s.
Updated geometry in:     0.004 s.

--> Step   615 of  2001 simulation time:    2.4560
Elapsed wall time:  1034.718
Assembled linear system in:     0.682 s.
Solved linear system in:     0.158 s.
Updated wake in:     1.700 s.
Updated geometry in:     0.004 s.

--> Step   616 of  2001 simulation time:    2.4600
Elapsed wall time:  1037.670
Assembled linear system in:     0.686 s.
Solved linear system in:     0.157 s.
Updated wake in:     1.709 s.
Updated geometry in:     0.005 s.

--> Step   617 of  2001 simulation time:    2.4640
Elapsed wall time:  1040.637
Assembled linear system in:     0.682 s.
Solved linear system in:     0.159 s.
Updated wake in:     1.713 s.
Updated geometry in:     0.004 s.

--> Step   618 of  2001 simulation time:    2.4680
Elapsed wall time:  1043.602
Assembled linear system in:     0.688 s.
Solved linear system in:     0.157 s.
Updated wake in:     1.713 s.
Updated geometry in:     0.004 s.

--> Step   619 of  2001 simulation time:    2.4720
Elapsed wall time:  1046.570
Assembled linear system in:     0.686 s.
Solved linear system in:     0.157 s.
Updated wake in:     1.722 s.
Updated geometry in:     0.004 s.

--> Step   620 of  2001 simulation time:    2.4760
Elapsed wall time:  1049.548
Assembled linear system in:     0.690 s.
Solved linear system in:     0.157 s.
Updated wake in:     1.722 s.
Updated geometry in:     0.004 s.

--> Step   621 of  2001 simulation time:    2.4800
Elapsed wall time:  1052.531
Assembled linear system in:     0.688 s.
Solved linear system in:     0.155 s.
Updated wake in:     1.725 s.
Updated geometry in:     0.004 s.

--> Step   622 of  2001 simulation time:    2.4840
Elapsed wall time:  1055.526
Assembled linear system in:     0.690 s.
Solved linear system in:     0.158 s.
Updated wake in:     1.717 s.
Updated geometry in:     0.004 s.

--> Step   623 of  2001 simulation time:    2.4880
Elapsed wall time:  1058.505
Assembled linear system in:     0.694 s.
Solved linear system in:     0.157 s.
Updated wake in:     1.731 s.
Updated geometry in:     0.004 s.

--> Step   624 of  2001 simulation time:    2.4920
Elapsed wall time:  1061.503
Assembled linear system in:     0.690 s.
Solved linear system in:     0.157 s.
Updated wake in:     1.731 s.
Updated geometry in:     0.004 s.

--> Step   625 of  2001 simulation time:    2.4960
Elapsed wall time:  1064.498
Assembled linear system in:     0.695 s.
Solved linear system in:     0.157 s.
Updated wake in:     1.728 s.
Updated geometry in:     0.004 s.

--> Step   626 of  2001 simulation time:    2.5000
Elapsed wall time:  1067.491
Assembled linear system in:     0.701 s.
Solved linear system in:     0.156 s.
Updated wake in:     1.729 s.
Updated geometry in:     0.004 s.

--> Step   627 of  2001 simulation time:    2.5040
Elapsed wall time:  1070.493
Assembled linear system in:     0.698 s.
Solved linear system in:     0.156 s.
Updated wake in:     1.744 s.
Updated geometry in:     0.004 s.

--> Step   628 of  2001 simulation time:    2.5080
Elapsed wall time:  1073.506
Assembled linear system in:     0.694 s.
Solved linear system in:     0.157 s.
Updated wake in:     1.749 s.
Updated geometry in:     0.004 s.

--> Step   629 of  2001 simulation time:    2.5120
Elapsed wall time:  1076.526
Assembled linear system in:     0.696 s.
Solved linear system in:     0.157 s.
Updated wake in:     1.746 s.
Updated geometry in:     0.005 s.

--> Step   630 of  2001 simulation time:    2.5160
Elapsed wall time:  1079.541
Assembled linear system in:     0.698 s.
Solved linear system in:     0.157 s.
Updated wake in:     1.739 s.
Updated geometry in:     0.004 s.

--> Step   631 of  2001 simulation time:    2.5200
Elapsed wall time:  1082.553
Assembled linear system in:     0.702 s.
Solved linear system in:     0.161 s.
Updated wake in:     1.752 s.
Updated geometry in:     0.004 s.

--> Step   632 of  2001 simulation time:    2.5240
Elapsed wall time:  1085.598
Assembled linear system in:     0.703 s.
Solved linear system in:     0.157 s.
Updated wake in:     1.756 s.
Updated geometry in:     0.004 s.

--> Step   633 of  2001 simulation time:    2.5280
Elapsed wall time:  1088.628
Assembled linear system in:     0.702 s.
Solved linear system in:     0.156 s.
Updated wake in:     1.750 s.
Updated geometry in:     0.005 s.

--> Step   634 of  2001 simulation time:    2.5320
Elapsed wall time:  1091.657
Assembled linear system in:     0.707 s.
Solved linear system in:     0.156 s.
Updated wake in:     1.748 s.
Updated geometry in:     0.005 s.

--> Step   635 of  2001 simulation time:    2.5360
Elapsed wall time:  1094.689
Assembled linear system in:     0.709 s.
Solved linear system in:     0.156 s.
Updated wake in:     1.759 s.
Updated geometry in:     0.004 s.

--> Step   636 of  2001 simulation time:    2.5400
Elapsed wall time:  1097.733
Assembled linear system in:     0.711 s.
Solved linear system in:     0.156 s.
Updated wake in:     1.765 s.
Updated geometry in:     0.004 s.

--> Step   637 of  2001 simulation time:    2.5440
Elapsed wall time:  1100.783
Assembled linear system in:     0.708 s.
Solved linear system in:     0.158 s.
Updated wake in:     1.761 s.
Updated geometry in:     0.004 s.

--> Step   638 of  2001 simulation time:    2.5480
Elapsed wall time:  1103.828
Assembled linear system in:     0.716 s.
Solved linear system in:     0.156 s.
Updated wake in:     1.765 s.
Updated geometry in:     0.005 s.

--> Step   639 of  2001 simulation time:    2.5520
Elapsed wall time:  1106.887
Assembled linear system in:     0.710 s.
Solved linear system in:     0.156 s.
Updated wake in:     1.771 s.
Updated geometry in:     0.005 s.

--> Step   640 of  2001 simulation time:    2.5560
Elapsed wall time:  1109.944
Assembled linear system in:     0.719 s.
Solved linear system in:     0.155 s.
Updated wake in:     1.782 s.
Updated geometry in:     0.004 s.

--> Step   641 of  2001 simulation time:    2.5600
Elapsed wall time:  1113.021
Assembled linear system in:     0.713 s.
Solved linear system in:     0.156 s.
Updated wake in:     1.780 s.
Updated geometry in:     0.004 s.

--> Step   642 of  2001 simulation time:    2.5640
Elapsed wall time:  1116.101
Assembled linear system in:     0.722 s.
Solved linear system in:     0.157 s.
Updated wake in:     1.783 s.
Updated geometry in:     0.004 s.

--> Step   643 of  2001 simulation time:    2.5680
Elapsed wall time:  1119.183
Assembled linear system in:     0.713 s.
Solved linear system in:     0.157 s.
Updated wake in:     1.778 s.
Updated geometry in:     0.005 s.

--> Step   644 of  2001 simulation time:    2.5720
Elapsed wall time:  1122.249
Assembled linear system in:     0.719 s.
Solved linear system in:     0.156 s.
Updated wake in:     1.795 s.
Updated geometry in:     0.004 s.

--> Step   645 of  2001 simulation time:    2.5760
Elapsed wall time:  1125.336
Assembled linear system in:     0.719 s.
Solved linear system in:     0.157 s.
Updated wake in:     1.791 s.
Updated geometry in:     0.004 s.

--> Step   646 of  2001 simulation time:    2.5800
Elapsed wall time:  1128.429
Assembled linear system in:     0.723 s.
Solved linear system in:     0.157 s.
Updated wake in:     1.793 s.
Updated geometry in:     0.004 s.

--> Step   647 of  2001 simulation time:    2.5840
Elapsed wall time:  1131.527
Assembled linear system in:     0.722 s.
Solved linear system in:     0.155 s.
Updated wake in:     1.793 s.
Updated geometry in:     0.004 s.

--> Step   648 of  2001 simulation time:    2.5880
Elapsed wall time:  1134.620
Assembled linear system in:     0.721 s.
Solved linear system in:     0.156 s.
Updated wake in:     1.799 s.
Updated geometry in:     0.005 s.

--> Step   649 of  2001 simulation time:    2.5920
Elapsed wall time:  1137.716
Assembled linear system in:     0.723 s.
Solved linear system in:     0.157 s.
Updated wake in:     1.805 s.
Updated geometry in:     0.004 s.

--> Step   650 of  2001 simulation time:    2.5960
Elapsed wall time:  1140.828
Assembled linear system in:     0.726 s.
Solved linear system in:     0.158 s.
Updated wake in:     1.797 s.
Updated geometry in:     0.004 s.

--> Step   651 of  2001 simulation time:    2.6000
Elapsed wall time:  1143.933
Assembled linear system in:     0.724 s.
Solved linear system in:     0.157 s.
Updated wake in:     1.810 s.
Updated geometry in:     0.004 s.

--> Step   652 of  2001 simulation time:    2.6040
Elapsed wall time:  1147.060
Assembled linear system in:     0.725 s.
Solved linear system in:     0.159 s.
Updated wake in:     1.808 s.
Updated geometry in:     0.005 s.

--> Step   653 of  2001 simulation time:    2.6080
Elapsed wall time:  1150.175
Assembled linear system in:     0.725 s.
Solved linear system in:     0.156 s.
Updated wake in:     1.829 s.
Updated geometry in:     0.004 s.

--> Step   654 of  2001 simulation time:    2.6120
Elapsed wall time:  1153.307
Assembled linear system in:     0.732 s.
Solved linear system in:     0.157 s.
Updated wake in:     1.819 s.
Updated geometry in:     0.004 s.

--> Step   655 of  2001 simulation time:    2.6160
Elapsed wall time:  1156.437
Assembled linear system in:     0.734 s.
Solved linear system in:     0.156 s.
Updated wake in:     1.811 s.
Updated geometry in:     0.004 s.

--> Step   656 of  2001 simulation time:    2.6200
Elapsed wall time:  1159.561
Assembled linear system in:     0.735 s.
Solved linear system in:     0.161 s.
Updated wake in:     1.817 s.
Updated geometry in:     0.005 s.

--> Step   657 of  2001 simulation time:    2.6240
Elapsed wall time:  1162.705
Assembled linear system in:     0.738 s.
Solved linear system in:     0.160 s.
Updated wake in:     1.815 s.
Updated geometry in:     0.004 s.

--> Step   658 of  2001 simulation time:    2.6280
Elapsed wall time:  1165.844
Assembled linear system in:     0.737 s.
Solved linear system in:     0.159 s.
Updated wake in:     1.830 s.
Updated geometry in:     0.004 s.

--> Step   659 of  2001 simulation time:    2.6320
Elapsed wall time:  1168.997
Assembled linear system in:     0.740 s.
Solved linear system in:     0.157 s.
Updated wake in:     1.826 s.
Updated geometry in:     0.004 s.

--> Step   660 of  2001 simulation time:    2.6360
Elapsed wall time:  1172.145
Assembled linear system in:     0.745 s.
Solved linear system in:     0.157 s.
Updated wake in:     1.821 s.
Updated geometry in:     0.005 s.

--> Step   661 of  2001 simulation time:    2.6400
Elapsed wall time:  1175.298
Assembled linear system in:     0.741 s.
Solved linear system in:     0.160 s.
Updated wake in:     1.826 s.
Updated geometry in:     0.005 s.

--> Step   662 of  2001 simulation time:    2.6440
Elapsed wall time:  1178.471
Assembled linear system in:     0.745 s.
Solved linear system in:     0.157 s.
Updated wake in:     1.836 s.
Updated geometry in:     0.005 s.

--> Step   663 of  2001 simulation time:    2.6480
Elapsed wall time:  1181.640
Assembled linear system in:     0.746 s.
Solved linear system in:     0.158 s.
Updated wake in:     1.843 s.
Updated geometry in:     0.005 s.

--> Step   664 of  2001 simulation time:    2.6520
Elapsed wall time:  1184.818
Assembled linear system in:     0.750 s.
Solved linear system in:     0.157 s.
Updated wake in:     1.838 s.
Updated geometry in:     0.004 s.

--> Step   665 of  2001 simulation time:    2.6560
Elapsed wall time:  1187.989
Assembled linear system in:     0.751 s.
Solved linear system in:     0.157 s.
Updated wake in:     1.841 s.
Updated geometry in:     0.004 s.

--> Step   666 of  2001 simulation time:    2.6600
Elapsed wall time:  1191.167
Assembled linear system in:     0.760 s.
Solved linear system in:     0.157 s.
Updated wake in:     1.833 s.
Updated geometry in:     0.004 s.

--> Step   667 of  2001 simulation time:    2.6640
Elapsed wall time:  1194.348
Assembled linear system in:     0.750 s.
Solved linear system in:     0.161 s.
Updated wake in:     1.858 s.
Updated geometry in:     0.005 s.

--> Step   668 of  2001 simulation time:    2.6680
Elapsed wall time:  1197.547
Assembled linear system in:     0.759 s.
Solved linear system in:     0.162 s.
Updated wake in:     1.854 s.
Updated geometry in:     0.004 s.

--> Step   669 of  2001 simulation time:    2.6720
Elapsed wall time:  1200.755
Assembled linear system in:     0.753 s.
Solved linear system in:     0.157 s.
Updated wake in:     1.856 s.
Updated geometry in:     0.005 s.

--> Step   670 of  2001 simulation time:    2.6760
Elapsed wall time:  1203.952
Assembled linear system in:     0.757 s.
Solved linear system in:     0.157 s.
Updated wake in:     1.855 s.
Updated geometry in:     0.004 s.

--> Step   671 of  2001 simulation time:    2.6800
Elapsed wall time:  1207.151
Assembled linear system in:     0.758 s.
Solved linear system in:     0.159 s.
Updated wake in:     1.856 s.
Updated geometry in:     0.004 s.

--> Step   672 of  2001 simulation time:    2.6840
Elapsed wall time:  1210.369
Assembled linear system in:     0.761 s.
Solved linear system in:     0.158 s.
Updated wake in:     1.869 s.
Updated geometry in:     0.004 s.

--> Step   673 of  2001 simulation time:    2.6880
Elapsed wall time:  1213.592
Assembled linear system in:     0.767 s.
Solved linear system in:     0.157 s.
Updated wake in:     1.875 s.
Updated geometry in:     0.005 s.

--> Step   674 of  2001 simulation time:    2.6920
Elapsed wall time:  1216.822
Assembled linear system in:     0.761 s.
Solved linear system in:     0.158 s.
Updated wake in:     1.864 s.
Updated geometry in:     0.004 s.

--> Step   675 of  2001 simulation time:    2.6960
Elapsed wall time:  1220.042
Assembled linear system in:     0.763 s.
Solved linear system in:     0.156 s.
Updated wake in:     1.877 s.
Updated geometry in:     0.004 s.

--> Step   676 of  2001 simulation time:    2.7000
Elapsed wall time:  1223.269
Assembled linear system in:     0.765 s.
Solved linear system in:     0.159 s.
Updated wake in:     1.875 s.
Updated geometry in:     0.004 s.

--> Step   677 of  2001 simulation time:    2.7040
Elapsed wall time:  1226.494
Assembled linear system in:     0.766 s.
Solved linear system in:     0.158 s.
Updated wake in:     1.875 s.
Updated geometry in:     0.005 s.

--> Step   678 of  2001 simulation time:    2.7080
Elapsed wall time:  1229.726
Assembled linear system in:     0.767 s.
Solved linear system in:     0.159 s.
Updated wake in:     1.885 s.
Updated geometry in:     0.005 s.

--> Step   679 of  2001 simulation time:    2.7120
Elapsed wall time:  1232.967
Assembled linear system in:     0.773 s.
Solved linear system in:     0.164 s.
Updated wake in:     1.880 s.
Updated geometry in:     0.004 s.

--> Step   680 of  2001 simulation time:    2.7160
Elapsed wall time:  1236.237
Assembled linear system in:     0.771 s.
Solved linear system in:     0.156 s.
Updated wake in:     1.886 s.
Updated geometry in:     0.004 s.

--> Step   681 of  2001 simulation time:    2.7200
Elapsed wall time:  1239.483
Assembled linear system in:     0.774 s.
Solved linear system in:     0.161 s.
Updated wake in:     1.886 s.
Updated geometry in:     0.004 s.

--> Step   682 of  2001 simulation time:    2.7240
Elapsed wall time:  1242.751
Assembled linear system in:     0.776 s.
Solved linear system in:     0.163 s.
Updated wake in:     1.891 s.
Updated geometry in:     0.004 s.

--> Step   683 of  2001 simulation time:    2.7280
Elapsed wall time:  1246.011
Assembled linear system in:     0.774 s.
Solved linear system in:     0.159 s.
Updated wake in:     1.899 s.
Updated geometry in:     0.005 s.

--> Step   684 of  2001 simulation time:    2.7320
Elapsed wall time:  1249.283
Assembled linear system in:     0.781 s.
Solved linear system in:     0.156 s.
Updated wake in:     1.902 s.
Updated geometry in:     0.005 s.

--> Step   685 of  2001 simulation time:    2.7360
Elapsed wall time:  1252.558
Assembled linear system in:     0.783 s.
Solved linear system in:     0.155 s.
Updated wake in:     1.901 s.
Updated geometry in:     0.004 s.

--> Step   686 of  2001 simulation time:    2.7400
Elapsed wall time:  1255.832
Assembled linear system in:     0.780 s.
Solved linear system in:     0.156 s.
Updated wake in:     1.907 s.
Updated geometry in:     0.004 s.

--> Step   687 of  2001 simulation time:    2.7440
Elapsed wall time:  1259.110
Assembled linear system in:     0.786 s.
Solved linear system in:     0.156 s.
Updated wake in:     1.909 s.
Updated geometry in:     0.004 s.

--> Step   688 of  2001 simulation time:    2.7480
Elapsed wall time:  1262.399
Assembled linear system in:     0.784 s.
Solved linear system in:     0.157 s.
Updated wake in:     1.920 s.
Updated geometry in:     0.005 s.

--> Step   689 of  2001 simulation time:    2.7520
Elapsed wall time:  1265.693
Assembled linear system in:     0.785 s.
Solved linear system in:     0.158 s.
Updated wake in:     1.915 s.
Updated geometry in:     0.004 s.

--> Step   690 of  2001 simulation time:    2.7560
Elapsed wall time:  1268.992
Assembled linear system in:     0.784 s.
Solved linear system in:     0.162 s.
Updated wake in:     1.919 s.
Updated geometry in:     0.004 s.

--> Step   691 of  2001 simulation time:    2.7600
Elapsed wall time:  1272.297
Assembled linear system in:     0.796 s.
Solved linear system in:     0.158 s.
Updated wake in:     1.925 s.
Updated geometry in:     0.005 s.

--> Step   692 of  2001 simulation time:    2.7640
Elapsed wall time:  1275.625
Assembled linear system in:     0.790 s.
Solved linear system in:     0.156 s.
Updated wake in:     1.915 s.
Updated geometry in:     0.004 s.

--> Step   693 of  2001 simulation time:    2.7680
Elapsed wall time:  1278.924
Assembled linear system in:     0.794 s.
Solved linear system in:     0.156 s.
Updated wake in:     1.912 s.
Updated geometry in:     0.005 s.

--> Step   694 of  2001 simulation time:    2.7720
Elapsed wall time:  1282.225
Assembled linear system in:     0.791 s.
Solved linear system in:     0.156 s.
Updated wake in:     1.924 s.
Updated geometry in:     0.005 s.

--> Step   695 of  2001 simulation time:    2.7760
Elapsed wall time:  1285.532
Assembled linear system in:     0.795 s.
Solved linear system in:     0.156 s.
Updated wake in:     1.924 s.
Updated geometry in:     0.004 s.

--> Step   696 of  2001 simulation time:    2.7800
Elapsed wall time:  1288.847
Assembled linear system in:     0.791 s.
Solved linear system in:     0.155 s.
Updated wake in:     1.937 s.
Updated geometry in:     0.004 s.

--> Step   697 of  2001 simulation time:    2.7840
Elapsed wall time:  1292.164
Assembled linear system in:     0.797 s.
Solved linear system in:     0.156 s.
Updated wake in:     1.928 s.
Updated geometry in:     0.004 s.

--> Step   698 of  2001 simulation time:    2.7880
Elapsed wall time:  1295.480
Assembled linear system in:     0.795 s.
Solved linear system in:     0.155 s.
Updated wake in:     1.941 s.
Updated geometry in:     0.005 s.

--> Step   699 of  2001 simulation time:    2.7920
Elapsed wall time:  1298.810
Assembled linear system in:     0.800 s.
Solved linear system in:     0.155 s.
Updated wake in:     1.938 s.
Updated geometry in:     0.004 s.

--> Step   700 of  2001 simulation time:    2.7960
Elapsed wall time:  1302.140
Assembled linear system in:     0.799 s.
Solved linear system in:     0.156 s.
Updated wake in:     1.941 s.
Updated geometry in:     0.004 s.

--> Step   701 of  2001 simulation time:    2.8000
Elapsed wall time:  1305.479
Assembled linear system in:     0.803 s.
Solved linear system in:     0.157 s.
Updated wake in:     1.944 s.
Updated geometry in:     0.004 s.

--> Step   702 of  2001 simulation time:    2.8040
Elapsed wall time:  1308.837
Assembled linear system in:     0.801 s.
Solved linear system in:     0.156 s.
Updated wake in:     1.945 s.
Updated geometry in:     0.004 s.

--> Step   703 of  2001 simulation time:    2.8080
Elapsed wall time:  1312.179
Assembled linear system in:     0.805 s.
Solved linear system in:     0.157 s.
Updated wake in:     1.952 s.
Updated geometry in:     0.005 s.

--> Step   704 of  2001 simulation time:    2.8120
Elapsed wall time:  1315.532
Assembled linear system in:     0.809 s.
Solved linear system in:     0.157 s.
Updated wake in:     1.966 s.
Updated geometry in:     0.005 s.

--> Step   705 of  2001 simulation time:    2.8160
Elapsed wall time:  1318.881
Assembled linear system in:     0.814 s.
Solved linear system in:     0.158 s.
Updated wake in:     1.951 s.
Updated geometry in:     0.004 s.

--> Step   706 of  2001 simulation time:    2.8200
Elapsed wall time:  1322.217
Assembled linear system in:     0.807 s.
Solved linear system in:     0.160 s.
Updated wake in:     1.974 s.
Updated geometry in:     0.004 s.

--> Step   707 of  2001 simulation time:    2.8240
Elapsed wall time:  1325.573
Assembled linear system in:     0.810 s.
Solved linear system in:     0.158 s.
Updated wake in:     1.972 s.
Updated geometry in:     0.004 s.

--> Step   708 of  2001 simulation time:    2.8280
Elapsed wall time:  1328.932
Assembled linear system in:     0.816 s.
Solved linear system in:     0.157 s.
Updated wake in:     1.972 s.
Updated geometry in:     0.005 s.

--> Step   709 of  2001 simulation time:    2.8320
Elapsed wall time:  1332.294
Assembled linear system in:     0.812 s.
Solved linear system in:     0.157 s.
Updated wake in:     1.973 s.
Updated geometry in:     0.005 s.

--> Step   710 of  2001 simulation time:    2.8360
Elapsed wall time:  1335.650
Assembled linear system in:     0.816 s.
Solved linear system in:     0.156 s.
Updated wake in:     1.976 s.
Updated geometry in:     0.005 s.

--> Step   711 of  2001 simulation time:    2.8400
Elapsed wall time:  1339.015
Assembled linear system in:     0.818 s.
Solved linear system in:     0.157 s.
Updated wake in:     1.974 s.
Updated geometry in:     0.005 s.

--> Step   712 of  2001 simulation time:    2.8440
Elapsed wall time:  1342.396
Assembled linear system in:     0.819 s.
Solved linear system in:     0.158 s.
Updated wake in:     1.989 s.
Updated geometry in:     0.004 s.

--> Step   713 of  2001 simulation time:    2.8480
Elapsed wall time:  1345.779
Assembled linear system in:     0.821 s.
Solved linear system in:     0.158 s.
Updated wake in:     1.988 s.
Updated geometry in:     0.004 s.

--> Step   714 of  2001 simulation time:    2.8520
Elapsed wall time:  1349.163
Assembled linear system in:     0.821 s.
Solved linear system in:     0.160 s.
Updated wake in:     1.996 s.
Updated geometry in:     0.004 s.

--> Step   715 of  2001 simulation time:    2.8560
Elapsed wall time:  1352.555
Assembled linear system in:     0.823 s.
Solved linear system in:     0.158 s.
Updated wake in:     1.992 s.
Updated geometry in:     0.005 s.

--> Step   716 of  2001 simulation time:    2.8600
Elapsed wall time:  1355.949
Assembled linear system in:     0.825 s.
Solved linear system in:     0.159 s.
Updated wake in:     1.999 s.
Updated geometry in:     0.005 s.

--> Step   717 of  2001 simulation time:    2.8640
Elapsed wall time:  1359.354
Assembled linear system in:     0.828 s.
Solved linear system in:     0.159 s.
Updated wake in:     2.003 s.
Updated geometry in:     0.005 s.

--> Step   718 of  2001 simulation time:    2.8680
Elapsed wall time:  1362.760
Assembled linear system in:     0.827 s.
Solved linear system in:     0.158 s.
Updated wake in:     1.998 s.
Updated geometry in:     0.004 s.

--> Step   719 of  2001 simulation time:    2.8720
Elapsed wall time:  1366.164
Assembled linear system in:     0.828 s.
Solved linear system in:     0.162 s.
Updated wake in:     2.012 s.
Updated geometry in:     0.004 s.

--> Step   720 of  2001 simulation time:    2.8760
Elapsed wall time:  1369.589
Assembled linear system in:     0.840 s.
Solved linear system in:     0.160 s.
Updated wake in:     2.015 s.
Updated geometry in:     0.005 s.

--> Step   721 of  2001 simulation time:    2.8800
Elapsed wall time:  1373.023
Assembled linear system in:     0.842 s.
Solved linear system in:     0.157 s.
Updated wake in:     2.012 s.
Updated geometry in:     0.004 s.

--> Step   722 of  2001 simulation time:    2.8840
Elapsed wall time:  1376.468
Assembled linear system in:     0.839 s.
Solved linear system in:     0.159 s.
Updated wake in:     2.009 s.
Updated geometry in:     0.005 s.

--> Step   723 of  2001 simulation time:    2.8880
Elapsed wall time:  1379.897
Assembled linear system in:     0.837 s.
Solved linear system in:     0.157 s.
Updated wake in:     2.023 s.
Updated geometry in:     0.005 s.

--> Step   724 of  2001 simulation time:    2.8920
Elapsed wall time:  1383.336
Assembled linear system in:     0.838 s.
Solved linear system in:     0.158 s.
Updated wake in:     2.013 s.
Updated geometry in:     0.004 s.

--> Step   725 of  2001 simulation time:    2.8960
Elapsed wall time:  1386.765
Assembled linear system in:     0.846 s.
Solved linear system in:     0.164 s.
Updated wake in:     2.019 s.
Updated geometry in:     0.005 s.

--> Step   726 of  2001 simulation time:    2.9000
Elapsed wall time:  1390.219
Assembled linear system in:     0.841 s.
Solved linear system in:     0.158 s.
Updated wake in:     2.027 s.
Updated geometry in:     0.005 s.

--> Step   727 of  2001 simulation time:    2.9040
Elapsed wall time:  1393.668
Assembled linear system in:     0.846 s.
Solved linear system in:     0.157 s.
Updated wake in:     2.032 s.
Updated geometry in:     0.004 s.

--> Step   728 of  2001 simulation time:    2.9080
Elapsed wall time:  1397.126
Assembled linear system in:     0.849 s.
Solved linear system in:     0.158 s.
Updated wake in:     2.033 s.
Updated geometry in:     0.005 s.

--> Step   729 of  2001 simulation time:    2.9120
Elapsed wall time:  1400.589
Assembled linear system in:     0.845 s.
Solved linear system in:     0.159 s.
Updated wake in:     2.038 s.
Updated geometry in:     0.005 s.

--> Step   730 of  2001 simulation time:    2.9160
Elapsed wall time:  1404.053
Assembled linear system in:     0.853 s.
Solved linear system in:     0.155 s.
Updated wake in:     2.028 s.
Updated geometry in:     0.004 s.

--> Step   731 of  2001 simulation time:    2.9200
Elapsed wall time:  1407.513
Assembled linear system in:     0.857 s.
Solved linear system in:     0.157 s.
Updated wake in:     2.035 s.
Updated geometry in:     0.005 s.

--> Step   732 of  2001 simulation time:    2.9240
Elapsed wall time:  1410.997
Assembled linear system in:     0.854 s.
Solved linear system in:     0.158 s.
Updated wake in:     2.037 s.
Updated geometry in:     0.005 s.

--> Step   733 of  2001 simulation time:    2.9280
Elapsed wall time:  1414.471
Assembled linear system in:     0.858 s.
Solved linear system in:     0.157 s.
Updated wake in:     2.039 s.
Updated geometry in:     0.004 s.

--> Step   734 of  2001 simulation time:    2.9320
Elapsed wall time:  1418.023
Assembled linear system in:     0.861 s.
Solved linear system in:     0.156 s.
Updated wake in:     2.050 s.
Updated geometry in:     0.004 s.

--> Step   735 of  2001 simulation time:    2.9360
Elapsed wall time:  1421.609
Assembled linear system in:     0.861 s.
Solved linear system in:     0.155 s.
Updated wake in:     2.057 s.
Updated geometry in:     0.005 s.

--> Step   736 of  2001 simulation time:    2.9400
Elapsed wall time:  1425.158
Assembled linear system in:     0.856 s.
Solved linear system in:     0.159 s.
Updated wake in:     2.054 s.
Updated geometry in:     0.005 s.

--> Step   737 of  2001 simulation time:    2.9440
Elapsed wall time:  1428.681
Assembled linear system in:     0.864 s.
Solved linear system in:     0.163 s.
Updated wake in:     2.057 s.
Updated geometry in:     0.005 s.

--> Step   738 of  2001 simulation time:    2.9480
Elapsed wall time:  1432.221
Assembled linear system in:     0.891 s.
Solved linear system in:     0.160 s.
Updated wake in:     2.061 s.
Updated geometry in:     0.005 s.

--> Step   739 of  2001 simulation time:    2.9520
Elapsed wall time:  1435.791
Assembled linear system in:     0.879 s.
Solved linear system in:     0.172 s.
Updated wake in:     2.062 s.
Updated geometry in:     0.005 s.

--> Step   740 of  2001 simulation time:    2.9560
Elapsed wall time:  1439.362
Assembled linear system in:     0.864 s.
Solved linear system in:     0.158 s.
Updated wake in:     2.071 s.
Updated geometry in:     0.005 s.

--> Step   741 of  2001 simulation time:    2.9600
Elapsed wall time:  1442.906
Assembled linear system in:     0.871 s.
Solved linear system in:     0.162 s.
Updated wake in:     2.057 s.
Updated geometry in:     0.005 s.

--> Step   742 of  2001 simulation time:    2.9640
Elapsed wall time:  1446.465
Assembled linear system in:     0.864 s.
Solved linear system in:     0.160 s.
Updated wake in:     2.063 s.
Updated geometry in:     0.005 s.

--> Step   743 of  2001 simulation time:    2.9680
Elapsed wall time:  1450.011
Assembled linear system in:     0.869 s.
Solved linear system in:     0.161 s.
Updated wake in:     2.069 s.
Updated geometry in:     0.005 s.

--> Step   744 of  2001 simulation time:    2.9720
Elapsed wall time:  1453.564
Assembled linear system in:     0.877 s.
Solved linear system in:     0.160 s.
Updated wake in:     2.082 s.
Updated geometry in:     0.005 s.

--> Step   745 of  2001 simulation time:    2.9760
Elapsed wall time:  1457.141
Assembled linear system in:     0.873 s.
Solved linear system in:     0.160 s.
Updated wake in:     2.078 s.
Updated geometry in:     0.005 s.

--> Step   746 of  2001 simulation time:    2.9800
Elapsed wall time:  1460.712
Assembled linear system in:     0.877 s.
Solved linear system in:     0.156 s.
Updated wake in:     2.079 s.
Updated geometry in:     0.004 s.

--> Step   747 of  2001 simulation time:    2.9840
Elapsed wall time:  1464.280
Assembled linear system in:     0.880 s.
Solved linear system in:     0.158 s.
Updated wake in:     2.082 s.
Updated geometry in:     0.005 s.

--> Step   748 of  2001 simulation time:    2.9880
Elapsed wall time:  1467.863
Assembled linear system in:     0.875 s.
Solved linear system in:     0.159 s.
Updated wake in:     2.094 s.
Updated geometry in:     0.004 s.

--> Step   749 of  2001 simulation time:    2.9920
Elapsed wall time:  1471.422
Assembled linear system in:     0.878 s.
Solved linear system in:     0.157 s.
Updated wake in:     2.085 s.
Updated geometry in:     0.005 s.

--> Step   750 of  2001 simulation time:    2.9960
Elapsed wall time:  1474.975
Assembled linear system in:     0.880 s.
Solved linear system in:     0.158 s.
Updated wake in:     2.096 s.
Updated geometry in:     0.005 s.

--> Step   751 of  2001 simulation time:    3.0000
Elapsed wall time:  1478.536
Assembled linear system in:     0.884 s.
Solved linear system in:     0.161 s.
Updated wake in:     2.085 s.
Updated geometry in:     0.005 s.

--> Step   752 of  2001 simulation time:    3.0040
Elapsed wall time:  1482.139
Assembled linear system in:     0.882 s.
Solved linear system in:     0.154 s.
Updated wake in:     2.092 s.
Updated geometry in:     0.005 s.

--> Step   753 of  2001 simulation time:    3.0080
Elapsed wall time:  1485.725
Assembled linear system in:     0.887 s.
Solved linear system in:     0.157 s.
Updated wake in:     2.096 s.
Updated geometry in:     0.005 s.

--> Step   754 of  2001 simulation time:    3.0120
Elapsed wall time:  1489.319
Assembled linear system in:     0.863 s.
Solved linear system in:     0.153 s.
Updated wake in:     2.109 s.
Updated geometry in:     0.004 s.

--> Step   755 of  2001 simulation time:    3.0160
Elapsed wall time:  1492.899
Assembled linear system in:     0.896 s.
Solved linear system in:     0.159 s.
Updated wake in:     2.101 s.
Updated geometry in:     0.005 s.

--> Step   756 of  2001 simulation time:    3.0200
Elapsed wall time:  1496.514
Assembled linear system in:     0.892 s.
Solved linear system in:     0.158 s.
Updated wake in:     2.105 s.
Updated geometry in:     0.005 s.

--> Step   757 of  2001 simulation time:    3.0240
Elapsed wall time:  1500.127
Assembled linear system in:     0.895 s.
Solved linear system in:     0.156 s.
Updated wake in:     2.102 s.
Updated geometry in:     0.005 s.

--> Step   758 of  2001 simulation time:    3.0280
Elapsed wall time:  1503.739
Assembled linear system in:     0.892 s.
Solved linear system in:     0.160 s.
Updated wake in:     2.113 s.
Updated geometry in:     0.005 s.

--> Step   759 of  2001 simulation time:    3.0320
Elapsed wall time:  1507.368
Assembled linear system in:     0.891 s.
Solved linear system in:     0.156 s.
Updated wake in:     2.105 s.
Updated geometry in:     0.005 s.

--> Step   760 of  2001 simulation time:    3.0360
Elapsed wall time:  1510.979
Assembled linear system in:     0.900 s.
Solved linear system in:     0.158 s.
Updated wake in:     2.115 s.
Updated geometry in:     0.005 s.

--> Step   761 of  2001 simulation time:    3.0400
Elapsed wall time:  1514.612
Assembled linear system in:     0.900 s.
Solved linear system in:     0.157 s.
Updated wake in:     2.113 s.
Updated geometry in:     0.005 s.

--> Step   762 of  2001 simulation time:    3.0440
Elapsed wall time:  1518.256
Assembled linear system in:     0.897 s.
Solved linear system in:     0.158 s.
Updated wake in:     2.126 s.
Updated geometry in:     0.005 s.

--> Step   763 of  2001 simulation time:    3.0480
Elapsed wall time:  1521.896
Assembled linear system in:     0.901 s.
Solved linear system in:     0.157 s.
Updated wake in:     2.124 s.
Updated geometry in:     0.004 s.

--> Step   764 of  2001 simulation time:    3.0520
Elapsed wall time:  1525.539
Assembled linear system in:     0.907 s.
Solved linear system in:     0.162 s.
Updated wake in:     2.127 s.
Updated geometry in:     0.006 s.

--> Step   765 of  2001 simulation time:    3.0560
Elapsed wall time:  1529.196
Assembled linear system in:     0.908 s.
Solved linear system in:     0.159 s.
Updated wake in:     2.129 s.
Updated geometry in:     0.005 s.

--> Step   766 of  2001 simulation time:    3.0600
Elapsed wall time:  1532.853
Assembled linear system in:     0.904 s.
Solved linear system in:     0.159 s.
Updated wake in:     2.136 s.
Updated geometry in:     0.005 s.

--> Step   767 of  2001 simulation time:    3.0640
Elapsed wall time:  1536.514
Assembled linear system in:     0.911 s.
Solved linear system in:     0.158 s.
Updated wake in:     2.137 s.
Updated geometry in:     0.005 s.

--> Step   768 of  2001 simulation time:    3.0680
Elapsed wall time:  1540.180
Assembled linear system in:     0.915 s.
Solved linear system in:     0.159 s.
Updated wake in:     2.143 s.
Updated geometry in:     0.004 s.

--> Step   769 of  2001 simulation time:    3.0720
Elapsed wall time:  1543.860
Assembled linear system in:     0.913 s.
Solved linear system in:     0.158 s.
Updated wake in:     2.149 s.
Updated geometry in:     0.005 s.

--> Step   770 of  2001 simulation time:    3.0760
Elapsed wall time:  1547.546
Assembled linear system in:     0.918 s.
Solved linear system in:     0.157 s.
Updated wake in:     2.151 s.
Updated geometry in:     0.005 s.

--> Step   771 of  2001 simulation time:    3.0800
Elapsed wall time:  1551.238
Assembled linear system in:     0.912 s.
Solved linear system in:     0.158 s.
Updated wake in:     2.144 s.
Updated geometry in:     0.005 s.

--> Step   772 of  2001 simulation time:    3.0840
Elapsed wall time:  1554.932
Assembled linear system in:     0.920 s.
Solved linear system in:     0.159 s.
Updated wake in:     2.147 s.
Updated geometry in:     0.005 s.

--> Step   773 of  2001 simulation time:    3.0880
Elapsed wall time:  1558.623
Assembled linear system in:     0.918 s.
Solved linear system in:     0.159 s.
Updated wake in:     2.150 s.
Updated geometry in:     0.005 s.

--> Step   774 of  2001 simulation time:    3.0920
Elapsed wall time:  1562.313
Assembled linear system in:     0.915 s.
Solved linear system in:     0.160 s.
Updated wake in:     2.158 s.
Updated geometry in:     0.005 s.

--> Step   775 of  2001 simulation time:    3.0960
Elapsed wall time:  1566.011
Assembled linear system in:     0.923 s.
Solved linear system in:     0.157 s.
Updated wake in:     2.170 s.
Updated geometry in:     0.005 s.

--> Step   776 of  2001 simulation time:    3.1000
Elapsed wall time:  1569.723
Assembled linear system in:     0.919 s.
Solved linear system in:     0.156 s.
Updated wake in:     2.172 s.
Updated geometry in:     0.005 s.

--> Step   777 of  2001 simulation time:    3.1040
Elapsed wall time:  1573.438
Assembled linear system in:     0.929 s.
Solved linear system in:     0.157 s.
Updated wake in:     2.174 s.
Updated geometry in:     0.004 s.

--> Step   778 of  2001 simulation time:    3.1080
Elapsed wall time:  1577.161
Assembled linear system in:     0.925 s.
Solved linear system in:     0.160 s.
Updated wake in:     2.168 s.
Updated geometry in:     0.005 s.

--> Step   779 of  2001 simulation time:    3.1120
Elapsed wall time:  1580.884
Assembled linear system in:     0.925 s.
Solved linear system in:     0.157 s.
Updated wake in:     2.174 s.
Updated geometry in:     0.005 s.

--> Step   780 of  2001 simulation time:    3.1160
Elapsed wall time:  1584.606
Assembled linear system in:     0.931 s.
Solved linear system in:     0.158 s.
Updated wake in:     2.184 s.
Updated geometry in:     0.005 s.

--> Step   781 of  2001 simulation time:    3.1200
Elapsed wall time:  1588.346
Assembled linear system in:     0.934 s.
Solved linear system in:     0.156 s.
Updated wake in:     2.179 s.
Updated geometry in:     0.005 s.

--> Step   782 of  2001 simulation time:    3.1240
Elapsed wall time:  1592.095
Assembled linear system in:     0.932 s.
Solved linear system in:     0.157 s.
Updated wake in:     2.186 s.
Updated geometry in:     0.005 s.

--> Step   783 of  2001 simulation time:    3.1280
Elapsed wall time:  1595.839
Assembled linear system in:     0.935 s.
Solved linear system in:     0.161 s.
Updated wake in:     2.194 s.
Updated geometry in:     0.005 s.

--> Step   784 of  2001 simulation time:    3.1320
Elapsed wall time:  1599.596
Assembled linear system in:     0.940 s.
Solved linear system in:     0.159 s.
Updated wake in:     2.190 s.
Updated geometry in:     0.005 s.

--> Step   785 of  2001 simulation time:    3.1360
Elapsed wall time:  1603.351
Assembled linear system in:     0.938 s.
Solved linear system in:     0.158 s.
Updated wake in:     2.191 s.
Updated geometry in:     0.005 s.

--> Step   786 of  2001 simulation time:    3.1400
Elapsed wall time:  1607.103
Assembled linear system in:     0.949 s.
Solved linear system in:     0.159 s.
Updated wake in:     2.198 s.
Updated geometry in:     0.005 s.

--> Step   787 of  2001 simulation time:    3.1440
Elapsed wall time:  1610.876
Assembled linear system in:     0.946 s.
Solved linear system in:     0.158 s.
Updated wake in:     2.196 s.
Updated geometry in:     0.005 s.

--> Step   788 of  2001 simulation time:    3.1480
Elapsed wall time:  1614.646
Assembled linear system in:     0.942 s.
Solved linear system in:     0.156 s.
Updated wake in:     2.200 s.
Updated geometry in:     0.005 s.

--> Step   789 of  2001 simulation time:    3.1520
Elapsed wall time:  1618.409
Assembled linear system in:     0.945 s.
Solved linear system in:     0.164 s.
Updated wake in:     2.202 s.
Updated geometry in:     0.005 s.

--> Step   790 of  2001 simulation time:    3.1560
Elapsed wall time:  1622.190
Assembled linear system in:     0.946 s.
Solved linear system in:     0.158 s.
Updated wake in:     2.211 s.
Updated geometry in:     0.005 s.

--> Step   791 of  2001 simulation time:    3.1600
Elapsed wall time:  1625.975
Assembled linear system in:     0.945 s.
Solved linear system in:     0.157 s.
Updated wake in:     2.203 s.
Updated geometry in:     0.005 s.

--> Step   792 of  2001 simulation time:    3.1640
Elapsed wall time:  1629.766
Assembled linear system in:     0.953 s.
Solved linear system in:     0.159 s.
Updated wake in:     2.224 s.
Updated geometry in:     0.005 s.

--> Step   793 of  2001 simulation time:    3.1680
Elapsed wall time:  1633.574
Assembled linear system in:     0.950 s.
Solved linear system in:     0.160 s.
Updated wake in:     2.216 s.
Updated geometry in:     0.005 s.

--> Step   794 of  2001 simulation time:    3.1720
Elapsed wall time:  1637.377
Assembled linear system in:     0.954 s.
Solved linear system in:     0.159 s.
Updated wake in:     2.222 s.
Updated geometry in:     0.005 s.

--> Step   795 of  2001 simulation time:    3.1760
Elapsed wall time:  1641.187
Assembled linear system in:     0.959 s.
Solved linear system in:     0.159 s.
Updated wake in:     2.224 s.
Updated geometry in:     0.005 s.

--> Step   796 of  2001 simulation time:    3.1800
Elapsed wall time:  1645.000
Assembled linear system in:     0.964 s.
Solved linear system in:     0.163 s.
Updated wake in:     2.228 s.
Updated geometry in:     0.005 s.

--> Step   797 of  2001 simulation time:    3.1840
Elapsed wall time:  1648.829
Assembled linear system in:     0.959 s.
Solved linear system in:     0.162 s.
Updated wake in:     2.231 s.
Updated geometry in:     0.005 s.

--> Step   798 of  2001 simulation time:    3.1880
Elapsed wall time:  1652.654
Assembled linear system in:     0.972 s.
Solved linear system in:     0.157 s.
Updated wake in:     2.230 s.
Updated geometry in:     0.005 s.

--> Step   799 of  2001 simulation time:    3.1920
Elapsed wall time:  1656.486
Assembled linear system in:     0.956 s.
Solved linear system in:     0.161 s.
Updated wake in:     2.238 s.
Updated geometry in:     0.005 s.

--> Step   800 of  2001 simulation time:    3.1960
Elapsed wall time:  1660.315
Assembled linear system in:     0.960 s.
Solved linear system in:     0.158 s.
Updated wake in:     2.239 s.
Updated geometry in:     0.005 s.

--> Step   801 of  2001 simulation time:    3.2000
Elapsed wall time:  1664.147
Assembled linear system in:     0.964 s.
Solved linear system in:     0.157 s.
Updated wake in:     2.239 s.
Updated geometry in:     0.005 s.

--> Step   802 of  2001 simulation time:    3.2040
Elapsed wall time:  1667.997
Assembled linear system in:     0.969 s.
Solved linear system in:     0.160 s.
Updated wake in:     2.246 s.
Updated geometry in:     0.005 s.

--> Step   803 of  2001 simulation time:    3.2080
Elapsed wall time:  1671.859
Assembled linear system in:     0.966 s.
Solved linear system in:     0.160 s.
Updated wake in:     2.245 s.
Updated geometry in:     0.005 s.

--> Step   804 of  2001 simulation time:    3.2120
Elapsed wall time:  1675.709
Assembled linear system in:     0.968 s.
Solved linear system in:     0.158 s.
Updated wake in:     2.255 s.
Updated geometry in:     0.005 s.

--> Step   805 of  2001 simulation time:    3.2160
Elapsed wall time:  1679.564
Assembled linear system in:     0.973 s.
Solved linear system in:     0.156 s.
Updated wake in:     2.255 s.
Updated geometry in:     0.005 s.

--> Step   806 of  2001 simulation time:    3.2200
Elapsed wall time:  1683.424
Assembled linear system in:     0.979 s.
Solved linear system in:     0.157 s.
Updated wake in:     2.249 s.
Updated geometry in:     0.005 s.

--> Step   807 of  2001 simulation time:    3.2240
Elapsed wall time:  1687.283
Assembled linear system in:     0.977 s.
Solved linear system in:     0.158 s.
Updated wake in:     2.255 s.
Updated geometry in:     0.006 s.

--> Step   808 of  2001 simulation time:    3.2280
Elapsed wall time:  1691.160
Assembled linear system in:     0.979 s.
Solved linear system in:     0.157 s.
Updated wake in:     2.251 s.
Updated geometry in:     0.005 s.

--> Step   809 of  2001 simulation time:    3.2320
Elapsed wall time:  1695.024
Assembled linear system in:     0.981 s.
Solved linear system in:     0.161 s.
Updated wake in:     2.250 s.
Updated geometry in:     0.005 s.

--> Step   810 of  2001 simulation time:    3.2360
Elapsed wall time:  1698.894
Assembled linear system in:     0.986 s.
Solved linear system in:     0.157 s.
Updated wake in:     2.245 s.
Updated geometry in:     0.005 s.

--> Step   811 of  2001 simulation time:    3.2400
Elapsed wall time:  1702.760
Assembled linear system in:     0.982 s.
Solved linear system in:     0.157 s.
Updated wake in:     2.258 s.
Updated geometry in:     0.005 s.

--> Step   812 of  2001 simulation time:    3.2440
Elapsed wall time:  1706.650
Assembled linear system in:     0.985 s.
Solved linear system in:     0.159 s.
Updated wake in:     2.269 s.
Updated geometry in:     0.005 s.

--> Step   813 of  2001 simulation time:    3.2480
Elapsed wall time:  1710.539
Assembled linear system in:     0.983 s.
Solved linear system in:     0.159 s.
Updated wake in:     2.275 s.
Updated geometry in:     0.005 s.

--> Step   814 of  2001 simulation time:    3.2520
Elapsed wall time:  1714.442
Assembled linear system in:     0.986 s.
Solved linear system in:     0.157 s.
Updated wake in:     2.279 s.
Updated geometry in:     0.005 s.

--> Step   815 of  2001 simulation time:    3.2560
Elapsed wall time:  1718.348
Assembled linear system in:     0.986 s.
Solved linear system in:     0.161 s.
Updated wake in:     2.288 s.
Updated geometry in:     0.005 s.

--> Step   816 of  2001 simulation time:    3.2600
Elapsed wall time:  1722.262
Assembled linear system in:     0.994 s.
Solved linear system in:     0.159 s.
Updated wake in:     2.280 s.
Updated geometry in:     0.005 s.

--> Step   817 of  2001 simulation time:    3.2640
Elapsed wall time:  1726.176
Assembled linear system in:     0.995 s.
Solved linear system in:     0.158 s.
Updated wake in:     2.289 s.
Updated geometry in:     0.005 s.

--> Step   818 of  2001 simulation time:    3.2680
Elapsed wall time:  1730.097
Assembled linear system in:     0.996 s.
Solved linear system in:     0.157 s.
Updated wake in:     2.294 s.
Updated geometry in:     0.005 s.

--> Step   819 of  2001 simulation time:    3.2720
Elapsed wall time:  1734.030
Assembled linear system in:     0.993 s.
Solved linear system in:     0.157 s.
Updated wake in:     2.300 s.
Updated geometry in:     0.005 s.

--> Step   820 of  2001 simulation time:    3.2760
Elapsed wall time:  1737.956
Assembled linear system in:     0.999 s.
Solved linear system in:     0.155 s.
Updated wake in:     2.296 s.
Updated geometry in:     0.005 s.

--> Step   821 of  2001 simulation time:    3.2800
Elapsed wall time:  1741.887
Assembled linear system in:     0.999 s.
Solved linear system in:     0.157 s.
Updated wake in:     2.301 s.
Updated geometry in:     0.005 s.

--> Step   822 of  2001 simulation time:    3.2840
Elapsed wall time:  1745.844
Assembled linear system in:     1.000 s.
Solved linear system in:     0.158 s.
Updated wake in:     2.309 s.
Updated geometry in:     0.005 s.

--> Step   823 of  2001 simulation time:    3.2880
Elapsed wall time:  1749.788
Assembled linear system in:     1.002 s.
Solved linear system in:     0.157 s.
Updated wake in:     2.299 s.
Updated geometry in:     0.005 s.

--> Step   824 of  2001 simulation time:    3.2920
Elapsed wall time:  1753.729
Assembled linear system in:     1.010 s.
Solved linear system in:     0.156 s.
Updated wake in:     2.312 s.
Updated geometry in:     0.005 s.

--> Step   825 of  2001 simulation time:    3.2960
Elapsed wall time:  1757.688
Assembled linear system in:     1.008 s.
Solved linear system in:     0.156 s.
Updated wake in:     2.307 s.
Updated geometry in:     0.005 s.

--> Step   826 of  2001 simulation time:    3.3000
Elapsed wall time:  1761.640
Assembled linear system in:     1.017 s.
Solved linear system in:     0.156 s.
Updated wake in:     2.311 s.
Updated geometry in:     0.005 s.

--> Step   827 of  2001 simulation time:    3.3040
Elapsed wall time:  1765.604
Assembled linear system in:     1.015 s.
Solved linear system in:     0.156 s.
Updated wake in:     2.301 s.
Updated geometry in:     0.005 s.

--> Step   828 of  2001 simulation time:    3.3080
Elapsed wall time:  1769.558
Assembled linear system in:     1.015 s.
Solved linear system in:     0.163 s.
Updated wake in:     2.303 s.
Updated geometry in:     0.005 s.

--> Step   829 of  2001 simulation time:    3.3120
Elapsed wall time:  1773.522
Assembled linear system in:     1.016 s.
Solved linear system in:     0.160 s.
Updated wake in:     2.313 s.
Updated geometry in:     0.005 s.

--> Step   830 of  2001 simulation time:    3.3160
Elapsed wall time:  1777.499
Assembled linear system in:     1.014 s.
Solved linear system in:     0.158 s.
Updated wake in:     2.328 s.
Updated geometry in:     0.005 s.

--> Step   831 of  2001 simulation time:    3.3200
Elapsed wall time:  1781.484
Assembled linear system in:     1.022 s.
Solved linear system in:     0.156 s.
Updated wake in:     2.334 s.
Updated geometry in:     0.005 s.

--> Step   832 of  2001 simulation time:    3.3240
Elapsed wall time:  1785.493
Assembled linear system in:     1.022 s.
Solved linear system in:     0.157 s.
Updated wake in:     2.330 s.
Updated geometry in:     0.005 s.

--> Step   833 of  2001 simulation time:    3.3280
Elapsed wall time:  1789.491
Assembled linear system in:     1.025 s.
Solved linear system in:     0.157 s.
Updated wake in:     2.335 s.
Updated geometry in:     0.005 s.

--> Step   834 of  2001 simulation time:    3.3320
Elapsed wall time:  1793.493
Assembled linear system in:     1.024 s.
Solved linear system in:     0.157 s.
Updated wake in:     2.346 s.
Updated geometry in:     0.005 s.

--> Step   835 of  2001 simulation time:    3.3360
Elapsed wall time:  1797.507
Assembled linear system in:     1.020 s.
Solved linear system in:     0.156 s.
Updated wake in:     2.335 s.
Updated geometry in:     0.005 s.

--> Step   836 of  2001 simulation time:    3.3400
Elapsed wall time:  1801.502
Assembled linear system in:     1.030 s.
Solved linear system in:     0.158 s.
Updated wake in:     2.346 s.
Updated geometry in:     0.005 s.

--> Step   837 of  2001 simulation time:    3.3440
Elapsed wall time:  1805.524
Assembled linear system in:     1.025 s.
Solved linear system in:     0.156 s.
Updated wake in:     2.353 s.
Updated geometry in:     0.005 s.

--> Step   838 of  2001 simulation time:    3.3480
Elapsed wall time:  1809.544
Assembled linear system in:     1.031 s.
Solved linear system in:     0.158 s.
Updated wake in:     2.352 s.
Updated geometry in:     0.005 s.

--> Step   839 of  2001 simulation time:    3.3520
Elapsed wall time:  1813.578
Assembled linear system in:     1.033 s.
Solved linear system in:     0.160 s.
Updated wake in:     2.354 s.
Updated geometry in:     0.005 s.

--> Step   840 of  2001 simulation time:    3.3560
Elapsed wall time:  1817.617
Assembled linear system in:     1.030 s.
Solved linear system in:     0.158 s.
Updated wake in:     2.355 s.
Updated geometry in:     0.005 s.

--> Step   841 of  2001 simulation time:    3.3600
Elapsed wall time:  1821.649
Assembled linear system in:     1.036 s.
Solved linear system in:     0.158 s.
Updated wake in:     2.353 s.
Updated geometry in:     0.005 s.

--> Step   842 of  2001 simulation time:    3.3640
Elapsed wall time:  1825.694
Assembled linear system in:     1.033 s.
Solved linear system in:     0.158 s.
Updated wake in:     2.371 s.
Updated geometry in:     0.005 s.

--> Step   843 of  2001 simulation time:    3.3680
Elapsed wall time:  1829.743
Assembled linear system in:     1.033 s.
Solved linear system in:     0.158 s.
Updated wake in:     2.372 s.
Updated geometry in:     0.005 s.

--> Step   844 of  2001 simulation time:    3.3720
Elapsed wall time:  1833.785
Assembled linear system in:     1.037 s.
Solved linear system in:     0.165 s.
Updated wake in:     2.367 s.
Updated geometry in:     0.006 s.

--> Step   845 of  2001 simulation time:    3.3760
Elapsed wall time:  1837.848
Assembled linear system in:     1.042 s.
Solved linear system in:     0.158 s.
Updated wake in:     2.369 s.
Updated geometry in:     0.005 s.

--> Step   846 of  2001 simulation time:    3.3800
Elapsed wall time:  1841.909
Assembled linear system in:     1.038 s.
Solved linear system in:     0.156 s.
Updated wake in:     2.378 s.
Updated geometry in:     0.005 s.

--> Step   847 of  2001 simulation time:    3.3840
Elapsed wall time:  1845.975
Assembled linear system in:     1.048 s.
Solved linear system in:     0.158 s.
Updated wake in:     2.376 s.
Updated geometry in:     0.005 s.

--> Step   848 of  2001 simulation time:    3.3880
Elapsed wall time:  1850.045
Assembled linear system in:     1.037 s.
Solved linear system in:     0.157 s.
Updated wake in:     2.385 s.
Updated geometry in:     0.005 s.

--> Step   849 of  2001 simulation time:    3.3920
Elapsed wall time:  1854.120
Assembled linear system in:     1.039 s.
Solved linear system in:     0.157 s.
Updated wake in:     2.374 s.
Updated geometry in:     0.005 s.

--> Step   850 of  2001 simulation time:    3.3960
Elapsed wall time:  1858.183
Assembled linear system in:     1.040 s.
Solved linear system in:     0.158 s.
Updated wake in:     2.381 s.
Updated geometry in:     0.005 s.

--> Step   851 of  2001 simulation time:    3.4000
Elapsed wall time:  1862.255
Assembled linear system in:     1.043 s.
Solved linear system in:     0.157 s.
Updated wake in:     2.365 s.
Updated geometry in:     0.005 s.

--> Step   852 of  2001 simulation time:    3.4040
Elapsed wall time:  1866.329
Assembled linear system in:     1.050 s.
Solved linear system in:     0.157 s.
Updated wake in:     2.377 s.
Updated geometry in:     0.005 s.

--> Step   853 of  2001 simulation time:    3.4080
Elapsed wall time:  1870.404
Assembled linear system in:     1.047 s.
Solved linear system in:     0.160 s.
Updated wake in:     2.370 s.
Updated geometry in:     0.005 s.

--> Step   854 of  2001 simulation time:    3.4120
Elapsed wall time:  1874.475
Assembled linear system in:     1.058 s.
Solved linear system in:     0.157 s.
Updated wake in:     2.388 s.
Updated geometry in:     0.005 s.

--> Step   855 of  2001 simulation time:    3.4160
Elapsed wall time:  1878.571
Assembled linear system in:     1.060 s.
Solved linear system in:     0.156 s.
Updated wake in:     2.385 s.
Updated geometry in:     0.006 s.

--> Step   856 of  2001 simulation time:    3.4200
Elapsed wall time:  1882.661
Assembled linear system in:     1.053 s.
Solved linear system in:     0.157 s.
Updated wake in:     2.389 s.
Updated geometry in:     0.005 s.

--> Step   857 of  2001 simulation time:    3.4240
Elapsed wall time:  1886.752
Assembled linear system in:     1.059 s.
Solved linear system in:     0.156 s.
Updated wake in:     2.382 s.
Updated geometry in:     0.005 s.

--> Step   858 of  2001 simulation time:    3.4280
Elapsed wall time:  1890.841
Assembled linear system in:     1.061 s.
Solved linear system in:     0.158 s.
Updated wake in:     2.394 s.
Updated geometry in:     0.005 s.

--> Step   859 of  2001 simulation time:    3.4320
Elapsed wall time:  1894.950
Assembled linear system in:     1.058 s.
Solved linear system in:     0.160 s.
Updated wake in:     2.408 s.
Updated geometry in:     0.005 s.

--> Step   860 of  2001 simulation time:    3.4360
Elapsed wall time:  1899.071
Assembled linear system in:     1.060 s.
Solved linear system in:     0.160 s.
Updated wake in:     2.403 s.
Updated geometry in:     0.005 s.

--> Step   861 of  2001 simulation time:    3.4400
Elapsed wall time:  1903.194
Assembled linear system in:     1.057 s.
Solved linear system in:     0.157 s.
Updated wake in:     2.406 s.
Updated geometry in:     0.005 s.

--> Step   862 of  2001 simulation time:    3.4440
Elapsed wall time:  1907.323
Assembled linear system in:     1.068 s.
Solved linear system in:     0.156 s.
Updated wake in:     2.413 s.
Updated geometry in:     0.006 s.

--> Step   863 of  2001 simulation time:    3.4480
Elapsed wall time:  1911.458
Assembled linear system in:     1.076 s.
Solved linear system in:     0.157 s.
Updated wake in:     2.416 s.
Updated geometry in:     0.005 s.

--> Step   864 of  2001 simulation time:    3.4520
Elapsed wall time:  1915.605
Assembled linear system in:     1.073 s.
Solved linear system in:     0.156 s.
Updated wake in:     2.420 s.
Updated geometry in:     0.005 s.

--> Step   865 of  2001 simulation time:    3.4560
Elapsed wall time:  1919.752
Assembled linear system in:     1.074 s.
Solved linear system in:     0.155 s.
Updated wake in:     2.427 s.
Updated geometry in:     0.005 s.

--> Step   866 of  2001 simulation time:    3.4600
Elapsed wall time:  1923.904
Assembled linear system in:     1.073 s.
Solved linear system in:     0.157 s.
Updated wake in:     2.434 s.
Updated geometry in:     0.005 s.

--> Step   867 of  2001 simulation time:    3.4640
Elapsed wall time:  1928.060
Assembled linear system in:     1.076 s.
Solved linear system in:     0.162 s.
Updated wake in:     2.430 s.
Updated geometry in:     0.005 s.

--> Step   868 of  2001 simulation time:    3.4680
Elapsed wall time:  1932.220
Assembled linear system in:     1.075 s.
Solved linear system in:     0.157 s.
Updated wake in:     2.436 s.
Updated geometry in:     0.005 s.

--> Step   869 of  2001 simulation time:    3.4720
Elapsed wall time:  1936.385
Assembled linear system in:     1.081 s.
Solved linear system in:     0.156 s.
Updated wake in:     2.437 s.
Updated geometry in:     0.005 s.

--> Step   870 of  2001 simulation time:    3.4760
Elapsed wall time:  1940.557
Assembled linear system in:     1.081 s.
Solved linear system in:     0.156 s.
Updated wake in:     2.433 s.
Updated geometry in:     0.005 s.

--> Step   871 of  2001 simulation time:    3.4800
Elapsed wall time:  1944.727
Assembled linear system in:     1.083 s.
Solved linear system in:     0.158 s.
Updated wake in:     2.438 s.
Updated geometry in:     0.006 s.

--> Step   872 of  2001 simulation time:    3.4840
Elapsed wall time:  1948.919
Assembled linear system in:     1.077 s.
Solved linear system in:     0.157 s.
Updated wake in:     2.445 s.
Updated geometry in:     0.005 s.

--> Step   873 of  2001 simulation time:    3.4880
Elapsed wall time:  1953.098
Assembled linear system in:     1.078 s.
Solved linear system in:     0.159 s.
Updated wake in:     2.444 s.
Updated geometry in:     0.005 s.

--> Step   874 of  2001 simulation time:    3.4920
Elapsed wall time:  1957.282
Assembled linear system in:     1.082 s.
Solved linear system in:     0.159 s.
Updated wake in:     2.452 s.
Updated geometry in:     0.005 s.

--> Step   875 of  2001 simulation time:    3.4960
Elapsed wall time:  1961.477
Assembled linear system in:     1.087 s.
Solved linear system in:     0.157 s.
Updated wake in:     2.461 s.
Updated geometry in:     0.005 s.

--> Step   876 of  2001 simulation time:    3.5000
Elapsed wall time:  1965.681
Assembled linear system in:     1.087 s.
Solved linear system in:     0.157 s.
Updated wake in:     2.463 s.
Updated geometry in:     0.005 s.

--> Step   877 of  2001 simulation time:    3.5040
Elapsed wall time:  1969.888
Assembled linear system in:     1.092 s.
Solved linear system in:     0.158 s.
Updated wake in:     2.462 s.
Updated geometry in:     0.005 s.

--> Step   878 of  2001 simulation time:    3.5080
Elapsed wall time:  1974.102
Assembled linear system in:     1.095 s.
Solved linear system in:     0.158 s.
Updated wake in:     2.460 s.
Updated geometry in:     0.006 s.

--> Step   879 of  2001 simulation time:    3.5120
Elapsed wall time:  1978.311
Assembled linear system in:     1.094 s.
Solved linear system in:     0.157 s.
Updated wake in:     2.457 s.
Updated geometry in:     0.006 s.

--> Step   880 of  2001 simulation time:    3.5160
Elapsed wall time:  1982.520
Assembled linear system in:     1.089 s.
Solved linear system in:     0.157 s.
Updated wake in:     2.469 s.
Updated geometry in:     0.006 s.

--> Step   881 of  2001 simulation time:    3.5200
Elapsed wall time:  1986.739
Assembled linear system in:     1.093 s.
Solved linear system in:     0.155 s.
Updated wake in:     2.471 s.
Updated geometry in:     0.005 s.

--> Step   882 of  2001 simulation time:    3.5240
Elapsed wall time:  1990.975
Assembled linear system in:     1.100 s.
Solved linear system in:     0.158 s.
Updated wake in:     2.470 s.
Updated geometry in:     0.005 s.

--> Step   883 of  2001 simulation time:    3.5280
Elapsed wall time:  1995.204
Assembled linear system in:     1.095 s.
Solved linear system in:     0.157 s.
Updated wake in:     2.479 s.
Updated geometry in:     0.005 s.

--> Step   884 of  2001 simulation time:    3.5320
Elapsed wall time:  1999.436
Assembled linear system in:     1.100 s.
Solved linear system in:     0.157 s.
Updated wake in:     2.479 s.
Updated geometry in:     0.005 s.

--> Step   885 of  2001 simulation time:    3.5360
Elapsed wall time:  2003.670
Assembled linear system in:     1.099 s.
Solved linear system in:     0.155 s.
Updated wake in:     2.467 s.
Updated geometry in:     0.006 s.

--> Step   886 of  2001 simulation time:    3.5400
Elapsed wall time:  2007.890
Assembled linear system in:     1.095 s.
Solved linear system in:     0.155 s.
Updated wake in:     2.489 s.
Updated geometry in:     0.005 s.

--> Step   887 of  2001 simulation time:    3.5440
Elapsed wall time:  2012.129
Assembled linear system in:     1.101 s.
Solved linear system in:     0.154 s.
Updated wake in:     2.482 s.
Updated geometry in:     0.005 s.

--> Step   888 of  2001 simulation time:    3.5480
Elapsed wall time:  2016.363
Assembled linear system in:     1.101 s.
Solved linear system in:     0.156 s.
Updated wake in:     2.488 s.
Updated geometry in:     0.005 s.

--> Step   889 of  2001 simulation time:    3.5520
Elapsed wall time:  2020.609
Assembled linear system in:     1.101 s.
Solved linear system in:     0.156 s.
Updated wake in:     2.498 s.
Updated geometry in:     0.005 s.

--> Step   890 of  2001 simulation time:    3.5560
Elapsed wall time:  2024.866
Assembled linear system in:     1.107 s.
Solved linear system in:     0.155 s.
Updated wake in:     2.498 s.
Updated geometry in:     0.006 s.

--> Step   891 of  2001 simulation time:    3.5600
Elapsed wall time:  2029.129
Assembled linear system in:     1.106 s.
Solved linear system in:     0.156 s.
Updated wake in:     2.498 s.
Updated geometry in:     0.006 s.

--> Step   892 of  2001 simulation time:    3.5640
Elapsed wall time:  2033.411
Assembled linear system in:     1.110 s.
Solved linear system in:     0.157 s.
Updated wake in:     2.519 s.
Updated geometry in:     0.005 s.

--> Step   893 of  2001 simulation time:    3.5680
Elapsed wall time:  2037.697
Assembled linear system in:     1.113 s.
Solved linear system in:     0.156 s.
Updated wake in:     2.514 s.
Updated geometry in:     0.006 s.

--> Step   894 of  2001 simulation time:    3.5720
Elapsed wall time:  2041.981
Assembled linear system in:     1.107 s.
Solved linear system in:     0.156 s.
Updated wake in:     2.521 s.
Updated geometry in:     0.006 s.

--> Step   895 of  2001 simulation time:    3.5760
Elapsed wall time:  2046.268
Assembled linear system in:     1.115 s.
Solved linear system in:     0.157 s.
Updated wake in:     2.512 s.
Updated geometry in:     0.005 s.

--> Step   896 of  2001 simulation time:    3.5800
Elapsed wall time:  2050.555
Assembled linear system in:     1.113 s.
Solved linear system in:     0.157 s.
Updated wake in:     2.522 s.
Updated geometry in:     0.005 s.

--> Step   897 of  2001 simulation time:    3.5840
Elapsed wall time:  2054.824
Assembled linear system in:     1.112 s.
Solved linear system in:     0.155 s.
Updated wake in:     2.522 s.
Updated geometry in:     0.005 s.

--> Step   898 of  2001 simulation time:    3.5880
Elapsed wall time:  2059.091
Assembled linear system in:     1.115 s.
Solved linear system in:     0.157 s.
Updated wake in:     2.524 s.
Updated geometry in:     0.005 s.

--> Step   899 of  2001 simulation time:    3.5920
Elapsed wall time:  2063.367
Assembled linear system in:     1.114 s.
Solved linear system in:     0.156 s.
Updated wake in:     2.526 s.
Updated geometry in:     0.005 s.

--> Step   900 of  2001 simulation time:    3.5960
Elapsed wall time:  2067.641
Assembled linear system in:     1.119 s.
Solved linear system in:     0.161 s.
Updated wake in:     2.533 s.
Updated geometry in:     0.006 s.

--> Step   901 of  2001 simulation time:    3.6000
Elapsed wall time:  2071.933
Assembled linear system in:     1.121 s.
Solved linear system in:     0.155 s.
Updated wake in:     2.536 s.
Updated geometry in:     0.005 s.

--> Step   902 of  2001 simulation time:    3.6040
Elapsed wall time:  2076.235
Assembled linear system in:     1.125 s.
Solved linear system in:     0.157 s.
Updated wake in:     2.550 s.
Updated geometry in:     0.005 s.

--> Step   903 of  2001 simulation time:    3.6080
Elapsed wall time:  2080.546
Assembled linear system in:     1.126 s.
Solved linear system in:     0.156 s.
Updated wake in:     2.552 s.
Updated geometry in:     0.005 s.

--> Step   904 of  2001 simulation time:    3.6120
Elapsed wall time:  2084.860
Assembled linear system in:     1.130 s.
Solved linear system in:     0.156 s.
Updated wake in:     2.541 s.
Updated geometry in:     0.005 s.

--> Step   905 of  2001 simulation time:    3.6160
Elapsed wall time:  2089.167
Assembled linear system in:     1.131 s.
Solved linear system in:     0.157 s.
Updated wake in:     2.555 s.
Updated geometry in:     0.006 s.

--> Step   906 of  2001 simulation time:    3.6200
Elapsed wall time:  2093.491
Assembled linear system in:     1.137 s.
Solved linear system in:     0.156 s.
Updated wake in:     2.557 s.
Updated geometry in:     0.005 s.

--> Step   907 of  2001 simulation time:    3.6240
Elapsed wall time:  2097.821
Assembled linear system in:     1.138 s.
Solved linear system in:     0.157 s.
Updated wake in:     2.549 s.
Updated geometry in:     0.005 s.

--> Step   908 of  2001 simulation time:    3.6280
Elapsed wall time:  2102.147
Assembled linear system in:     1.140 s.
Solved linear system in:     0.157 s.
Updated wake in:     2.545 s.
Updated geometry in:     0.005 s.

--> Step   909 of  2001 simulation time:    3.6320
Elapsed wall time:  2106.470
Assembled linear system in:     1.141 s.
Solved linear system in:     0.158 s.
Updated wake in:     2.550 s.
Updated geometry in:     0.005 s.

--> Step   910 of  2001 simulation time:    3.6360
Elapsed wall time:  2110.801
Assembled linear system in:     1.133 s.
Solved linear system in:     0.155 s.
Updated wake in:     2.554 s.
Updated geometry in:     0.005 s.

--> Step   911 of  2001 simulation time:    3.6400
Elapsed wall time:  2115.125
Assembled linear system in:     1.141 s.
Solved linear system in:     0.155 s.
Updated wake in:     2.564 s.
Updated geometry in:     0.005 s.

--> Step   912 of  2001 simulation time:    3.6440
Elapsed wall time:  2119.481
Assembled linear system in:     1.145 s.
Solved linear system in:     0.159 s.
Updated wake in:     2.560 s.
Updated geometry in:     0.005 s.

--> Step   913 of  2001 simulation time:    3.6480
Elapsed wall time:  2123.824
Assembled linear system in:     1.142 s.
Solved linear system in:     0.157 s.
Updated wake in:     2.566 s.
Updated geometry in:     0.005 s.

--> Step   914 of  2001 simulation time:    3.6520
Elapsed wall time:  2128.171
Assembled linear system in:     1.145 s.
Solved linear system in:     0.158 s.
Updated wake in:     2.563 s.
Updated geometry in:     0.006 s.

--> Step   915 of  2001 simulation time:    3.6560
Elapsed wall time:  2132.518
Assembled linear system in:     1.145 s.
Solved linear system in:     0.156 s.
Updated wake in:     2.575 s.
Updated geometry in:     0.005 s.

--> Step   916 of  2001 simulation time:    3.6600
Elapsed wall time:  2136.876
Assembled linear system in:     1.151 s.
Solved linear system in:     0.156 s.
Updated wake in:     2.586 s.
Updated geometry in:     0.005 s.

--> Step   917 of  2001 simulation time:    3.6640
Elapsed wall time:  2141.251
Assembled linear system in:     1.153 s.
Solved linear system in:     0.157 s.
Updated wake in:     2.590 s.
Updated geometry in:     0.005 s.

--> Step   918 of  2001 simulation time:    3.6680
Elapsed wall time:  2145.634
Assembled linear system in:     1.150 s.
Solved linear system in:     0.156 s.
Updated wake in:     2.596 s.
Updated geometry in:     0.005 s.

--> Step   919 of  2001 simulation time:    3.6720
Elapsed wall time:  2150.021
Assembled linear system in:     1.156 s.
Solved linear system in:     0.159 s.
Updated wake in:     2.585 s.
Updated geometry in:     0.006 s.

--> Step   920 of  2001 simulation time:    3.6760
Elapsed wall time:  2154.405
Assembled linear system in:     1.156 s.
Solved linear system in:     0.156 s.
Updated wake in:     2.588 s.
Updated geometry in:     0.005 s.

--> Step   921 of  2001 simulation time:    3.6800
Elapsed wall time:  2158.789
Assembled linear system in:     1.155 s.
Solved linear system in:     0.155 s.
Updated wake in:     2.584 s.
Updated geometry in:     0.005 s.

--> Step   922 of  2001 simulation time:    3.6840
Elapsed wall time:  2163.183
Assembled linear system in:     1.154 s.
Solved linear system in:     0.157 s.
Updated wake in:     2.595 s.
Updated geometry in:     0.005 s.

--> Step   923 of  2001 simulation time:    3.6880
Elapsed wall time:  2167.576
Assembled linear system in:     1.152 s.
Solved linear system in:     0.158 s.
Updated wake in:     2.617 s.
Updated geometry in:     0.005 s.

--> Step   924 of  2001 simulation time:    3.6920
Elapsed wall time:  2171.990
Assembled linear system in:     1.155 s.
Solved linear system in:     0.156 s.
Updated wake in:     2.610 s.
Updated geometry in:     0.005 s.

--> Step   925 of  2001 simulation time:    3.6960
Elapsed wall time:  2176.397
Assembled linear system in:     1.160 s.
Solved linear system in:     0.157 s.
Updated wake in:     2.594 s.
Updated geometry in:     0.005 s.

--> Step   926 of  2001 simulation time:    3.7000
Elapsed wall time:  2180.793
Assembled linear system in:     1.163 s.
Solved linear system in:     0.156 s.
Updated wake in:     2.617 s.
Updated geometry in:     0.005 s.

--> Step   927 of  2001 simulation time:    3.7040
Elapsed wall time:  2185.213
Assembled linear system in:     1.162 s.
Solved linear system in:     0.155 s.
Updated wake in:     2.615 s.
Updated geometry in:     0.006 s.

--> Step   928 of  2001 simulation time:    3.7080
Elapsed wall time:  2189.630
Assembled linear system in:     1.162 s.
Solved linear system in:     0.156 s.
Updated wake in:     2.625 s.
Updated geometry in:     0.005 s.

--> Step   929 of  2001 simulation time:    3.7120
Elapsed wall time:  2194.061
Assembled linear system in:     1.165 s.
Solved linear system in:     0.157 s.
Updated wake in:     2.617 s.
Updated geometry in:     0.006 s.

--> Step   930 of  2001 simulation time:    3.7160
Elapsed wall time:  2198.489
Assembled linear system in:     1.167 s.
Solved linear system in:     0.158 s.
Updated wake in:     2.618 s.
Updated geometry in:     0.005 s.

--> Step   931 of  2001 simulation time:    3.7200
Elapsed wall time:  2202.917
Assembled linear system in:     1.166 s.
Solved linear system in:     0.156 s.
Updated wake in:     2.618 s.
Updated geometry in:     0.005 s.

--> Step   932 of  2001 simulation time:    3.7240
Elapsed wall time:  2207.357
Assembled linear system in:     1.173 s.
Solved linear system in:     0.157 s.
Updated wake in:     2.619 s.
Updated geometry in:     0.005 s.

--> Step   933 of  2001 simulation time:    3.7280
Elapsed wall time:  2211.793
Assembled linear system in:     1.168 s.
Solved linear system in:     0.158 s.
Updated wake in:     2.627 s.
Updated geometry in:     0.005 s.

--> Step   934 of  2001 simulation time:    3.7320
Elapsed wall time:  2216.234
Assembled linear system in:     1.177 s.
Solved linear system in:     0.156 s.
Updated wake in:     2.627 s.
Updated geometry in:     0.006 s.

--> Step   935 of  2001 simulation time:    3.7360
Elapsed wall time:  2220.681
Assembled linear system in:     1.164 s.
Solved linear system in:     0.157 s.
Updated wake in:     2.640 s.
Updated geometry in:     0.006 s.

--> Step   936 of  2001 simulation time:    3.7400
Elapsed wall time:  2225.129
Assembled linear system in:     1.172 s.
Solved linear system in:     0.156 s.
Updated wake in:     2.646 s.
Updated geometry in:     0.006 s.

--> Step   937 of  2001 simulation time:    3.7440
Elapsed wall time:  2229.595
Assembled linear system in:     1.164 s.
Solved linear system in:     0.153 s.
Updated wake in:     2.632 s.
Updated geometry in:     0.005 s.

--> Step   938 of  2001 simulation time:    3.7480
Elapsed wall time:  2234.030
Assembled linear system in:     1.159 s.
Solved linear system in:     0.158 s.
Updated wake in:     2.620 s.
Updated geometry in:     0.005 s.

--> Step   939 of  2001 simulation time:    3.7520
Elapsed wall time:  2238.450
Assembled linear system in:     1.156 s.
Solved linear system in:     0.152 s.
Updated wake in:     2.623 s.
Updated geometry in:     0.006 s.

--> Step   940 of  2001 simulation time:    3.7560
Elapsed wall time:  2242.863
Assembled linear system in:     1.154 s.
Solved linear system in:     0.156 s.
Updated wake in:     2.629 s.
Updated geometry in:     0.006 s.

--> Step   941 of  2001 simulation time:    3.7600
Elapsed wall time:  2247.290
Assembled linear system in:     1.185 s.
Solved linear system in:     0.157 s.
Updated wake in:     2.650 s.
Updated geometry in:     0.005 s.

--> Step   942 of  2001 simulation time:    3.7640
Elapsed wall time:  2251.785
Assembled linear system in:     1.182 s.
Solved linear system in:     0.156 s.
Updated wake in:     2.669 s.
Updated geometry in:     0.005 s.

--> Step   943 of  2001 simulation time:    3.7680
Elapsed wall time:  2256.285
Assembled linear system in:     1.189 s.
Solved linear system in:     0.156 s.
Updated wake in:     2.659 s.
Updated geometry in:     0.005 s.

--> Step   944 of  2001 simulation time:    3.7720
Elapsed wall time:  2260.779
Assembled linear system in:     1.195 s.
Solved linear system in:     0.157 s.
Updated wake in:     2.669 s.
Updated geometry in:     0.005 s.

--> Step   945 of  2001 simulation time:    3.7760
Elapsed wall time:  2265.290
Assembled linear system in:     1.186 s.
Solved linear system in:     0.154 s.
Updated wake in:     2.664 s.
Updated geometry in:     0.005 s.

--> Step   946 of  2001 simulation time:    3.7800
Elapsed wall time:  2269.783
Assembled linear system in:     1.188 s.
Solved linear system in:     0.158 s.
Updated wake in:     2.666 s.
Updated geometry in:     0.005 s.

--> Step   947 of  2001 simulation time:    3.7840
Elapsed wall time:  2274.294
Assembled linear system in:     1.194 s.
Solved linear system in:     0.156 s.
Updated wake in:     2.661 s.
Updated geometry in:     0.006 s.

--> Step   948 of  2001 simulation time:    3.7880
Elapsed wall time:  2278.824
Assembled linear system in:     1.196 s.
Solved linear system in:     0.161 s.
Updated wake in:     2.668 s.
Updated geometry in:     0.006 s.

--> Step   949 of  2001 simulation time:    3.7920
Elapsed wall time:  2283.365
Assembled linear system in:     1.197 s.
Solved linear system in:     0.161 s.
Updated wake in:     2.672 s.
Updated geometry in:     0.006 s.

--> Step   950 of  2001 simulation time:    3.7960
Elapsed wall time:  2287.887
Assembled linear system in:     1.196 s.
Solved linear system in:     0.159 s.
Updated wake in:     2.685 s.
Updated geometry in:     0.005 s.

--> Step   951 of  2001 simulation time:    3.8000
Elapsed wall time:  2292.418
Assembled linear system in:     1.202 s.
Solved linear system in:     0.158 s.
Updated wake in:     2.687 s.
Updated geometry in:     0.005 s.

--> Step   952 of  2001 simulation time:    3.8040
Elapsed wall time:  2296.972
Assembled linear system in:     1.193 s.
Solved linear system in:     0.154 s.
Updated wake in:     2.691 s.
Updated geometry in:     0.006 s.

--> Step   953 of  2001 simulation time:    3.8080
Elapsed wall time:  2301.504
Assembled linear system in:     1.202 s.
Solved linear system in:     0.159 s.
Updated wake in:     2.700 s.
Updated geometry in:     0.006 s.

--> Step   954 of  2001 simulation time:    3.8120
Elapsed wall time:  2306.061
Assembled linear system in:     1.216 s.
Solved linear system in:     0.159 s.
Updated wake in:     2.681 s.
Updated geometry in:     0.005 s.

--> Step   955 of  2001 simulation time:    3.8160
Elapsed wall time:  2310.613
Assembled linear system in:     1.200 s.
Solved linear system in:     0.159 s.
Updated wake in:     2.698 s.
Updated geometry in:     0.006 s.

--> Step   956 of  2001 simulation time:    3.8200
Elapsed wall time:  2315.164
Assembled linear system in:     1.202 s.
Solved linear system in:     0.156 s.
Updated wake in:     2.695 s.
Updated geometry in:     0.005 s.

--> Step   957 of  2001 simulation time:    3.8240
Elapsed wall time:  2319.710
Assembled linear system in:     1.208 s.
Solved linear system in:     0.155 s.
Updated wake in:     2.704 s.
Updated geometry in:     0.005 s.

--> Step   958 of  2001 simulation time:    3.8280
Elapsed wall time:  2324.271
Assembled linear system in:     1.208 s.
Solved linear system in:     0.162 s.
Updated wake in:     2.700 s.
Updated geometry in:     0.006 s.

--> Step   959 of  2001 simulation time:    3.8320
Elapsed wall time:  2328.836
Assembled linear system in:     1.211 s.
Solved linear system in:     0.159 s.
Updated wake in:     2.711 s.
Updated geometry in:     0.006 s.

--> Step   960 of  2001 simulation time:    3.8360
Elapsed wall time:  2333.412
Assembled linear system in:     1.216 s.
Solved linear system in:     0.155 s.
Updated wake in:     2.721 s.
Updated geometry in:     0.006 s.

--> Step   961 of  2001 simulation time:    3.8400
Elapsed wall time:  2338.002
Assembled linear system in:     1.219 s.
Solved linear system in:     0.160 s.
Updated wake in:     2.695 s.
Updated geometry in:     0.005 s.

--> Step   962 of  2001 simulation time:    3.8440
Elapsed wall time:  2342.581
Assembled linear system in:     1.209 s.
Solved linear system in:     0.159 s.
Updated wake in:     2.710 s.
Updated geometry in:     0.005 s.

--> Step   963 of  2001 simulation time:    3.8480
Elapsed wall time:  2347.157
Assembled linear system in:     1.220 s.
Solved linear system in:     0.156 s.
Updated wake in:     2.702 s.
Updated geometry in:     0.006 s.

--> Step   964 of  2001 simulation time:    3.8520
Elapsed wall time:  2351.736
Assembled linear system in:     1.220 s.
Solved linear system in:     0.158 s.
Updated wake in:     2.720 s.
Updated geometry in:     0.006 s.

--> Step   965 of  2001 simulation time:    3.8560
Elapsed wall time:  2356.334
Assembled linear system in:     1.223 s.
Solved linear system in:     0.155 s.
Updated wake in:     2.723 s.
Updated geometry in:     0.005 s.

--> Step   966 of  2001 simulation time:    3.8600
Elapsed wall time:  2360.979
Assembled linear system in:     1.215 s.
Solved linear system in:     0.156 s.
Updated wake in:     2.724 s.
Updated geometry in:     0.006 s.

--> Step   967 of  2001 simulation time:    3.8640
Elapsed wall time:  2365.643
Assembled linear system in:     1.223 s.
Solved linear system in:     0.159 s.
Updated wake in:     2.715 s.
Updated geometry in:     0.005 s.

--> Step   968 of  2001 simulation time:    3.8680
Elapsed wall time:  2370.258
Assembled linear system in:     1.223 s.
Solved linear system in:     0.159 s.
Updated wake in:     2.718 s.
Updated geometry in:     0.005 s.

--> Step   969 of  2001 simulation time:    3.8720
Elapsed wall time:  2374.857
Assembled linear system in:     1.225 s.
Solved linear system in:     0.157 s.
Updated wake in:     2.730 s.
Updated geometry in:     0.006 s.

--> Step   970 of  2001 simulation time:    3.8760
Elapsed wall time:  2379.467
Assembled linear system in:     1.249 s.
Solved linear system in:     0.162 s.
Updated wake in:     2.736 s.
Updated geometry in:     0.005 s.

--> Step   971 of  2001 simulation time:    3.8800
Elapsed wall time:  2384.113
Assembled linear system in:     1.220 s.
Solved linear system in:     0.157 s.
Updated wake in:     2.738 s.
Updated geometry in:     0.005 s.

--> Step   972 of  2001 simulation time:    3.8840
Elapsed wall time:  2388.742
Assembled linear system in:     1.225 s.
Solved linear system in:     0.157 s.
Updated wake in:     2.753 s.
Updated geometry in:     0.005 s.

--> Step   973 of  2001 simulation time:    3.8880
Elapsed wall time:  2393.382
Assembled linear system in:     1.239 s.
Solved linear system in:     0.158 s.
Updated wake in:     2.761 s.
Updated geometry in:     0.006 s.

--> Step   974 of  2001 simulation time:    3.8920
Elapsed wall time:  2398.047
Assembled linear system in:     1.236 s.
Solved linear system in:     0.157 s.
Updated wake in:     2.747 s.
Updated geometry in:     0.005 s.

--> Step   975 of  2001 simulation time:    3.8960
Elapsed wall time:  2402.685
Assembled linear system in:     1.229 s.
Solved linear system in:     0.159 s.
Updated wake in:     2.744 s.
Updated geometry in:     0.005 s.

--> Step   976 of  2001 simulation time:    3.9000
Elapsed wall time:  2407.319
Assembled linear system in:     1.230 s.
Solved linear system in:     0.157 s.
Updated wake in:     2.753 s.
Updated geometry in:     0.005 s.

--> Step   977 of  2001 simulation time:    3.9040
Elapsed wall time:  2411.964
Assembled linear system in:     1.239 s.
Solved linear system in:     0.158 s.
Updated wake in:     2.760 s.
Updated geometry in:     0.005 s.

--> Step   978 of  2001 simulation time:    3.9080
Elapsed wall time:  2416.622
Assembled linear system in:     1.237 s.
Solved linear system in:     0.157 s.
Updated wake in:     2.763 s.
Updated geometry in:     0.005 s.

--> Step   979 of  2001 simulation time:    3.9120
Elapsed wall time:  2421.281
Assembled linear system in:     1.235 s.
Solved linear system in:     0.158 s.
Updated wake in:     2.775 s.
Updated geometry in:     0.006 s.

--> Step   980 of  2001 simulation time:    3.9160
Elapsed wall time:  2425.949
Assembled linear system in:     1.237 s.
Solved linear system in:     0.160 s.
Updated wake in:     2.760 s.
Updated geometry in:     0.006 s.

--> Step   981 of  2001 simulation time:    3.9200
Elapsed wall time:  2430.612
Assembled linear system in:     1.247 s.
Solved linear system in:     0.159 s.
Updated wake in:     2.770 s.
Updated geometry in:     0.005 s.

--> Step   982 of  2001 simulation time:    3.9240
Elapsed wall time:  2435.306
Assembled linear system in:     1.246 s.
Solved linear system in:     0.156 s.
Updated wake in:     2.776 s.
Updated geometry in:     0.006 s.

--> Step   983 of  2001 simulation time:    3.9280
Elapsed wall time:  2439.988
Assembled linear system in:     1.240 s.
Solved linear system in:     0.158 s.
Updated wake in:     2.786 s.
Updated geometry in:     0.005 s.

--> Step   984 of  2001 simulation time:    3.9320
Elapsed wall time:  2444.674
Assembled linear system in:     1.252 s.
Solved linear system in:     0.155 s.
Updated wake in:     2.783 s.
Updated geometry in:     0.005 s.

--> Step   985 of  2001 simulation time:    3.9360
Elapsed wall time:  2449.367
Assembled linear system in:     1.257 s.
Solved linear system in:     0.158 s.
Updated wake in:     2.796 s.
Updated geometry in:     0.006 s.

--> Step   986 of  2001 simulation time:    3.9400
Elapsed wall time:  2454.083
Assembled linear system in:     1.245 s.
Solved linear system in:     0.157 s.
Updated wake in:     2.777 s.
Updated geometry in:     0.006 s.

--> Step   987 of  2001 simulation time:    3.9440
Elapsed wall time:  2458.770
Assembled linear system in:     1.251 s.
Solved linear system in:     0.158 s.
Updated wake in:     2.786 s.
Updated geometry in:     0.006 s.

--> Step   988 of  2001 simulation time:    3.9480
Elapsed wall time:  2463.470
Assembled linear system in:     1.257 s.
Solved linear system in:     0.161 s.
Updated wake in:     2.795 s.
Updated geometry in:     0.005 s.

--> Step   989 of  2001 simulation time:    3.9520
Elapsed wall time:  2468.190
Assembled linear system in:     1.250 s.
Solved linear system in:     0.158 s.
Updated wake in:     2.798 s.
Updated geometry in:     0.006 s.

--> Step   990 of  2001 simulation time:    3.9560
Elapsed wall time:  2472.904
Assembled linear system in:     1.241 s.
Solved linear system in:     0.151 s.
Updated wake in:     2.779 s.
Updated geometry in:     0.005 s.

--> Step   991 of  2001 simulation time:    3.9600
Elapsed wall time:  2477.577
Assembled linear system in:     1.234 s.
Solved linear system in:     0.154 s.
Updated wake in:     2.793 s.
Updated geometry in:     0.005 s.

--> Step   992 of  2001 simulation time:    3.9640
Elapsed wall time:  2482.269
Assembled linear system in:     1.239 s.
Solved linear system in:     0.153 s.
Updated wake in:     2.772 s.
Updated geometry in:     0.005 s.

--> Step   993 of  2001 simulation time:    3.9680
Elapsed wall time:  2486.934
Assembled linear system in:     1.229 s.
Solved linear system in:     0.156 s.
Updated wake in:     2.774 s.
Updated geometry in:     0.005 s.

--> Step   994 of  2001 simulation time:    3.9720
Elapsed wall time:  2491.595
Assembled linear system in:     1.243 s.
Solved linear system in:     0.152 s.
Updated wake in:     2.776 s.
Updated geometry in:     0.005 s.

--> Step   995 of  2001 simulation time:    3.9760
Elapsed wall time:  2496.265
Assembled linear system in:     1.239 s.
Solved linear system in:     0.151 s.
Updated wake in:     2.800 s.
Updated geometry in:     0.005 s.

--> Step   996 of  2001 simulation time:    3.9800
Elapsed wall time:  2500.954
Assembled linear system in:     1.240 s.
Solved linear system in:     0.152 s.
Updated wake in:     2.810 s.
Updated geometry in:     0.005 s.

--> Step   997 of  2001 simulation time:    3.9840
Elapsed wall time:  2505.655
Assembled linear system in:     1.245 s.
Solved linear system in:     0.156 s.
Updated wake in:     2.817 s.
Updated geometry in:     0.006 s.

--> Step   998 of  2001 simulation time:    3.9880
Elapsed wall time:  2510.377
Assembled linear system in:     1.266 s.
Solved linear system in:     0.156 s.
Updated wake in:     2.815 s.
Updated geometry in:     0.005 s.

--> Step   999 of  2001 simulation time:    3.9920
Elapsed wall time:  2515.121
Assembled linear system in:     1.272 s.
Solved linear system in:     0.156 s.
Updated wake in:     2.824 s.
Updated geometry in:     0.005 s.

--> Step  1000 of  2001 simulation time:    3.9960
Elapsed wall time:  2519.879
Assembled linear system in:     1.269 s.
Solved linear system in:     0.156 s.
Updated wake in:     2.834 s.
Updated geometry in:     0.005 s.

--> Step  1001 of  2001 simulation time:    4.0000
Elapsed wall time:  2524.645
Assembled linear system in:     1.270 s.
Solved linear system in:     0.162 s.
Updated wake in:     2.839 s.
Updated geometry in:     0.006 s.

--> Step  1002 of  2001 simulation time:    4.0040
Elapsed wall time:  2529.439
Assembled linear system in:     1.269 s.
Solved linear system in:     0.158 s.
Updated wake in:     2.853 s.
Updated geometry in:     0.006 s.

--> Step  1003 of  2001 simulation time:    4.0080
Elapsed wall time:  2534.227
Assembled linear system in:     1.273 s.
Solved linear system in:     0.156 s.
Updated wake in:     2.835 s.
Updated geometry in:     0.005 s.

--> Step  1004 of  2001 simulation time:    4.0120
Elapsed wall time:  2538.995
Assembled linear system in:     1.274 s.
Solved linear system in:     0.161 s.
Updated wake in:     2.835 s.
Updated geometry in:     0.006 s.

--> Step  1005 of  2001 simulation time:    4.0160
Elapsed wall time:  2543.795
Assembled linear system in:     1.279 s.
Solved linear system in:     0.158 s.
Updated wake in:     2.842 s.
Updated geometry in:     0.005 s.

--> Step  1006 of  2001 simulation time:    4.0200
Elapsed wall time:  2548.582
Assembled linear system in:     1.284 s.
Solved linear system in:     0.156 s.
Updated wake in:     2.853 s.
Updated geometry in:     0.006 s.

--> Step  1007 of  2001 simulation time:    4.0240
Elapsed wall time:  2553.381
Assembled linear system in:     1.285 s.
Solved linear system in:     0.156 s.
Updated wake in:     2.857 s.
Updated geometry in:     0.005 s.

--> Step  1008 of  2001 simulation time:    4.0280
Elapsed wall time:  2558.189
Assembled linear system in:     1.287 s.
Solved linear system in:     0.158 s.
Updated wake in:     2.842 s.
Updated geometry in:     0.006 s.

--> Step  1009 of  2001 simulation time:    4.0320
Elapsed wall time:  2562.987
Assembled linear system in:     1.291 s.
Solved linear system in:     0.157 s.
Updated wake in:     2.845 s.
Updated geometry in:     0.006 s.

--> Step  1010 of  2001 simulation time:    4.0360
Elapsed wall time:  2567.789
Assembled linear system in:     1.284 s.
Solved linear system in:     0.158 s.
Updated wake in:     2.861 s.
Updated geometry in:     0.006 s.

--> Step  1011 of  2001 simulation time:    4.0400
Elapsed wall time:  2572.605
Assembled linear system in:     1.285 s.
Solved linear system in:     0.158 s.
Updated wake in:     2.846 s.
Updated geometry in:     0.006 s.

--> Step  1012 of  2001 simulation time:    4.0440
Elapsed wall time:  2577.419
Assembled linear system in:     1.285 s.
Solved linear system in:     0.157 s.
Updated wake in:     2.871 s.
Updated geometry in:     0.006 s.

--> Step  1013 of  2001 simulation time:    4.0480
Elapsed wall time:  2582.243
Assembled linear system in:     1.287 s.
Solved linear system in:     0.157 s.
Updated wake in:     2.850 s.
Updated geometry in:     0.006 s.

--> Step  1014 of  2001 simulation time:    4.0520
Elapsed wall time:  2587.046
Assembled linear system in:     1.294 s.
Solved linear system in:     0.159 s.
Updated wake in:     2.859 s.
Updated geometry in:     0.006 s.

--> Step  1015 of  2001 simulation time:    4.0560
Elapsed wall time:  2591.869
Assembled linear system in:     1.292 s.
Solved linear system in:     0.156 s.
Updated wake in:     2.861 s.
Updated geometry in:     0.006 s.

--> Step  1016 of  2001 simulation time:    4.0600
Elapsed wall time:  2596.686
Assembled linear system in:     1.292 s.
Solved linear system in:     0.156 s.
Updated wake in:     2.873 s.
Updated geometry in:     0.005 s.

--> Step  1017 of  2001 simulation time:    4.0640
Elapsed wall time:  2601.516
Assembled linear system in:     1.293 s.
Solved linear system in:     0.157 s.
Updated wake in:     2.867 s.
Updated geometry in:     0.005 s.

--> Step  1018 of  2001 simulation time:    4.0680
Elapsed wall time:  2606.345
Assembled linear system in:     1.293 s.
Solved linear system in:     0.156 s.
Updated wake in:     2.865 s.
Updated geometry in:     0.006 s.

--> Step  1019 of  2001 simulation time:    4.0720
Elapsed wall time:  2611.171
Assembled linear system in:     1.303 s.
Solved linear system in:     0.155 s.
Updated wake in:     2.876 s.
Updated geometry in:     0.006 s.

--> Step  1020 of  2001 simulation time:    4.0760
Elapsed wall time:  2616.017
Assembled linear system in:     1.290 s.
Solved linear system in:     0.158 s.
Updated wake in:     2.872 s.
Updated geometry in:     0.006 s.

--> Step  1021 of  2001 simulation time:    4.0800
Elapsed wall time:  2620.850
Assembled linear system in:     1.300 s.
Solved linear system in:     0.161 s.
Updated wake in:     2.887 s.
Updated geometry in:     0.006 s.

--> Step  1022 of  2001 simulation time:    4.0840
Elapsed wall time:  2625.725
Assembled linear system in:     1.302 s.
Solved linear system in:     0.158 s.
Updated wake in:     2.900 s.
Updated geometry in:     0.006 s.

--> Step  1023 of  2001 simulation time:    4.0880
Elapsed wall time:  2630.599
Assembled linear system in:     1.295 s.
Solved linear system in:     0.155 s.
Updated wake in:     2.889 s.
Updated geometry in:     0.006 s.

--> Step  1024 of  2001 simulation time:    4.0920
Elapsed wall time:  2635.452
Assembled linear system in:     1.317 s.
Solved linear system in:     0.158 s.
Updated wake in:     2.896 s.
Updated geometry in:     0.006 s.

--> Step  1025 of  2001 simulation time:    4.0960
Elapsed wall time:  2640.336
Assembled linear system in:     1.308 s.
Solved linear system in:     0.158 s.
Updated wake in:     2.907 s.
Updated geometry in:     0.005 s.

--> Step  1026 of  2001 simulation time:    4.1000
Elapsed wall time:  2645.217
Assembled linear system in:     1.309 s.
Solved linear system in:     0.157 s.
Updated wake in:     2.914 s.
Updated geometry in:     0.006 s.

--> Step  1027 of  2001 simulation time:    4.1040
Elapsed wall time:  2650.112
Assembled linear system in:     1.313 s.
Solved linear system in:     0.156 s.
Updated wake in:     2.901 s.
Updated geometry in:     0.006 s.

--> Step  1028 of  2001 simulation time:    4.1080
Elapsed wall time:  2654.994
Assembled linear system in:     1.310 s.
Solved linear system in:     0.158 s.
Updated wake in:     2.911 s.
Updated geometry in:     0.005 s.

--> Step  1029 of  2001 simulation time:    4.1120
Elapsed wall time:  2659.889
Assembled linear system in:     1.313 s.
Solved linear system in:     0.158 s.
Updated wake in:     2.909 s.
Updated geometry in:     0.006 s.

--> Step  1030 of  2001 simulation time:    4.1160
Elapsed wall time:  2664.786
Assembled linear system in:     1.307 s.
Solved linear system in:     0.157 s.
Updated wake in:     2.921 s.
Updated geometry in:     0.006 s.

--> Step  1031 of  2001 simulation time:    4.1200
Elapsed wall time:  2669.692
Assembled linear system in:     1.307 s.
Solved linear system in:     0.156 s.
Updated wake in:     2.920 s.
Updated geometry in:     0.006 s.

--> Step  1032 of  2001 simulation time:    4.1240
Elapsed wall time:  2674.606
Assembled linear system in:     1.309 s.
Solved linear system in:     0.157 s.
Updated wake in:     2.914 s.
Updated geometry in:     0.007 s.

--> Step  1033 of  2001 simulation time:    4.1280
Elapsed wall time:  2679.505
Assembled linear system in:     1.311 s.
Solved linear system in:     0.157 s.
Updated wake in:     2.922 s.
Updated geometry in:     0.006 s.

--> Step  1034 of  2001 simulation time:    4.1320
Elapsed wall time:  2684.411
Assembled linear system in:     1.325 s.
Solved linear system in:     0.156 s.
Updated wake in:     2.922 s.
Updated geometry in:     0.006 s.

--> Step  1035 of  2001 simulation time:    4.1360
Elapsed wall time:  2689.330
Assembled linear system in:     1.325 s.
Solved linear system in:     0.157 s.
Updated wake in:     2.938 s.
Updated geometry in:     0.006 s.

--> Step  1036 of  2001 simulation time:    4.1400
Elapsed wall time:  2694.268
Assembled linear system in:     1.323 s.
Solved linear system in:     0.159 s.
Updated wake in:     2.929 s.
Updated geometry in:     0.006 s.

--> Step  1037 of  2001 simulation time:    4.1440
Elapsed wall time:  2699.197
Assembled linear system in:     1.328 s.
Solved linear system in:     0.159 s.
Updated wake in:     2.939 s.
Updated geometry in:     0.006 s.

--> Step  1038 of  2001 simulation time:    4.1480
Elapsed wall time:  2704.142
Assembled linear system in:     1.323 s.
Solved linear system in:     0.158 s.
Updated wake in:     2.940 s.
Updated geometry in:     0.006 s.

--> Step  1039 of  2001 simulation time:    4.1520
Elapsed wall time:  2709.081
Assembled linear system in:     1.318 s.
Solved linear system in:     0.157 s.
Updated wake in:     2.949 s.
Updated geometry in:     0.005 s.

--> Step  1040 of  2001 simulation time:    4.1560
Elapsed wall time:  2714.023
Assembled linear system in:     1.323 s.
Solved linear system in:     0.157 s.
Updated wake in:     2.932 s.
Updated geometry in:     0.006 s.

--> Step  1041 of  2001 simulation time:    4.1600
Elapsed wall time:  2718.955
Assembled linear system in:     1.334 s.
Solved linear system in:     0.157 s.
Updated wake in:     2.940 s.
Updated geometry in:     0.006 s.

--> Step  1042 of  2001 simulation time:    4.1640
Elapsed wall time:  2723.919
Assembled linear system in:     1.304 s.
Solved linear system in:     0.152 s.
Updated wake in:     2.916 s.
Updated geometry in:     0.006 s.

--> Step  1043 of  2001 simulation time:    4.1680
Elapsed wall time:  2728.807
Assembled linear system in:     1.312 s.
Solved linear system in:     0.153 s.
Updated wake in:     2.926 s.
Updated geometry in:     0.006 s.

--> Step  1044 of  2001 simulation time:    4.1720
Elapsed wall time:  2733.713
Assembled linear system in:     1.313 s.
Solved linear system in:     0.155 s.
Updated wake in:     2.928 s.
Updated geometry in:     0.005 s.

--> Step  1045 of  2001 simulation time:    4.1760
Elapsed wall time:  2738.621
Assembled linear system in:     1.311 s.
Solved linear system in:     0.152 s.
Updated wake in:     2.928 s.
Updated geometry in:     0.006 s.

--> Step  1046 of  2001 simulation time:    4.1800
Elapsed wall time:  2743.527
Assembled linear system in:     1.312 s.
Solved linear system in:     0.151 s.
Updated wake in:     2.940 s.
Updated geometry in:     0.006 s.

--> Step  1047 of  2001 simulation time:    4.1840
Elapsed wall time:  2748.444
Assembled linear system in:     1.315 s.
Solved linear system in:     0.150 s.
Updated wake in:     2.937 s.
Updated geometry in:     0.006 s.

--> Step  1048 of  2001 simulation time:    4.1880
Elapsed wall time:  2753.361
Assembled linear system in:     1.310 s.
Solved linear system in:     0.151 s.
Updated wake in:     2.955 s.
Updated geometry in:     0.006 s.

--> Step  1049 of  2001 simulation time:    4.1920
Elapsed wall time:  2758.290
Assembled linear system in:     1.315 s.
Solved linear system in:     0.151 s.
Updated wake in:     2.960 s.
Updated geometry in:     0.006 s.

--> Step  1050 of  2001 simulation time:    4.1960
Elapsed wall time:  2763.235
Assembled linear system in:     1.349 s.
Solved linear system in:     0.156 s.
Updated wake in:     2.964 s.
Updated geometry in:     0.006 s.

--> Step  1051 of  2001 simulation time:    4.2000
Elapsed wall time:  2768.258
Assembled linear system in:     1.340 s.
Solved linear system in:     0.157 s.
Updated wake in:     2.972 s.
Updated geometry in:     0.006 s.

--> Step  1052 of  2001 simulation time:    4.2040
Elapsed wall time:  2773.298
Assembled linear system in:     1.341 s.
Solved linear system in:     0.157 s.
Updated wake in:     2.984 s.
Updated geometry in:     0.006 s.

--> Step  1053 of  2001 simulation time:    4.2080
Elapsed wall time:  2778.328
Assembled linear system in:     1.344 s.
Solved linear system in:     0.152 s.
Updated wake in:     2.966 s.
Updated geometry in:     0.005 s.

--> Step  1054 of  2001 simulation time:    4.2120
Elapsed wall time:  2783.343
Assembled linear system in:     1.338 s.
Solved linear system in:     0.157 s.
Updated wake in:     2.970 s.
Updated geometry in:     0.006 s.

--> Step  1055 of  2001 simulation time:    4.2160
Elapsed wall time:  2788.361
Assembled linear system in:     1.354 s.
Solved linear system in:     0.160 s.
Updated wake in:     2.977 s.
Updated geometry in:     0.006 s.

--> Step  1056 of  2001 simulation time:    4.2200
Elapsed wall time:  2793.403
Assembled linear system in:     1.341 s.
Solved linear system in:     0.159 s.
Updated wake in:     2.990 s.
Updated geometry in:     0.006 s.

--> Step  1057 of  2001 simulation time:    4.2240
Elapsed wall time:  2798.446
Assembled linear system in:     1.345 s.
Solved linear system in:     0.156 s.
Updated wake in:     2.977 s.
Updated geometry in:     0.006 s.

--> Step  1058 of  2001 simulation time:    4.2280
Elapsed wall time:  2803.474
Assembled linear system in:     1.352 s.
Solved linear system in:     0.156 s.
Updated wake in:     2.989 s.
Updated geometry in:     0.006 s.

--> Step  1059 of  2001 simulation time:    4.2320
Elapsed wall time:  2808.523
Assembled linear system in:     1.353 s.
Solved linear system in:     0.158 s.
Updated wake in:     2.989 s.
Updated geometry in:     0.006 s.

--> Step  1060 of  2001 simulation time:    4.2360
Elapsed wall time:  2813.580
Assembled linear system in:     1.351 s.
Solved linear system in:     0.155 s.
Updated wake in:     2.991 s.
Updated geometry in:     0.006 s.

--> Step  1061 of  2001 simulation time:    4.2400
Elapsed wall time:  2818.627
Assembled linear system in:     1.361 s.
Solved linear system in:     0.155 s.
Updated wake in:     2.997 s.
Updated geometry in:     0.006 s.

--> Step  1062 of  2001 simulation time:    4.2440
Elapsed wall time:  2823.703
Assembled linear system in:     1.358 s.
Solved linear system in:     0.157 s.
Updated wake in:     2.999 s.
Updated geometry in:     0.006 s.

--> Step  1063 of  2001 simulation time:    4.2480
Elapsed wall time:  2828.764
Assembled linear system in:     1.363 s.
Solved linear system in:     0.157 s.
Updated wake in:     3.006 s.
Updated geometry in:     0.006 s.

--> Step  1064 of  2001 simulation time:    4.2520
Elapsed wall time:  2833.844
Assembled linear system in:     1.360 s.
Solved linear system in:     0.157 s.
Updated wake in:     2.998 s.
Updated geometry in:     0.006 s.

--> Step  1065 of  2001 simulation time:    4.2560
Elapsed wall time:  2838.908
Assembled linear system in:     1.366 s.
Solved linear system in:     0.156 s.
Updated wake in:     3.008 s.
Updated geometry in:     0.006 s.

--> Step  1066 of  2001 simulation time:    4.2600
Elapsed wall time:  2843.991
Assembled linear system in:     1.363 s.
Solved linear system in:     0.157 s.
Updated wake in:     3.003 s.
Updated geometry in:     0.006 s.

--> Step  1067 of  2001 simulation time:    4.2640
Elapsed wall time:  2849.067
Assembled linear system in:     1.364 s.
Solved linear system in:     0.157 s.
Updated wake in:     3.026 s.
Updated geometry in:     0.006 s.

--> Step  1068 of  2001 simulation time:    4.2680
Elapsed wall time:  2854.166
Assembled linear system in:     1.395 s.
Solved linear system in:     0.159 s.
Updated wake in:     3.057 s.
Updated geometry in:     0.006 s.

--> Step  1069 of  2001 simulation time:    4.2720
Elapsed wall time:  2859.337
Assembled linear system in:     1.426 s.
Solved linear system in:     0.161 s.
Updated wake in:     3.033 s.
Updated geometry in:     0.006 s.

--> Step  1070 of  2001 simulation time:    4.2760
Elapsed wall time:  2864.531
Assembled linear system in:     1.365 s.
Solved linear system in:     0.158 s.
Updated wake in:     3.031 s.
Updated geometry in:     0.007 s.

--> Step  1071 of  2001 simulation time:    4.2800
Elapsed wall time:  2869.638
Assembled linear system in:     1.371 s.
Solved linear system in:     0.158 s.
Updated wake in:     3.031 s.
Updated geometry in:     0.006 s.

--> Step  1072 of  2001 simulation time:    4.2840
Elapsed wall time:  2874.771
Assembled linear system in:     1.371 s.
Solved linear system in:     0.163 s.
Updated wake in:     3.035 s.
Updated geometry in:     0.006 s.

--> Step  1073 of  2001 simulation time:    4.2880
Elapsed wall time:  2879.898
Assembled linear system in:     1.373 s.
Solved linear system in:     0.156 s.
Updated wake in:     3.024 s.
Updated geometry in:     0.006 s.

--> Step  1074 of  2001 simulation time:    4.2920
Elapsed wall time:  2885.010
Assembled linear system in:     1.371 s.
Solved linear system in:     0.155 s.
Updated wake in:     3.033 s.
Updated geometry in:     0.006 s.

--> Step  1075 of  2001 simulation time:    4.2960
Elapsed wall time:  2890.124
Assembled linear system in:     1.375 s.
Solved linear system in:     0.156 s.
Updated wake in:     3.028 s.
Updated geometry in:     0.006 s.

--> Step  1076 of  2001 simulation time:    4.3000
Elapsed wall time:  2895.236
Assembled linear system in:     1.377 s.
Solved linear system in:     0.157 s.
Updated wake in:     3.046 s.
Updated geometry in:     0.006 s.

--> Step  1077 of  2001 simulation time:    4.3040
Elapsed wall time:  2900.370
Assembled linear system in:     1.366 s.
Solved linear system in:     0.154 s.
Updated wake in:     3.041 s.
Updated geometry in:     0.006 s.

--> Step  1078 of  2001 simulation time:    4.3080
Elapsed wall time:  2905.482
Assembled linear system in:     1.360 s.
Solved linear system in:     0.150 s.
Updated wake in:     3.048 s.
Updated geometry in:     0.006 s.

--> Step  1079 of  2001 simulation time:    4.3120
Elapsed wall time:  2910.597
Assembled linear system in:     1.359 s.
Solved linear system in:     0.151 s.
Updated wake in:     3.044 s.
Updated geometry in:     0.006 s.

--> Step  1080 of  2001 simulation time:    4.3160
Elapsed wall time:  2915.707
Assembled linear system in:     1.376 s.
Solved linear system in:     0.158 s.
Updated wake in:     3.041 s.
Updated geometry in:     0.005 s.

--> Step  1081 of  2001 simulation time:    4.3200
Elapsed wall time:  2920.842
Assembled linear system in:     1.355 s.
Solved linear system in:     0.155 s.
Updated wake in:     3.051 s.
Updated geometry in:     0.007 s.

--> Step  1082 of  2001 simulation time:    4.3240
Elapsed wall time:  2925.982
Assembled linear system in:     1.382 s.
Solved linear system in:     0.154 s.
Updated wake in:     3.049 s.
Updated geometry in:     0.006 s.

--> Step  1083 of  2001 simulation time:    4.3280
Elapsed wall time:  2931.134
Assembled linear system in:     1.391 s.
Solved linear system in:     0.159 s.
Updated wake in:     3.064 s.
Updated geometry in:     0.006 s.

--> Step  1084 of  2001 simulation time:    4.3320
Elapsed wall time:  2936.284
Assembled linear system in:     1.390 s.
Solved linear system in:     0.157 s.
Updated wake in:     3.073 s.
Updated geometry in:     0.006 s.

--> Step  1085 of  2001 simulation time:    4.3360
Elapsed wall time:  2941.437
Assembled linear system in:     1.387 s.
Solved linear system in:     0.157 s.
Updated wake in:     3.066 s.
Updated geometry in:     0.006 s.

--> Step  1086 of  2001 simulation time:    4.3400
Elapsed wall time:  2946.575
Assembled linear system in:     1.385 s.
Solved linear system in:     0.156 s.
Updated wake in:     3.074 s.
Updated geometry in:     0.006 s.

--> Step  1087 of  2001 simulation time:    4.3440
Elapsed wall time:  2951.724
Assembled linear system in:     1.389 s.
Solved linear system in:     0.154 s.
Updated wake in:     3.073 s.
Updated geometry in:     0.006 s.

--> Step  1088 of  2001 simulation time:    4.3480
Elapsed wall time:  2956.871
Assembled linear system in:     1.393 s.
Solved linear system in:     0.156 s.
Updated wake in:     3.086 s.
Updated geometry in:     0.006 s.

--> Step  1089 of  2001 simulation time:    4.3520
Elapsed wall time:  2962.040
Assembled linear system in:     1.401 s.
Solved linear system in:     0.161 s.
Updated wake in:     3.067 s.
Updated geometry in:     0.006 s.

--> Step  1090 of  2001 simulation time:    4.3560
Elapsed wall time:  2967.205
Assembled linear system in:     1.392 s.
Solved linear system in:     0.158 s.
Updated wake in:     3.076 s.
Updated geometry in:     0.006 s.

--> Step  1091 of  2001 simulation time:    4.3600
Elapsed wall time:  2972.363
Assembled linear system in:     1.397 s.
Solved linear system in:     0.159 s.
Updated wake in:     3.075 s.
Updated geometry in:     0.006 s.

--> Step  1092 of  2001 simulation time:    4.3640
Elapsed wall time:  2977.546
Assembled linear system in:     1.394 s.
Solved linear system in:     0.156 s.
Updated wake in:     3.082 s.
Updated geometry in:     0.006 s.

--> Step  1093 of  2001 simulation time:    4.3680
Elapsed wall time:  2982.717
Assembled linear system in:     1.400 s.
Solved linear system in:     0.156 s.
Updated wake in:     3.080 s.
Updated geometry in:     0.006 s.

--> Step  1094 of  2001 simulation time:    4.3720
Elapsed wall time:  2987.885
Assembled linear system in:     1.399 s.
Solved linear system in:     0.154 s.
Updated wake in:     3.089 s.
Updated geometry in:     0.006 s.

--> Step  1095 of  2001 simulation time:    4.3760
Elapsed wall time:  2993.065
Assembled linear system in:     1.405 s.
Solved linear system in:     0.155 s.
Updated wake in:     3.109 s.
Updated geometry in:     0.006 s.

--> Step  1096 of  2001 simulation time:    4.3800
Elapsed wall time:  2998.271
Assembled linear system in:     1.398 s.
Solved linear system in:     0.156 s.
Updated wake in:     3.089 s.
Updated geometry in:     0.006 s.

--> Step  1097 of  2001 simulation time:    4.3840
Elapsed wall time:  3003.451
Assembled linear system in:     1.403 s.
Solved linear system in:     0.156 s.
Updated wake in:     3.102 s.
Updated geometry in:     0.006 s.

--> Step  1098 of  2001 simulation time:    4.3880
Elapsed wall time:  3008.650
Assembled linear system in:     1.410 s.
Solved linear system in:     0.158 s.
Updated wake in:     3.113 s.
Updated geometry in:     0.006 s.

--> Step  1099 of  2001 simulation time:    4.3920
Elapsed wall time:  3013.864
Assembled linear system in:     1.405 s.
Solved linear system in:     0.162 s.
Updated wake in:     3.107 s.
Updated geometry in:     0.006 s.

--> Step  1100 of  2001 simulation time:    4.3960
Elapsed wall time:  3019.083
Assembled linear system in:     1.408 s.
Solved linear system in:     0.160 s.
Updated wake in:     3.115 s.
Updated geometry in:     0.006 s.

--> Step  1101 of  2001 simulation time:    4.4000
Elapsed wall time:  3024.304
Assembled linear system in:     1.412 s.
Solved linear system in:     0.156 s.
Updated wake in:     3.118 s.
Updated geometry in:     0.006 s.

--> Step  1102 of  2001 simulation time:    4.4040
Elapsed wall time:  3029.542
Assembled linear system in:     1.417 s.
Solved linear system in:     0.159 s.
Updated wake in:     3.114 s.
Updated geometry in:     0.006 s.

--> Step  1103 of  2001 simulation time:    4.4080
Elapsed wall time:  3034.776
Assembled linear system in:     1.393 s.
Solved linear system in:     0.158 s.
Updated wake in:     3.121 s.
Updated geometry in:     0.006 s.

--> Step  1104 of  2001 simulation time:    4.4120
Elapsed wall time:  3039.989
Assembled linear system in:     1.412 s.
Solved linear system in:     0.157 s.
Updated wake in:     3.131 s.
Updated geometry in:     0.007 s.

--> Step  1105 of  2001 simulation time:    4.4160
Elapsed wall time:  3045.228
Assembled linear system in:     1.415 s.
Solved linear system in:     0.156 s.
Updated wake in:     3.141 s.
Updated geometry in:     0.006 s.

--> Step  1106 of  2001 simulation time:    4.4200
Elapsed wall time:  3050.479
Assembled linear system in:     1.415 s.
Solved linear system in:     0.157 s.
Updated wake in:     3.127 s.
Updated geometry in:     0.006 s.

--> Step  1107 of  2001 simulation time:    4.4240
Elapsed wall time:  3055.720
Assembled linear system in:     1.420 s.
Solved linear system in:     0.156 s.
Updated wake in:     3.138 s.
Updated geometry in:     0.006 s.

--> Step  1108 of  2001 simulation time:    4.4280
Elapsed wall time:  3060.977
Assembled linear system in:     1.424 s.
Solved linear system in:     0.159 s.
Updated wake in:     3.153 s.
Updated geometry in:     0.006 s.

--> Step  1109 of  2001 simulation time:    4.4320
Elapsed wall time:  3066.250
Assembled linear system in:     1.421 s.
Solved linear system in:     0.158 s.
Updated wake in:     3.137 s.
Updated geometry in:     0.006 s.

--> Step  1110 of  2001 simulation time:    4.4360
Elapsed wall time:  3071.509
Assembled linear system in:     1.429 s.
Solved linear system in:     0.156 s.
Updated wake in:     3.148 s.
Updated geometry in:     0.006 s.

--> Step  1111 of  2001 simulation time:    4.4400
Elapsed wall time:  3076.789
Assembled linear system in:     1.425 s.
Solved linear system in:     0.156 s.
Updated wake in:     3.162 s.
Updated geometry in:     0.006 s.

--> Step  1112 of  2001 simulation time:    4.4440
Elapsed wall time:  3082.086
Assembled linear system in:     1.424 s.
Solved linear system in:     0.157 s.
Updated wake in:     3.147 s.
Updated geometry in:     0.007 s.

--> Step  1113 of  2001 simulation time:    4.4480
Elapsed wall time:  3087.356
Assembled linear system in:     1.432 s.
Solved linear system in:     0.154 s.
Updated wake in:     3.152 s.
Updated geometry in:     0.006 s.

--> Step  1114 of  2001 simulation time:    4.4520
Elapsed wall time:  3092.636
Assembled linear system in:     1.427 s.
Solved linear system in:     0.158 s.
Updated wake in:     3.154 s.
Updated geometry in:     0.006 s.

--> Step  1115 of  2001 simulation time:    4.4560
Elapsed wall time:  3097.921
Assembled linear system in:     1.436 s.
Solved linear system in:     0.158 s.
Updated wake in:     3.142 s.
Updated geometry in:     0.006 s.

--> Step  1116 of  2001 simulation time:    4.4600
Elapsed wall time:  3103.205
Assembled linear system in:     1.428 s.
Solved linear system in:     0.159 s.
Updated wake in:     3.162 s.
Updated geometry in:     0.006 s.

--> Step  1117 of  2001 simulation time:    4.4640
Elapsed wall time:  3108.498
Assembled linear system in:     1.434 s.
Solved linear system in:     0.158 s.
Updated wake in:     3.169 s.
Updated geometry in:     0.006 s.

--> Step  1118 of  2001 simulation time:    4.4680
Elapsed wall time:  3113.801
Assembled linear system in:     1.429 s.
Solved linear system in:     0.158 s.
Updated wake in:     3.168 s.
Updated geometry in:     0.006 s.

--> Step  1119 of  2001 simulation time:    4.4720
Elapsed wall time:  3119.105
Assembled linear system in:     1.436 s.
Solved linear system in:     0.158 s.
Updated wake in:     3.176 s.
Updated geometry in:     0.006 s.

--> Step  1120 of  2001 simulation time:    4.4760
Elapsed wall time:  3124.420
Assembled linear system in:     1.432 s.
Solved linear system in:     0.155 s.
Updated wake in:     3.184 s.
Updated geometry in:     0.006 s.

--> Step  1121 of  2001 simulation time:    4.4800
Elapsed wall time:  3129.739
Assembled linear system in:     1.433 s.
Solved linear system in:     0.158 s.
Updated wake in:     3.170 s.
Updated geometry in:     0.006 s.

--> Step  1122 of  2001 simulation time:    4.4840
Elapsed wall time:  3135.063
Assembled linear system in:     1.441 s.
Solved linear system in:     0.157 s.
Updated wake in:     3.176 s.
Updated geometry in:     0.007 s.

--> Step  1123 of  2001 simulation time:    4.4880
Elapsed wall time:  3140.380
Assembled linear system in:     1.437 s.
Solved linear system in:     0.160 s.
Updated wake in:     3.188 s.
Updated geometry in:     0.005 s.

--> Step  1124 of  2001 simulation time:    4.4920
Elapsed wall time:  3145.712
Assembled linear system in:     1.445 s.
Solved linear system in:     0.163 s.
Updated wake in:     3.180 s.
Updated geometry in:     0.006 s.

--> Step  1125 of  2001 simulation time:    4.4960
Elapsed wall time:  3151.073
Assembled linear system in:     1.444 s.
Solved linear system in:     0.155 s.
Updated wake in:     3.196 s.
Updated geometry in:     0.006 s.

--> Step  1126 of  2001 simulation time:    4.5000
Elapsed wall time:  3156.419
Assembled linear system in:     1.440 s.
Solved linear system in:     0.161 s.
Updated wake in:     3.197 s.
Updated geometry in:     0.007 s.

--> Step  1127 of  2001 simulation time:    4.5040
Elapsed wall time:  3161.767
Assembled linear system in:     1.443 s.
Solved linear system in:     0.158 s.
Updated wake in:     3.194 s.
Updated geometry in:     0.006 s.

--> Step  1128 of  2001 simulation time:    4.5080
Elapsed wall time:  3167.107
Assembled linear system in:     1.446 s.
Solved linear system in:     0.158 s.
Updated wake in:     3.198 s.
Updated geometry in:     0.006 s.

--> Step  1129 of  2001 simulation time:    4.5120
Elapsed wall time:  3172.460
Assembled linear system in:     1.448 s.
Solved linear system in:     0.156 s.
Updated wake in:     3.202 s.
Updated geometry in:     0.007 s.

--> Step  1130 of  2001 simulation time:    4.5160
Elapsed wall time:  3177.820
Assembled linear system in:     1.452 s.
Solved linear system in:     0.158 s.
Updated wake in:     3.195 s.
Updated geometry in:     0.006 s.

--> Step  1131 of  2001 simulation time:    4.5200
Elapsed wall time:  3183.180
Assembled linear system in:     1.457 s.
Solved linear system in:     0.161 s.
Updated wake in:     3.204 s.
Updated geometry in:     0.006 s.

--> Step  1132 of  2001 simulation time:    4.5240
Elapsed wall time:  3188.567
Assembled linear system in:     1.455 s.
Solved linear system in:     0.158 s.
Updated wake in:     3.213 s.
Updated geometry in:     0.006 s.

--> Step  1133 of  2001 simulation time:    4.5280
Elapsed wall time:  3193.946
Assembled linear system in:     1.454 s.
Solved linear system in:     0.159 s.
Updated wake in:     3.213 s.
Updated geometry in:     0.006 s.

--> Step  1134 of  2001 simulation time:    4.5320
Elapsed wall time:  3199.324
Assembled linear system in:     1.457 s.
Solved linear system in:     0.158 s.
Updated wake in:     3.217 s.
Updated geometry in:     0.006 s.

--> Step  1135 of  2001 simulation time:    4.5360
Elapsed wall time:  3204.708
Assembled linear system in:     1.459 s.
Solved linear system in:     0.158 s.
Updated wake in:     3.219 s.
Updated geometry in:     0.007 s.

--> Step  1136 of  2001 simulation time:    4.5400
Elapsed wall time:  3210.100
Assembled linear system in:     1.457 s.
Solved linear system in:     0.157 s.
Updated wake in:     3.208 s.
Updated geometry in:     0.006 s.

--> Step  1137 of  2001 simulation time:    4.5440
Elapsed wall time:  3215.475
Assembled linear system in:     1.457 s.
Solved linear system in:     0.159 s.
Updated wake in:     3.223 s.
Updated geometry in:     0.006 s.

--> Step  1138 of  2001 simulation time:    4.5480
Elapsed wall time:  3220.869
Assembled linear system in:     1.457 s.
Solved linear system in:     0.162 s.
Updated wake in:     3.230 s.
Updated geometry in:     0.007 s.

--> Step  1139 of  2001 simulation time:    4.5520
Elapsed wall time:  3226.270
Assembled linear system in:     1.463 s.
Solved linear system in:     0.159 s.
Updated wake in:     3.220 s.
Updated geometry in:     0.006 s.

--> Step  1140 of  2001 simulation time:    4.5560
Elapsed wall time:  3231.664
Assembled linear system in:     1.464 s.
Solved linear system in:     0.158 s.
Updated wake in:     3.232 s.
Updated geometry in:     0.006 s.

--> Step  1141 of  2001 simulation time:    4.5600
Elapsed wall time:  3237.073
Assembled linear system in:     1.460 s.
Solved linear system in:     0.157 s.
Updated wake in:     3.247 s.
Updated geometry in:     0.006 s.

--> Step  1142 of  2001 simulation time:    4.5640
Elapsed wall time:  3242.508
Assembled linear system in:     1.470 s.
Solved linear system in:     0.160 s.
Updated wake in:     3.232 s.
Euler particle cleanup at step 1142: deleted=12, growth_guard=0, mag_max=0, sigma_capped=0
Updated geometry in:     0.006 s.

--> Step  1143 of  2001 simulation time:    4.5680
Elapsed wall time:  3247.924
Assembled linear system in:     1.465 s.
Solved linear system in:     0.156 s.
Updated wake in:     3.234 s.
Euler particle cleanup at step 1143: deleted=28, growth_guard=0, mag_max=0, sigma_capped=0
Updated geometry in:     0.006 s.

--> Step  1144 of  2001 simulation time:    4.5720
Elapsed wall time:  3253.333
Assembled linear system in:     1.464 s.
Solved linear system in:     0.153 s.
Updated wake in:     3.243 s.
Euler particle cleanup at step 1144: deleted=38, growth_guard=0, mag_max=0, sigma_capped=0
Updated geometry in:     0.006 s.

--> Step  1145 of  2001 simulation time:    4.5760
Elapsed wall time:  3258.746
Assembled linear system in:     1.468 s.
Solved linear system in:     0.155 s.
Updated wake in:     3.247 s.
Euler particle cleanup at step 1145: deleted=50, growth_guard=0, mag_max=0, sigma_capped=0
Updated geometry in:     0.006 s.

--> Step  1146 of  2001 simulation time:    4.5800
Elapsed wall time:  3264.170
Assembled linear system in:     1.468 s.
Solved linear system in:     0.157 s.
Updated wake in:     3.243 s.
Euler particle cleanup at step 1146: deleted=64, growth_guard=0, mag_max=0, sigma_capped=0
Updated geometry in:     0.006 s.

--> Step  1147 of  2001 simulation time:    4.5840
Elapsed wall time:  3269.594
Assembled linear system in:     1.477 s.
Solved linear system in:     0.158 s.
Updated wake in:     3.240 s.
Euler particle cleanup at step 1147: deleted=90, growth_guard=0, mag_max=0, sigma_capped=0
Updated geometry in:     0.006 s.

--> Step  1148 of  2001 simulation time:    4.5880
Elapsed wall time:  3275.028
Assembled linear system in:     1.475 s.
Solved linear system in:     0.155 s.
Updated wake in:     3.249 s.
Euler particle cleanup at step 1148: deleted=164, growth_guard=0, mag_max=0, sigma_capped=0
Updated geometry in:     0.006 s.

--> Step  1149 of  2001 simulation time:    4.5920
Elapsed wall time:  3280.459
Assembled linear system in:     1.474 s.
Solved linear system in:     0.157 s.
Updated wake in:     3.249 s.
Euler particle cleanup at step 1149: deleted=192, growth_guard=0, mag_max=0, sigma_capped=0
Updated geometry in:     0.005 s.

--> Step  1150 of  2001 simulation time:    4.5960
Elapsed wall time:  3285.887
Assembled linear system in:     1.476 s.
Solved linear system in:     0.157 s.
Updated wake in:     3.226 s.
Euler particle cleanup at step 1150: deleted=122, growth_guard=0, mag_max=0, sigma_capped=0
Updated geometry in:     0.006 s.

--> Step  1151 of  2001 simulation time:    4.6000
Elapsed wall time:  3291.325
Assembled linear system in:     1.477 s.
Solved linear system in:     0.157 s.
Updated wake in:     3.239 s.
Euler particle cleanup at step 1151: deleted=126, growth_guard=0, mag_max=0, sigma_capped=0
Updated geometry in:     0.005 s.

--> Step  1152 of  2001 simulation time:    4.6040
Elapsed wall time:  3296.802
Assembled linear system in:     1.466 s.
Solved linear system in:     0.153 s.
Updated wake in:     3.257 s.
Euler particle cleanup at step 1152: deleted=120, growth_guard=0, mag_max=0, sigma_capped=0
Updated geometry in:     0.005 s.

--> Step  1153 of  2001 simulation time:    4.6080
Elapsed wall time:  3302.229
Assembled linear system in:     1.476 s.
Solved linear system in:     0.157 s.
Updated wake in:     3.249 s.
Euler particle cleanup at step 1153: deleted=116, growth_guard=0, mag_max=0, sigma_capped=0
Updated geometry in:     0.006 s.

--> Step  1154 of  2001 simulation time:    4.6120
Elapsed wall time:  3307.663
Assembled linear system in:     1.471 s.
Solved linear system in:     0.156 s.
Updated wake in:     3.239 s.
Euler particle cleanup at step 1154: deleted=114, growth_guard=0, mag_max=0, sigma_capped=0
Updated geometry in:     0.005 s.

--> Step  1155 of  2001 simulation time:    4.6160
Elapsed wall time:  3313.080
Assembled linear system in:     1.479 s.
Solved linear system in:     0.160 s.
Updated wake in:     3.260 s.
Euler particle cleanup at step 1155: deleted=118, growth_guard=0, mag_max=0, sigma_capped=0
Updated geometry in:     0.006 s.

--> Step  1156 of  2001 simulation time:    4.6200
Elapsed wall time:  3318.532
Assembled linear system in:     1.466 s.
Solved linear system in:     0.154 s.
Updated wake in:     3.249 s.
Euler particle cleanup at step 1156: deleted=120, growth_guard=0, mag_max=0, sigma_capped=0
Updated geometry in:     0.006 s.

--> Step  1157 of  2001 simulation time:    4.6240
Elapsed wall time:  3323.975
Assembled linear system in:     1.467 s.
Solved linear system in:     0.156 s.
Updated wake in:     3.233 s.
Euler particle cleanup at step 1157: deleted=118, growth_guard=0, mag_max=0, sigma_capped=0
Updated geometry in:     0.005 s.

--> Step  1158 of  2001 simulation time:    4.6280
Elapsed wall time:  3329.403
Assembled linear system in:     1.475 s.
Solved linear system in:     0.156 s.
Updated wake in:     3.237 s.
Euler particle cleanup at step 1158: deleted=120, growth_guard=0, mag_max=0, sigma_capped=0
Updated geometry in:     0.006 s.

--> Step  1159 of  2001 simulation time:    4.6320
Elapsed wall time:  3334.848
Assembled linear system in:     1.475 s.
Solved linear system in:     0.155 s.
Updated wake in:     3.242 s.
Euler particle cleanup at step 1159: deleted=118, growth_guard=0, mag_max=0, sigma_capped=0
Updated geometry in:     0.005 s.

--> Step  1160 of  2001 simulation time:    4.6360
Elapsed wall time:  3340.295
Assembled linear system in:     1.475 s.
Solved linear system in:     0.155 s.
Updated wake in:     3.245 s.
Euler particle cleanup at step 1160: deleted=120, growth_guard=0, mag_max=0, sigma_capped=0
Updated geometry in:     0.005 s.

--> Step  1161 of  2001 simulation time:    4.6400
Elapsed wall time:  3345.741
Assembled linear system in:     1.469 s.
Solved linear system in:     0.158 s.
Updated wake in:     3.234 s.
Euler particle cleanup at step 1161: deleted=120, growth_guard=0, mag_max=0, sigma_capped=0
Updated geometry in:     0.005 s.

--> Step  1162 of  2001 simulation time:    4.6440
Elapsed wall time:  3351.194
Assembled linear system in:     1.470 s.
Solved linear system in:     0.160 s.
Updated wake in:     3.241 s.
Euler particle cleanup at step 1162: deleted=120, growth_guard=0, mag_max=0, sigma_capped=0
Updated geometry in:     0.005 s.

--> Step  1163 of  2001 simulation time:    4.6480
Elapsed wall time:  3356.639
Assembled linear system in:     1.467 s.
Solved linear system in:     0.155 s.
Updated wake in:     3.237 s.
Euler particle cleanup at step 1163: deleted=122, growth_guard=0, mag_max=0, sigma_capped=0
Updated geometry in:     0.005 s.

--> Step  1164 of  2001 simulation time:    4.6520
Elapsed wall time:  3362.080
Assembled linear system in:     1.470 s.
Solved linear system in:     0.154 s.
Updated wake in:     3.241 s.
Euler particle cleanup at step 1164: deleted=122, growth_guard=0, mag_max=0, sigma_capped=0
Updated geometry in:     0.005 s.

--> Step  1165 of  2001 simulation time:    4.6560
Elapsed wall time:  3367.510
Assembled linear system in:     1.473 s.
Solved linear system in:     0.156 s.
Updated wake in:     3.242 s.
Euler particle cleanup at step 1165: deleted=122, growth_guard=0, mag_max=0, sigma_capped=0
Updated geometry in:     0.005 s.

--> Step  1166 of  2001 simulation time:    4.6600
Elapsed wall time:  3372.960
Assembled linear system in:     1.458 s.
Solved linear system in:     0.151 s.
Updated wake in:     3.232 s.
Euler particle cleanup at step 1166: deleted=122, growth_guard=0, mag_max=0, sigma_capped=0
Updated geometry in:     0.006 s.

--> Step  1167 of  2001 simulation time:    4.6640
Elapsed wall time:  3378.365
Assembled linear system in:     1.469 s.
Solved linear system in:     0.160 s.
Updated wake in:     3.231 s.
Euler particle cleanup at step 1167: deleted=122, growth_guard=0, mag_max=0, sigma_capped=0
Updated geometry in:     0.005 s.

--> Step  1168 of  2001 simulation time:    4.6680
Elapsed wall time:  3383.797
Assembled linear system in:     1.465 s.
Solved linear system in:     0.156 s.
Updated wake in:     3.236 s.
Euler particle cleanup at step 1168: deleted=120, growth_guard=0, mag_max=0, sigma_capped=0
Updated geometry in:     0.005 s.

--> Step  1169 of  2001 simulation time:    4.6720
Elapsed wall time:  3389.229
Assembled linear system in:     1.465 s.
Solved linear system in:     0.159 s.
Updated wake in:     3.239 s.
Euler particle cleanup at step 1169: deleted=123, growth_guard=0, mag_max=0, sigma_capped=0
Updated geometry in:     0.005 s.

--> Step  1170 of  2001 simulation time:    4.6760
Elapsed wall time:  3394.666
Assembled linear system in:     1.468 s.
Solved linear system in:     0.159 s.
Updated wake in:     3.238 s.
Euler particle cleanup at step 1170: deleted=123, growth_guard=0, mag_max=0, sigma_capped=0
Updated geometry in:     0.005 s.

--> Step  1171 of  2001 simulation time:    4.6800
Elapsed wall time:  3400.111
Assembled linear system in:     1.467 s.
Solved linear system in:     0.157 s.
Updated wake in:     3.244 s.
Euler particle cleanup at step 1171: deleted=122, growth_guard=0, mag_max=0, sigma_capped=0
Updated geometry in:     0.005 s.

--> Step  1172 of  2001 simulation time:    4.6840
Elapsed wall time:  3405.567
Assembled linear system in:     1.465 s.
Solved linear system in:     0.157 s.
Updated wake in:     3.233 s.
Euler particle cleanup at step 1172: deleted=122, growth_guard=0, mag_max=0, sigma_capped=0
Updated geometry in:     0.005 s.

--> Step  1173 of  2001 simulation time:    4.6880
Elapsed wall time:  3410.998
Assembled linear system in:     1.461 s.
Solved linear system in:     0.158 s.
Updated wake in:     3.227 s.
Euler particle cleanup at step 1173: deleted=120, growth_guard=0, mag_max=0, sigma_capped=0
Updated geometry in:     0.005 s.

--> Step  1174 of  2001 simulation time:    4.6920
Elapsed wall time:  3416.418
Assembled linear system in:     1.474 s.
Solved linear system in:     0.158 s.
Updated wake in:     3.246 s.
Euler particle cleanup at step 1174: deleted=120, growth_guard=0, mag_max=0, sigma_capped=0
Updated geometry in:     0.005 s.

--> Step  1175 of  2001 simulation time:    4.6960
Elapsed wall time:  3421.870
Assembled linear system in:     1.469 s.
Solved linear system in:     0.157 s.
Updated wake in:     3.242 s.
Euler particle cleanup at step 1175: deleted=122, growth_guard=0, mag_max=0, sigma_capped=0
Updated geometry in:     0.005 s.

--> Step  1176 of  2001 simulation time:    4.7000
Elapsed wall time:  3427.309
Assembled linear system in:     1.454 s.
Solved linear system in:     0.152 s.
Updated wake in:     3.221 s.
Euler particle cleanup at step 1176: deleted=121, growth_guard=0, mag_max=0, sigma_capped=0
Updated geometry in:     0.005 s.

--> Step  1177 of  2001 simulation time:    4.7040
Elapsed wall time:  3432.698
Assembled linear system in:     1.452 s.
Solved linear system in:     0.151 s.
Updated wake in:     3.227 s.
Euler particle cleanup at step 1177: deleted=121, growth_guard=0, mag_max=0, sigma_capped=0
Updated geometry in:     0.005 s.

--> Step  1178 of  2001 simulation time:    4.7080
Elapsed wall time:  3438.098
Assembled linear system in:     1.454 s.
Solved linear system in:     0.157 s.
Updated wake in:     3.204 s.
Euler particle cleanup at step 1178: deleted=122, growth_guard=0, mag_max=0, sigma_capped=0
Updated geometry in:     0.006 s.

--> Step  1179 of  2001 simulation time:    4.7120
Elapsed wall time:  3443.485
Assembled linear system in:     1.465 s.
Solved linear system in:     0.157 s.
Updated wake in:     3.238 s.
Euler particle cleanup at step 1179: deleted=122, growth_guard=0, mag_max=0, sigma_capped=0
Updated geometry in:     0.005 s.

--> Step  1180 of  2001 simulation time:    4.7160
Elapsed wall time:  3448.917
Assembled linear system in:     1.471 s.
Solved linear system in:     0.155 s.
Updated wake in:     3.231 s.
Euler particle cleanup at step 1180: deleted=122, growth_guard=0, mag_max=0, sigma_capped=0
Updated geometry in:     0.005 s.

--> Step  1181 of  2001 simulation time:    4.7200
Elapsed wall time:  3454.350
Assembled linear system in:     1.475 s.
Solved linear system in:     0.156 s.
Updated wake in:     3.227 s.
Euler particle cleanup at step 1181: deleted=124, growth_guard=0, mag_max=0, sigma_capped=0
Updated geometry in:     0.006 s.

--> Step  1182 of  2001 simulation time:    4.7240
Elapsed wall time:  3459.802
Assembled linear system in:     1.470 s.
Solved linear system in:     0.158 s.
Updated wake in:     3.239 s.
Euler particle cleanup at step 1182: deleted=122, growth_guard=0, mag_max=0, sigma_capped=0
Updated geometry in:     0.005 s.

--> Step  1183 of  2001 simulation time:    4.7280
Elapsed wall time:  3465.251
Assembled linear system in:     1.470 s.
Solved linear system in:     0.159 s.
Updated wake in:     3.242 s.
Euler particle cleanup at step 1183: deleted=122, growth_guard=0, mag_max=0, sigma_capped=0
Updated geometry in:     0.005 s.

--> Step  1184 of  2001 simulation time:    4.7320
Elapsed wall time:  3470.705
Assembled linear system in:     1.472 s.
Solved linear system in:     0.159 s.
Updated wake in:     3.237 s.
Euler particle cleanup at step 1184: deleted=124, growth_guard=0, mag_max=0, sigma_capped=0
Updated geometry in:     0.005 s.

--> Step  1185 of  2001 simulation time:    4.7360
Elapsed wall time:  3476.155
Assembled linear system in:     1.473 s.
Solved linear system in:     0.158 s.
Updated wake in:     3.242 s.
Euler particle cleanup at step 1185: deleted=122, growth_guard=0, mag_max=0, sigma_capped=0
Updated geometry in:     0.005 s.

--> Step  1186 of  2001 simulation time:    4.7400
Elapsed wall time:  3481.599
Assembled linear system in:     1.473 s.
Solved linear system in:     0.156 s.
Updated wake in:     3.235 s.
Euler particle cleanup at step 1186: deleted=122, growth_guard=0, mag_max=0, sigma_capped=0
Updated geometry in:     0.006 s.

--> Step  1187 of  2001 simulation time:    4.7440
Elapsed wall time:  3487.040
Assembled linear system in:     1.477 s.
Solved linear system in:     0.156 s.
Updated wake in:     3.242 s.
Euler particle cleanup at step 1187: deleted=122, growth_guard=0, mag_max=0, sigma_capped=0
Updated geometry in:     0.005 s.

--> Step  1188 of  2001 simulation time:    4.7480
Elapsed wall time:  3492.466
Assembled linear system in:     1.478 s.
Solved linear system in:     0.157 s.
Updated wake in:     3.250 s.
Euler particle cleanup at step 1188: deleted=122, growth_guard=0, mag_max=0, sigma_capped=0
Updated geometry in:     0.005 s.

--> Step  1189 of  2001 simulation time:    4.7520
Elapsed wall time:  3497.901
Assembled linear system in:     1.476 s.
Solved linear system in:     0.157 s.
Updated wake in:     3.247 s.
Euler particle cleanup at step 1189: deleted=122, growth_guard=0, mag_max=0, sigma_capped=0
Updated geometry in:     0.006 s.

--> Step  1190 of  2001 simulation time:    4.7560
Elapsed wall time:  3503.326
Assembled linear system in:     1.469 s.
Solved linear system in:     0.156 s.
Updated wake in:     3.255 s.
Euler particle cleanup at step 1190: deleted=122, growth_guard=0, mag_max=0, sigma_capped=0
Updated geometry in:     0.005 s.

--> Step  1191 of  2001 simulation time:    4.7600
Elapsed wall time:  3508.748
Assembled linear system in:     1.474 s.
Solved linear system in:     0.159 s.
Updated wake in:     3.258 s.
Euler particle cleanup at step 1191: deleted=122, growth_guard=0, mag_max=0, sigma_capped=0
Updated geometry in:     0.005 s.

--> Step  1192 of  2001 simulation time:    4.7640
Elapsed wall time:  3514.203
Assembled linear system in:     1.472 s.
Solved linear system in:     0.157 s.
Updated wake in:     3.253 s.
Euler particle cleanup at step 1192: deleted=122, growth_guard=0, mag_max=0, sigma_capped=0
Updated geometry in:     0.006 s.

--> Step  1193 of  2001 simulation time:    4.7680
Elapsed wall time:  3519.633
Assembled linear system in:     1.470 s.
Solved linear system in:     0.161 s.
Updated wake in:     3.266 s.
Euler particle cleanup at step 1193: deleted=121, growth_guard=0, mag_max=0, sigma_capped=0
Updated geometry in:     0.005 s.

--> Step  1194 of  2001 simulation time:    4.7720
Elapsed wall time:  3525.079
Assembled linear system in:     1.476 s.
Solved linear system in:     0.156 s.
Updated wake in:     3.264 s.
Euler particle cleanup at step 1194: deleted=122, growth_guard=0, mag_max=0, sigma_capped=0
Updated geometry in:     0.005 s.

--> Step  1195 of  2001 simulation time:    4.7760
Elapsed wall time:  3530.525
Assembled linear system in:     1.472 s.
Solved linear system in:     0.158 s.
Updated wake in:     3.243 s.
Euler particle cleanup at step 1195: deleted=122, growth_guard=0, mag_max=0, sigma_capped=0
Updated geometry in:     0.006 s.

--> Step  1196 of  2001 simulation time:    4.7800
Elapsed wall time:  3535.948
Assembled linear system in:     1.468 s.
Solved linear system in:     0.158 s.
Updated wake in:     3.268 s.
Euler particle cleanup at step 1196: deleted=123, growth_guard=0, mag_max=0, sigma_capped=0
Updated geometry in:     0.005 s.

--> Step  1197 of  2001 simulation time:    4.7840
Elapsed wall time:  3541.392
Assembled linear system in:     1.470 s.
Solved linear system in:     0.158 s.
Updated wake in:     3.258 s.
Euler particle cleanup at step 1197: deleted=122, growth_guard=0, mag_max=0, sigma_capped=0
Updated geometry in:     0.004 s.

--> Step  1198 of  2001 simulation time:    4.7880
Elapsed wall time:  3546.827
Assembled linear system in:     1.473 s.
Solved linear system in:     0.157 s.
Updated wake in:     3.254 s.
Euler particle cleanup at step 1198: deleted=122, growth_guard=0, mag_max=0, sigma_capped=0
Updated geometry in:     0.005 s.

--> Step  1199 of  2001 simulation time:    4.7920
Elapsed wall time:  3552.257
Assembled linear system in:     1.476 s.
Solved linear system in:     0.163 s.
Updated wake in:     3.255 s.
Euler particle cleanup at step 1199: deleted=123, growth_guard=0, mag_max=0, sigma_capped=0
Updated geometry in:     0.005 s.

--> Step  1200 of  2001 simulation time:    4.7960
Elapsed wall time:  3557.735
Assembled linear system in:     1.475 s.
Solved linear system in:     0.157 s.
Updated wake in:     3.251 s.
Euler particle cleanup at step 1200: deleted=121, growth_guard=0, mag_max=0, sigma_capped=0
Updated geometry in:     0.005 s.

--> Step  1201 of  2001 simulation time:    4.8000
Elapsed wall time:  3563.189
Assembled linear system in:     1.467 s.
Solved linear system in:     0.158 s.
Updated wake in:     3.252 s.
Euler particle cleanup at step 1201: deleted=123, growth_guard=0, mag_max=0, sigma_capped=0
Updated geometry in:     0.005 s.

--> Step  1202 of  2001 simulation time:    4.8040
Elapsed wall time:  3568.655
Assembled linear system in:     1.472 s.
Solved linear system in:     0.156 s.
Updated wake in:     3.253 s.
Euler particle cleanup at step 1202: deleted=122, growth_guard=0, mag_max=0, sigma_capped=0
Updated geometry in:     0.006 s.

--> Step  1203 of  2001 simulation time:    4.8080
Elapsed wall time:  3574.112
Assembled linear system in:     1.473 s.
Solved linear system in:     0.157 s.
Updated wake in:     3.233 s.
Euler particle cleanup at step 1203: deleted=122, growth_guard=0, mag_max=0, sigma_capped=0
Updated geometry in:     0.005 s.

--> Step  1204 of  2001 simulation time:    4.8120
Elapsed wall time:  3579.539
Assembled linear system in:     1.470 s.
Solved linear system in:     0.156 s.
Updated wake in:     3.250 s.
Euler particle cleanup at step 1204: deleted=121, growth_guard=0, mag_max=0, sigma_capped=0
Updated geometry in:     0.005 s.

--> Step  1205 of  2001 simulation time:    4.8160
Elapsed wall time:  3584.979
Assembled linear system in:     1.474 s.
Solved linear system in:     0.160 s.
Updated wake in:     3.261 s.
Euler particle cleanup at step 1205: deleted=122, growth_guard=0, mag_max=0, sigma_capped=0
Updated geometry in:     0.006 s.

--> Step  1206 of  2001 simulation time:    4.8200
Elapsed wall time:  3590.445
Assembled linear system in:     1.465 s.
Solved linear system in:     0.156 s.
Updated wake in:     3.241 s.
Euler particle cleanup at step 1206: deleted=121, growth_guard=0, mag_max=0, sigma_capped=0
Updated geometry in:     0.005 s.

--> Step  1207 of  2001 simulation time:    4.8240
Elapsed wall time:  3595.875
Assembled linear system in:     1.479 s.
Solved linear system in:     0.160 s.
Updated wake in:     3.250 s.
Euler particle cleanup at step 1207: deleted=121, growth_guard=0, mag_max=0, sigma_capped=0
Updated geometry in:     0.005 s.

--> Step  1208 of  2001 simulation time:    4.8280
Elapsed wall time:  3601.332
Assembled linear system in:     1.467 s.
Solved linear system in:     0.156 s.
Updated wake in:     3.244 s.
Euler particle cleanup at step 1208: deleted=121, growth_guard=0, mag_max=0, sigma_capped=0
Updated geometry in:     0.006 s.

--> Step  1209 of  2001 simulation time:    4.8320
Elapsed wall time:  3606.768
Assembled linear system in:     1.477 s.
Solved linear system in:     0.157 s.
Updated wake in:     3.253 s.
Euler particle cleanup at step 1209: deleted=120, growth_guard=0, mag_max=0, sigma_capped=0
Updated geometry in:     0.005 s.

--> Step  1210 of  2001 simulation time:    4.8360
Elapsed wall time:  3612.221
Assembled linear system in:     1.469 s.
Solved linear system in:     0.161 s.
Updated wake in:     3.258 s.
Euler particle cleanup at step 1210: deleted=124, growth_guard=0, mag_max=0, sigma_capped=0
Updated geometry in:     0.005 s.

--> Step  1211 of  2001 simulation time:    4.8400
Elapsed wall time:  3617.676
Assembled linear system in:     1.469 s.
Solved linear system in:     0.159 s.
Updated wake in:     3.248 s.
Euler particle cleanup at step 1211: deleted=122, growth_guard=0, mag_max=0, sigma_capped=0
Updated geometry in:     0.005 s.

--> Step  1212 of  2001 simulation time:    4.8440
Elapsed wall time:  3623.138
Assembled linear system in:     1.467 s.
Solved linear system in:     0.157 s.
Updated wake in:     3.245 s.
Euler particle cleanup at step 1212: deleted=122, growth_guard=0, mag_max=0, sigma_capped=0
Updated geometry in:     0.006 s.

--> Step  1213 of  2001 simulation time:    4.8480
Elapsed wall time:  3628.578
Assembled linear system in:     1.469 s.
Solved linear system in:     0.157 s.
Updated wake in:     3.263 s.
Euler particle cleanup at step 1213: deleted=122, growth_guard=0, mag_max=0, sigma_capped=0
Updated geometry in:     0.005 s.

--> Step  1214 of  2001 simulation time:    4.8520
Elapsed wall time:  3634.038
Assembled linear system in:     1.468 s.
Solved linear system in:     0.159 s.
Updated wake in:     3.250 s.
Euler particle cleanup at step 1214: deleted=122, growth_guard=0, mag_max=0, sigma_capped=0
Updated geometry in:     0.005 s.

--> Step  1215 of  2001 simulation time:    4.8560
Elapsed wall time:  3639.491
Assembled linear system in:     1.466 s.
Solved linear system in:     0.157 s.
Updated wake in:     3.245 s.
Euler particle cleanup at step 1215: deleted=122, growth_guard=0, mag_max=0, sigma_capped=0
Updated geometry in:     0.005 s.

--> Step  1216 of  2001 simulation time:    4.8600
Elapsed wall time:  3644.929
Assembled linear system in:     1.474 s.
Solved linear system in:     0.159 s.
Updated wake in:     3.264 s.
Euler particle cleanup at step 1216: deleted=123, growth_guard=0, mag_max=0, sigma_capped=0
Updated geometry in:     0.005 s.

--> Step  1217 of  2001 simulation time:    4.8640
Elapsed wall time:  3650.396
Assembled linear system in:     1.468 s.
Solved linear system in:     0.155 s.
Updated wake in:     3.255 s.
Euler particle cleanup at step 1217: deleted=122, growth_guard=0, mag_max=0, sigma_capped=0
Updated geometry in:     0.005 s.

--> Step  1218 of  2001 simulation time:    4.8680
Elapsed wall time:  3655.818
Assembled linear system in:     1.471 s.
Solved linear system in:     0.160 s.
Updated wake in:     3.260 s.
Euler particle cleanup at step 1218: deleted=123, growth_guard=0, mag_max=0, sigma_capped=0
Updated geometry in:     0.006 s.

--> Step  1219 of  2001 simulation time:    4.8720
Elapsed wall time:  3661.276
Assembled linear system in:     1.475 s.
Solved linear system in:     0.158 s.
Updated wake in:     3.260 s.
Euler particle cleanup at step 1219: deleted=122, growth_guard=0, mag_max=0, sigma_capped=0
Updated geometry in:     0.006 s.

--> Step  1220 of  2001 simulation time:    4.8760
Elapsed wall time:  3666.710
Assembled linear system in:     1.478 s.
Solved linear system in:     0.159 s.
Updated wake in:     3.251 s.
Euler particle cleanup at step 1220: deleted=122, growth_guard=0, mag_max=0, sigma_capped=0
Updated geometry in:     0.005 s.

--> Step  1221 of  2001 simulation time:    4.8800
Elapsed wall time:  3672.137
Assembled linear system in:     1.471 s.
Solved linear system in:     0.155 s.
Updated wake in:     3.256 s.
Euler particle cleanup at step 1221: deleted=123, growth_guard=0, mag_max=0, sigma_capped=0
Updated geometry in:     0.005 s.

--> Step  1222 of  2001 simulation time:    4.8840
Elapsed wall time:  3677.577
Assembled linear system in:     1.478 s.
Solved linear system in:     0.158 s.
Updated wake in:     3.255 s.
Euler particle cleanup at step 1222: deleted=122, growth_guard=0, mag_max=0, sigma_capped=0
Updated geometry in:     0.005 s.

--> Step  1223 of  2001 simulation time:    4.8880
Elapsed wall time:  3683.007
Assembled linear system in:     1.478 s.
Solved linear system in:     0.157 s.
Updated wake in:     3.253 s.
Euler particle cleanup at step 1223: deleted=122, growth_guard=0, mag_max=0, sigma_capped=0
Updated geometry in:     0.005 s.

--> Step  1224 of  2001 simulation time:    4.8920
Elapsed wall time:  3688.437
Assembled linear system in:     1.470 s.
Solved linear system in:     0.158 s.
Updated wake in:     3.256 s.
Euler particle cleanup at step 1224: deleted=122, growth_guard=0, mag_max=0, sigma_capped=0
Updated geometry in:     0.005 s.

--> Step  1225 of  2001 simulation time:    4.8960
Elapsed wall time:  3693.864
Assembled linear system in:     1.475 s.
Solved linear system in:     0.155 s.
Updated wake in:     3.246 s.
Euler particle cleanup at step 1225: deleted=122, growth_guard=0, mag_max=0, sigma_capped=0
Updated geometry in:     0.005 s.

--> Step  1226 of  2001 simulation time:    4.9000
Elapsed wall time:  3699.283
Assembled linear system in:     1.467 s.
Solved linear system in:     0.161 s.
Updated wake in:     3.252 s.
Euler particle cleanup at step 1226: deleted=122, growth_guard=0, mag_max=0, sigma_capped=0
Updated geometry in:     0.006 s.

--> Step  1227 of  2001 simulation time:    4.9040
Elapsed wall time:  3704.710
Assembled linear system in:     1.473 s.
Solved linear system in:     0.156 s.
Updated wake in:     3.256 s.
Euler particle cleanup at step 1227: deleted=121, growth_guard=0, mag_max=0, sigma_capped=0
Updated geometry in:     0.006 s.

--> Step  1228 of  2001 simulation time:    4.9080
Elapsed wall time:  3710.138
Assembled linear system in:     1.476 s.
Solved linear system in:     0.156 s.
Updated wake in:     3.247 s.
Euler particle cleanup at step 1228: deleted=121, growth_guard=0, mag_max=0, sigma_capped=0
Updated geometry in:     0.005 s.

--> Step  1229 of  2001 simulation time:    4.9120
Elapsed wall time:  3715.556
Assembled linear system in:     1.466 s.
Solved linear system in:     0.158 s.
Updated wake in:     3.252 s.
Euler particle cleanup at step 1229: deleted=121, growth_guard=0, mag_max=0, sigma_capped=0
Updated geometry in:     0.005 s.

--> Step  1230 of  2001 simulation time:    4.9160
Elapsed wall time:  3720.974
Assembled linear system in:     1.471 s.
Solved linear system in:     0.160 s.
Updated wake in:     3.263 s.
Euler particle cleanup at step 1230: deleted=123, growth_guard=0, mag_max=0, sigma_capped=0
Updated geometry in:     0.005 s.

--> Step  1231 of  2001 simulation time:    4.9200
Elapsed wall time:  3726.412
Assembled linear system in:     1.477 s.
Solved linear system in:     0.158 s.
Updated wake in:     3.251 s.
Euler particle cleanup at step 1231: deleted=122, growth_guard=0, mag_max=0, sigma_capped=0
Updated geometry in:     0.005 s.

--> Step  1232 of  2001 simulation time:    4.9240
Elapsed wall time:  3731.854
Assembled linear system in:     1.472 s.
Solved linear system in:     0.159 s.
Updated wake in:     3.254 s.
Euler particle cleanup at step 1232: deleted=122, growth_guard=0, mag_max=0, sigma_capped=0
Updated geometry in:     0.006 s.

--> Step  1233 of  2001 simulation time:    4.9280
Elapsed wall time:  3737.321
Assembled linear system in:     1.480 s.
Solved linear system in:     0.157 s.
Updated wake in:     3.247 s.
Euler particle cleanup at step 1233: deleted=122, growth_guard=0, mag_max=0, sigma_capped=0
Updated geometry in:     0.005 s.

--> Step  1234 of  2001 simulation time:    4.9320
Elapsed wall time:  3742.775
Assembled linear system in:     1.468 s.
Solved linear system in:     0.157 s.
Updated wake in:     3.258 s.
Euler particle cleanup at step 1234: deleted=123, growth_guard=0, mag_max=0, sigma_capped=0
Updated geometry in:     0.005 s.

--> Step  1235 of  2001 simulation time:    4.9360
Elapsed wall time:  3748.229
Assembled linear system in:     1.469 s.
Solved linear system in:     0.159 s.
Updated wake in:     3.254 s.
Euler particle cleanup at step 1235: deleted=123, growth_guard=0, mag_max=0, sigma_capped=0
Updated geometry in:     0.006 s.

--> Step  1236 of  2001 simulation time:    4.9400
Elapsed wall time:  3753.726
Assembled linear system in:     1.468 s.
Solved linear system in:     0.156 s.
Updated wake in:     3.265 s.
Euler particle cleanup at step 1236: deleted=122, growth_guard=0, mag_max=0, sigma_capped=0
Updated geometry in:     0.005 s.

--> Step  1237 of  2001 simulation time:    4.9440
Elapsed wall time:  3759.245
Assembled linear system in:     1.475 s.
Solved linear system in:     0.158 s.
Updated wake in:     3.259 s.
Euler particle cleanup at step 1237: deleted=122, growth_guard=0, mag_max=0, sigma_capped=0
Updated geometry in:     0.005 s.

--> Step  1238 of  2001 simulation time:    4.9480
Elapsed wall time:  3764.727
Assembled linear system in:     1.470 s.
Solved linear system in:     0.157 s.
Updated wake in:     3.264 s.
Euler particle cleanup at step 1238: deleted=122, growth_guard=0, mag_max=0, sigma_capped=0
Updated geometry in:     0.005 s.

--> Step  1239 of  2001 simulation time:    4.9520
Elapsed wall time:  3770.182
Assembled linear system in:     1.477 s.
Solved linear system in:     0.159 s.
Updated wake in:     3.253 s.
Euler particle cleanup at step 1239: deleted=122, growth_guard=0, mag_max=0, sigma_capped=0
Updated geometry in:     0.005 s.

--> Step  1240 of  2001 simulation time:    4.9560
Elapsed wall time:  3775.652
Assembled linear system in:     1.505 s.
Solved linear system in:     0.161 s.
Updated wake in:     3.256 s.
Euler particle cleanup at step 1240: deleted=123, growth_guard=0, mag_max=0, sigma_capped=0
Updated geometry in:     0.005 s.

--> Step  1241 of  2001 simulation time:    4.9600
Elapsed wall time:  3781.147
Assembled linear system in:     1.462 s.
Solved linear system in:     0.160 s.
Updated wake in:     3.266 s.
Euler particle cleanup at step 1241: deleted=123, growth_guard=0, mag_max=0, sigma_capped=0
Updated geometry in:     0.005 s.

--> Step  1242 of  2001 simulation time:    4.9640
Elapsed wall time:  3786.627
Assembled linear system in:     1.469 s.
Solved linear system in:     0.157 s.
Updated wake in:     3.255 s.
Euler particle cleanup at step 1242: deleted=122, growth_guard=0, mag_max=0, sigma_capped=0
Updated geometry in:     0.006 s.

--> Step  1243 of  2001 simulation time:    4.9680
Elapsed wall time:  3792.078
Assembled linear system in:     1.469 s.
Solved linear system in:     0.156 s.
Updated wake in:     3.251 s.
Euler particle cleanup at step 1243: deleted=122, growth_guard=0, mag_max=0, sigma_capped=0
Updated geometry in:     0.006 s.

--> Step  1244 of  2001 simulation time:    4.9720
Elapsed wall time:  3797.524
Assembled linear system in:     1.465 s.
Solved linear system in:     0.154 s.
Updated wake in:     3.249 s.
Euler particle cleanup at step 1244: deleted=122, growth_guard=0, mag_max=0, sigma_capped=0
Updated geometry in:     0.005 s.

--> Step  1245 of  2001 simulation time:    4.9760
Elapsed wall time:  3803.006
Assembled linear system in:     1.473 s.
Solved linear system in:     0.156 s.
Updated wake in:     3.248 s.
Euler particle cleanup at step 1245: deleted=122, growth_guard=0, mag_max=0, sigma_capped=0
Updated geometry in:     0.005 s.

--> Step  1246 of  2001 simulation time:    4.9800
Elapsed wall time:  3808.466
Assembled linear system in:     1.467 s.
Solved linear system in:     0.156 s.
Updated wake in:     3.248 s.
Euler particle cleanup at step 1246: deleted=121, growth_guard=0, mag_max=0, sigma_capped=0
Updated geometry in:     0.006 s.

--> Step  1247 of  2001 simulation time:    4.9840
Elapsed wall time:  3813.927
Assembled linear system in:     1.481 s.
Solved linear system in:     0.157 s.
Updated wake in:     3.245 s.
Euler particle cleanup at step 1247: deleted=122, growth_guard=0, mag_max=0, sigma_capped=0
Updated geometry in:     0.005 s.

--> Step  1248 of  2001 simulation time:    4.9880
Elapsed wall time:  3819.398
Assembled linear system in:     1.468 s.
Solved linear system in:     0.157 s.
Updated wake in:     3.254 s.
Euler particle cleanup at step 1248: deleted=121, growth_guard=0, mag_max=0, sigma_capped=0
Updated geometry in:     0.005 s.

--> Step  1249 of  2001 simulation time:    4.9920
Elapsed wall time:  3824.854
Assembled linear system in:     1.474 s.
Solved linear system in:     0.157 s.
Updated wake in:     3.260 s.
Euler particle cleanup at step 1249: deleted=122, growth_guard=0, mag_max=0, sigma_capped=0
Updated geometry in:     0.005 s.

--> Step  1250 of  2001 simulation time:    4.9960
Elapsed wall time:  3830.316
Assembled linear system in:     1.470 s.
Solved linear system in:     0.158 s.
Updated wake in:     3.249 s.
Euler particle cleanup at step 1250: deleted=123, growth_guard=0, mag_max=0, sigma_capped=0
Updated geometry in:     0.005 s.

--> Step  1251 of  2001 simulation time:    5.0000
Elapsed wall time:  3835.764
Assembled linear system in:     1.516 s.
Solved linear system in:     0.165 s.
Updated wake in:     3.249 s.
Euler particle cleanup at step 1251: deleted=124, growth_guard=0, mag_max=0, sigma_capped=0
Updated geometry in:     0.005 s.

--> Step  1252 of  2001 simulation time:    5.0040
Elapsed wall time:  3841.287
Assembled linear system in:     1.467 s.
Solved linear system in:     0.156 s.
Updated wake in:     3.251 s.
Euler particle cleanup at step 1252: deleted=125, growth_guard=0, mag_max=0, sigma_capped=0
Updated geometry in:     0.005 s.

--> Step  1253 of  2001 simulation time:    5.0080
Elapsed wall time:  3846.735
Assembled linear system in:     1.474 s.
Solved linear system in:     0.157 s.
Updated wake in:     3.252 s.
Euler particle cleanup at step 1253: deleted=122, growth_guard=0, mag_max=0, sigma_capped=0
Updated geometry in:     0.006 s.

--> Step  1254 of  2001 simulation time:    5.0120
Elapsed wall time:  3852.182
Assembled linear system in:     1.476 s.
Solved linear system in:     0.157 s.
Updated wake in:     3.257 s.
Euler particle cleanup at step 1254: deleted=122, growth_guard=0, mag_max=0, sigma_capped=0
Updated geometry in:     0.005 s.

--> Step  1255 of  2001 simulation time:    5.0160
Elapsed wall time:  3857.645
Assembled linear system in:     1.466 s.
Solved linear system in:     0.158 s.
Updated wake in:     3.250 s.
Euler particle cleanup at step 1255: deleted=122, growth_guard=0, mag_max=0, sigma_capped=0
Updated geometry in:     0.005 s.

--> Step  1256 of  2001 simulation time:    5.0200
Elapsed wall time:  3863.084
Assembled linear system in:     1.471 s.
Solved linear system in:     0.157 s.
Updated wake in:     3.256 s.
Euler particle cleanup at step 1256: deleted=122, growth_guard=0, mag_max=0, sigma_capped=0
Updated geometry in:     0.005 s.

--> Step  1257 of  2001 simulation time:    5.0240
Elapsed wall time:  3868.540
Assembled linear system in:     1.469 s.
Solved linear system in:     0.156 s.
Updated wake in:     3.269 s.
Euler particle cleanup at step 1257: deleted=122, growth_guard=0, mag_max=0, sigma_capped=0
Updated geometry in:     0.005 s.

--> Step  1258 of  2001 simulation time:    5.0280
Elapsed wall time:  3874.003
Assembled linear system in:     1.468 s.
Solved linear system in:     0.157 s.
Updated wake in:     3.245 s.
Euler particle cleanup at step 1258: deleted=122, growth_guard=0, mag_max=0, sigma_capped=0
Updated geometry in:     0.005 s.

--> Step  1259 of  2001 simulation time:    5.0320
Elapsed wall time:  3879.446
Assembled linear system in:     1.471 s.
Solved linear system in:     0.159 s.
Updated wake in:     3.266 s.
Euler particle cleanup at step 1259: deleted=122, growth_guard=0, mag_max=0, sigma_capped=0
Updated geometry in:     0.005 s.

--> Step  1260 of  2001 simulation time:    5.0360
Elapsed wall time:  3884.896
Assembled linear system in:     1.465 s.
Solved linear system in:     0.160 s.
Updated wake in:     3.258 s.
Euler particle cleanup at step 1260: deleted=122, growth_guard=0, mag_max=0, sigma_capped=0
Updated geometry in:     0.005 s.

--> Step  1261 of  2001 simulation time:    5.0400
Elapsed wall time:  3890.344
Assembled linear system in:     1.469 s.
Solved linear system in:     0.158 s.
Updated wake in:     3.239 s.
Euler particle cleanup at step 1261: deleted=122, growth_guard=0, mag_max=0, sigma_capped=0
Updated geometry in:     0.006 s.

--> Step  1262 of  2001 simulation time:    5.0440
Elapsed wall time:  3895.797
Assembled linear system in:     1.469 s.
Solved linear system in:     0.156 s.
Updated wake in:     3.269 s.
Euler particle cleanup at step 1262: deleted=124, growth_guard=0, mag_max=0, sigma_capped=0
Updated geometry in:     0.005 s.

--> Step  1263 of  2001 simulation time:    5.0480
Elapsed wall time:  3901.263
Assembled linear system in:     1.473 s.
Solved linear system in:     0.159 s.
Updated wake in:     3.262 s.
Euler particle cleanup at step 1263: deleted=122, growth_guard=0, mag_max=0, sigma_capped=0
Updated geometry in:     0.006 s.

--> Step  1264 of  2001 simulation time:    5.0520
Elapsed wall time:  3906.722
Assembled linear system in:     1.470 s.
Solved linear system in:     0.156 s.
Updated wake in:     3.261 s.
Euler particle cleanup at step 1264: deleted=122, growth_guard=0, mag_max=0, sigma_capped=0
Updated geometry in:     0.005 s.

--> Step  1265 of  2001 simulation time:    5.0560
Elapsed wall time:  3912.181
Assembled linear system in:     1.465 s.
Solved linear system in:     0.157 s.
Updated wake in:     3.265 s.
Euler particle cleanup at step 1265: deleted=122, growth_guard=0, mag_max=0, sigma_capped=0
Updated geometry in:     0.005 s.

--> Step  1266 of  2001 simulation time:    5.0600
Elapsed wall time:  3917.632
Assembled linear system in:     1.470 s.
Solved linear system in:     0.160 s.
Updated wake in:     3.249 s.
Euler particle cleanup at step 1266: deleted=122, growth_guard=0, mag_max=0, sigma_capped=0
Updated geometry in:     0.005 s.

--> Step  1267 of  2001 simulation time:    5.0640
Elapsed wall time:  3923.082
Assembled linear system in:     1.465 s.
Solved linear system in:     0.156 s.
Updated wake in:     3.237 s.
Euler particle cleanup at step 1267: deleted=122, growth_guard=0, mag_max=0, sigma_capped=0
Updated geometry in:     0.005 s.

--> Step  1268 of  2001 simulation time:    5.0680
Elapsed wall time:  3928.512
Assembled linear system in:     1.471 s.
Solved linear system in:     0.154 s.
Updated wake in:     3.246 s.
Euler particle cleanup at step 1268: deleted=124, growth_guard=0, mag_max=0, sigma_capped=0
Updated geometry in:     0.005 s.

--> Step  1269 of  2001 simulation time:    5.0720
Elapsed wall time:  3933.953
Assembled linear system in:     1.476 s.
Solved linear system in:     0.158 s.
Updated wake in:     3.243 s.
Euler particle cleanup at step 1269: deleted=124, growth_guard=0, mag_max=0, sigma_capped=0
Updated geometry in:     0.005 s.

--> Step  1270 of  2001 simulation time:    5.0760
Elapsed wall time:  3939.404
Assembled linear system in:     1.477 s.
Solved linear system in:     0.157 s.
Updated wake in:     3.247 s.
Euler particle cleanup at step 1270: deleted=124, growth_guard=0, mag_max=0, sigma_capped=0
Updated geometry in:     0.005 s.

--> Step  1271 of  2001 simulation time:    5.0800
Elapsed wall time:  3944.861
Assembled linear system in:     1.471 s.
Solved linear system in:     0.160 s.
Updated wake in:     3.255 s.
Euler particle cleanup at step 1271: deleted=122, growth_guard=0, mag_max=0, sigma_capped=0
Updated geometry in:     0.005 s.

--> Step  1272 of  2001 simulation time:    5.0840
Elapsed wall time:  3950.338
Assembled linear system in:     1.469 s.
Solved linear system in:     0.157 s.
Updated wake in:     3.251 s.
Euler particle cleanup at step 1272: deleted=122, growth_guard=0, mag_max=0, sigma_capped=0
Updated geometry in:     0.005 s.

--> Step  1273 of  2001 simulation time:    5.0880
Elapsed wall time:  3955.789
Assembled linear system in:     1.469 s.
Solved linear system in:     0.156 s.
Updated wake in:     3.260 s.
Euler particle cleanup at step 1273: deleted=122, growth_guard=0, mag_max=0, sigma_capped=0
Updated geometry in:     0.005 s.

--> Step  1274 of  2001 simulation time:    5.0920
Elapsed wall time:  3961.241
Assembled linear system in:     1.471 s.
Solved linear system in:     0.161 s.
Updated wake in:     3.251 s.
Euler particle cleanup at step 1274: deleted=122, growth_guard=0, mag_max=0, sigma_capped=0
Updated geometry in:     0.005 s.

--> Step  1275 of  2001 simulation time:    5.0960
Elapsed wall time:  3966.697
Assembled linear system in:     1.464 s.
Solved linear system in:     0.161 s.
Updated wake in:     3.260 s.
Euler particle cleanup at step 1275: deleted=122, growth_guard=0, mag_max=0, sigma_capped=0
Updated geometry in:     0.005 s.

--> Step  1276 of  2001 simulation time:    5.1000
Elapsed wall time:  3972.150
Assembled linear system in:     1.470 s.
Solved linear system in:     0.159 s.
Updated wake in:     3.259 s.
Euler particle cleanup at step 1276: deleted=122, growth_guard=0, mag_max=0, sigma_capped=0
Updated geometry in:     0.005 s.

--> Step  1277 of  2001 simulation time:    5.1040
Elapsed wall time:  3977.599
Assembled linear system in:     1.469 s.
Solved linear system in:     0.157 s.
Updated wake in:     3.267 s.
Euler particle cleanup at step 1277: deleted=122, growth_guard=0, mag_max=0, sigma_capped=0
Updated geometry in:     0.006 s.

--> Step  1278 of  2001 simulation time:    5.1080
Elapsed wall time:  3983.057
Assembled linear system in:     1.470 s.
Solved linear system in:     0.160 s.
Updated wake in:     3.252 s.
Euler particle cleanup at step 1278: deleted=122, growth_guard=0, mag_max=0, sigma_capped=0
Updated geometry in:     0.006 s.

--> Step  1279 of  2001 simulation time:    5.1120
Elapsed wall time:  3988.512
Assembled linear system in:     1.472 s.
Solved linear system in:     0.158 s.
Updated wake in:     3.266 s.
Euler particle cleanup at step 1279: deleted=122, growth_guard=0, mag_max=0, sigma_capped=0
Updated geometry in:     0.005 s.

--> Step  1280 of  2001 simulation time:    5.1160
Elapsed wall time:  3993.982
Assembled linear system in:     1.477 s.
Solved linear system in:     0.161 s.
Updated wake in:     3.247 s.
Euler particle cleanup at step 1280: deleted=122, growth_guard=0, mag_max=0, sigma_capped=0
Updated geometry in:     0.006 s.

--> Step  1281 of  2001 simulation time:    5.1200
Elapsed wall time:  3999.449
Assembled linear system in:     1.474 s.
Solved linear system in:     0.158 s.
Updated wake in:     3.256 s.
Euler particle cleanup at step 1281: deleted=122, growth_guard=0, mag_max=0, sigma_capped=0
Updated geometry in:     0.005 s.

--> Step  1282 of  2001 simulation time:    5.1240
Elapsed wall time:  4004.898
Assembled linear system in:     1.470 s.
Solved linear system in:     0.156 s.
Updated wake in:     3.268 s.
Euler particle cleanup at step 1282: deleted=122, growth_guard=0, mag_max=0, sigma_capped=0
Updated geometry in:     0.005 s.

--> Step  1283 of  2001 simulation time:    5.1280
Elapsed wall time:  4010.330
Assembled linear system in:     1.471 s.
Solved linear system in:     0.163 s.
Updated wake in:     3.263 s.
Euler particle cleanup at step 1283: deleted=122, growth_guard=0, mag_max=0, sigma_capped=0
Updated geometry in:     0.005 s.

--> Step  1284 of  2001 simulation time:    5.1320
Elapsed wall time:  4015.772
Assembled linear system in:     1.453 s.
Solved linear system in:     0.151 s.
Updated wake in:     3.252 s.
Euler particle cleanup at step 1284: deleted=123, growth_guard=0, mag_max=0, sigma_capped=0
Updated geometry in:     0.006 s.

--> Step  1285 of  2001 simulation time:    5.1360
Elapsed wall time:  4021.168
Assembled linear system in:     1.470 s.
Solved linear system in:     0.155 s.
Updated wake in:     3.270 s.
Euler particle cleanup at step 1285: deleted=123, growth_guard=0, mag_max=0, sigma_capped=0
Updated geometry in:     0.005 s.

--> Step  1286 of  2001 simulation time:    5.1400
Elapsed wall time:  4026.607
Assembled linear system in:     1.472 s.
Solved linear system in:     0.155 s.
Updated wake in:     3.259 s.
Euler particle cleanup at step 1286: deleted=123, growth_guard=0, mag_max=0, sigma_capped=0
Updated geometry in:     0.006 s.

--> Step  1287 of  2001 simulation time:    5.1440
Elapsed wall time:  4032.039
Assembled linear system in:     1.474 s.
Solved linear system in:     0.157 s.
Updated wake in:     3.268 s.
Euler particle cleanup at step 1287: deleted=122, growth_guard=0, mag_max=0, sigma_capped=0
Updated geometry in:     0.005 s.

--> Step  1288 of  2001 simulation time:    5.1480
Elapsed wall time:  4037.479
Assembled linear system in:     1.471 s.
Solved linear system in:     0.157 s.
Updated wake in:     3.269 s.
Euler particle cleanup at step 1288: deleted=122, growth_guard=0, mag_max=0, sigma_capped=0
Updated geometry in:     0.005 s.

--> Step  1289 of  2001 simulation time:    5.1520
Elapsed wall time:  4042.920
Assembled linear system in:     1.473 s.
Solved linear system in:     0.156 s.
Updated wake in:     3.252 s.
Euler particle cleanup at step 1289: deleted=122, growth_guard=0, mag_max=0, sigma_capped=0
Updated geometry in:     0.006 s.

--> Step  1290 of  2001 simulation time:    5.1560
Elapsed wall time:  4048.341
Assembled linear system in:     1.472 s.
Solved linear system in:     0.157 s.
Updated wake in:     3.250 s.
Euler particle cleanup at step 1290: deleted=123, growth_guard=0, mag_max=0, sigma_capped=0
Updated geometry in:     0.006 s.

--> Step  1291 of  2001 simulation time:    5.1600
Elapsed wall time:  4053.761
Assembled linear system in:     1.472 s.
Solved linear system in:     0.156 s.
Updated wake in:     3.241 s.
Euler particle cleanup at step 1291: deleted=122, growth_guard=0, mag_max=0, sigma_capped=0
Updated geometry in:     0.005 s.

--> Step  1292 of  2001 simulation time:    5.1640
Elapsed wall time:  4059.223
Assembled linear system in:     1.467 s.
Solved linear system in:     0.156 s.
Updated wake in:     3.259 s.
Euler particle cleanup at step 1292: deleted=122, growth_guard=0, mag_max=0, sigma_capped=0
Updated geometry in:     0.006 s.

--> Step  1293 of  2001 simulation time:    5.1680
Elapsed wall time:  4064.672
Assembled linear system in:     1.472 s.
Solved linear system in:     0.158 s.
Updated wake in:     3.254 s.
Euler particle cleanup at step 1293: deleted=122, growth_guard=0, mag_max=0, sigma_capped=0
Updated geometry in:     0.006 s.

--> Step  1294 of  2001 simulation time:    5.1720
Elapsed wall time:  4070.127
Assembled linear system in:     1.472 s.
Solved linear system in:     0.158 s.
Updated wake in:     3.251 s.
Euler particle cleanup at step 1294: deleted=122, growth_guard=0, mag_max=0, sigma_capped=0
Updated geometry in:     0.005 s.

--> Step  1295 of  2001 simulation time:    5.1760
Elapsed wall time:  4075.580
Assembled linear system in:     1.469 s.
Solved linear system in:     0.157 s.
Updated wake in:     3.258 s.
Euler particle cleanup at step 1295: deleted=122, growth_guard=0, mag_max=0, sigma_capped=0
Updated geometry in:     0.006 s.

--> Step  1296 of  2001 simulation time:    5.1800
Elapsed wall time:  4081.038
Assembled linear system in:     1.467 s.
Solved linear system in:     0.156 s.
Updated wake in:     3.261 s.
Euler particle cleanup at step 1296: deleted=122, growth_guard=0, mag_max=0, sigma_capped=0
Updated geometry in:     0.005 s.

--> Step  1297 of  2001 simulation time:    5.1840
Elapsed wall time:  4086.490
Assembled linear system in:     1.469 s.
Solved linear system in:     0.156 s.
Updated wake in:     3.244 s.
Euler particle cleanup at step 1297: deleted=122, growth_guard=0, mag_max=0, sigma_capped=0
Updated geometry in:     0.005 s.

--> Step  1298 of  2001 simulation time:    5.1880
Elapsed wall time:  4091.931
Assembled linear system in:     1.466 s.
Solved linear system in:     0.157 s.
Updated wake in:     3.253 s.
Euler particle cleanup at step 1298: deleted=122, growth_guard=0, mag_max=0, sigma_capped=0
Updated geometry in:     0.005 s.

--> Step  1299 of  2001 simulation time:    5.1920
Elapsed wall time:  4097.377
Assembled linear system in:     1.469 s.
Solved linear system in:     0.160 s.
Updated wake in:     3.257 s.
Euler particle cleanup at step 1299: deleted=122, growth_guard=0, mag_max=0, sigma_capped=0
Updated geometry in:     0.005 s.

--> Step  1300 of  2001 simulation time:    5.1960
Elapsed wall time:  4102.834
Assembled linear system in:     1.471 s.
Solved linear system in:     0.159 s.
Updated wake in:     3.252 s.
Euler particle cleanup at step 1300: deleted=122, growth_guard=0, mag_max=0, sigma_capped=0
Updated geometry in:     0.006 s.

--> Step  1301 of  2001 simulation time:    5.2000
Elapsed wall time:  4108.292
Assembled linear system in:     1.466 s.
Solved linear system in:     0.156 s.
Updated wake in:     3.247 s.
Euler particle cleanup at step 1301: deleted=122, growth_guard=0, mag_max=0, sigma_capped=0
Updated geometry in:     0.006 s.

--> Step  1302 of  2001 simulation time:    5.2040
Elapsed wall time:  4113.774
Assembled linear system in:     1.468 s.
Solved linear system in:     0.162 s.
Updated wake in:     3.254 s.
Euler particle cleanup at step 1302: deleted=122, growth_guard=0, mag_max=0, sigma_capped=0
Updated geometry in:     0.006 s.

--> Step  1303 of  2001 simulation time:    5.2080
Elapsed wall time:  4119.235
Assembled linear system in:     1.474 s.
Solved linear system in:     0.158 s.
Updated wake in:     3.262 s.
Euler particle cleanup at step 1303: deleted=122, growth_guard=0, mag_max=0, sigma_capped=0
Updated geometry in:     0.006 s.

--> Step  1304 of  2001 simulation time:    5.2120
Elapsed wall time:  4124.702
Assembled linear system in:     1.469 s.
Solved linear system in:     0.157 s.
Updated wake in:     3.252 s.
Euler particle cleanup at step 1304: deleted=122, growth_guard=0, mag_max=0, sigma_capped=0
Updated geometry in:     0.005 s.

--> Step  1305 of  2001 simulation time:    5.2160
Elapsed wall time:  4130.151
Assembled linear system in:     1.466 s.
Solved linear system in:     0.158 s.
Updated wake in:     3.245 s.
Euler particle cleanup at step 1305: deleted=122, growth_guard=0, mag_max=0, sigma_capped=0
Updated geometry in:     0.005 s.

--> Step  1306 of  2001 simulation time:    5.2200
Elapsed wall time:  4135.590
Assembled linear system in:     1.469 s.
Solved linear system in:     0.157 s.
Updated wake in:     3.250 s.
Euler particle cleanup at step 1306: deleted=122, growth_guard=0, mag_max=0, sigma_capped=0
Updated geometry in:     0.005 s.

--> Step  1307 of  2001 simulation time:    5.2240
Elapsed wall time:  4141.036
Assembled linear system in:     1.472 s.
Solved linear system in:     0.159 s.
Updated wake in:     3.262 s.
Euler particle cleanup at step 1307: deleted=122, growth_guard=0, mag_max=0, sigma_capped=0
Updated geometry in:     0.005 s.

--> Step  1308 of  2001 simulation time:    5.2280
Elapsed wall time:  4146.505
Assembled linear system in:     1.471 s.
Solved linear system in:     0.161 s.
Updated wake in:     3.246 s.
Euler particle cleanup at step 1308: deleted=122, growth_guard=0, mag_max=0, sigma_capped=0
Updated geometry in:     0.005 s.

--> Step  1309 of  2001 simulation time:    5.2320
Elapsed wall time:  4151.953
Assembled linear system in:     1.465 s.
Solved linear system in:     0.157 s.
Updated wake in:     3.248 s.
Euler particle cleanup at step 1309: deleted=122, growth_guard=0, mag_max=0, sigma_capped=0
Updated geometry in:     0.005 s.

--> Step  1310 of  2001 simulation time:    5.2360
Elapsed wall time:  4157.394
Assembled linear system in:     1.471 s.
Solved linear system in:     0.158 s.
Updated wake in:     3.260 s.
Euler particle cleanup at step 1310: deleted=122, growth_guard=0, mag_max=0, sigma_capped=0
Updated geometry in:     0.005 s.

--> Step  1311 of  2001 simulation time:    5.2400
Elapsed wall time:  4162.852
Assembled linear system in:     1.471 s.
Solved linear system in:     0.157 s.
Updated wake in:     3.247 s.
Euler particle cleanup at step 1311: deleted=122, growth_guard=0, mag_max=0, sigma_capped=0
Updated geometry in:     0.005 s.

--> Step  1312 of  2001 simulation time:    5.2440
Elapsed wall time:  4168.315
Assembled linear system in:     1.478 s.
Solved linear system in:     0.158 s.
Updated wake in:     3.246 s.
Euler particle cleanup at step 1312: deleted=122, growth_guard=0, mag_max=0, sigma_capped=0
Updated geometry in:     0.005 s.

--> Step  1313 of  2001 simulation time:    5.2480
Elapsed wall time:  4173.767
Assembled linear system in:     1.469 s.
Solved linear system in:     0.157 s.
Updated wake in:     3.247 s.
Euler particle cleanup at step 1313: deleted=122, growth_guard=0, mag_max=0, sigma_capped=0
Updated geometry in:     0.005 s.

--> Step  1314 of  2001 simulation time:    5.2520
Elapsed wall time:  4179.213
Assembled linear system in:     1.470 s.
Solved linear system in:     0.159 s.
Updated wake in:     3.257 s.
Euler particle cleanup at step 1314: deleted=122, growth_guard=0, mag_max=0, sigma_capped=0
Updated geometry in:     0.006 s.

--> Step  1315 of  2001 simulation time:    5.2560
Elapsed wall time:  4184.670
Assembled linear system in:     1.471 s.
Solved linear system in:     0.158 s.
Updated wake in:     3.256 s.
Euler particle cleanup at step 1315: deleted=122, growth_guard=0, mag_max=0, sigma_capped=0
Updated geometry in:     0.006 s.

--> Step  1316 of  2001 simulation time:    5.2600
Elapsed wall time:  4190.127
Assembled linear system in:     1.474 s.
Solved linear system in:     0.160 s.
Updated wake in:     3.235 s.
Euler particle cleanup at step 1316: deleted=122, growth_guard=0, mag_max=0, sigma_capped=0
Updated geometry in:     0.005 s.

--> Step  1317 of  2001 simulation time:    5.2640
Elapsed wall time:  4195.567
Assembled linear system in:     1.473 s.
Solved linear system in:     0.155 s.
Updated wake in:     3.248 s.
Euler particle cleanup at step 1317: deleted=122, growth_guard=0, mag_max=0, sigma_capped=0
Updated geometry in:     0.005 s.

--> Step  1318 of  2001 simulation time:    5.2680
Elapsed wall time:  4201.015
Assembled linear system in:     1.478 s.
Solved linear system in:     0.158 s.
Updated wake in:     3.257 s.
Euler particle cleanup at step 1318: deleted=122, growth_guard=0, mag_max=0, sigma_capped=0
Updated geometry in:     0.005 s.

--> Step  1319 of  2001 simulation time:    5.2720
Elapsed wall time:  4206.474
Assembled linear system in:     1.481 s.
Solved linear system in:     0.158 s.
Updated wake in:     3.242 s.
Euler particle cleanup at step 1319: deleted=122, growth_guard=0, mag_max=0, sigma_capped=0
Updated geometry in:     0.005 s.

--> Step  1320 of  2001 simulation time:    5.2760
Elapsed wall time:  4211.923
Assembled linear system in:     1.473 s.
Solved linear system in:     0.161 s.
Updated wake in:     3.249 s.
Euler particle cleanup at step 1320: deleted=122, growth_guard=0, mag_max=0, sigma_capped=0
Updated geometry in:     0.006 s.

--> Step  1321 of  2001 simulation time:    5.2800
Elapsed wall time:  4217.376
Assembled linear system in:     1.473 s.
Solved linear system in:     0.159 s.
Updated wake in:     3.254 s.
Euler particle cleanup at step 1321: deleted=122, growth_guard=0, mag_max=0, sigma_capped=0
Updated geometry in:     0.005 s.

--> Step  1322 of  2001 simulation time:    5.2840
Elapsed wall time:  4222.846
Assembled linear system in:     1.475 s.
Solved linear system in:     0.156 s.
Updated wake in:     3.258 s.
Euler particle cleanup at step 1322: deleted=122, growth_guard=0, mag_max=0, sigma_capped=0
Updated geometry in:     0.005 s.

--> Step  1323 of  2001 simulation time:    5.2880
Elapsed wall time:  4228.308
Assembled linear system in:     1.464 s.
Solved linear system in:     0.157 s.
Updated wake in:     3.255 s.
Euler particle cleanup at step 1323: deleted=122, growth_guard=0, mag_max=0, sigma_capped=0
Updated geometry in:     0.005 s.

--> Step  1324 of  2001 simulation time:    5.2920
Elapsed wall time:  4233.758
Assembled linear system in:     1.468 s.
Solved linear system in:     0.159 s.
Updated wake in:     3.256 s.
Euler particle cleanup at step 1324: deleted=122, growth_guard=0, mag_max=0, sigma_capped=0
Updated geometry in:     0.006 s.

--> Step  1325 of  2001 simulation time:    5.2960
Elapsed wall time:  4239.213
Assembled linear system in:     1.475 s.
Solved linear system in:     0.156 s.
Updated wake in:     3.261 s.
Euler particle cleanup at step 1325: deleted=122, growth_guard=0, mag_max=0, sigma_capped=0
Updated geometry in:     0.005 s.

--> Step  1326 of  2001 simulation time:    5.3000
Elapsed wall time:  4244.669
Assembled linear system in:     1.470 s.
Solved linear system in:     0.157 s.
Updated wake in:     3.266 s.
Euler particle cleanup at step 1326: deleted=122, growth_guard=0, mag_max=0, sigma_capped=0
Updated geometry in:     0.006 s.

--> Step  1327 of  2001 simulation time:    5.3040
Elapsed wall time:  4250.132
Assembled linear system in:     1.468 s.
Solved linear system in:     0.157 s.
Updated wake in:     3.242 s.
Euler particle cleanup at step 1327: deleted=122, growth_guard=0, mag_max=0, sigma_capped=0
Updated geometry in:     0.005 s.

--> Step  1328 of  2001 simulation time:    5.3080
Elapsed wall time:  4255.571
Assembled linear system in:     1.471 s.
Solved linear system in:     0.156 s.
Updated wake in:     3.264 s.
Euler particle cleanup at step 1328: deleted=121, growth_guard=0, mag_max=0, sigma_capped=0
Updated geometry in:     0.005 s.

--> Step  1329 of  2001 simulation time:    5.3120
Elapsed wall time:  4261.033
Assembled linear system in:     1.465 s.
Solved linear system in:     0.156 s.
Updated wake in:     3.268 s.
Euler particle cleanup at step 1329: deleted=122, growth_guard=0, mag_max=0, sigma_capped=0
Updated geometry in:     0.005 s.

--> Step  1330 of  2001 simulation time:    5.3160
Elapsed wall time:  4266.494
Assembled linear system in:     1.468 s.
Solved linear system in:     0.156 s.
Updated wake in:     3.246 s.
Euler particle cleanup at step 1330: deleted=122, growth_guard=0, mag_max=0, sigma_capped=0
Updated geometry in:     0.005 s.

--> Step  1331 of  2001 simulation time:    5.3200
Elapsed wall time:  4271.947
Assembled linear system in:     1.473 s.
Solved linear system in:     0.159 s.
Updated wake in:     3.253 s.
Euler particle cleanup at step 1331: deleted=122, growth_guard=0, mag_max=0, sigma_capped=0
Updated geometry in:     0.006 s.

--> Step  1332 of  2001 simulation time:    5.3240
Elapsed wall time:  4277.390
Assembled linear system in:     1.462 s.
Solved linear system in:     0.156 s.
Updated wake in:     3.254 s.
Euler particle cleanup at step 1332: deleted=122, growth_guard=0, mag_max=0, sigma_capped=0
Updated geometry in:     0.005 s.

--> Step  1333 of  2001 simulation time:    5.3280
Elapsed wall time:  4282.803
Assembled linear system in:     1.473 s.
Solved linear system in:     0.161 s.
Updated wake in:     3.243 s.
Euler particle cleanup at step 1333: deleted=122, growth_guard=0, mag_max=0, sigma_capped=0
Updated geometry in:     0.006 s.

--> Step  1334 of  2001 simulation time:    5.3320
Elapsed wall time:  4288.217
Assembled linear system in:     1.458 s.
Solved linear system in:     0.153 s.
Updated wake in:     3.238 s.
Euler particle cleanup at step 1334: deleted=122, growth_guard=0, mag_max=0, sigma_capped=0
Updated geometry in:     0.005 s.

--> Step  1335 of  2001 simulation time:    5.3360
Elapsed wall time:  4293.603
Assembled linear system in:     1.451 s.
Solved linear system in:     0.158 s.
Updated wake in:     3.254 s.
Euler particle cleanup at step 1335: deleted=122, growth_guard=0, mag_max=0, sigma_capped=0
Updated geometry in:     0.006 s.

--> Step  1336 of  2001 simulation time:    5.3400
Elapsed wall time:  4299.003
Assembled linear system in:     1.455 s.
Solved linear system in:     0.152 s.
Updated wake in:     3.236 s.
Euler particle cleanup at step 1336: deleted=122, growth_guard=0, mag_max=0, sigma_capped=0
Updated geometry in:     0.005 s.

--> Step  1337 of  2001 simulation time:    5.3440
Elapsed wall time:  4304.385
Assembled linear system in:     1.468 s.
Solved linear system in:     0.157 s.
Updated wake in:     3.248 s.
Euler particle cleanup at step 1337: deleted=122, growth_guard=0, mag_max=0, sigma_capped=0
Updated geometry in:     0.005 s.

--> Step  1338 of  2001 simulation time:    5.3480
Elapsed wall time:  4309.802
Assembled linear system in:     1.458 s.
Solved linear system in:     0.152 s.
Updated wake in:     3.247 s.
Euler particle cleanup at step 1338: deleted=122, growth_guard=0, mag_max=0, sigma_capped=0
Updated geometry in:     0.005 s.

--> Step  1339 of  2001 simulation time:    5.3520
Elapsed wall time:  4315.200
Assembled linear system in:     1.471 s.
Solved linear system in:     0.161 s.
Updated wake in:     3.252 s.
Euler particle cleanup at step 1339: deleted=122, growth_guard=0, mag_max=0, sigma_capped=0
Updated geometry in:     0.005 s.

--> Step  1340 of  2001 simulation time:    5.3560
Elapsed wall time:  4320.631
Assembled linear system in:     1.463 s.
Solved linear system in:     0.151 s.
Updated wake in:     3.242 s.
Euler particle cleanup at step 1340: deleted=122, growth_guard=0, mag_max=0, sigma_capped=0
Updated geometry in:     0.006 s.

--> Step  1341 of  2001 simulation time:    5.3600
Elapsed wall time:  4326.031
Assembled linear system in:     1.459 s.
Solved linear system in:     0.152 s.
Updated wake in:     3.232 s.
Euler particle cleanup at step 1341: deleted=122, growth_guard=0, mag_max=0, sigma_capped=0
Updated geometry in:     0.006 s.

--> Step  1342 of  2001 simulation time:    5.3640
Elapsed wall time:  4331.428
Assembled linear system in:     1.473 s.
Solved linear system in:     0.159 s.
Updated wake in:     3.255 s.
Euler particle cleanup at step 1342: deleted=122, growth_guard=0, mag_max=0, sigma_capped=0
Updated geometry in:     0.005 s.

--> Step  1343 of  2001 simulation time:    5.3680
Elapsed wall time:  4336.865
Assembled linear system in:     1.471 s.
Solved linear system in:     0.159 s.
Updated wake in:     3.262 s.
Euler particle cleanup at step 1343: deleted=123, growth_guard=0, mag_max=0, sigma_capped=0
Updated geometry in:     0.006 s.

--> Step  1344 of  2001 simulation time:    5.3720
Elapsed wall time:  4342.302
Assembled linear system in:     1.478 s.
Solved linear system in:     0.157 s.
Updated wake in:     3.241 s.
Euler particle cleanup at step 1344: deleted=122, growth_guard=0, mag_max=0, sigma_capped=0
Updated geometry in:     0.005 s.

--> Step  1345 of  2001 simulation time:    5.3760
Elapsed wall time:  4347.723
Assembled linear system in:     1.468 s.
Solved linear system in:     0.156 s.
Updated wake in:     3.245 s.
Euler particle cleanup at step 1345: deleted=122, growth_guard=0, mag_max=0, sigma_capped=0
Updated geometry in:     0.005 s.

--> Step  1346 of  2001 simulation time:    5.3800
Elapsed wall time:  4353.136
Assembled linear system in:     1.457 s.
Solved linear system in:     0.152 s.
Updated wake in:     3.266 s.
Euler particle cleanup at step 1346: deleted=122, growth_guard=0, mag_max=0, sigma_capped=0
Updated geometry in:     0.006 s.

--> Step  1347 of  2001 simulation time:    5.3840
Elapsed wall time:  4358.549
Assembled linear system in:     1.473 s.
Solved linear system in:     0.154 s.
Updated wake in:     3.235 s.
Euler particle cleanup at step 1347: deleted=122, growth_guard=0, mag_max=0, sigma_capped=0
Updated geometry in:     0.005 s.

--> Step  1348 of  2001 simulation time:    5.3880
Elapsed wall time:  4363.955
Assembled linear system in:     1.460 s.
Solved linear system in:     0.159 s.
Updated wake in:     3.242 s.
Euler particle cleanup at step 1348: deleted=122, growth_guard=0, mag_max=0, sigma_capped=0
Updated geometry in:     0.005 s.

--> Step  1349 of  2001 simulation time:    5.3920
Elapsed wall time:  4369.349
Assembled linear system in:     1.455 s.
Solved linear system in:     0.151 s.
Updated wake in:     3.243 s.
Euler particle cleanup at step 1349: deleted=122, growth_guard=0, mag_max=0, sigma_capped=0
Updated geometry in:     0.006 s.

--> Step  1350 of  2001 simulation time:    5.3960
Elapsed wall time:  4374.735
Assembled linear system in:     1.472 s.
Solved linear system in:     0.159 s.
Updated wake in:     3.242 s.
Euler particle cleanup at step 1350: deleted=122, growth_guard=0, mag_max=0, sigma_capped=0
Updated geometry in:     0.005 s.

--> Step  1351 of  2001 simulation time:    5.4000
Elapsed wall time:  4380.153
Assembled linear system in:     1.473 s.
Solved linear system in:     0.158 s.
Updated wake in:     3.263 s.
Euler particle cleanup at step 1351: deleted=122, growth_guard=0, mag_max=0, sigma_capped=0
Updated geometry in:     0.005 s.

--> Step  1352 of  2001 simulation time:    5.4040
Elapsed wall time:  4385.603
Assembled linear system in:     1.469 s.
Solved linear system in:     0.158 s.
Updated wake in:     3.232 s.
Euler particle cleanup at step 1352: deleted=122, growth_guard=0, mag_max=0, sigma_capped=0
Updated geometry in:     0.005 s.

--> Step  1353 of  2001 simulation time:    5.4080
Elapsed wall time:  4391.000
Assembled linear system in:     1.452 s.
Solved linear system in:     0.151 s.
Updated wake in:     3.236 s.
Euler particle cleanup at step 1353: deleted=122, growth_guard=0, mag_max=0, sigma_capped=0
Updated geometry in:     0.006 s.

--> Step  1354 of  2001 simulation time:    5.4120
Elapsed wall time:  4396.405
Assembled linear system in:     1.470 s.
Solved linear system in:     0.152 s.
Updated wake in:     3.254 s.
Euler particle cleanup at step 1354: deleted=122, growth_guard=0, mag_max=0, sigma_capped=0
Updated geometry in:     0.006 s.

--> Step  1355 of  2001 simulation time:    5.4160
Elapsed wall time:  4401.837
Assembled linear system in:     1.477 s.
Solved linear system in:     0.156 s.
Updated wake in:     3.250 s.
Euler particle cleanup at step 1355: deleted=122, growth_guard=0, mag_max=0, sigma_capped=0
Updated geometry in:     0.005 s.

--> Step  1356 of  2001 simulation time:    5.4200
Elapsed wall time:  4407.283
Assembled linear system in:     1.466 s.
Solved linear system in:     0.158 s.
Updated wake in:     3.256 s.
Euler particle cleanup at step 1356: deleted=122, growth_guard=0, mag_max=0, sigma_capped=0
Updated geometry in:     0.005 s.

--> Step  1357 of  2001 simulation time:    5.4240
Elapsed wall time:  4412.731
Assembled linear system in:     1.466 s.
Solved linear system in:     0.156 s.
Updated wake in:     3.255 s.
Euler particle cleanup at step 1357: deleted=122, growth_guard=0, mag_max=0, sigma_capped=0
Updated geometry in:     0.005 s.

--> Step  1358 of  2001 simulation time:    5.4280
Elapsed wall time:  4418.167
Assembled linear system in:     1.467 s.
Solved linear system in:     0.155 s.
Updated wake in:     3.252 s.
Euler particle cleanup at step 1358: deleted=122, growth_guard=0, mag_max=0, sigma_capped=0
Updated geometry in:     0.005 s.

--> Step  1359 of  2001 simulation time:    5.4320
Elapsed wall time:  4423.603
Assembled linear system in:     1.465 s.
Solved linear system in:     0.157 s.
Updated wake in:     3.263 s.
Euler particle cleanup at step 1359: deleted=122, growth_guard=0, mag_max=0, sigma_capped=0
Updated geometry in:     0.005 s.

--> Step  1360 of  2001 simulation time:    5.4360
Elapsed wall time:  4429.049
Assembled linear system in:     1.470 s.
Solved linear system in:     0.161 s.
Updated wake in:     3.268 s.
Euler particle cleanup at step 1360: deleted=122, growth_guard=0, mag_max=0, sigma_capped=0
Updated geometry in:     0.005 s.

--> Step  1361 of  2001 simulation time:    5.4400
Elapsed wall time:  4434.511
Assembled linear system in:     1.470 s.
Solved linear system in:     0.159 s.
Updated wake in:     3.254 s.
Euler particle cleanup at step 1361: deleted=122, growth_guard=0, mag_max=0, sigma_capped=0
Updated geometry in:     0.006 s.

--> Step  1362 of  2001 simulation time:    5.4440
Elapsed wall time:  4439.975
Assembled linear system in:     1.468 s.
Solved linear system in:     0.156 s.
Updated wake in:     3.257 s.
Euler particle cleanup at step 1362: deleted=122, growth_guard=0, mag_max=0, sigma_capped=0
Updated geometry in:     0.005 s.

--> Step  1363 of  2001 simulation time:    5.4480
Elapsed wall time:  4445.422
Assembled linear system in:     1.475 s.
Solved linear system in:     0.158 s.
Updated wake in:     3.246 s.
Euler particle cleanup at step 1363: deleted=122, growth_guard=0, mag_max=0, sigma_capped=0
Updated geometry in:     0.005 s.

--> Step  1364 of  2001 simulation time:    5.4520
Elapsed wall time:  4450.865
Assembled linear system in:     1.454 s.
Solved linear system in:     0.156 s.
Updated wake in:     3.247 s.
Euler particle cleanup at step 1364: deleted=122, growth_guard=0, mag_max=0, sigma_capped=0
Updated geometry in:     0.005 s.

--> Step  1365 of  2001 simulation time:    5.4560
Elapsed wall time:  4456.270
Assembled linear system in:     1.450 s.
Solved linear system in:     0.151 s.
Updated wake in:     3.242 s.
Euler particle cleanup at step 1365: deleted=122, growth_guard=0, mag_max=0, sigma_capped=0
Updated geometry in:     0.005 s.

--> Step  1366 of  2001 simulation time:    5.4600
Elapsed wall time:  4461.667
Assembled linear system in:     1.457 s.
Solved linear system in:     0.154 s.
Updated wake in:     3.222 s.
Euler particle cleanup at step 1366: deleted=122, growth_guard=0, mag_max=0, sigma_capped=0
Updated geometry in:     0.006 s.

--> Step  1367 of  2001 simulation time:    5.4640
Elapsed wall time:  4467.067
Assembled linear system in:     1.448 s.
Solved linear system in:     0.152 s.
Updated wake in:     3.236 s.
Euler particle cleanup at step 1367: deleted=122, growth_guard=0, mag_max=0, sigma_capped=0
Updated geometry in:     0.005 s.

--> Step  1368 of  2001 simulation time:    5.4680
Elapsed wall time:  4472.452
Assembled linear system in:     1.456 s.
Solved linear system in:     0.153 s.
Updated wake in:     3.234 s.
Euler particle cleanup at step 1368: deleted=122, growth_guard=0, mag_max=0, sigma_capped=0
Updated geometry in:     0.005 s.

--> Step  1369 of  2001 simulation time:    5.4720
Elapsed wall time:  4477.847
Assembled linear system in:     1.452 s.
Solved linear system in:     0.154 s.
Updated wake in:     3.239 s.
Euler particle cleanup at step 1369: deleted=122, growth_guard=0, mag_max=0, sigma_capped=0
Updated geometry in:     0.005 s.

--> Step  1370 of  2001 simulation time:    5.4760
Elapsed wall time:  4483.245
Assembled linear system in:     1.457 s.
Solved linear system in:     0.152 s.
Updated wake in:     3.226 s.
Euler particle cleanup at step 1370: deleted=122, growth_guard=0, mag_max=0, sigma_capped=0
Updated geometry in:     0.005 s.

--> Step  1371 of  2001 simulation time:    5.4800
Elapsed wall time:  4488.632
Assembled linear system in:     1.453 s.
Solved linear system in:     0.152 s.
Updated wake in:     3.248 s.
Euler particle cleanup at step 1371: deleted=122, growth_guard=0, mag_max=0, sigma_capped=0
Updated geometry in:     0.006 s.

--> Step  1372 of  2001 simulation time:    5.4840
Elapsed wall time:  4494.059
Assembled linear system in:     1.456 s.
Solved linear system in:     0.153 s.
Updated wake in:     3.233 s.
Euler particle cleanup at step 1372: deleted=122, growth_guard=0, mag_max=0, sigma_capped=0
Updated geometry in:     0.006 s.

--> Step  1373 of  2001 simulation time:    5.4880
Elapsed wall time:  4499.462
Assembled linear system in:     1.462 s.
Solved linear system in:     0.152 s.
Updated wake in:     3.243 s.
Euler particle cleanup at step 1373: deleted=122, growth_guard=0, mag_max=0, sigma_capped=0
Updated geometry in:     0.006 s.

--> Step  1374 of  2001 simulation time:    5.4920
Elapsed wall time:  4504.870
Assembled linear system in:     1.449 s.
Solved linear system in:     0.152 s.
Updated wake in:     3.246 s.
Euler particle cleanup at step 1374: deleted=122, growth_guard=0, mag_max=0, sigma_capped=0
Updated geometry in:     0.005 s.

--> Step  1375 of  2001 simulation time:    5.4960
Elapsed wall time:  4510.269
Assembled linear system in:     1.459 s.
Solved linear system in:     0.152 s.
Updated wake in:     3.237 s.
Euler particle cleanup at step 1375: deleted=122, growth_guard=0, mag_max=0, sigma_capped=0
Updated geometry in:     0.005 s.

--> Step  1376 of  2001 simulation time:    5.5000
Elapsed wall time:  4515.670
Assembled linear system in:     1.453 s.
Solved linear system in:     0.153 s.
Updated wake in:     3.242 s.
Euler particle cleanup at step 1376: deleted=122, growth_guard=0, mag_max=0, sigma_capped=0
Updated geometry in:     0.005 s.

--> Step  1377 of  2001 simulation time:    5.5040
Elapsed wall time:  4521.067
Assembled linear system in:     1.453 s.
Solved linear system in:     0.151 s.
Updated wake in:     3.244 s.
Euler particle cleanup at step 1377: deleted=122, growth_guard=0, mag_max=0, sigma_capped=0
Updated geometry in:     0.005 s.

--> Step  1378 of  2001 simulation time:    5.5080
Elapsed wall time:  4526.471
Assembled linear system in:     1.455 s.
Solved linear system in:     0.152 s.
Updated wake in:     3.227 s.
Euler particle cleanup at step 1378: deleted=122, growth_guard=0, mag_max=0, sigma_capped=0
Updated geometry in:     0.005 s.

--> Step  1379 of  2001 simulation time:    5.5120
Elapsed wall time:  4531.858
Assembled linear system in:     1.453 s.
Solved linear system in:     0.151 s.
Updated wake in:     3.224 s.
Euler particle cleanup at step 1379: deleted=122, growth_guard=0, mag_max=0, sigma_capped=0
Updated geometry in:     0.005 s.

--> Step  1380 of  2001 simulation time:    5.5160
Elapsed wall time:  4537.262
Assembled linear system in:     1.454 s.
Solved linear system in:     0.152 s.
Updated wake in:     3.228 s.
Euler particle cleanup at step 1380: deleted=122, growth_guard=0, mag_max=0, sigma_capped=0
Updated geometry in:     0.005 s.

--> Step  1381 of  2001 simulation time:    5.5200
Elapsed wall time:  4542.667
Assembled linear system in:     1.455 s.
Solved linear system in:     0.151 s.
Updated wake in:     3.223 s.
Euler particle cleanup at step 1381: deleted=122, growth_guard=0, mag_max=0, sigma_capped=0
Updated geometry in:     0.005 s.

--> Step  1382 of  2001 simulation time:    5.5240
Elapsed wall time:  4548.083
Assembled linear system in:     1.454 s.
Solved linear system in:     0.154 s.
Updated wake in:     3.223 s.
Euler particle cleanup at step 1382: deleted=122, growth_guard=0, mag_max=0, sigma_capped=0
Updated geometry in:     0.005 s.

--> Step  1383 of  2001 simulation time:    5.5280
Elapsed wall time:  4553.491
Assembled linear system in:     1.454 s.
Solved linear system in:     0.152 s.
Updated wake in:     3.243 s.
Euler particle cleanup at step 1383: deleted=122, growth_guard=0, mag_max=0, sigma_capped=0
Updated geometry in:     0.005 s.

--> Step  1384 of  2001 simulation time:    5.5320
Elapsed wall time:  4558.910
Assembled linear system in:     1.470 s.
Solved linear system in:     0.161 s.
Updated wake in:     3.249 s.
Euler particle cleanup at step 1384: deleted=122, growth_guard=0, mag_max=0, sigma_capped=0
Updated geometry in:     0.006 s.

--> Step  1385 of  2001 simulation time:    5.5360
Elapsed wall time:  4564.363
Assembled linear system in:     1.475 s.
Solved linear system in:     0.156 s.
Updated wake in:     3.256 s.
Euler particle cleanup at step 1385: deleted=122, growth_guard=0, mag_max=0, sigma_capped=0
Updated geometry in:     0.005 s.

--> Step  1386 of  2001 simulation time:    5.5400
Elapsed wall time:  4569.820
Assembled linear system in:     1.470 s.
Solved linear system in:     0.156 s.
Updated wake in:     3.258 s.
Euler particle cleanup at step 1386: deleted=122, growth_guard=0, mag_max=0, sigma_capped=0
Updated geometry in:     0.005 s.

--> Step  1387 of  2001 simulation time:    5.5440
Elapsed wall time:  4575.278
Assembled linear system in:     1.467 s.
Solved linear system in:     0.158 s.
Updated wake in:     3.260 s.
Euler particle cleanup at step 1387: deleted=122, growth_guard=0, mag_max=0, sigma_capped=0
Updated geometry in:     0.005 s.

--> Step  1388 of  2001 simulation time:    5.5480
Elapsed wall time:  4580.738
Assembled linear system in:     1.471 s.
Solved linear system in:     0.159 s.
Updated wake in:     3.263 s.
Euler particle cleanup at step 1388: deleted=122, growth_guard=0, mag_max=0, sigma_capped=0
Updated geometry in:     0.006 s.

--> Step  1389 of  2001 simulation time:    5.5520
Elapsed wall time:  4586.200
Assembled linear system in:     1.476 s.
Solved linear system in:     0.155 s.
Updated wake in:     3.249 s.
Euler particle cleanup at step 1389: deleted=122, growth_guard=0, mag_max=0, sigma_capped=0
Updated geometry in:     0.005 s.

--> Step  1390 of  2001 simulation time:    5.5560
Elapsed wall time:  4591.647
Assembled linear system in:     1.469 s.
Solved linear system in:     0.160 s.
Updated wake in:     3.254 s.
Euler particle cleanup at step 1390: deleted=122, growth_guard=0, mag_max=0, sigma_capped=0
Updated geometry in:     0.005 s.

--> Step  1391 of  2001 simulation time:    5.5600
Elapsed wall time:  4597.103
Assembled linear system in:     1.470 s.
Solved linear system in:     0.156 s.
Updated wake in:     3.278 s.
Euler particle cleanup at step 1391: deleted=122, growth_guard=0, mag_max=0, sigma_capped=0
Updated geometry in:     0.006 s.

--> Step  1392 of  2001 simulation time:    5.5640
Elapsed wall time:  4602.595
Assembled linear system in:     1.480 s.
Solved linear system in:     0.159 s.
Updated wake in:     3.260 s.
Euler particle cleanup at step 1392: deleted=122, growth_guard=0, mag_max=0, sigma_capped=0
Updated geometry in:     0.006 s.

--> Step  1393 of  2001 simulation time:    5.5680
Elapsed wall time:  4608.063
Assembled linear system in:     1.470 s.
Solved linear system in:     0.161 s.
Updated wake in:     3.262 s.
Euler particle cleanup at step 1393: deleted=122, growth_guard=0, mag_max=0, sigma_capped=0
Updated geometry in:     0.005 s.

--> Step  1394 of  2001 simulation time:    5.5720
Elapsed wall time:  4613.517
Assembled linear system in:     1.472 s.
Solved linear system in:     0.157 s.
Updated wake in:     3.267 s.
Euler particle cleanup at step 1394: deleted=122, growth_guard=0, mag_max=0, sigma_capped=0
Updated geometry in:     0.005 s.

--> Step  1395 of  2001 simulation time:    5.5760
Elapsed wall time:  4618.987
Assembled linear system in:     1.476 s.
Solved linear system in:     0.162 s.
Updated wake in:     3.259 s.
Euler particle cleanup at step 1395: deleted=122, growth_guard=0, mag_max=0, sigma_capped=0
Updated geometry in:     0.005 s.

--> Step  1396 of  2001 simulation time:    5.5800
Elapsed wall time:  4624.483
Assembled linear system in:     1.464 s.
Solved linear system in:     0.160 s.
Updated wake in:     3.267 s.
Euler particle cleanup at step 1396: deleted=122, growth_guard=0, mag_max=0, sigma_capped=0
Updated geometry in:     0.005 s.

--> Step  1397 of  2001 simulation time:    5.5840
Elapsed wall time:  4629.943
Assembled linear system in:     1.474 s.
Solved linear system in:     0.154 s.
Updated wake in:     3.253 s.
Euler particle cleanup at step 1397: deleted=122, growth_guard=0, mag_max=0, sigma_capped=0
Updated geometry in:     0.006 s.

--> Step  1398 of  2001 simulation time:    5.5880
Elapsed wall time:  4635.372
Assembled linear system in:     1.468 s.
Solved linear system in:     0.156 s.
Updated wake in:     3.273 s.
Euler particle cleanup at step 1398: deleted=122, growth_guard=0, mag_max=0, sigma_capped=0
Updated geometry in:     0.005 s.

--> Step  1399 of  2001 simulation time:    5.5920
Elapsed wall time:  4640.816
Assembled linear system in:     1.481 s.
Solved linear system in:     0.157 s.
Updated wake in:     3.267 s.
Euler particle cleanup at step 1399: deleted=122, growth_guard=0, mag_max=0, sigma_capped=0
Updated geometry in:     0.005 s.

--> Step  1400 of  2001 simulation time:    5.5960
Elapsed wall time:  4646.269
Assembled linear system in:     1.473 s.
Solved linear system in:     0.156 s.
Updated wake in:     3.248 s.
Euler particle cleanup at step 1400: deleted=122, growth_guard=0, mag_max=0, sigma_capped=0
Updated geometry in:     0.005 s.

--> Step  1401 of  2001 simulation time:    5.6000
Elapsed wall time:  4651.694
Assembled linear system in:     1.470 s.
Solved linear system in:     0.156 s.
Updated wake in:     3.249 s.
Euler particle cleanup at step 1401: deleted=122, growth_guard=0, mag_max=0, sigma_capped=0
Updated geometry in:     0.005 s.

--> Step  1402 of  2001 simulation time:    5.6040
Elapsed wall time:  4657.136
Assembled linear system in:     1.471 s.
Solved linear system in:     0.157 s.
Updated wake in:     3.266 s.
Euler particle cleanup at step 1402: deleted=122, growth_guard=0, mag_max=0, sigma_capped=0
Updated geometry in:     0.005 s.

--> Step  1403 of  2001 simulation time:    5.6080
Elapsed wall time:  4662.580
Assembled linear system in:     1.473 s.
Solved linear system in:     0.156 s.
Updated wake in:     3.257 s.
Euler particle cleanup at step 1403: deleted=122, growth_guard=0, mag_max=0, sigma_capped=0
Updated geometry in:     0.005 s.

--> Step  1404 of  2001 simulation time:    5.6120
Elapsed wall time:  4668.014
Assembled linear system in:     1.469 s.
Solved linear system in:     0.157 s.
Updated wake in:     3.262 s.
Euler particle cleanup at step 1404: deleted=122, growth_guard=0, mag_max=0, sigma_capped=0
Updated geometry in:     0.005 s.

--> Step  1405 of  2001 simulation time:    5.6160
Elapsed wall time:  4673.452
Assembled linear system in:     1.465 s.
Solved linear system in:     0.154 s.
Updated wake in:     3.263 s.
Euler particle cleanup at step 1405: deleted=122, growth_guard=0, mag_max=0, sigma_capped=0
Updated geometry in:     0.005 s.

--> Step  1406 of  2001 simulation time:    5.6200
Elapsed wall time:  4678.884
Assembled linear system in:     1.470 s.
Solved linear system in:     0.157 s.
Updated wake in:     3.261 s.
Euler particle cleanup at step 1406: deleted=122, growth_guard=0, mag_max=0, sigma_capped=0
Updated geometry in:     0.006 s.

--> Step  1407 of  2001 simulation time:    5.6240
Elapsed wall time:  4684.319
Assembled linear system in:     1.478 s.
Solved linear system in:     0.157 s.
Updated wake in:     3.263 s.
Euler particle cleanup at step 1407: deleted=122, growth_guard=0, mag_max=0, sigma_capped=0
Updated geometry in:     0.005 s.

--> Step  1408 of  2001 simulation time:    5.6280
Elapsed wall time:  4689.767
Assembled linear system in:     1.473 s.
Solved linear system in:     0.157 s.
Updated wake in:     3.259 s.
Euler particle cleanup at step 1408: deleted=122, growth_guard=0, mag_max=0, sigma_capped=0
Updated geometry in:     0.005 s.

--> Step  1409 of  2001 simulation time:    5.6320
Elapsed wall time:  4695.204
Assembled linear system in:     1.465 s.
Solved linear system in:     0.154 s.
Updated wake in:     3.259 s.
Euler particle cleanup at step 1409: deleted=122, growth_guard=0, mag_max=0, sigma_capped=0
Updated geometry in:     0.005 s.

--> Step  1410 of  2001 simulation time:    5.6360
Elapsed wall time:  4700.631
Assembled linear system in:     1.475 s.
Solved linear system in:     0.157 s.
Updated wake in:     3.249 s.
Euler particle cleanup at step 1410: deleted=122, growth_guard=0, mag_max=0, sigma_capped=0
Updated geometry in:     0.005 s.

--> Step  1411 of  2001 simulation time:    5.6400
Elapsed wall time:  4706.058
Assembled linear system in:     1.457 s.
Solved linear system in:     0.152 s.
Updated wake in:     3.235 s.
Euler particle cleanup at step 1411: deleted=122, growth_guard=0, mag_max=0, sigma_capped=0
Updated geometry in:     0.006 s.

--> Step  1412 of  2001 simulation time:    5.6440
Elapsed wall time:  4711.462
Assembled linear system in:     1.468 s.
Solved linear system in:     0.154 s.
Updated wake in:     3.267 s.
Euler particle cleanup at step 1412: deleted=122, growth_guard=0, mag_max=0, sigma_capped=0
Updated geometry in:     0.005 s.

--> Step  1413 of  2001 simulation time:    5.6480
Elapsed wall time:  4716.893
Assembled linear system in:     1.463 s.
Solved linear system in:     0.156 s.
Updated wake in:     3.276 s.
Euler particle cleanup at step 1413: deleted=122, growth_guard=0, mag_max=0, sigma_capped=0
Updated geometry in:     0.005 s.

--> Step  1414 of  2001 simulation time:    5.6520
Elapsed wall time:  4722.329
Assembled linear system in:     1.477 s.
Solved linear system in:     0.155 s.
Updated wake in:     3.265 s.
Euler particle cleanup at step 1414: deleted=122, growth_guard=0, mag_max=0, sigma_capped=0
Updated geometry in:     0.006 s.

--> Step  1415 of  2001 simulation time:    5.6560
Elapsed wall time:  4727.762
Assembled linear system in:     1.468 s.
Solved linear system in:     0.157 s.
Updated wake in:     3.268 s.
Euler particle cleanup at step 1415: deleted=122, growth_guard=0, mag_max=0, sigma_capped=0
Updated geometry in:     0.005 s.

--> Step  1416 of  2001 simulation time:    5.6600
Elapsed wall time:  4733.204
Assembled linear system in:     1.468 s.
Solved linear system in:     0.155 s.
Updated wake in:     3.258 s.
Euler particle cleanup at step 1416: deleted=122, growth_guard=0, mag_max=0, sigma_capped=0
Updated geometry in:     0.006 s.

--> Step  1417 of  2001 simulation time:    5.6640
Elapsed wall time:  4738.626
Assembled linear system in:     1.458 s.
Solved linear system in:     0.155 s.
Updated wake in:     3.235 s.
Euler particle cleanup at step 1417: deleted=122, growth_guard=0, mag_max=0, sigma_capped=0
Updated geometry in:     0.005 s.

--> Step  1418 of  2001 simulation time:    5.6680
Elapsed wall time:  4744.019
Assembled linear system in:     1.456 s.
Solved linear system in:     0.158 s.
Updated wake in:     3.269 s.
Euler particle cleanup at step 1418: deleted=122, growth_guard=0, mag_max=0, sigma_capped=0
Updated geometry in:     0.005 s.

--> Step  1419 of  2001 simulation time:    5.6720
Elapsed wall time:  4749.443
Assembled linear system in:     1.473 s.
Solved linear system in:     0.155 s.
Updated wake in:     3.262 s.
Euler particle cleanup at step 1419: deleted=122, growth_guard=0, mag_max=0, sigma_capped=0
Updated geometry in:     0.005 s.

--> Step  1420 of  2001 simulation time:    5.6760
Elapsed wall time:  4754.874
Assembled linear system in:     1.474 s.
Solved linear system in:     0.155 s.
Updated wake in:     3.282 s.
Euler particle cleanup at step 1420: deleted=122, growth_guard=0, mag_max=0, sigma_capped=0
Updated geometry in:     0.005 s.

--> Step  1421 of  2001 simulation time:    5.6800
Elapsed wall time:  4760.327
Assembled linear system in:     1.474 s.
Solved linear system in:     0.153 s.
Updated wake in:     3.271 s.
Euler particle cleanup at step 1421: deleted=122, growth_guard=0, mag_max=0, sigma_capped=0
Updated geometry in:     0.005 s.

--> Step  1422 of  2001 simulation time:    5.6840
Elapsed wall time:  4765.788
Assembled linear system in:     1.479 s.
Solved linear system in:     0.160 s.
Updated wake in:     3.247 s.
Euler particle cleanup at step 1422: deleted=122, growth_guard=0, mag_max=0, sigma_capped=0
Updated geometry in:     0.005 s.

--> Step  1423 of  2001 simulation time:    5.6880
Elapsed wall time:  4771.217
Assembled linear system in:     1.474 s.
Solved linear system in:     0.158 s.
Updated wake in:     3.249 s.
Euler particle cleanup at step 1423: deleted=122, growth_guard=0, mag_max=0, sigma_capped=0
Updated geometry in:     0.006 s.

--> Step  1424 of  2001 simulation time:    5.6920
Elapsed wall time:  4776.648
Assembled linear system in:     1.468 s.
Solved linear system in:     0.156 s.
Updated wake in:     3.259 s.
Euler particle cleanup at step 1424: deleted=122, growth_guard=0, mag_max=0, sigma_capped=0
Updated geometry in:     0.005 s.

--> Step  1425 of  2001 simulation time:    5.6960
Elapsed wall time:  4782.075
Assembled linear system in:     1.467 s.
Solved linear system in:     0.159 s.
Updated wake in:     3.252 s.
Euler particle cleanup at step 1425: deleted=122, growth_guard=0, mag_max=0, sigma_capped=0
Updated geometry in:     0.005 s.

--> Step  1426 of  2001 simulation time:    5.7000
Elapsed wall time:  4787.501
Assembled linear system in:     1.476 s.
Solved linear system in:     0.156 s.
Updated wake in:     3.267 s.
Euler particle cleanup at step 1426: deleted=122, growth_guard=0, mag_max=0, sigma_capped=0
Updated geometry in:     0.005 s.

--> Step  1427 of  2001 simulation time:    5.7040
Elapsed wall time:  4792.945
Assembled linear system in:     1.472 s.
Solved linear system in:     0.156 s.
Updated wake in:     3.267 s.
Euler particle cleanup at step 1427: deleted=122, growth_guard=0, mag_max=0, sigma_capped=0
Updated geometry in:     0.005 s.

--> Step  1428 of  2001 simulation time:    5.7080
Elapsed wall time:  4798.390
Assembled linear system in:     1.468 s.
Solved linear system in:     0.153 s.
Updated wake in:     3.245 s.
Euler particle cleanup at step 1428: deleted=122, growth_guard=0, mag_max=0, sigma_capped=0
Updated geometry in:     0.005 s.

--> Step  1429 of  2001 simulation time:    5.7120
Elapsed wall time:  4803.800
Assembled linear system in:     1.466 s.
Solved linear system in:     0.156 s.
Updated wake in:     3.255 s.
Euler particle cleanup at step 1429: deleted=122, growth_guard=0, mag_max=0, sigma_capped=0
Updated geometry in:     0.005 s.

--> Step  1430 of  2001 simulation time:    5.7160
Elapsed wall time:  4809.224
Assembled linear system in:     1.467 s.
Solved linear system in:     0.162 s.
Updated wake in:     3.261 s.
Euler particle cleanup at step 1430: deleted=122, growth_guard=0, mag_max=0, sigma_capped=0
Updated geometry in:     0.005 s.

--> Step  1431 of  2001 simulation time:    5.7200
Elapsed wall time:  4814.663
Assembled linear system in:     1.468 s.
Solved linear system in:     0.156 s.
Updated wake in:     3.247 s.
Euler particle cleanup at step 1431: deleted=122, growth_guard=0, mag_max=0, sigma_capped=0
Updated geometry in:     0.005 s.

--> Step  1432 of  2001 simulation time:    5.7240
Elapsed wall time:  4820.136
Assembled linear system in:     1.467 s.
Solved linear system in:     0.157 s.
Updated wake in:     3.264 s.
Euler particle cleanup at step 1432: deleted=122, growth_guard=0, mag_max=0, sigma_capped=0
Updated geometry in:     0.005 s.

--> Step  1433 of  2001 simulation time:    5.7280
Elapsed wall time:  4825.599
Assembled linear system in:     1.457 s.
Solved linear system in:     0.151 s.
Updated wake in:     3.234 s.
Euler particle cleanup at step 1433: deleted=122, growth_guard=0, mag_max=0, sigma_capped=0
Updated geometry in:     0.005 s.

--> Step  1434 of  2001 simulation time:    5.7320
Elapsed wall time:  4831.001
Assembled linear system in:     1.451 s.
Solved linear system in:     0.151 s.
Updated wake in:     3.237 s.
Euler particle cleanup at step 1434: deleted=122, growth_guard=0, mag_max=0, sigma_capped=0
Updated geometry in:     0.005 s.

--> Step  1435 of  2001 simulation time:    5.7360
Elapsed wall time:  4836.411
Assembled linear system in:     1.449 s.
Solved linear system in:     0.151 s.
Updated wake in:     3.255 s.
Euler particle cleanup at step 1435: deleted=122, growth_guard=0, mag_max=0, sigma_capped=0
Updated geometry in:     0.005 s.

--> Step  1436 of  2001 simulation time:    5.7400
Elapsed wall time:  4841.851
Assembled linear system in:     1.451 s.
Solved linear system in:     0.152 s.
Updated wake in:     3.251 s.
Euler particle cleanup at step 1436: deleted=122, growth_guard=0, mag_max=0, sigma_capped=0
Updated geometry in:     0.005 s.

--> Step  1437 of  2001 simulation time:    5.7440
Elapsed wall time:  4847.243
Assembled linear system in:     1.459 s.
Solved linear system in:     0.151 s.
Updated wake in:     3.239 s.
Euler particle cleanup at step 1437: deleted=122, growth_guard=0, mag_max=0, sigma_capped=0
Updated geometry in:     0.005 s.

--> Step  1438 of  2001 simulation time:    5.7480
Elapsed wall time:  4852.635
Assembled linear system in:     1.471 s.
Solved linear system in:     0.158 s.
Updated wake in:     3.270 s.
Euler particle cleanup at step 1438: deleted=122, growth_guard=0, mag_max=0, sigma_capped=0
Updated geometry in:     0.005 s.

--> Step  1439 of  2001 simulation time:    5.7520
Elapsed wall time:  4858.072
Assembled linear system in:     1.452 s.
Solved linear system in:     0.152 s.
Updated wake in:     3.244 s.
Euler particle cleanup at step 1439: deleted=122, growth_guard=0, mag_max=0, sigma_capped=0
Updated geometry in:     0.005 s.

--> Step  1440 of  2001 simulation time:    5.7560
Elapsed wall time:  4863.465
Assembled linear system in:     1.454 s.
Solved linear system in:     0.152 s.
Updated wake in:     3.260 s.
Euler particle cleanup at step 1440: deleted=122, growth_guard=0, mag_max=0, sigma_capped=0
Updated geometry in:     0.005 s.

--> Step  1441 of  2001 simulation time:    5.7600
Elapsed wall time:  4868.868
Assembled linear system in:     1.470 s.
Solved linear system in:     0.153 s.
Updated wake in:     3.257 s.
Euler particle cleanup at step 1441: deleted=122, growth_guard=0, mag_max=0, sigma_capped=0
Updated geometry in:     0.005 s.

--> Step  1442 of  2001 simulation time:    5.7640
Elapsed wall time:  4874.308
Assembled linear system in:     1.454 s.
Solved linear system in:     0.152 s.
Updated wake in:     3.263 s.
Euler particle cleanup at step 1442: deleted=122, growth_guard=0, mag_max=0, sigma_capped=0
Updated geometry in:     0.005 s.

--> Step  1443 of  2001 simulation time:    5.7680
Elapsed wall time:  4879.715
Assembled linear system in:     1.470 s.
Solved linear system in:     0.156 s.
Updated wake in:     3.268 s.
Euler particle cleanup at step 1443: deleted=122, growth_guard=0, mag_max=0, sigma_capped=0
Updated geometry in:     0.006 s.

--> Step  1444 of  2001 simulation time:    5.7720
Elapsed wall time:  4885.153
Assembled linear system in:     1.474 s.
Solved linear system in:     0.156 s.
Updated wake in:     3.266 s.
Euler particle cleanup at step 1444: deleted=122, growth_guard=0, mag_max=0, sigma_capped=0
Updated geometry in:     0.006 s.

--> Step  1445 of  2001 simulation time:    5.7760
Elapsed wall time:  4890.599
Assembled linear system in:     1.460 s.
Solved linear system in:     0.152 s.
Updated wake in:     3.259 s.
Euler particle cleanup at step 1445: deleted=122, growth_guard=0, mag_max=0, sigma_capped=0
Updated geometry in:     0.006 s.

--> Step  1446 of  2001 simulation time:    5.7800
Elapsed wall time:  4896.010
Assembled linear system in:     1.473 s.
Solved linear system in:     0.157 s.
Updated wake in:     3.267 s.
Euler particle cleanup at step 1446: deleted=122, growth_guard=0, mag_max=0, sigma_capped=0
Updated geometry in:     0.005 s.

--> Step  1447 of  2001 simulation time:    5.7840
Elapsed wall time:  4901.452
Assembled linear system in:     1.470 s.
Solved linear system in:     0.156 s.
Updated wake in:     3.269 s.
Euler particle cleanup at step 1447: deleted=122, growth_guard=0, mag_max=0, sigma_capped=0
Updated geometry in:     0.005 s.

--> Step  1448 of  2001 simulation time:    5.7880
Elapsed wall time:  4906.890
Assembled linear system in:     1.471 s.
Solved linear system in:     0.159 s.
Updated wake in:     3.279 s.
Euler particle cleanup at step 1448: deleted=122, growth_guard=0, mag_max=0, sigma_capped=0
Updated geometry in:     0.005 s.

--> Step  1449 of  2001 simulation time:    5.7920
Elapsed wall time:  4912.343
Assembled linear system in:     1.469 s.
Solved linear system in:     0.156 s.
Updated wake in:     3.282 s.
Euler particle cleanup at step 1449: deleted=122, growth_guard=0, mag_max=0, sigma_capped=0
Updated geometry in:     0.005 s.

--> Step  1450 of  2001 simulation time:    5.7960
Elapsed wall time:  4917.794
Assembled linear system in:     1.468 s.
Solved linear system in:     0.156 s.
Updated wake in:     3.269 s.
Euler particle cleanup at step 1450: deleted=122, growth_guard=0, mag_max=0, sigma_capped=0
Updated geometry in:     0.006 s.

--> Step  1451 of  2001 simulation time:    5.8000
Elapsed wall time:  4923.234
Assembled linear system in:     1.468 s.
Solved linear system in:     0.156 s.
Updated wake in:     3.281 s.
Euler particle cleanup at step 1451: deleted=122, growth_guard=0, mag_max=0, sigma_capped=0
Updated geometry in:     0.005 s.

--> Step  1452 of  2001 simulation time:    5.8040
Elapsed wall time:  4928.695
Assembled linear system in:     1.472 s.
Solved linear system in:     0.160 s.
Updated wake in:     3.289 s.
Euler particle cleanup at step 1452: deleted=122, growth_guard=0, mag_max=0, sigma_capped=0
Updated geometry in:     0.006 s.

--> Step  1453 of  2001 simulation time:    5.8080
Elapsed wall time:  4934.158
Assembled linear system in:     1.460 s.
Solved linear system in:     0.151 s.
Updated wake in:     3.260 s.
Euler particle cleanup at step 1453: deleted=122, growth_guard=0, mag_max=0, sigma_capped=0
Updated geometry in:     0.005 s.

--> Step  1454 of  2001 simulation time:    5.8120
Elapsed wall time:  4939.570
Assembled linear system in:     1.452 s.
Solved linear system in:     0.158 s.
Updated wake in:     3.272 s.
Euler particle cleanup at step 1454: deleted=122, growth_guard=0, mag_max=0, sigma_capped=0
Updated geometry in:     0.005 s.

--> Step  1455 of  2001 simulation time:    5.8160
Elapsed wall time:  4944.991
Assembled linear system in:     1.452 s.
Solved linear system in:     0.152 s.
Updated wake in:     3.280 s.
Euler particle cleanup at step 1455: deleted=122, growth_guard=0, mag_max=0, sigma_capped=0
Updated geometry in:     0.005 s.

--> Step  1456 of  2001 simulation time:    5.8200
Elapsed wall time:  4950.408
Assembled linear system in:     1.452 s.
Solved linear system in:     0.155 s.
Updated wake in:     3.289 s.
Euler particle cleanup at step 1456: deleted=122, growth_guard=0, mag_max=0, sigma_capped=0
Updated geometry in:     0.006 s.

--> Step  1457 of  2001 simulation time:    5.8240
Elapsed wall time:  4955.840
Assembled linear system in:     1.471 s.
Solved linear system in:     0.158 s.
Updated wake in:     3.290 s.
Euler particle cleanup at step 1457: deleted=122, growth_guard=0, mag_max=0, sigma_capped=0
Updated geometry in:     0.006 s.

--> Step  1458 of  2001 simulation time:    5.8280
Elapsed wall time:  4961.303
Assembled linear system in:     1.472 s.
Solved linear system in:     0.155 s.
Updated wake in:     3.290 s.
Euler particle cleanup at step 1458: deleted=122, growth_guard=0, mag_max=0, sigma_capped=0
Updated geometry in:     0.005 s.

--> Step  1459 of  2001 simulation time:    5.8320
Elapsed wall time:  4966.761
Assembled linear system in:     1.469 s.
Solved linear system in:     0.156 s.
Updated wake in:     3.273 s.
Euler particle cleanup at step 1459: deleted=122, growth_guard=0, mag_max=0, sigma_capped=0
Updated geometry in:     0.005 s.

--> Step  1460 of  2001 simulation time:    5.8360
Elapsed wall time:  4972.197
Assembled linear system in:     1.473 s.
Solved linear system in:     0.157 s.
Updated wake in:     3.291 s.
Euler particle cleanup at step 1460: deleted=122, growth_guard=0, mag_max=0, sigma_capped=0
Updated geometry in:     0.006 s.

--> Step  1461 of  2001 simulation time:    5.8400
Elapsed wall time:  4977.656
Assembled linear system in:     1.475 s.
Solved linear system in:     0.159 s.
Updated wake in:     3.262 s.
Euler particle cleanup at step 1461: deleted=122, growth_guard=0, mag_max=0, sigma_capped=0
Updated geometry in:     0.005 s.

--> Step  1462 of  2001 simulation time:    5.8440
Elapsed wall time:  4983.106
Assembled linear system in:     1.453 s.
Solved linear system in:     0.154 s.
Updated wake in:     3.270 s.
Euler particle cleanup at step 1462: deleted=122, growth_guard=0, mag_max=0, sigma_capped=0
Updated geometry in:     0.005 s.

--> Step  1463 of  2001 simulation time:    5.8480
Elapsed wall time:  4988.518
Assembled linear system in:     1.452 s.
Solved linear system in:     0.152 s.
Updated wake in:     3.282 s.
Euler particle cleanup at step 1463: deleted=122, growth_guard=0, mag_max=0, sigma_capped=0
Updated geometry in:     0.005 s.

--> Step  1464 of  2001 simulation time:    5.8520
Elapsed wall time:  4993.938
Assembled linear system in:     1.469 s.
Solved linear system in:     0.159 s.
Updated wake in:     3.268 s.
Euler particle cleanup at step 1464: deleted=122, growth_guard=0, mag_max=0, sigma_capped=0
Updated geometry in:     0.005 s.

--> Step  1465 of  2001 simulation time:    5.8560
Elapsed wall time:  4999.368
Assembled linear system in:     1.456 s.
Solved linear system in:     0.152 s.
Updated wake in:     3.266 s.
Euler particle cleanup at step 1465: deleted=122, growth_guard=0, mag_max=0, sigma_capped=0
Updated geometry in:     0.005 s.

--> Step  1466 of  2001 simulation time:    5.8600
Elapsed wall time:  5004.777
Assembled linear system in:     1.451 s.
Solved linear system in:     0.152 s.
Updated wake in:     3.271 s.
Euler particle cleanup at step 1466: deleted=122, growth_guard=0, mag_max=0, sigma_capped=0
Updated geometry in:     0.005 s.

--> Step  1467 of  2001 simulation time:    5.8640
Elapsed wall time:  5010.183
Assembled linear system in:     1.457 s.
Solved linear system in:     0.156 s.
Updated wake in:     3.273 s.
Euler particle cleanup at step 1467: deleted=121, growth_guard=0, mag_max=0, sigma_capped=0
Updated geometry in:     0.005 s.

--> Step  1468 of  2001 simulation time:    5.8680
Elapsed wall time:  5015.604
Assembled linear system in:     1.476 s.
Solved linear system in:     0.156 s.
Updated wake in:     3.278 s.
Euler particle cleanup at step 1468: deleted=122, growth_guard=0, mag_max=0, sigma_capped=0
Updated geometry in:     0.006 s.

--> Step  1469 of  2001 simulation time:    5.8720
Elapsed wall time:  5021.050
Assembled linear system in:     1.471 s.
Solved linear system in:     0.163 s.
Updated wake in:     3.286 s.
Euler particle cleanup at step 1469: deleted=122, growth_guard=0, mag_max=0, sigma_capped=0
Updated geometry in:     0.005 s.

--> Step  1470 of  2001 simulation time:    5.8760
Elapsed wall time:  5026.512
Assembled linear system in:     1.468 s.
Solved linear system in:     0.159 s.
Updated wake in:     3.258 s.
Euler particle cleanup at step 1470: deleted=122, growth_guard=0, mag_max=0, sigma_capped=0
Updated geometry in:     0.005 s.

--> Step  1471 of  2001 simulation time:    5.8800
Elapsed wall time:  5031.939
Assembled linear system in:     1.468 s.
Solved linear system in:     0.153 s.
Updated wake in:     3.258 s.
Euler particle cleanup at step 1471: deleted=122, growth_guard=0, mag_max=0, sigma_capped=0
Updated geometry in:     0.005 s.

--> Step  1472 of  2001 simulation time:    5.8840
Elapsed wall time:  5037.371
Assembled linear system in:     1.452 s.
Solved linear system in:     0.152 s.
Updated wake in:     3.260 s.
Euler particle cleanup at step 1472: deleted=122, growth_guard=0, mag_max=0, sigma_capped=0
Updated geometry in:     0.005 s.

--> Step  1473 of  2001 simulation time:    5.8880
Elapsed wall time:  5042.770
Assembled linear system in:     1.471 s.
Solved linear system in:     0.155 s.
Updated wake in:     3.265 s.
Euler particle cleanup at step 1473: deleted=122, growth_guard=0, mag_max=0, sigma_capped=0
Updated geometry in:     0.005 s.

--> Step  1474 of  2001 simulation time:    5.8920
Elapsed wall time:  5048.196
Assembled linear system in:     1.470 s.
Solved linear system in:     0.156 s.
Updated wake in:     3.277 s.
Euler particle cleanup at step 1474: deleted=122, growth_guard=0, mag_max=0, sigma_capped=0
Updated geometry in:     0.006 s.

--> Step  1475 of  2001 simulation time:    5.8960
Elapsed wall time:  5053.636
Assembled linear system in:     1.473 s.
Solved linear system in:     0.160 s.
Updated wake in:     3.261 s.
Euler particle cleanup at step 1475: deleted=122, growth_guard=0, mag_max=0, sigma_capped=0
Updated geometry in:     0.006 s.

--> Step  1476 of  2001 simulation time:    5.9000
Elapsed wall time:  5059.072
Assembled linear system in:     1.476 s.
Solved linear system in:     0.157 s.
Updated wake in:     3.276 s.
Euler particle cleanup at step 1476: deleted=122, growth_guard=0, mag_max=0, sigma_capped=0
Updated geometry in:     0.005 s.

--> Step  1477 of  2001 simulation time:    5.9040
Elapsed wall time:  5064.517
Assembled linear system in:     1.467 s.
Solved linear system in:     0.161 s.
Updated wake in:     3.285 s.
Euler particle cleanup at step 1477: deleted=122, growth_guard=0, mag_max=0, sigma_capped=0
Updated geometry in:     0.005 s.

--> Step  1478 of  2001 simulation time:    5.9080
Elapsed wall time:  5069.968
Assembled linear system in:     1.471 s.
Solved linear system in:     0.158 s.
Updated wake in:     3.267 s.
Euler particle cleanup at step 1478: deleted=122, growth_guard=0, mag_max=0, sigma_capped=0
Updated geometry in:     0.005 s.

--> Step  1479 of  2001 simulation time:    5.9120
Elapsed wall time:  5075.403
Assembled linear system in:     1.452 s.
Solved linear system in:     0.151 s.
Updated wake in:     3.261 s.
Euler particle cleanup at step 1479: deleted=122, growth_guard=0, mag_max=0, sigma_capped=0
Updated geometry in:     0.006 s.

--> Step  1480 of  2001 simulation time:    5.9160
Elapsed wall time:  5080.801
Assembled linear system in:     1.475 s.
Solved linear system in:     0.156 s.
Updated wake in:     3.291 s.
Euler particle cleanup at step 1480: deleted=122, growth_guard=0, mag_max=0, sigma_capped=0
Updated geometry in:     0.005 s.

--> Step  1481 of  2001 simulation time:    5.9200
Elapsed wall time:  5086.263
Assembled linear system in:     1.457 s.
Solved linear system in:     0.152 s.
Updated wake in:     3.247 s.
Euler particle cleanup at step 1481: deleted=122, growth_guard=0, mag_max=0, sigma_capped=0
Updated geometry in:     0.006 s.

--> Step  1482 of  2001 simulation time:    5.9240
Elapsed wall time:  5091.670
Assembled linear system in:     1.454 s.
Solved linear system in:     0.151 s.
Updated wake in:     3.268 s.
Euler particle cleanup at step 1482: deleted=121, growth_guard=0, mag_max=0, sigma_capped=0
Updated geometry in:     0.010 s.

--> Step  1483 of  2001 simulation time:    5.9280
Elapsed wall time:  5097.092
Assembled linear system in:     1.458 s.
Solved linear system in:     0.152 s.
Updated wake in:     3.280 s.
Euler particle cleanup at step 1483: deleted=122, growth_guard=0, mag_max=0, sigma_capped=0
Updated geometry in:     0.005 s.

--> Step  1484 of  2001 simulation time:    5.9320
Elapsed wall time:  5102.512
Assembled linear system in:     1.451 s.
Solved linear system in:     0.154 s.
Updated wake in:     3.243 s.
Euler particle cleanup at step 1484: deleted=122, growth_guard=0, mag_max=0, sigma_capped=0
Updated geometry in:     0.005 s.

--> Step  1485 of  2001 simulation time:    5.9360
Elapsed wall time:  5107.890
Assembled linear system in:     1.450 s.
Solved linear system in:     0.152 s.
Updated wake in:     3.264 s.
Euler particle cleanup at step 1485: deleted=122, growth_guard=0, mag_max=0, sigma_capped=0
Updated geometry in:     0.005 s.

--> Step  1486 of  2001 simulation time:    5.9400
Elapsed wall time:  5113.287
Assembled linear system in:     1.454 s.
Solved linear system in:     0.151 s.
Updated wake in:     3.254 s.
Euler particle cleanup at step 1486: deleted=122, growth_guard=0, mag_max=0, sigma_capped=0
Updated geometry in:     0.006 s.

--> Step  1487 of  2001 simulation time:    5.9440
Elapsed wall time:  5118.679
Assembled linear system in:     1.459 s.
Solved linear system in:     0.153 s.
Updated wake in:     3.251 s.
Euler particle cleanup at step 1487: deleted=122, growth_guard=0, mag_max=0, sigma_capped=0
Updated geometry in:     0.006 s.

--> Step  1488 of  2001 simulation time:    5.9480
Elapsed wall time:  5124.074
Assembled linear system in:     1.453 s.
Solved linear system in:     0.153 s.
Updated wake in:     3.253 s.
Euler particle cleanup at step 1488: deleted=122, growth_guard=0, mag_max=0, sigma_capped=0
Updated geometry in:     0.005 s.

--> Step  1489 of  2001 simulation time:    5.9520
Elapsed wall time:  5129.466
Assembled linear system in:     1.452 s.
Solved linear system in:     0.152 s.
Updated wake in:     3.243 s.
Euler particle cleanup at step 1489: deleted=122, growth_guard=0, mag_max=0, sigma_capped=0
Updated geometry in:     0.005 s.

--> Step  1490 of  2001 simulation time:    5.9560
Elapsed wall time:  5134.840
Assembled linear system in:     1.473 s.
Solved linear system in:     0.159 s.
Updated wake in:     3.273 s.
Euler particle cleanup at step 1490: deleted=122, growth_guard=0, mag_max=0, sigma_capped=0
Updated geometry in:     0.006 s.

--> Step  1491 of  2001 simulation time:    5.9600
Elapsed wall time:  5140.282
Assembled linear system in:     1.473 s.
Solved linear system in:     0.158 s.
Updated wake in:     3.282 s.
Euler particle cleanup at step 1491: deleted=122, growth_guard=0, mag_max=0, sigma_capped=0
Updated geometry in:     0.005 s.

--> Step  1492 of  2001 simulation time:    5.9640
Elapsed wall time:  5145.755
Assembled linear system in:     1.474 s.
Solved linear system in:     0.159 s.
Updated wake in:     3.252 s.
Euler particle cleanup at step 1492: deleted=122, growth_guard=0, mag_max=0, sigma_capped=0
Updated geometry in:     0.006 s.

--> Step  1493 of  2001 simulation time:    5.9680
Elapsed wall time:  5151.180
Assembled linear system in:     1.457 s.
Solved linear system in:     0.153 s.
Updated wake in:     3.274 s.
Euler particle cleanup at step 1493: deleted=122, growth_guard=0, mag_max=0, sigma_capped=0
Updated geometry in:     0.006 s.

--> Step  1494 of  2001 simulation time:    5.9720
Elapsed wall time:  5156.598
Assembled linear system in:     1.464 s.
Solved linear system in:     0.152 s.
Updated wake in:     3.271 s.
Euler particle cleanup at step 1494: deleted=122, growth_guard=0, mag_max=0, sigma_capped=0
Updated geometry in:     0.005 s.

--> Step  1495 of  2001 simulation time:    5.9760
Elapsed wall time:  5162.023
Assembled linear system in:     1.454 s.
Solved linear system in:     0.153 s.
Updated wake in:     3.248 s.
Euler particle cleanup at step 1495: deleted=122, growth_guard=0, mag_max=0, sigma_capped=0
Updated geometry in:     0.005 s.

--> Step  1496 of  2001 simulation time:    5.9800
Elapsed wall time:  5167.409
Assembled linear system in:     1.454 s.
Solved linear system in:     0.151 s.
Updated wake in:     3.258 s.
Euler particle cleanup at step 1496: deleted=122, growth_guard=0, mag_max=0, sigma_capped=0
Updated geometry in:     0.005 s.

--> Step  1497 of  2001 simulation time:    5.9840
Elapsed wall time:  5172.806
Assembled linear system in:     1.457 s.
Solved linear system in:     0.153 s.
Updated wake in:     3.278 s.
Euler particle cleanup at step 1497: deleted=122, growth_guard=0, mag_max=0, sigma_capped=0
Updated geometry in:     0.005 s.

--> Step  1498 of  2001 simulation time:    5.9880
Elapsed wall time:  5178.224
Assembled linear system in:     1.472 s.
Solved linear system in:     0.158 s.
Updated wake in:     3.279 s.
Euler particle cleanup at step 1498: deleted=122, growth_guard=0, mag_max=0, sigma_capped=0
Updated geometry in:     0.006 s.

--> Step  1499 of  2001 simulation time:    5.9920
Elapsed wall time:  5183.674
Assembled linear system in:     1.472 s.
Solved linear system in:     0.155 s.
Updated wake in:     3.281 s.
Euler particle cleanup at step 1499: deleted=122, growth_guard=0, mag_max=0, sigma_capped=0
Updated geometry in:     0.005 s.

--> Step  1500 of  2001 simulation time:    5.9960
Elapsed wall time:  5189.122
Assembled linear system in:     1.471 s.
Solved linear system in:     0.153 s.
Updated wake in:     3.278 s.
Euler particle cleanup at step 1500: deleted=122, growth_guard=0, mag_max=0, sigma_capped=0
Updated geometry in:     0.005 s.

--> Step  1501 of  2001 simulation time:    6.0000
Elapsed wall time:  5194.561
Assembled linear system in:     1.452 s.
Solved linear system in:     0.153 s.
Updated wake in:     3.261 s.
Euler particle cleanup at step 1501: deleted=122, growth_guard=0, mag_max=0, sigma_capped=0
Updated geometry in:     0.005 s.

--> Step  1502 of  2001 simulation time:    6.0040
Elapsed wall time:  5199.978
Assembled linear system in:     1.455 s.
Solved linear system in:     0.152 s.
Updated wake in:     3.270 s.
Euler particle cleanup at step 1502: deleted=122, growth_guard=0, mag_max=0, sigma_capped=0
Updated geometry in:     0.005 s.

--> Step  1503 of  2001 simulation time:    6.0080
Elapsed wall time:  5205.388
Assembled linear system in:     1.450 s.
Solved linear system in:     0.150 s.
Updated wake in:     3.260 s.
Euler particle cleanup at step 1503: deleted=122, growth_guard=0, mag_max=0, sigma_capped=0
Updated geometry in:     0.005 s.

--> Step  1504 of  2001 simulation time:    6.0120
Elapsed wall time:  5210.783
Assembled linear system in:     1.449 s.
Solved linear system in:     0.156 s.
Updated wake in:     3.260 s.
Euler particle cleanup at step 1504: deleted=122, growth_guard=0, mag_max=0, sigma_capped=0
Updated geometry in:     0.005 s.

--> Step  1505 of  2001 simulation time:    6.0160
Elapsed wall time:  5216.182
Assembled linear system in:     1.451 s.
Solved linear system in:     0.154 s.
Updated wake in:     3.269 s.
Euler particle cleanup at step 1505: deleted=122, growth_guard=0, mag_max=0, sigma_capped=0
Updated geometry in:     0.005 s.

--> Step  1506 of  2001 simulation time:    6.0200
Elapsed wall time:  5221.586
Assembled linear system in:     1.454 s.
Solved linear system in:     0.151 s.
Updated wake in:     3.264 s.
Euler particle cleanup at step 1506: deleted=122, growth_guard=0, mag_max=0, sigma_capped=0
Updated geometry in:     0.006 s.

--> Step  1507 of  2001 simulation time:    6.0240
Elapsed wall time:  5226.986
Assembled linear system in:     1.454 s.
Solved linear system in:     0.152 s.
Updated wake in:     3.272 s.
Euler particle cleanup at step 1507: deleted=122, growth_guard=0, mag_max=0, sigma_capped=0
Updated geometry in:     0.005 s.

--> Step  1508 of  2001 simulation time:    6.0280
Elapsed wall time:  5232.395
Assembled linear system in:     1.456 s.
Solved linear system in:     0.152 s.
Updated wake in:     3.270 s.
Euler particle cleanup at step 1508: deleted=122, growth_guard=0, mag_max=0, sigma_capped=0
Updated geometry in:     0.006 s.

--> Step  1509 of  2001 simulation time:    6.0320
Elapsed wall time:  5237.806
Assembled linear system in:     1.454 s.
Solved linear system in:     0.154 s.
Updated wake in:     3.242 s.
Euler particle cleanup at step 1509: deleted=122, growth_guard=0, mag_max=0, sigma_capped=0
Updated geometry in:     0.006 s.

--> Step  1510 of  2001 simulation time:    6.0360
Elapsed wall time:  5243.187
Assembled linear system in:     1.455 s.
Solved linear system in:     0.152 s.
Updated wake in:     3.252 s.
Euler particle cleanup at step 1510: deleted=122, growth_guard=0, mag_max=0, sigma_capped=0
Updated geometry in:     0.006 s.

--> Step  1511 of  2001 simulation time:    6.0400
Elapsed wall time:  5248.576
Assembled linear system in:     1.460 s.
Solved linear system in:     0.154 s.
Updated wake in:     3.262 s.
Euler particle cleanup at step 1511: deleted=122, growth_guard=0, mag_max=0, sigma_capped=0
Updated geometry in:     0.005 s.

--> Step  1512 of  2001 simulation time:    6.0440
Elapsed wall time:  5254.002
Assembled linear system in:     1.454 s.
Solved linear system in:     0.160 s.
Updated wake in:     3.269 s.
Euler particle cleanup at step 1512: deleted=122, growth_guard=0, mag_max=0, sigma_capped=0
Updated geometry in:     0.007 s.

--> Step  1513 of  2001 simulation time:    6.0480
Elapsed wall time:  5259.421
Assembled linear system in:     1.474 s.
Solved linear system in:     0.157 s.
Updated wake in:     3.278 s.
Euler particle cleanup at step 1513: deleted=122, growth_guard=0, mag_max=0, sigma_capped=0
Updated geometry in:     0.006 s.

--> Step  1514 of  2001 simulation time:    6.0520
Elapsed wall time:  5264.872
Assembled linear system in:     1.458 s.
Solved linear system in:     0.154 s.
Updated wake in:     3.299 s.
Euler particle cleanup at step 1514: deleted=122, growth_guard=0, mag_max=0, sigma_capped=0
Updated geometry in:     0.005 s.

--> Step  1515 of  2001 simulation time:    6.0560
Elapsed wall time:  5270.317
Assembled linear system in:     1.479 s.
Solved linear system in:     0.158 s.
Updated wake in:     3.280 s.
Euler particle cleanup at step 1515: deleted=122, growth_guard=0, mag_max=0, sigma_capped=0
Updated geometry in:     0.006 s.

--> Step  1516 of  2001 simulation time:    6.0600
Elapsed wall time:  5275.775
Assembled linear system in:     1.483 s.
Solved linear system in:     0.157 s.
Updated wake in:     3.282 s.
Euler particle cleanup at step 1516: deleted=122, growth_guard=0, mag_max=0, sigma_capped=0
Updated geometry in:     0.006 s.

--> Step  1517 of  2001 simulation time:    6.0640
Elapsed wall time:  5281.235
Assembled linear system in:     1.471 s.
Solved linear system in:     0.180 s.
Updated wake in:     3.288 s.
Euler particle cleanup at step 1517: deleted=122, growth_guard=0, mag_max=0, sigma_capped=0
Updated geometry in:     0.006 s.

--> Step  1518 of  2001 simulation time:    6.0680
Elapsed wall time:  5286.713
Assembled linear system in:     1.470 s.
Solved linear system in:     0.157 s.
Updated wake in:     3.289 s.
Euler particle cleanup at step 1518: deleted=122, growth_guard=0, mag_max=0, sigma_capped=0
Updated geometry in:     0.005 s.

--> Step  1519 of  2001 simulation time:    6.0720
Elapsed wall time:  5292.172
Assembled linear system in:     1.478 s.
Solved linear system in:     0.157 s.
Updated wake in:     3.291 s.
Euler particle cleanup at step 1519: deleted=122, growth_guard=0, mag_max=0, sigma_capped=0
Updated geometry in:     0.005 s.

--> Step  1520 of  2001 simulation time:    6.0760
Elapsed wall time:  5297.640
Assembled linear system in:     1.470 s.
Solved linear system in:     0.163 s.
Updated wake in:     3.295 s.
Euler particle cleanup at step 1520: deleted=122, growth_guard=0, mag_max=0, sigma_capped=0
Updated geometry in:     0.005 s.

--> Step  1521 of  2001 simulation time:    6.0800
Elapsed wall time:  5303.111
Assembled linear system in:     1.470 s.
Solved linear system in:     0.157 s.
Updated wake in:     3.288 s.
Euler particle cleanup at step 1521: deleted=122, growth_guard=0, mag_max=0, sigma_capped=0
Updated geometry in:     0.005 s.

--> Step  1522 of  2001 simulation time:    6.0840
Elapsed wall time:  5308.585
Assembled linear system in:     1.473 s.
Solved linear system in:     0.163 s.
Updated wake in:     3.294 s.
Euler particle cleanup at step 1522: deleted=122, growth_guard=0, mag_max=0, sigma_capped=0
Updated geometry in:     0.005 s.

--> Step  1523 of  2001 simulation time:    6.0880
Elapsed wall time:  5314.053
Assembled linear system in:     1.466 s.
Solved linear system in:     0.154 s.
Updated wake in:     3.300 s.
Euler particle cleanup at step 1523: deleted=122, growth_guard=0, mag_max=0, sigma_capped=0
Updated geometry in:     0.005 s.

--> Step  1524 of  2001 simulation time:    6.0920
Elapsed wall time:  5319.513
Assembled linear system in:     1.472 s.
Solved linear system in:     0.161 s.
Updated wake in:     3.289 s.
Euler particle cleanup at step 1524: deleted=122, growth_guard=0, mag_max=0, sigma_capped=0
Updated geometry in:     0.006 s.

--> Step  1525 of  2001 simulation time:    6.0960
Elapsed wall time:  5324.975
Assembled linear system in:     1.471 s.
Solved linear system in:     0.159 s.
Updated wake in:     3.296 s.
Euler particle cleanup at step 1525: deleted=122, growth_guard=0, mag_max=0, sigma_capped=0
Updated geometry in:     0.006 s.

--> Step  1526 of  2001 simulation time:    6.1000
Elapsed wall time:  5330.440
Assembled linear system in:     1.470 s.
Solved linear system in:     0.156 s.
Updated wake in:     3.277 s.
Euler particle cleanup at step 1526: deleted=122, growth_guard=0, mag_max=0, sigma_capped=0
Updated geometry in:     0.005 s.

--> Step  1527 of  2001 simulation time:    6.1040
Elapsed wall time:  5335.911
Assembled linear system in:     1.466 s.
Solved linear system in:     0.157 s.
Updated wake in:     3.295 s.
Euler particle cleanup at step 1527: deleted=122, growth_guard=0, mag_max=0, sigma_capped=0
Updated geometry in:     0.006 s.

--> Step  1528 of  2001 simulation time:    6.1080
Elapsed wall time:  5341.369
Assembled linear system in:     1.477 s.
Solved linear system in:     0.159 s.
Updated wake in:     3.282 s.
Euler particle cleanup at step 1528: deleted=122, growth_guard=0, mag_max=0, sigma_capped=0
Updated geometry in:     0.005 s.

--> Step  1529 of  2001 simulation time:    6.1120
Elapsed wall time:  5346.830
Assembled linear system in:     1.461 s.
Solved linear system in:     0.153 s.
Updated wake in:     3.266 s.
Euler particle cleanup at step 1529: deleted=122, growth_guard=0, mag_max=0, sigma_capped=0
Updated geometry in:     0.005 s.

--> Step  1530 of  2001 simulation time:    6.1160
Elapsed wall time:  5352.247
Assembled linear system in:     1.454 s.
Solved linear system in:     0.152 s.
Updated wake in:     3.295 s.
Euler particle cleanup at step 1530: deleted=122, growth_guard=0, mag_max=0, sigma_capped=0
Updated geometry in:     0.005 s.

--> Step  1531 of  2001 simulation time:    6.1200
Elapsed wall time:  5357.682
Assembled linear system in:     1.470 s.
Solved linear system in:     0.160 s.
Updated wake in:     3.288 s.
Euler particle cleanup at step 1531: deleted=122, growth_guard=0, mag_max=0, sigma_capped=0
Updated geometry in:     0.006 s.

--> Step  1532 of  2001 simulation time:    6.1240
Elapsed wall time:  5363.164
Assembled linear system in:     1.472 s.
Solved linear system in:     0.159 s.
Updated wake in:     3.280 s.
Euler particle cleanup at step 1532: deleted=122, growth_guard=0, mag_max=0, sigma_capped=0
Updated geometry in:     0.005 s.

--> Step  1533 of  2001 simulation time:    6.1280
Elapsed wall time:  5368.618
Assembled linear system in:     1.471 s.
Solved linear system in:     0.157 s.
Updated wake in:     3.286 s.
Euler particle cleanup at step 1533: deleted=122, growth_guard=0, mag_max=0, sigma_capped=0
Updated geometry in:     0.006 s.

--> Step  1534 of  2001 simulation time:    6.1320
Elapsed wall time:  5374.075
Assembled linear system in:     1.472 s.
Solved linear system in:     0.157 s.
Updated wake in:     3.279 s.
Euler particle cleanup at step 1534: deleted=122, growth_guard=0, mag_max=0, sigma_capped=0
Updated geometry in:     0.006 s.

--> Step  1535 of  2001 simulation time:    6.1360
Elapsed wall time:  5379.521
Assembled linear system in:     1.476 s.
Solved linear system in:     0.159 s.
Updated wake in:     3.282 s.
Euler particle cleanup at step 1535: deleted=122, growth_guard=0, mag_max=0, sigma_capped=0
Updated geometry in:     0.006 s.

--> Step  1536 of  2001 simulation time:    6.1400
Elapsed wall time:  5384.984
Assembled linear system in:     1.469 s.
Solved linear system in:     0.160 s.
Updated wake in:     3.293 s.
Euler particle cleanup at step 1536: deleted=122, growth_guard=0, mag_max=0, sigma_capped=0
Updated geometry in:     0.005 s.

--> Step  1537 of  2001 simulation time:    6.1440
Elapsed wall time:  5390.449
Assembled linear system in:     1.473 s.
Solved linear system in:     0.157 s.
Updated wake in:     3.290 s.
Euler particle cleanup at step 1537: deleted=122, growth_guard=0, mag_max=0, sigma_capped=0
Updated geometry in:     0.005 s.

--> Step  1538 of  2001 simulation time:    6.1480
Elapsed wall time:  5395.912
Assembled linear system in:     1.467 s.
Solved linear system in:     0.156 s.
Updated wake in:     3.283 s.
Euler particle cleanup at step 1538: deleted=122, growth_guard=0, mag_max=0, sigma_capped=0
Updated geometry in:     0.005 s.

--> Step  1539 of  2001 simulation time:    6.1520
Elapsed wall time:  5401.363
Assembled linear system in:     1.459 s.
Solved linear system in:     0.152 s.
Updated wake in:     3.269 s.
Euler particle cleanup at step 1539: deleted=122, growth_guard=0, mag_max=0, sigma_capped=0
Updated geometry in:     0.005 s.

--> Step  1540 of  2001 simulation time:    6.1560
Elapsed wall time:  5406.821
Assembled linear system in:     1.452 s.
Solved linear system in:     0.152 s.
Updated wake in:     3.275 s.
Euler particle cleanup at step 1540: deleted=122, growth_guard=0, mag_max=0, sigma_capped=0
Updated geometry in:     0.005 s.

--> Step  1541 of  2001 simulation time:    6.1600
Elapsed wall time:  5412.296
Assembled linear system in:     1.475 s.
Solved linear system in:     0.160 s.
Updated wake in:     3.286 s.
Euler particle cleanup at step 1541: deleted=122, growth_guard=0, mag_max=0, sigma_capped=0
Updated geometry in:     0.006 s.

--> Step  1542 of  2001 simulation time:    6.1640
Elapsed wall time:  5417.770
Assembled linear system in:     1.471 s.
Solved linear system in:     0.164 s.
Updated wake in:     3.276 s.
Euler particle cleanup at step 1542: deleted=122, growth_guard=0, mag_max=0, sigma_capped=0
Updated geometry in:     0.005 s.

--> Step  1543 of  2001 simulation time:    6.1680
Elapsed wall time:  5423.231
Assembled linear system in:     1.472 s.
Solved linear system in:     0.159 s.
Updated wake in:     3.278 s.
Euler particle cleanup at step 1543: deleted=122, growth_guard=0, mag_max=0, sigma_capped=0
Updated geometry in:     0.006 s.

--> Step  1544 of  2001 simulation time:    6.1720
Elapsed wall time:  5428.685
Assembled linear system in:     1.464 s.
Solved linear system in:     0.159 s.
Updated wake in:     3.297 s.
Euler particle cleanup at step 1544: deleted=122, growth_guard=0, mag_max=0, sigma_capped=0
Updated geometry in:     0.006 s.

--> Step  1545 of  2001 simulation time:    6.1760
Elapsed wall time:  5434.147
Assembled linear system in:     1.481 s.
Solved linear system in:     0.158 s.
Updated wake in:     3.294 s.
Euler particle cleanup at step 1545: deleted=122, growth_guard=0, mag_max=0, sigma_capped=0
Updated geometry in:     0.006 s.

--> Step  1546 of  2001 simulation time:    6.1800
Elapsed wall time:  5439.624
Assembled linear system in:     1.470 s.
Solved linear system in:     0.160 s.
Updated wake in:     3.307 s.
Euler particle cleanup at step 1546: deleted=122, growth_guard=0, mag_max=0, sigma_capped=0
Updated geometry in:     0.005 s.

--> Step  1547 of  2001 simulation time:    6.1840
Elapsed wall time:  5445.104
Assembled linear system in:     1.497 s.
Solved linear system in:     0.158 s.
Updated wake in:     3.293 s.
Euler particle cleanup at step 1547: deleted=122, growth_guard=0, mag_max=0, sigma_capped=0
Updated geometry in:     0.006 s.

--> Step  1548 of  2001 simulation time:    6.1880
Elapsed wall time:  5450.592
Assembled linear system in:     1.477 s.
Solved linear system in:     0.161 s.
Updated wake in:     3.277 s.
Euler particle cleanup at step 1548: deleted=122, growth_guard=0, mag_max=0, sigma_capped=0
Updated geometry in:     0.005 s.

--> Step  1549 of  2001 simulation time:    6.1920
Elapsed wall time:  5456.051
Assembled linear system in:     1.463 s.
Solved linear system in:     0.152 s.
Updated wake in:     3.276 s.
Euler particle cleanup at step 1549: deleted=122, growth_guard=0, mag_max=0, sigma_capped=0
Updated geometry in:     0.006 s.

--> Step  1550 of  2001 simulation time:    6.1960
Elapsed wall time:  5461.478
Assembled linear system in:     1.459 s.
Solved linear system in:     0.150 s.
Updated wake in:     3.269 s.
Euler particle cleanup at step 1550: deleted=122, growth_guard=0, mag_max=0, sigma_capped=0
Updated geometry in:     0.006 s.

--> Step  1551 of  2001 simulation time:    6.2000
Elapsed wall time:  5466.892
Assembled linear system in:     1.457 s.
Solved linear system in:     0.152 s.
Updated wake in:     3.262 s.
Euler particle cleanup at step 1551: deleted=122, growth_guard=0, mag_max=0, sigma_capped=0
Updated geometry in:     0.005 s.

--> Step  1552 of  2001 simulation time:    6.2040
Elapsed wall time:  5472.309
Assembled linear system in:     1.456 s.
Solved linear system in:     0.151 s.
Updated wake in:     3.272 s.
Euler particle cleanup at step 1552: deleted=122, growth_guard=0, mag_max=0, sigma_capped=0
Updated geometry in:     0.006 s.

--> Step  1553 of  2001 simulation time:    6.2080
Elapsed wall time:  5477.718
Assembled linear system in:     1.463 s.
Solved linear system in:     0.163 s.
Updated wake in:     3.292 s.
Euler particle cleanup at step 1553: deleted=122, growth_guard=0, mag_max=0, sigma_capped=0
Updated geometry in:     0.006 s.

--> Step  1554 of  2001 simulation time:    6.2120
Elapsed wall time:  5483.171
Assembled linear system in:     1.475 s.
Solved linear system in:     0.154 s.
Updated wake in:     3.286 s.
Euler particle cleanup at step 1554: deleted=122, growth_guard=0, mag_max=0, sigma_capped=0
Updated geometry in:     0.005 s.

--> Step  1555 of  2001 simulation time:    6.2160
Elapsed wall time:  5488.626
Assembled linear system in:     1.473 s.
Solved linear system in:     0.156 s.
Updated wake in:     3.299 s.
Euler particle cleanup at step 1555: deleted=122, growth_guard=0, mag_max=0, sigma_capped=0
Updated geometry in:     0.006 s.

--> Step  1556 of  2001 simulation time:    6.2200
Elapsed wall time:  5494.093
Assembled linear system in:     1.469 s.
Solved linear system in:     0.154 s.
Updated wake in:     3.281 s.
Euler particle cleanup at step 1556: deleted=122, growth_guard=0, mag_max=0, sigma_capped=0
Updated geometry in:     0.006 s.

--> Step  1557 of  2001 simulation time:    6.2240
Elapsed wall time:  5499.535
Assembled linear system in:     1.475 s.
Solved linear system in:     0.158 s.
Updated wake in:     3.280 s.
Euler particle cleanup at step 1557: deleted=122, growth_guard=0, mag_max=0, sigma_capped=0
Updated geometry in:     0.005 s.

--> Step  1558 of  2001 simulation time:    6.2280
Elapsed wall time:  5504.983
Assembled linear system in:     1.457 s.
Solved linear system in:     0.151 s.
Updated wake in:     3.288 s.
Euler particle cleanup at step 1558: deleted=122, growth_guard=0, mag_max=0, sigma_capped=0
Updated geometry in:     0.006 s.

--> Step  1559 of  2001 simulation time:    6.2320
Elapsed wall time:  5510.409
Assembled linear system in:     1.472 s.
Solved linear system in:     0.151 s.
Updated wake in:     3.270 s.
Euler particle cleanup at step 1559: deleted=122, growth_guard=0, mag_max=0, sigma_capped=0
Updated geometry in:     0.005 s.

--> Step  1560 of  2001 simulation time:    6.2360
Elapsed wall time:  5515.835
Assembled linear system in:     1.465 s.
Solved linear system in:     0.157 s.
Updated wake in:     3.286 s.
Euler particle cleanup at step 1560: deleted=122, growth_guard=0, mag_max=0, sigma_capped=0
Updated geometry in:     0.006 s.

--> Step  1561 of  2001 simulation time:    6.2400
Elapsed wall time:  5521.281
Assembled linear system in:     1.476 s.
Solved linear system in:     0.158 s.
Updated wake in:     3.284 s.
Euler particle cleanup at step 1561: deleted=122, growth_guard=0, mag_max=0, sigma_capped=0
Updated geometry in:     0.005 s.

--> Step  1562 of  2001 simulation time:    6.2440
Elapsed wall time:  5526.752
Assembled linear system in:     1.452 s.
Solved linear system in:     0.152 s.
Updated wake in:     3.276 s.
Euler particle cleanup at step 1562: deleted=122, growth_guard=0, mag_max=0, sigma_capped=0
Updated geometry in:     0.005 s.

--> Step  1563 of  2001 simulation time:    6.2480
Elapsed wall time:  5532.166
Assembled linear system in:     1.468 s.
Solved linear system in:     0.157 s.
Updated wake in:     3.292 s.
Euler particle cleanup at step 1563: deleted=122, growth_guard=0, mag_max=0, sigma_capped=0
Updated geometry in:     0.005 s.

--> Step  1564 of  2001 simulation time:    6.2520
Elapsed wall time:  5537.620
Assembled linear system in:     1.473 s.
Solved linear system in:     0.157 s.
Updated wake in:     3.280 s.
Euler particle cleanup at step 1564: deleted=122, growth_guard=0, mag_max=0, sigma_capped=0
Updated geometry in:     0.006 s.

--> Step  1565 of  2001 simulation time:    6.2560
Elapsed wall time:  5543.071
Assembled linear system in:     1.455 s.
Solved linear system in:     0.151 s.
Updated wake in:     3.269 s.
Euler particle cleanup at step 1565: deleted=122, growth_guard=0, mag_max=0, sigma_capped=0
Updated geometry in:     0.005 s.

--> Step  1566 of  2001 simulation time:    6.2600
Elapsed wall time:  5548.475
Assembled linear system in:     1.458 s.
Solved linear system in:     0.153 s.
Updated wake in:     3.275 s.
Euler particle cleanup at step 1566: deleted=122, growth_guard=0, mag_max=0, sigma_capped=0
Updated geometry in:     0.006 s.

--> Step  1567 of  2001 simulation time:    6.2640
Elapsed wall time:  5553.898
Assembled linear system in:     1.470 s.
Solved linear system in:     0.159 s.
Updated wake in:     3.302 s.
Euler particle cleanup at step 1567: deleted=122, growth_guard=0, mag_max=0, sigma_capped=0
Updated geometry in:     0.005 s.

--> Step  1568 of  2001 simulation time:    6.2680
Elapsed wall time:  5559.364
Assembled linear system in:     1.470 s.
Solved linear system in:     0.157 s.
Updated wake in:     3.289 s.
Euler particle cleanup at step 1568: deleted=122, growth_guard=0, mag_max=0, sigma_capped=0
Updated geometry in:     0.005 s.

--> Step  1569 of  2001 simulation time:    6.2720
Elapsed wall time:  5564.820
Assembled linear system in:     1.460 s.
Solved linear system in:     0.151 s.
Updated wake in:     3.285 s.
Euler particle cleanup at step 1569: deleted=122, growth_guard=0, mag_max=0, sigma_capped=0
Updated geometry in:     0.005 s.

--> Step  1570 of  2001 simulation time:    6.2760
Elapsed wall time:  5570.252
Assembled linear system in:     1.453 s.
Solved linear system in:     0.151 s.
Updated wake in:     3.266 s.
Euler particle cleanup at step 1570: deleted=122, growth_guard=0, mag_max=0, sigma_capped=0
Updated geometry in:     0.005 s.

--> Step  1571 of  2001 simulation time:    6.2800
Elapsed wall time:  5575.652
Assembled linear system in:     1.470 s.
Solved linear system in:     0.156 s.
Updated wake in:     3.280 s.
Euler particle cleanup at step 1571: deleted=122, growth_guard=0, mag_max=0, sigma_capped=0
Updated geometry in:     0.006 s.

--> Step  1572 of  2001 simulation time:    6.2840
Elapsed wall time:  5581.112
Assembled linear system in:     1.454 s.
Solved linear system in:     0.151 s.
Updated wake in:     3.302 s.
Euler particle cleanup at step 1572: deleted=122, growth_guard=0, mag_max=0, sigma_capped=0
Updated geometry in:     0.006 s.

--> Step  1573 of  2001 simulation time:    6.2880
Elapsed wall time:  5586.552
Assembled linear system in:     1.474 s.
Solved linear system in:     0.156 s.
Updated wake in:     3.293 s.
Euler particle cleanup at step 1573: deleted=122, growth_guard=0, mag_max=0, sigma_capped=0
Updated geometry in:     0.005 s.

--> Step  1574 of  2001 simulation time:    6.2920
Elapsed wall time:  5592.014
Assembled linear system in:     1.466 s.
Solved linear system in:     0.155 s.
Updated wake in:     3.294 s.
Euler particle cleanup at step 1574: deleted=122, growth_guard=0, mag_max=0, sigma_capped=0
Updated geometry in:     0.006 s.

--> Step  1575 of  2001 simulation time:    6.2960
Elapsed wall time:  5597.465
Assembled linear system in:     1.474 s.
Solved linear system in:     0.159 s.
Updated wake in:     3.293 s.
Euler particle cleanup at step 1575: deleted=122, growth_guard=0, mag_max=0, sigma_capped=0
Updated geometry in:     0.006 s.

--> Step  1576 of  2001 simulation time:    6.3000
Elapsed wall time:  5602.927
Assembled linear system in:     1.472 s.
Solved linear system in:     0.158 s.
Updated wake in:     3.277 s.
Euler particle cleanup at step 1576: deleted=122, growth_guard=0, mag_max=0, sigma_capped=0
Updated geometry in:     0.005 s.

--> Step  1577 of  2001 simulation time:    6.3040
Elapsed wall time:  5608.372
Assembled linear system in:     1.470 s.
Solved linear system in:     0.158 s.
Updated wake in:     3.303 s.
Euler particle cleanup at step 1577: deleted=122, growth_guard=0, mag_max=0, sigma_capped=0
Updated geometry in:     0.006 s.

--> Step  1578 of  2001 simulation time:    6.3080
Elapsed wall time:  5613.840
Assembled linear system in:     1.466 s.
Solved linear system in:     0.155 s.
Updated wake in:     3.283 s.
Euler particle cleanup at step 1578: deleted=122, growth_guard=0, mag_max=0, sigma_capped=0
Updated geometry in:     0.006 s.

--> Step  1579 of  2001 simulation time:    6.3120
Elapsed wall time:  5619.281
Assembled linear system in:     1.468 s.
Solved linear system in:     0.156 s.
Updated wake in:     3.287 s.
Euler particle cleanup at step 1579: deleted=122, growth_guard=0, mag_max=0, sigma_capped=0
Updated geometry in:     0.006 s.

--> Step  1580 of  2001 simulation time:    6.3160
Elapsed wall time:  5624.732
Assembled linear system in:     1.474 s.
Solved linear system in:     0.157 s.
Updated wake in:     3.301 s.
Euler particle cleanup at step 1580: deleted=122, growth_guard=0, mag_max=0, sigma_capped=0
Updated geometry in:     0.006 s.

--> Step  1581 of  2001 simulation time:    6.3200
Elapsed wall time:  5630.205
Assembled linear system in:     1.469 s.
Solved linear system in:     0.157 s.
Updated wake in:     3.280 s.
Euler particle cleanup at step 1581: deleted=122, growth_guard=0, mag_max=0, sigma_capped=0
Updated geometry in:     0.005 s.

--> Step  1582 of  2001 simulation time:    6.3240
Elapsed wall time:  5635.669
Assembled linear system in:     1.468 s.
Solved linear system in:     0.155 s.
Updated wake in:     3.293 s.
Euler particle cleanup at step 1582: deleted=122, growth_guard=0, mag_max=0, sigma_capped=0
Updated geometry in:     0.006 s.

--> Step  1583 of  2001 simulation time:    6.3280
Elapsed wall time:  5641.120
Assembled linear system in:     1.478 s.
Solved linear system in:     0.162 s.
Updated wake in:     3.303 s.
Euler particle cleanup at step 1583: deleted=122, growth_guard=0, mag_max=0, sigma_capped=0
Updated geometry in:     0.006 s.

--> Step  1584 of  2001 simulation time:    6.3320
Elapsed wall time:  5646.598
Assembled linear system in:     1.478 s.
Solved linear system in:     0.159 s.
Updated wake in:     3.285 s.
Euler particle cleanup at step 1584: deleted=122, growth_guard=0, mag_max=0, sigma_capped=0
Updated geometry in:     0.006 s.

--> Step  1585 of  2001 simulation time:    6.3360
Elapsed wall time:  5652.058
Assembled linear system in:     1.467 s.
Solved linear system in:     0.161 s.
Updated wake in:     3.299 s.
Euler particle cleanup at step 1585: deleted=122, growth_guard=0, mag_max=0, sigma_capped=0
Updated geometry in:     0.006 s.

--> Step  1586 of  2001 simulation time:    6.3400
Elapsed wall time:  5657.529
Assembled linear system in:     1.469 s.
Solved linear system in:     0.157 s.
Updated wake in:     3.289 s.
Euler particle cleanup at step 1586: deleted=122, growth_guard=0, mag_max=0, sigma_capped=0
Updated geometry in:     0.005 s.

--> Step  1587 of  2001 simulation time:    6.3440
Elapsed wall time:  5662.991
Assembled linear system in:     1.469 s.
Solved linear system in:     0.156 s.
Updated wake in:     3.280 s.
Euler particle cleanup at step 1587: deleted=122, growth_guard=0, mag_max=0, sigma_capped=0
Updated geometry in:     0.005 s.

--> Step  1588 of  2001 simulation time:    6.3480
Elapsed wall time:  5668.438
Assembled linear system in:     1.475 s.
Solved linear system in:     0.156 s.
Updated wake in:     3.289 s.
Euler particle cleanup at step 1588: deleted=122, growth_guard=0, mag_max=0, sigma_capped=0
Updated geometry in:     0.005 s.

--> Step  1589 of  2001 simulation time:    6.3520
Elapsed wall time:  5673.898
Assembled linear system in:     1.465 s.
Solved linear system in:     0.157 s.
Updated wake in:     3.299 s.
Euler particle cleanup at step 1589: deleted=122, growth_guard=0, mag_max=0, sigma_capped=0
Updated geometry in:     0.006 s.

--> Step  1590 of  2001 simulation time:    6.3560
Elapsed wall time:  5679.361
Assembled linear system in:     1.466 s.
Solved linear system in:     0.157 s.
Updated wake in:     3.292 s.
Euler particle cleanup at step 1590: deleted=122, growth_guard=0, mag_max=0, sigma_capped=0
Updated geometry in:     0.006 s.

--> Step  1591 of  2001 simulation time:    6.3600
Elapsed wall time:  5684.813
Assembled linear system in:     1.469 s.
Solved linear system in:     0.161 s.
Updated wake in:     3.300 s.
Euler particle cleanup at step 1591: deleted=122, growth_guard=0, mag_max=0, sigma_capped=0
Updated geometry in:     0.006 s.

--> Step  1592 of  2001 simulation time:    6.3640
Elapsed wall time:  5690.305
Assembled linear system in:     1.457 s.
Solved linear system in:     0.155 s.
Updated wake in:     3.262 s.
Euler particle cleanup at step 1592: deleted=122, growth_guard=0, mag_max=0, sigma_capped=0
Updated geometry in:     0.006 s.

--> Step  1593 of  2001 simulation time:    6.3680
Elapsed wall time:  5695.715
Assembled linear system in:     1.454 s.
Solved linear system in:     0.151 s.
Updated wake in:     3.285 s.
Euler particle cleanup at step 1593: deleted=122, growth_guard=0, mag_max=0, sigma_capped=0
Updated geometry in:     0.006 s.

--> Step  1594 of  2001 simulation time:    6.3720
Elapsed wall time:  5701.136
Assembled linear system in:     1.457 s.
Solved linear system in:     0.152 s.
Updated wake in:     3.292 s.
Euler particle cleanup at step 1594: deleted=122, growth_guard=0, mag_max=0, sigma_capped=0
Updated geometry in:     0.005 s.

--> Step  1595 of  2001 simulation time:    6.3760
Elapsed wall time:  5706.567
Assembled linear system in:     1.452 s.
Solved linear system in:     0.152 s.
Updated wake in:     3.267 s.
Euler particle cleanup at step 1595: deleted=122, growth_guard=0, mag_max=0, sigma_capped=0
Updated geometry in:     0.005 s.

--> Step  1596 of  2001 simulation time:    6.3800
Elapsed wall time:  5711.973
Assembled linear system in:     1.459 s.
Solved linear system in:     0.153 s.
Updated wake in:     3.273 s.
Euler particle cleanup at step 1596: deleted=122, growth_guard=0, mag_max=0, sigma_capped=0
Updated geometry in:     0.005 s.

--> Step  1597 of  2001 simulation time:    6.3840
Elapsed wall time:  5717.391
Assembled linear system in:     1.456 s.
Solved linear system in:     0.153 s.
Updated wake in:     3.272 s.
Euler particle cleanup at step 1597: deleted=122, growth_guard=0, mag_max=0, sigma_capped=0
Updated geometry in:     0.005 s.

--> Step  1598 of  2001 simulation time:    6.3880
Elapsed wall time:  5722.806
Assembled linear system in:     1.463 s.
Solved linear system in:     0.151 s.
Updated wake in:     3.261 s.
Euler particle cleanup at step 1598: deleted=122, growth_guard=0, mag_max=0, sigma_capped=0
Updated geometry in:     0.006 s.

--> Step  1599 of  2001 simulation time:    6.3920
Elapsed wall time:  5728.217
Assembled linear system in:     1.473 s.
Solved linear system in:     0.158 s.
Updated wake in:     3.281 s.
Euler particle cleanup at step 1599: deleted=122, growth_guard=0, mag_max=0, sigma_capped=0
Updated geometry in:     0.006 s.

--> Step  1600 of  2001 simulation time:    6.3960
Elapsed wall time:  5733.669
Assembled linear system in:     1.477 s.
Solved linear system in:     0.158 s.
Updated wake in:     3.286 s.
Euler particle cleanup at step 1600: deleted=122, growth_guard=0, mag_max=0, sigma_capped=0
Updated geometry in:     0.006 s.

--> Step  1601 of  2001 simulation time:    6.4000
Elapsed wall time:  5739.133
Assembled linear system in:     1.470 s.
Solved linear system in:     0.157 s.
Updated wake in:     3.285 s.
Euler particle cleanup at step 1601: deleted=122, growth_guard=0, mag_max=0, sigma_capped=0
Updated geometry in:     0.005 s.

--> Step  1602 of  2001 simulation time:    6.4040
Elapsed wall time:  5744.603
Assembled linear system in:     1.466 s.
Solved linear system in:     0.157 s.
Updated wake in:     3.290 s.
Euler particle cleanup at step 1602: deleted=122, growth_guard=0, mag_max=0, sigma_capped=0
Updated geometry in:     0.006 s.

--> Step  1603 of  2001 simulation time:    6.4080
Elapsed wall time:  5750.058
Assembled linear system in:     1.471 s.
Solved linear system in:     0.156 s.
Updated wake in:     3.291 s.
Euler particle cleanup at step 1603: deleted=122, growth_guard=0, mag_max=0, sigma_capped=0
Updated geometry in:     0.006 s.

--> Step  1604 of  2001 simulation time:    6.4120
Elapsed wall time:  5755.517
Assembled linear system in:     1.474 s.
Solved linear system in:     0.159 s.
Updated wake in:     3.281 s.
Euler particle cleanup at step 1604: deleted=122, growth_guard=0, mag_max=0, sigma_capped=0
Updated geometry in:     0.005 s.

--> Step  1605 of  2001 simulation time:    6.4160
Elapsed wall time:  5760.976
Assembled linear system in:     1.449 s.
Solved linear system in:     0.153 s.
Updated wake in:     3.288 s.
Euler particle cleanup at step 1605: deleted=122, growth_guard=0, mag_max=0, sigma_capped=0
Updated geometry in:     0.005 s.

--> Step  1606 of  2001 simulation time:    6.4200
Elapsed wall time:  5766.398
Assembled linear system in:     1.451 s.
Solved linear system in:     0.153 s.
Updated wake in:     3.265 s.
Euler particle cleanup at step 1606: deleted=122, growth_guard=0, mag_max=0, sigma_capped=0
Updated geometry in:     0.005 s.

--> Step  1607 of  2001 simulation time:    6.4240
Elapsed wall time:  5771.805
Assembled linear system in:     1.451 s.
Solved linear system in:     0.159 s.
Updated wake in:     3.285 s.
Euler particle cleanup at step 1607: deleted=122, growth_guard=0, mag_max=0, sigma_capped=0
Updated geometry in:     0.006 s.

--> Step  1608 of  2001 simulation time:    6.4280
Elapsed wall time:  5777.241
Assembled linear system in:     1.470 s.
Solved linear system in:     0.158 s.
Updated wake in:     3.299 s.
Euler particle cleanup at step 1608: deleted=122, growth_guard=0, mag_max=0, sigma_capped=0
Updated geometry in:     0.006 s.

--> Step  1609 of  2001 simulation time:    6.4320
Elapsed wall time:  5782.708
Assembled linear system in:     1.456 s.
Solved linear system in:     0.153 s.
Updated wake in:     3.271 s.
Euler particle cleanup at step 1609: deleted=122, growth_guard=0, mag_max=0, sigma_capped=0
Updated geometry in:     0.005 s.

--> Step  1610 of  2001 simulation time:    6.4360
Elapsed wall time:  5788.123
Assembled linear system in:     1.450 s.
Solved linear system in:     0.151 s.
Updated wake in:     3.274 s.
Euler particle cleanup at step 1610: deleted=122, growth_guard=0, mag_max=0, sigma_capped=0
Updated geometry in:     0.005 s.

--> Step  1611 of  2001 simulation time:    6.4400
Elapsed wall time:  5793.526
Assembled linear system in:     1.446 s.
Solved linear system in:     0.151 s.
Updated wake in:     3.280 s.
Euler particle cleanup at step 1611: deleted=122, growth_guard=0, mag_max=0, sigma_capped=0
Updated geometry in:     0.005 s.

--> Step  1612 of  2001 simulation time:    6.4440
Elapsed wall time:  5798.957
Assembled linear system in:     1.457 s.
Solved linear system in:     0.152 s.
Updated wake in:     3.290 s.
Euler particle cleanup at step 1612: deleted=122, growth_guard=0, mag_max=0, sigma_capped=0
Updated geometry in:     0.006 s.

--> Step  1613 of  2001 simulation time:    6.4480
Elapsed wall time:  5804.395
Assembled linear system in:     1.478 s.
Solved linear system in:     0.159 s.
Updated wake in:     3.294 s.
Euler particle cleanup at step 1613: deleted=122, growth_guard=0, mag_max=0, sigma_capped=0
Updated geometry in:     0.006 s.

--> Step  1614 of  2001 simulation time:    6.4520
Elapsed wall time:  5809.873
Assembled linear system in:     1.475 s.
Solved linear system in:     0.156 s.
Updated wake in:     3.292 s.
Euler particle cleanup at step 1614: deleted=122, growth_guard=0, mag_max=0, sigma_capped=0
Updated geometry in:     0.006 s.

--> Step  1615 of  2001 simulation time:    6.4560
Elapsed wall time:  5815.339
Assembled linear system in:     1.470 s.
Solved linear system in:     0.166 s.
Updated wake in:     3.291 s.
Euler particle cleanup at step 1615: deleted=122, growth_guard=0, mag_max=0, sigma_capped=0
Updated geometry in:     0.005 s.

--> Step  1616 of  2001 simulation time:    6.4600
Elapsed wall time:  5820.815
Assembled linear system in:     1.452 s.
Solved linear system in:     0.153 s.
Updated wake in:     3.290 s.
Euler particle cleanup at step 1616: deleted=122, growth_guard=0, mag_max=0, sigma_capped=0
Updated geometry in:     0.006 s.

--> Step  1617 of  2001 simulation time:    6.4640
Elapsed wall time:  5826.246
Assembled linear system in:     1.471 s.
Solved linear system in:     0.158 s.
Updated wake in:     3.281 s.
Euler particle cleanup at step 1617: deleted=122, growth_guard=0, mag_max=0, sigma_capped=0
Updated geometry in:     0.006 s.

--> Step  1618 of  2001 simulation time:    6.4680
Elapsed wall time:  5831.691
Assembled linear system in:     1.469 s.
Solved linear system in:     0.157 s.
Updated wake in:     3.285 s.
Euler particle cleanup at step 1618: deleted=122, growth_guard=0, mag_max=0, sigma_capped=0
Updated geometry in:     0.005 s.

--> Step  1619 of  2001 simulation time:    6.4720
Elapsed wall time:  5837.144
Assembled linear system in:     1.465 s.
Solved linear system in:     0.157 s.
Updated wake in:     3.309 s.
Euler particle cleanup at step 1619: deleted=122, growth_guard=0, mag_max=0, sigma_capped=0
Updated geometry in:     0.005 s.

--> Step  1620 of  2001 simulation time:    6.4760
Elapsed wall time:  5842.614
Assembled linear system in:     1.474 s.
Solved linear system in:     0.159 s.
Updated wake in:     3.280 s.
Euler particle cleanup at step 1620: deleted=122, growth_guard=0, mag_max=0, sigma_capped=0
Updated geometry in:     0.006 s.

--> Step  1621 of  2001 simulation time:    6.4800
Elapsed wall time:  5848.075
Assembled linear system in:     1.476 s.
Solved linear system in:     0.157 s.
Updated wake in:     3.287 s.
Euler particle cleanup at step 1621: deleted=122, growth_guard=0, mag_max=0, sigma_capped=0
Updated geometry in:     0.006 s.

--> Step  1622 of  2001 simulation time:    6.4840
Elapsed wall time:  5853.552
Assembled linear system in:     1.463 s.
Solved linear system in:     0.151 s.
Updated wake in:     3.289 s.
Euler particle cleanup at step 1622: deleted=122, growth_guard=0, mag_max=0, sigma_capped=0
Updated geometry in:     0.006 s.

--> Step  1623 of  2001 simulation time:    6.4880
Elapsed wall time:  5859.000
Assembled linear system in:     1.476 s.
Solved linear system in:     0.157 s.
Updated wake in:     3.297 s.
Euler particle cleanup at step 1623: deleted=122, growth_guard=0, mag_max=0, sigma_capped=0
Updated geometry in:     0.006 s.

--> Step  1624 of  2001 simulation time:    6.4920
Elapsed wall time:  5864.471
Assembled linear system in:     1.478 s.
Solved linear system in:     0.157 s.
Updated wake in:     3.300 s.
Euler particle cleanup at step 1624: deleted=122, growth_guard=0, mag_max=0, sigma_capped=0
Updated geometry in:     0.006 s.

--> Step  1625 of  2001 simulation time:    6.4960
Elapsed wall time:  5869.945
Assembled linear system in:     1.473 s.
Solved linear system in:     0.156 s.
Updated wake in:     3.293 s.
Euler particle cleanup at step 1625: deleted=122, growth_guard=0, mag_max=0, sigma_capped=0
Updated geometry in:     0.006 s.

--> Step  1626 of  2001 simulation time:    6.5000
Elapsed wall time:  5875.409
Assembled linear system in:     1.473 s.
Solved linear system in:     0.154 s.
Updated wake in:     3.295 s.
Euler particle cleanup at step 1626: deleted=122, growth_guard=0, mag_max=0, sigma_capped=0
Updated geometry in:     0.006 s.

--> Step  1627 of  2001 simulation time:    6.5040
Elapsed wall time:  5880.874
Assembled linear system in:     1.453 s.
Solved linear system in:     0.152 s.
Updated wake in:     3.304 s.
Euler particle cleanup at step 1627: deleted=122, growth_guard=0, mag_max=0, sigma_capped=0
Updated geometry in:     0.005 s.

--> Step  1628 of  2001 simulation time:    6.5080
Elapsed wall time:  5886.316
Assembled linear system in:     1.468 s.
Solved linear system in:     0.156 s.
Updated wake in:     3.302 s.
Euler particle cleanup at step 1628: deleted=122, growth_guard=0, mag_max=0, sigma_capped=0
Updated geometry in:     0.006 s.

--> Step  1629 of  2001 simulation time:    6.5120
Elapsed wall time:  5891.784
Assembled linear system in:     1.467 s.
Solved linear system in:     0.162 s.
Updated wake in:     3.300 s.
Euler particle cleanup at step 1629: deleted=122, growth_guard=0, mag_max=0, sigma_capped=0
Updated geometry in:     0.006 s.

--> Step  1630 of  2001 simulation time:    6.5160
Elapsed wall time:  5897.260
Assembled linear system in:     1.472 s.
Solved linear system in:     0.155 s.
Updated wake in:     3.308 s.
Euler particle cleanup at step 1630: deleted=122, growth_guard=0, mag_max=0, sigma_capped=0
Updated geometry in:     0.005 s.

--> Step  1631 of  2001 simulation time:    6.5200
Elapsed wall time:  5902.735
Assembled linear system in:     1.478 s.
Solved linear system in:     0.158 s.
Updated wake in:     3.289 s.
Euler particle cleanup at step 1631: deleted=122, growth_guard=0, mag_max=0, sigma_capped=0
Updated geometry in:     0.006 s.

--> Step  1632 of  2001 simulation time:    6.5240
Elapsed wall time:  5908.223
Assembled linear system in:     1.475 s.
Solved linear system in:     0.159 s.
Updated wake in:     3.300 s.
Euler particle cleanup at step 1632: deleted=122, growth_guard=0, mag_max=0, sigma_capped=0
Updated geometry in:     0.006 s.

--> Step  1633 of  2001 simulation time:    6.5280
Elapsed wall time:  5913.698
Assembled linear system in:     1.477 s.
Solved linear system in:     0.157 s.
Updated wake in:     3.301 s.
Euler particle cleanup at step 1633: deleted=122, growth_guard=0, mag_max=0, sigma_capped=0
Updated geometry in:     0.006 s.

--> Step  1634 of  2001 simulation time:    6.5320
Elapsed wall time:  5919.177
Assembled linear system in:     1.473 s.
Solved linear system in:     0.155 s.
Updated wake in:     3.287 s.
Euler particle cleanup at step 1634: deleted=122, growth_guard=0, mag_max=0, sigma_capped=0
Updated geometry in:     0.006 s.

--> Step  1635 of  2001 simulation time:    6.5360
Elapsed wall time:  5924.634
Assembled linear system in:     1.470 s.
Solved linear system in:     0.158 s.
Updated wake in:     3.306 s.
Euler particle cleanup at step 1635: deleted=122, growth_guard=0, mag_max=0, sigma_capped=0
Updated geometry in:     0.006 s.

--> Step  1636 of  2001 simulation time:    6.5400
Elapsed wall time:  5930.113
Assembled linear system in:     1.470 s.
Solved linear system in:     0.158 s.
Updated wake in:     3.287 s.
Euler particle cleanup at step 1636: deleted=122, growth_guard=0, mag_max=0, sigma_capped=0
Updated geometry in:     0.006 s.

--> Step  1637 of  2001 simulation time:    6.5440
Elapsed wall time:  5935.568
Assembled linear system in:     1.477 s.
Solved linear system in:     0.157 s.
Updated wake in:     3.289 s.
Euler particle cleanup at step 1637: deleted=122, growth_guard=0, mag_max=0, sigma_capped=0
Updated geometry in:     0.005 s.

--> Step  1638 of  2001 simulation time:    6.5480
Elapsed wall time:  5941.035
Assembled linear system in:     1.458 s.
Solved linear system in:     0.159 s.
Updated wake in:     3.313 s.
Euler particle cleanup at step 1638: deleted=122, growth_guard=0, mag_max=0, sigma_capped=0
Updated geometry in:     0.005 s.

--> Step  1639 of  2001 simulation time:    6.5520
Elapsed wall time:  5946.503
Assembled linear system in:     1.469 s.
Solved linear system in:     0.160 s.
Updated wake in:     3.283 s.
Euler particle cleanup at step 1639: deleted=122, growth_guard=0, mag_max=0, sigma_capped=0
Updated geometry in:     0.006 s.

--> Step  1640 of  2001 simulation time:    6.5560
Elapsed wall time:  5951.963
Assembled linear system in:     1.468 s.
Solved linear system in:     0.156 s.
Updated wake in:     3.292 s.
Euler particle cleanup at step 1640: deleted=122, growth_guard=0, mag_max=0, sigma_capped=0
Updated geometry in:     0.006 s.

--> Step  1641 of  2001 simulation time:    6.5600
Elapsed wall time:  5957.419
Assembled linear system in:     1.474 s.
Solved linear system in:     0.156 s.
Updated wake in:     3.284 s.
Euler particle cleanup at step 1641: deleted=122, growth_guard=0, mag_max=0, sigma_capped=0
Updated geometry in:     0.006 s.

--> Step  1642 of  2001 simulation time:    6.5640
Elapsed wall time:  5962.892
Assembled linear system in:     1.470 s.
Solved linear system in:     0.156 s.
Updated wake in:     3.278 s.
Euler particle cleanup at step 1642: deleted=122, growth_guard=0, mag_max=0, sigma_capped=0
Updated geometry in:     0.006 s.

--> Step  1643 of  2001 simulation time:    6.5680
Elapsed wall time:  5968.341
Assembled linear system in:     1.470 s.
Solved linear system in:     0.158 s.
Updated wake in:     3.303 s.
Euler particle cleanup at step 1643: deleted=122, growth_guard=0, mag_max=0, sigma_capped=0
Updated geometry in:     0.006 s.

--> Step  1644 of  2001 simulation time:    6.5720
Elapsed wall time:  5973.813
Assembled linear system in:     1.473 s.
Solved linear system in:     0.156 s.
Updated wake in:     3.298 s.
Euler particle cleanup at step 1644: deleted=122, growth_guard=0, mag_max=0, sigma_capped=0
Updated geometry in:     0.006 s.

--> Step  1645 of  2001 simulation time:    6.5760
Elapsed wall time:  5979.286
Assembled linear system in:     1.474 s.
Solved linear system in:     0.157 s.
Updated wake in:     3.289 s.
Euler particle cleanup at step 1645: deleted=122, growth_guard=0, mag_max=0, sigma_capped=0
Updated geometry in:     0.006 s.

--> Step  1646 of  2001 simulation time:    6.5800
Elapsed wall time:  5984.745
Assembled linear system in:     1.453 s.
Solved linear system in:     0.151 s.
Updated wake in:     3.288 s.
Euler particle cleanup at step 1646: deleted=122, growth_guard=0, mag_max=0, sigma_capped=0
Updated geometry in:     0.006 s.

--> Step  1647 of  2001 simulation time:    6.5840
Elapsed wall time:  5990.174
Assembled linear system in:     1.456 s.
Solved linear system in:     0.151 s.
Updated wake in:     3.271 s.
Euler particle cleanup at step 1647: deleted=122, growth_guard=0, mag_max=0, sigma_capped=0
Updated geometry in:     0.005 s.

--> Step  1648 of  2001 simulation time:    6.5880
Elapsed wall time:  5995.589
Assembled linear system in:     1.452 s.
Solved linear system in:     0.150 s.
Updated wake in:     3.268 s.
Euler particle cleanup at step 1648: deleted=122, growth_guard=0, mag_max=0, sigma_capped=0
Updated geometry in:     0.006 s.

--> Step  1649 of  2001 simulation time:    6.5920
Elapsed wall time:  6001.000
Assembled linear system in:     1.452 s.
Solved linear system in:     0.151 s.
Updated wake in:     3.283 s.
Euler particle cleanup at step 1649: deleted=122, growth_guard=0, mag_max=0, sigma_capped=0
Updated geometry in:     0.005 s.

--> Step  1650 of  2001 simulation time:    6.5960
Elapsed wall time:  6006.420
Assembled linear system in:     1.453 s.
Solved linear system in:     0.151 s.
Updated wake in:     3.268 s.
Euler particle cleanup at step 1650: deleted=122, growth_guard=0, mag_max=0, sigma_capped=0
Updated geometry in:     0.005 s.

--> Step  1651 of  2001 simulation time:    6.6000
Elapsed wall time:  6011.836
Assembled linear system in:     1.456 s.
Solved linear system in:     0.150 s.
Updated wake in:     3.275 s.
Euler particle cleanup at step 1651: deleted=122, growth_guard=0, mag_max=0, sigma_capped=0
Updated geometry in:     0.005 s.

--> Step  1652 of  2001 simulation time:    6.6040
Elapsed wall time:  6017.275
Assembled linear system in:     1.457 s.
Solved linear system in:     0.152 s.
Updated wake in:     3.277 s.
Euler particle cleanup at step 1652: deleted=122, growth_guard=0, mag_max=0, sigma_capped=0
Updated geometry in:     0.005 s.

--> Step  1653 of  2001 simulation time:    6.6080
Elapsed wall time:  6022.693
Assembled linear system in:     1.462 s.
Solved linear system in:     0.150 s.
Updated wake in:     3.269 s.
Euler particle cleanup at step 1653: deleted=122, growth_guard=0, mag_max=0, sigma_capped=0
Updated geometry in:     0.005 s.

--> Step  1654 of  2001 simulation time:    6.6120
Elapsed wall time:  6028.108
Assembled linear system in:     1.460 s.
Solved linear system in:     0.152 s.
Updated wake in:     3.277 s.
Euler particle cleanup at step 1654: deleted=122, growth_guard=0, mag_max=0, sigma_capped=0
Updated geometry in:     0.006 s.

--> Step  1655 of  2001 simulation time:    6.6160
Elapsed wall time:  6033.539
Assembled linear system in:     1.451 s.
Solved linear system in:     0.151 s.
Updated wake in:     3.277 s.
Euler particle cleanup at step 1655: deleted=122, growth_guard=0, mag_max=0, sigma_capped=0
Updated geometry in:     0.005 s.

--> Step  1656 of  2001 simulation time:    6.6200
Elapsed wall time:  6038.955
Assembled linear system in:     1.461 s.
Solved linear system in:     0.151 s.
Updated wake in:     3.274 s.
Euler particle cleanup at step 1656: deleted=122, growth_guard=0, mag_max=0, sigma_capped=0
Updated geometry in:     0.005 s.

--> Step  1657 of  2001 simulation time:    6.6240
Elapsed wall time:  6044.382
Assembled linear system in:     1.454 s.
Solved linear system in:     0.153 s.
Updated wake in:     3.280 s.
Euler particle cleanup at step 1657: deleted=122, growth_guard=0, mag_max=0, sigma_capped=0
Updated geometry in:     0.006 s.

--> Step  1658 of  2001 simulation time:    6.6280
Elapsed wall time:  6049.807
Assembled linear system in:     1.457 s.
Solved linear system in:     0.151 s.
Updated wake in:     3.262 s.
Euler particle cleanup at step 1658: deleted=122, growth_guard=0, mag_max=0, sigma_capped=0
Updated geometry in:     0.005 s.

--> Step  1659 of  2001 simulation time:    6.6320
Elapsed wall time:  6055.216
Assembled linear system in:     1.472 s.
Solved linear system in:     0.157 s.
Updated wake in:     3.287 s.
Euler particle cleanup at step 1659: deleted=122, growth_guard=0, mag_max=0, sigma_capped=0
Updated geometry in:     0.005 s.

--> Step  1660 of  2001 simulation time:    6.6360
Elapsed wall time:  6060.677
Assembled linear system in:     1.471 s.
Solved linear system in:     0.157 s.
Updated wake in:     3.306 s.
Euler particle cleanup at step 1660: deleted=122, growth_guard=0, mag_max=0, sigma_capped=0
Updated geometry in:     0.006 s.

--> Step  1661 of  2001 simulation time:    6.6400
Elapsed wall time:  6066.150
Assembled linear system in:     1.474 s.
Solved linear system in:     0.156 s.
Updated wake in:     3.289 s.
Euler particle cleanup at step 1661: deleted=122, growth_guard=0, mag_max=0, sigma_capped=0
Updated geometry in:     0.005 s.

--> Step  1662 of  2001 simulation time:    6.6440
Elapsed wall time:  6071.637
Assembled linear system in:     1.473 s.
Solved linear system in:     0.157 s.
Updated wake in:     3.298 s.
Euler particle cleanup at step 1662: deleted=122, growth_guard=0, mag_max=0, sigma_capped=0
Updated geometry in:     0.006 s.

--> Step  1663 of  2001 simulation time:    6.6480
Elapsed wall time:  6077.115
Assembled linear system in:     1.471 s.
Solved linear system in:     0.156 s.
Updated wake in:     3.303 s.
Euler particle cleanup at step 1663: deleted=122, growth_guard=0, mag_max=0, sigma_capped=0
Updated geometry in:     0.006 s.

--> Step  1664 of  2001 simulation time:    6.6520
Elapsed wall time:  6082.589
Assembled linear system in:     1.467 s.
Solved linear system in:     0.155 s.
Updated wake in:     3.277 s.
Euler particle cleanup at step 1664: deleted=122, growth_guard=0, mag_max=0, sigma_capped=0
Updated geometry in:     0.005 s.

--> Step  1665 of  2001 simulation time:    6.6560
Elapsed wall time:  6088.033
Assembled linear system in:     1.469 s.
Solved linear system in:     0.156 s.
Updated wake in:     3.278 s.
Euler particle cleanup at step 1665: deleted=122, growth_guard=0, mag_max=0, sigma_capped=0
Updated geometry in:     0.005 s.

--> Step  1666 of  2001 simulation time:    6.6600
Elapsed wall time:  6093.481
Assembled linear system in:     1.470 s.
Solved linear system in:     0.154 s.
Updated wake in:     3.298 s.
Euler particle cleanup at step 1666: deleted=122, growth_guard=0, mag_max=0, sigma_capped=0
Updated geometry in:     0.006 s.

--> Step  1667 of  2001 simulation time:    6.6640
Elapsed wall time:  6098.951
Assembled linear system in:     1.468 s.
Solved linear system in:     0.155 s.
Updated wake in:     3.296 s.
Euler particle cleanup at step 1667: deleted=122, growth_guard=0, mag_max=0, sigma_capped=0
Updated geometry in:     0.006 s.

--> Step  1668 of  2001 simulation time:    6.6680
Elapsed wall time:  6104.414
Assembled linear system in:     1.469 s.
Solved linear system in:     0.156 s.
Updated wake in:     3.297 s.
Euler particle cleanup at step 1668: deleted=122, growth_guard=0, mag_max=0, sigma_capped=0
Updated geometry in:     0.006 s.

--> Step  1669 of  2001 simulation time:    6.6720
Elapsed wall time:  6109.876
Assembled linear system in:     1.477 s.
Solved linear system in:     0.161 s.
Updated wake in:     3.283 s.
Euler particle cleanup at step 1669: deleted=122, growth_guard=0, mag_max=0, sigma_capped=0
Updated geometry in:     0.005 s.

--> Step  1670 of  2001 simulation time:    6.6760
Elapsed wall time:  6115.345
Assembled linear system in:     1.468 s.
Solved linear system in:     0.157 s.
Updated wake in:     3.288 s.
Euler particle cleanup at step 1670: deleted=122, growth_guard=0, mag_max=0, sigma_capped=0
Updated geometry in:     0.006 s.

--> Step  1671 of  2001 simulation time:    6.6800
Elapsed wall time:  6120.807
Assembled linear system in:     1.458 s.
Solved linear system in:     0.152 s.
Updated wake in:     3.273 s.
Euler particle cleanup at step 1671: deleted=122, growth_guard=0, mag_max=0, sigma_capped=0
Updated geometry in:     0.006 s.

--> Step  1672 of  2001 simulation time:    6.6840
Elapsed wall time:  6126.247
Assembled linear system in:     1.451 s.
Solved linear system in:     0.151 s.
Updated wake in:     3.269 s.
Euler particle cleanup at step 1672: deleted=122, growth_guard=0, mag_max=0, sigma_capped=0
Updated geometry in:     0.005 s.

--> Step  1673 of  2001 simulation time:    6.6880
Elapsed wall time:  6131.688
Assembled linear system in:     1.452 s.
Solved linear system in:     0.153 s.
Updated wake in:     3.273 s.
Euler particle cleanup at step 1673: deleted=122, growth_guard=0, mag_max=0, sigma_capped=0
Updated geometry in:     0.006 s.

--> Step  1674 of  2001 simulation time:    6.6920
Elapsed wall time:  6137.107
Assembled linear system in:     1.472 s.
Solved linear system in:     0.160 s.
Updated wake in:     3.302 s.
Euler particle cleanup at step 1674: deleted=122, growth_guard=0, mag_max=0, sigma_capped=0
Updated geometry in:     0.005 s.

--> Step  1675 of  2001 simulation time:    6.6960
Elapsed wall time:  6142.586
Assembled linear system in:     1.470 s.
Solved linear system in:     0.155 s.
Updated wake in:     3.286 s.
Euler particle cleanup at step 1675: deleted=122, growth_guard=0, mag_max=0, sigma_capped=0
Updated geometry in:     0.005 s.

--> Step  1676 of  2001 simulation time:    6.7000
Elapsed wall time:  6148.041
Assembled linear system in:     1.473 s.
Solved linear system in:     0.158 s.
Updated wake in:     3.290 s.
Euler particle cleanup at step 1676: deleted=122, growth_guard=0, mag_max=0, sigma_capped=0
Updated geometry in:     0.006 s.

--> Step  1677 of  2001 simulation time:    6.7040
Elapsed wall time:  6153.511
Assembled linear system in:     1.468 s.
Solved linear system in:     0.159 s.
Updated wake in:     3.291 s.
Euler particle cleanup at step 1677: deleted=122, growth_guard=0, mag_max=0, sigma_capped=0
Updated geometry in:     0.005 s.

--> Step  1678 of  2001 simulation time:    6.7080
Elapsed wall time:  6158.977
Assembled linear system in:     1.467 s.
Solved linear system in:     0.158 s.
Updated wake in:     3.299 s.
Euler particle cleanup at step 1678: deleted=122, growth_guard=0, mag_max=0, sigma_capped=0
Updated geometry in:     0.005 s.

--> Step  1679 of  2001 simulation time:    6.7120
Elapsed wall time:  6164.449
Assembled linear system in:     1.475 s.
Solved linear system in:     0.159 s.
Updated wake in:     3.291 s.
Euler particle cleanup at step 1679: deleted=122, growth_guard=0, mag_max=0, sigma_capped=0
Updated geometry in:     0.006 s.

--> Step  1680 of  2001 simulation time:    6.7160
Elapsed wall time:  6169.926
Assembled linear system in:     1.468 s.
Solved linear system in:     0.158 s.
Updated wake in:     3.287 s.
Euler particle cleanup at step 1680: deleted=122, growth_guard=0, mag_max=0, sigma_capped=0
Updated geometry in:     0.005 s.

--> Step  1681 of  2001 simulation time:    6.7200
Elapsed wall time:  6175.389
Assembled linear system in:     1.475 s.
Solved linear system in:     0.160 s.
Updated wake in:     3.277 s.
Euler particle cleanup at step 1681: deleted=122, growth_guard=0, mag_max=0, sigma_capped=0
Updated geometry in:     0.005 s.

--> Step  1682 of  2001 simulation time:    6.7240
Elapsed wall time:  6180.870
Assembled linear system in:     1.454 s.
Solved linear system in:     0.152 s.
Updated wake in:     3.278 s.
Euler particle cleanup at step 1682: deleted=122, growth_guard=0, mag_max=0, sigma_capped=0
Updated geometry in:     0.005 s.

--> Step  1683 of  2001 simulation time:    6.7280
Elapsed wall time:  6186.296
Assembled linear system in:     1.457 s.
Solved linear system in:     0.153 s.
Updated wake in:     3.256 s.
Euler particle cleanup at step 1683: deleted=122, growth_guard=0, mag_max=0, sigma_capped=0
Updated geometry in:     0.005 s.

--> Step  1684 of  2001 simulation time:    6.7320
Elapsed wall time:  6191.706
Assembled linear system in:     1.454 s.
Solved linear system in:     0.154 s.
Updated wake in:     3.270 s.
Euler particle cleanup at step 1684: deleted=122, growth_guard=0, mag_max=0, sigma_capped=0
Updated geometry in:     0.006 s.

--> Step  1685 of  2001 simulation time:    6.7360
Elapsed wall time:  6197.128
Assembled linear system in:     1.451 s.
Solved linear system in:     0.154 s.
Updated wake in:     3.283 s.
Euler particle cleanup at step 1685: deleted=122, growth_guard=0, mag_max=0, sigma_capped=0
Updated geometry in:     0.005 s.

--> Step  1686 of  2001 simulation time:    6.7400
Elapsed wall time:  6202.554
Assembled linear system in:     1.452 s.
Solved linear system in:     0.152 s.
Updated wake in:     3.254 s.
Euler particle cleanup at step 1686: deleted=122, growth_guard=0, mag_max=0, sigma_capped=0
Updated geometry in:     0.005 s.

--> Step  1687 of  2001 simulation time:    6.7440
Elapsed wall time:  6207.956
Assembled linear system in:     1.457 s.
Solved linear system in:     0.152 s.
Updated wake in:     3.256 s.
Euler particle cleanup at step 1687: deleted=122, growth_guard=0, mag_max=0, sigma_capped=0
Updated geometry in:     0.006 s.

--> Step  1688 of  2001 simulation time:    6.7480
Elapsed wall time:  6213.363
Assembled linear system in:     1.450 s.
Solved linear system in:     0.154 s.
Updated wake in:     3.258 s.
Euler particle cleanup at step 1688: deleted=122, growth_guard=0, mag_max=0, sigma_capped=0
Updated geometry in:     0.005 s.

--> Step  1689 of  2001 simulation time:    6.7520
Elapsed wall time:  6218.760
Assembled linear system in:     1.457 s.
Solved linear system in:     0.154 s.
Updated wake in:     3.253 s.
Euler particle cleanup at step 1689: deleted=122, growth_guard=0, mag_max=0, sigma_capped=0
Updated geometry in:     0.006 s.

--> Step  1690 of  2001 simulation time:    6.7560
Elapsed wall time:  6224.168
Assembled linear system in:     1.456 s.
Solved linear system in:     0.153 s.
Updated wake in:     3.268 s.
Euler particle cleanup at step 1690: deleted=122, growth_guard=0, mag_max=0, sigma_capped=0
Updated geometry in:     0.006 s.

--> Step  1691 of  2001 simulation time:    6.7600
Elapsed wall time:  6229.587
Assembled linear system in:     1.459 s.
Solved linear system in:     0.153 s.
Updated wake in:     3.254 s.
Euler particle cleanup at step 1691: deleted=122, growth_guard=0, mag_max=0, sigma_capped=0
Updated geometry in:     0.005 s.

--> Step  1692 of  2001 simulation time:    6.7640
Elapsed wall time:  6235.011
Assembled linear system in:     1.462 s.
Solved linear system in:     0.164 s.
Updated wake in:     3.295 s.
Euler particle cleanup at step 1692: deleted=122, growth_guard=0, mag_max=0, sigma_capped=0
Updated geometry in:     0.005 s.

--> Step  1693 of  2001 simulation time:    6.7680
Elapsed wall time:  6240.481
Assembled linear system in:     1.471 s.
Solved linear system in:     0.159 s.
Updated wake in:     3.302 s.
Euler particle cleanup at step 1693: deleted=122, growth_guard=0, mag_max=0, sigma_capped=0
Updated geometry in:     0.006 s.

--> Step  1694 of  2001 simulation time:    6.7720
Elapsed wall time:  6245.963
Assembled linear system in:     1.463 s.
Solved linear system in:     0.153 s.
Updated wake in:     3.264 s.
Euler particle cleanup at step 1694: deleted=122, growth_guard=0, mag_max=0, sigma_capped=0
Updated geometry in:     0.005 s.

--> Step  1695 of  2001 simulation time:    6.7760
Elapsed wall time:  6251.390
Assembled linear system in:     1.461 s.
Solved linear system in:     0.155 s.
Updated wake in:     3.296 s.
Euler particle cleanup at step 1695: deleted=122, growth_guard=0, mag_max=0, sigma_capped=0
Updated geometry in:     0.006 s.

--> Step  1696 of  2001 simulation time:    6.7800
Elapsed wall time:  6256.846
Assembled linear system in:     1.469 s.
Solved linear system in:     0.157 s.
Updated wake in:     3.300 s.
Euler particle cleanup at step 1696: deleted=122, growth_guard=0, mag_max=0, sigma_capped=0
Updated geometry in:     0.006 s.

--> Step  1697 of  2001 simulation time:    6.7840
Elapsed wall time:  6262.318
Assembled linear system in:     1.469 s.
Solved linear system in:     0.157 s.
Updated wake in:     3.290 s.
Euler particle cleanup at step 1697: deleted=122, growth_guard=0, mag_max=0, sigma_capped=0
Updated geometry in:     0.006 s.

--> Step  1698 of  2001 simulation time:    6.7880
Elapsed wall time:  6267.786
Assembled linear system in:     1.471 s.
Solved linear system in:     0.157 s.
Updated wake in:     3.296 s.
Euler particle cleanup at step 1698: deleted=122, growth_guard=0, mag_max=0, sigma_capped=0
Updated geometry in:     0.006 s.

--> Step  1699 of  2001 simulation time:    6.7920
Elapsed wall time:  6273.257
Assembled linear system in:     1.456 s.
Solved linear system in:     0.152 s.
Updated wake in:     3.280 s.
Euler particle cleanup at step 1699: deleted=122, growth_guard=0, mag_max=0, sigma_capped=0
Updated geometry in:     0.005 s.

--> Step  1700 of  2001 simulation time:    6.7960
Elapsed wall time:  6278.689
Assembled linear system in:     1.452 s.
Solved linear system in:     0.153 s.
Updated wake in:     3.272 s.
Euler particle cleanup at step 1700: deleted=122, growth_guard=0, mag_max=0, sigma_capped=0
Updated geometry in:     0.005 s.

--> Step  1701 of  2001 simulation time:    6.8000
Elapsed wall time:  6284.111
Assembled linear system in:     1.452 s.
Solved linear system in:     0.151 s.
Updated wake in:     3.271 s.
Euler particle cleanup at step 1701: deleted=122, growth_guard=0, mag_max=0, sigma_capped=0
Updated geometry in:     0.005 s.

--> Step  1702 of  2001 simulation time:    6.8040
Elapsed wall time:  6289.548
Assembled linear system in:     1.453 s.
Solved linear system in:     0.152 s.
Updated wake in:     3.260 s.
Euler particle cleanup at step 1702: deleted=122, growth_guard=0, mag_max=0, sigma_capped=0
Updated geometry in:     0.005 s.

--> Step  1703 of  2001 simulation time:    6.8080
Elapsed wall time:  6294.950
Assembled linear system in:     1.452 s.
Solved linear system in:     0.150 s.
Updated wake in:     3.260 s.
Euler particle cleanup at step 1703: deleted=122, growth_guard=0, mag_max=0, sigma_capped=0
Updated geometry in:     0.006 s.

--> Step  1704 of  2001 simulation time:    6.8120
Elapsed wall time:  6300.356
Assembled linear system in:     1.463 s.
Solved linear system in:     0.158 s.
Updated wake in:     3.299 s.
Euler particle cleanup at step 1704: deleted=122, growth_guard=0, mag_max=0, sigma_capped=0
Updated geometry in:     0.006 s.

--> Step  1705 of  2001 simulation time:    6.8160
Elapsed wall time:  6305.821
Assembled linear system in:     1.478 s.
Solved linear system in:     0.155 s.
Updated wake in:     3.276 s.
Euler particle cleanup at step 1705: deleted=122, growth_guard=0, mag_max=0, sigma_capped=0
Updated geometry in:     0.006 s.

--> Step  1706 of  2001 simulation time:    6.8200
Elapsed wall time:  6311.278
Assembled linear system in:     1.471 s.
Solved linear system in:     0.157 s.
Updated wake in:     3.301 s.
Euler particle cleanup at step 1706: deleted=122, growth_guard=0, mag_max=0, sigma_capped=0
Updated geometry in:     0.005 s.

--> Step  1707 of  2001 simulation time:    6.8240
Elapsed wall time:  6316.754
Assembled linear system in:     1.467 s.
Solved linear system in:     0.157 s.
Updated wake in:     3.299 s.
Euler particle cleanup at step 1707: deleted=122, growth_guard=0, mag_max=0, sigma_capped=0
Updated geometry in:     0.006 s.

--> Step  1708 of  2001 simulation time:    6.8280
Elapsed wall time:  6322.229
Assembled linear system in:     1.471 s.
Solved linear system in:     0.158 s.
Updated wake in:     3.280 s.
Euler particle cleanup at step 1708: deleted=122, growth_guard=0, mag_max=0, sigma_capped=0
Updated geometry in:     0.006 s.

--> Step  1709 of  2001 simulation time:    6.8320
Elapsed wall time:  6327.691
Assembled linear system in:     1.471 s.
Solved linear system in:     0.152 s.
Updated wake in:     3.289 s.
Euler particle cleanup at step 1709: deleted=122, growth_guard=0, mag_max=0, sigma_capped=0
Updated geometry in:     0.006 s.

--> Step  1710 of  2001 simulation time:    6.8360
Elapsed wall time:  6333.155
Assembled linear system in:     1.461 s.
Solved linear system in:     0.151 s.
Updated wake in:     3.292 s.
Euler particle cleanup at step 1710: deleted=122, growth_guard=0, mag_max=0, sigma_capped=0
Updated geometry in:     0.005 s.

--> Step  1711 of  2001 simulation time:    6.8400
Elapsed wall time:  6338.601
Assembled linear system in:     1.471 s.
Solved linear system in:     0.157 s.
Updated wake in:     3.283 s.
Euler particle cleanup at step 1711: deleted=122, growth_guard=0, mag_max=0, sigma_capped=0
Updated geometry in:     0.006 s.

--> Step  1712 of  2001 simulation time:    6.8440
Elapsed wall time:  6344.081
Assembled linear system in:     1.467 s.
Solved linear system in:     0.156 s.
Updated wake in:     3.304 s.
Euler particle cleanup at step 1712: deleted=122, growth_guard=0, mag_max=0, sigma_capped=0
Updated geometry in:     0.006 s.

--> Step  1713 of  2001 simulation time:    6.8480
Elapsed wall time:  6349.558
Assembled linear system in:     1.471 s.
Solved linear system in:     0.157 s.
Updated wake in:     3.285 s.
Euler particle cleanup at step 1713: deleted=122, growth_guard=0, mag_max=0, sigma_capped=0
Updated geometry in:     0.006 s.

--> Step  1714 of  2001 simulation time:    6.8520
Elapsed wall time:  6355.016
Assembled linear system in:     1.477 s.
Solved linear system in:     0.159 s.
Updated wake in:     3.289 s.
Euler particle cleanup at step 1714: deleted=122, growth_guard=0, mag_max=0, sigma_capped=0
Updated geometry in:     0.005 s.

--> Step  1715 of  2001 simulation time:    6.8560
Elapsed wall time:  6360.492
Assembled linear system in:     1.457 s.
Solved linear system in:     0.158 s.
Updated wake in:     3.292 s.
Euler particle cleanup at step 1715: deleted=122, growth_guard=0, mag_max=0, sigma_capped=0
Updated geometry in:     0.005 s.

--> Step  1716 of  2001 simulation time:    6.8600
Elapsed wall time:  6365.946
Assembled linear system in:     1.470 s.
Solved linear system in:     0.157 s.
Updated wake in:     3.276 s.
Euler particle cleanup at step 1716: deleted=122, growth_guard=0, mag_max=0, sigma_capped=0
Updated geometry in:     0.005 s.

--> Step  1717 of  2001 simulation time:    6.8640
Elapsed wall time:  6371.399
Assembled linear system in:     1.472 s.
Solved linear system in:     0.156 s.
Updated wake in:     3.291 s.
Euler particle cleanup at step 1717: deleted=122, growth_guard=0, mag_max=0, sigma_capped=0
Updated geometry in:     0.006 s.

--> Step  1718 of  2001 simulation time:    6.8680
Elapsed wall time:  6376.865
Assembled linear system in:     1.470 s.
Solved linear system in:     0.155 s.
Updated wake in:     3.281 s.
Euler particle cleanup at step 1718: deleted=122, growth_guard=0, mag_max=0, sigma_capped=0
Updated geometry in:     0.006 s.

--> Step  1719 of  2001 simulation time:    6.8720
Elapsed wall time:  6382.320
Assembled linear system in:     1.451 s.
Solved linear system in:     0.152 s.
Updated wake in:     3.267 s.
Euler particle cleanup at step 1719: deleted=122, growth_guard=0, mag_max=0, sigma_capped=0
Updated geometry in:     0.005 s.

--> Step  1720 of  2001 simulation time:    6.8760
Elapsed wall time:  6387.730
Assembled linear system in:     1.454 s.
Solved linear system in:     0.154 s.
Updated wake in:     3.298 s.
Euler particle cleanup at step 1720: deleted=122, growth_guard=0, mag_max=0, sigma_capped=0
Updated geometry in:     0.006 s.

--> Step  1721 of  2001 simulation time:    6.8800
Elapsed wall time:  6393.178
Assembled linear system in:     1.469 s.
Solved linear system in:     0.159 s.
Updated wake in:     3.302 s.
Euler particle cleanup at step 1721: deleted=122, growth_guard=0, mag_max=0, sigma_capped=0
Updated geometry in:     0.006 s.

--> Step  1722 of  2001 simulation time:    6.8840
Elapsed wall time:  6398.675
Assembled linear system in:     1.474 s.
Solved linear system in:     0.158 s.
Updated wake in:     3.295 s.
Euler particle cleanup at step 1722: deleted=122, growth_guard=0, mag_max=0, sigma_capped=0
Updated geometry in:     0.006 s.

--> Step  1723 of  2001 simulation time:    6.8880
Elapsed wall time:  6404.150
Assembled linear system in:     1.472 s.
Solved linear system in:     0.160 s.
Updated wake in:     3.301 s.
Euler particle cleanup at step 1723: deleted=122, growth_guard=0, mag_max=0, sigma_capped=0
Updated geometry in:     0.006 s.

--> Step  1724 of  2001 simulation time:    6.8920
Elapsed wall time:  6409.626
Assembled linear system in:     1.471 s.
Solved linear system in:     0.165 s.
Updated wake in:     3.286 s.
Euler particle cleanup at step 1724: deleted=122, growth_guard=0, mag_max=0, sigma_capped=0
Updated geometry in:     0.005 s.

--> Step  1725 of  2001 simulation time:    6.8960
Elapsed wall time:  6415.101
Assembled linear system in:     1.465 s.
Solved linear system in:     0.157 s.
Updated wake in:     3.285 s.
Euler particle cleanup at step 1725: deleted=122, growth_guard=0, mag_max=0, sigma_capped=0
Updated geometry in:     0.005 s.

--> Step  1726 of  2001 simulation time:    6.9000
Elapsed wall time:  6420.558
Assembled linear system in:     1.458 s.
Solved linear system in:     0.155 s.
Updated wake in:     3.280 s.
Euler particle cleanup at step 1726: deleted=122, growth_guard=0, mag_max=0, sigma_capped=0
Updated geometry in:     0.006 s.

--> Step  1727 of  2001 simulation time:    6.9040
Elapsed wall time:  6425.995
Assembled linear system in:     1.454 s.
Solved linear system in:     0.152 s.
Updated wake in:     3.256 s.
Euler particle cleanup at step 1727: deleted=122, growth_guard=0, mag_max=0, sigma_capped=0
Updated geometry in:     0.005 s.

--> Step  1728 of  2001 simulation time:    6.9080
Elapsed wall time:  6431.400
Assembled linear system in:     1.453 s.
Solved linear system in:     0.153 s.
Updated wake in:     3.275 s.
Euler particle cleanup at step 1728: deleted=122, growth_guard=0, mag_max=0, sigma_capped=0
Updated geometry in:     0.006 s.

--> Step  1729 of  2001 simulation time:    6.9120
Elapsed wall time:  6436.821
Assembled linear system in:     1.455 s.
Solved linear system in:     0.153 s.
Updated wake in:     3.284 s.
Euler particle cleanup at step 1729: deleted=122, growth_guard=0, mag_max=0, sigma_capped=0
Updated geometry in:     0.005 s.

--> Step  1730 of  2001 simulation time:    6.9160
Elapsed wall time:  6442.249
Assembled linear system in:     1.462 s.
Solved linear system in:     0.152 s.
Updated wake in:     3.295 s.
Euler particle cleanup at step 1730: deleted=122, growth_guard=0, mag_max=0, sigma_capped=0
Updated geometry in:     0.006 s.

--> Step  1731 of  2001 simulation time:    6.9200
Elapsed wall time:  6447.703
Assembled linear system in:     1.468 s.
Solved linear system in:     0.159 s.
Updated wake in:     3.294 s.
Euler particle cleanup at step 1731: deleted=122, growth_guard=0, mag_max=0, sigma_capped=0
Updated geometry in:     0.006 s.

--> Step  1732 of  2001 simulation time:    6.9240
Elapsed wall time:  6453.197
Assembled linear system in:     1.477 s.
Solved linear system in:     0.157 s.
Updated wake in:     3.292 s.
Euler particle cleanup at step 1732: deleted=122, growth_guard=0, mag_max=0, sigma_capped=0
Updated geometry in:     0.006 s.

--> Step  1733 of  2001 simulation time:    6.9280
Elapsed wall time:  6458.672
Assembled linear system in:     1.473 s.
Solved linear system in:     0.156 s.
Updated wake in:     3.292 s.
Euler particle cleanup at step 1733: deleted=122, growth_guard=0, mag_max=0, sigma_capped=0
Updated geometry in:     0.006 s.

--> Step  1734 of  2001 simulation time:    6.9320
Elapsed wall time:  6464.138
Assembled linear system in:     1.469 s.
Solved linear system in:     0.156 s.
Updated wake in:     3.297 s.
Euler particle cleanup at step 1734: deleted=122, growth_guard=0, mag_max=0, sigma_capped=0
Updated geometry in:     0.006 s.

--> Step  1735 of  2001 simulation time:    6.9360
Elapsed wall time:  6469.611
Assembled linear system in:     1.465 s.
Solved linear system in:     0.155 s.
Updated wake in:     3.292 s.
Euler particle cleanup at step 1735: deleted=122, growth_guard=0, mag_max=0, sigma_capped=0
Updated geometry in:     0.005 s.

--> Step  1736 of  2001 simulation time:    6.9400
Elapsed wall time:  6475.072
Assembled linear system in:     1.473 s.
Solved linear system in:     0.156 s.
Updated wake in:     3.298 s.
Euler particle cleanup at step 1736: deleted=122, growth_guard=0, mag_max=0, sigma_capped=0
Updated geometry in:     0.005 s.

--> Step  1737 of  2001 simulation time:    6.9440
Elapsed wall time:  6480.549
Assembled linear system in:     1.471 s.
Solved linear system in:     0.156 s.
Updated wake in:     3.305 s.
Euler particle cleanup at step 1737: deleted=122, growth_guard=0, mag_max=0, sigma_capped=0
Updated geometry in:     0.006 s.

--> Step  1738 of  2001 simulation time:    6.9480
Elapsed wall time:  6486.029
Assembled linear system in:     1.469 s.
Solved linear system in:     0.151 s.
Updated wake in:     3.269 s.
Euler particle cleanup at step 1738: deleted=122, growth_guard=0, mag_max=0, sigma_capped=0
Updated geometry in:     0.006 s.

--> Step  1739 of  2001 simulation time:    6.9520
Elapsed wall time:  6491.465
Assembled linear system in:     1.453 s.
Solved linear system in:     0.154 s.
Updated wake in:     3.289 s.
Euler particle cleanup at step 1739: deleted=122, growth_guard=0, mag_max=0, sigma_capped=0
Updated geometry in:     0.006 s.

--> Step  1740 of  2001 simulation time:    6.9560
Elapsed wall time:  6496.906
Assembled linear system in:     1.466 s.
Solved linear system in:     0.156 s.
Updated wake in:     3.303 s.
Euler particle cleanup at step 1740: deleted=122, growth_guard=0, mag_max=0, sigma_capped=0
Updated geometry in:     0.005 s.

--> Step  1741 of  2001 simulation time:    6.9600
Elapsed wall time:  6502.374
Assembled linear system in:     1.469 s.
Solved linear system in:     0.156 s.
Updated wake in:     3.296 s.
Euler particle cleanup at step 1741: deleted=122, growth_guard=0, mag_max=0, sigma_capped=0
Updated geometry in:     0.006 s.

--> Step  1742 of  2001 simulation time:    6.9640
Elapsed wall time:  6507.864
Assembled linear system in:     1.468 s.
Solved linear system in:     0.156 s.
Updated wake in:     3.294 s.
Euler particle cleanup at step 1742: deleted=122, growth_guard=0, mag_max=0, sigma_capped=0
Updated geometry in:     0.006 s.

--> Step  1743 of  2001 simulation time:    6.9680
Elapsed wall time:  6513.326
Assembled linear system in:     1.467 s.
Solved linear system in:     0.157 s.
Updated wake in:     3.302 s.
Euler particle cleanup at step 1743: deleted=122, growth_guard=0, mag_max=0, sigma_capped=0
Updated geometry in:     0.006 s.

--> Step  1744 of  2001 simulation time:    6.9720
Elapsed wall time:  6518.799
Assembled linear system in:     1.466 s.
Solved linear system in:     0.155 s.
Updated wake in:     3.298 s.
Euler particle cleanup at step 1744: deleted=122, growth_guard=0, mag_max=0, sigma_capped=0
Updated geometry in:     0.005 s.

--> Step  1745 of  2001 simulation time:    6.9760
Elapsed wall time:  6524.267
Assembled linear system in:     1.470 s.
Solved linear system in:     0.153 s.
Updated wake in:     3.302 s.
Euler particle cleanup at step 1745: deleted=122, growth_guard=0, mag_max=0, sigma_capped=0
Updated geometry in:     0.006 s.

--> Step  1746 of  2001 simulation time:    6.9800
Elapsed wall time:  6529.739
Assembled linear system in:     1.470 s.
Solved linear system in:     0.157 s.
Updated wake in:     3.292 s.
Euler particle cleanup at step 1746: deleted=122, growth_guard=0, mag_max=0, sigma_capped=0
Updated geometry in:     0.006 s.

--> Step  1747 of  2001 simulation time:    6.9840
Elapsed wall time:  6535.206
Assembled linear system in:     1.467 s.
Solved linear system in:     0.160 s.
Updated wake in:     3.309 s.
Euler particle cleanup at step 1747: deleted=122, growth_guard=0, mag_max=0, sigma_capped=0
Updated geometry in:     0.006 s.

--> Step  1748 of  2001 simulation time:    6.9880
Elapsed wall time:  6540.691
Assembled linear system in:     1.469 s.
Solved linear system in:     0.155 s.
Updated wake in:     3.307 s.
Euler particle cleanup at step 1748: deleted=122, growth_guard=0, mag_max=0, sigma_capped=0
Updated geometry in:     0.005 s.

--> Step  1749 of  2001 simulation time:    6.9920
Elapsed wall time:  6546.164
Assembled linear system in:     1.470 s.
Solved linear system in:     0.158 s.
Updated wake in:     3.301 s.
Euler particle cleanup at step 1749: deleted=122, growth_guard=0, mag_max=0, sigma_capped=0
Updated geometry in:     0.006 s.

--> Step  1750 of  2001 simulation time:    6.9960
Elapsed wall time:  6551.644
Assembled linear system in:     1.451 s.
Solved linear system in:     0.152 s.
Updated wake in:     3.295 s.
Euler particle cleanup at step 1750: deleted=122, growth_guard=0, mag_max=0, sigma_capped=0
Updated geometry in:     0.006 s.

--> Step  1751 of  2001 simulation time:    7.0000
Elapsed wall time:  6557.089
Assembled linear system in:     1.471 s.
Solved linear system in:     0.155 s.
Updated wake in:     3.316 s.
Euler particle cleanup at step 1751: deleted=122, growth_guard=0, mag_max=0, sigma_capped=0
Updated geometry in:     0.006 s.

--> Step  1752 of  2001 simulation time:    7.0040
Elapsed wall time:  6562.592
Assembled linear system in:     1.468 s.
Solved linear system in:     0.155 s.
Updated wake in:     3.287 s.
Euler particle cleanup at step 1752: deleted=122, growth_guard=0, mag_max=0, sigma_capped=0
Updated geometry in:     0.005 s.

--> Step  1753 of  2001 simulation time:    7.0080
Elapsed wall time:  6568.045
Assembled linear system in:     1.470 s.
Solved linear system in:     0.157 s.
Updated wake in:     3.300 s.
Euler particle cleanup at step 1753: deleted=122, growth_guard=0, mag_max=0, sigma_capped=0
Updated geometry in:     0.006 s.

--> Step  1754 of  2001 simulation time:    7.0120
Elapsed wall time:  6573.519
Assembled linear system in:     1.469 s.
Solved linear system in:     0.156 s.
Updated wake in:     3.298 s.
Euler particle cleanup at step 1754: deleted=122, growth_guard=0, mag_max=0, sigma_capped=0
Updated geometry in:     0.006 s.

--> Step  1755 of  2001 simulation time:    7.0160
Elapsed wall time:  6578.986
Assembled linear system in:     1.476 s.
Solved linear system in:     0.156 s.
Updated wake in:     3.299 s.
Euler particle cleanup at step 1755: deleted=122, growth_guard=0, mag_max=0, sigma_capped=0
Updated geometry in:     0.006 s.

--> Step  1756 of  2001 simulation time:    7.0200
Elapsed wall time:  6584.463
Assembled linear system in:     1.468 s.
Solved linear system in:     0.156 s.
Updated wake in:     3.294 s.
Euler particle cleanup at step 1756: deleted=122, growth_guard=0, mag_max=0, sigma_capped=0
Updated geometry in:     0.006 s.

--> Step  1757 of  2001 simulation time:    7.0240
Elapsed wall time:  6589.925
Assembled linear system in:     1.477 s.
Solved linear system in:     0.157 s.
Updated wake in:     3.283 s.
Euler particle cleanup at step 1757: deleted=122, growth_guard=0, mag_max=0, sigma_capped=0
Updated geometry in:     0.006 s.

--> Step  1758 of  2001 simulation time:    7.0280
Elapsed wall time:  6595.387
Assembled linear system in:     1.472 s.
Solved linear system in:     0.161 s.
Updated wake in:     3.299 s.
Euler particle cleanup at step 1758: deleted=122, growth_guard=0, mag_max=0, sigma_capped=0
Updated geometry in:     0.005 s.

--> Step  1759 of  2001 simulation time:    7.0320
Elapsed wall time:  6600.866
Assembled linear system in:     1.475 s.
Solved linear system in:     0.158 s.
Updated wake in:     3.304 s.
Euler particle cleanup at step 1759: deleted=122, growth_guard=0, mag_max=0, sigma_capped=0
Updated geometry in:     0.006 s.

--> Step  1760 of  2001 simulation time:    7.0360
Elapsed wall time:  6606.351
Assembled linear system in:     1.473 s.
Solved linear system in:     0.156 s.
Updated wake in:     3.290 s.
Euler particle cleanup at step 1760: deleted=122, growth_guard=0, mag_max=0, sigma_capped=0
Updated geometry in:     0.006 s.

--> Step  1761 of  2001 simulation time:    7.0400
Elapsed wall time:  6611.824
Assembled linear system in:     1.465 s.
Solved linear system in:     0.158 s.
Updated wake in:     3.301 s.
Euler particle cleanup at step 1761: deleted=122, growth_guard=0, mag_max=0, sigma_capped=0
Updated geometry in:     0.006 s.

--> Step  1762 of  2001 simulation time:    7.0440
Elapsed wall time:  6617.311
Assembled linear system in:     1.479 s.
Solved linear system in:     0.156 s.
Updated wake in:     3.305 s.
Euler particle cleanup at step 1762: deleted=122, growth_guard=0, mag_max=0, sigma_capped=0
Updated geometry in:     0.006 s.

--> Step  1763 of  2001 simulation time:    7.0480
Elapsed wall time:  6622.796
Assembled linear system in:     1.466 s.
Solved linear system in:     0.156 s.
Updated wake in:     3.304 s.
Euler particle cleanup at step 1763: deleted=122, growth_guard=0, mag_max=0, sigma_capped=0
Updated geometry in:     0.006 s.

--> Step  1764 of  2001 simulation time:    7.0520
Elapsed wall time:  6628.260
Assembled linear system in:     1.469 s.
Solved linear system in:     0.155 s.
Updated wake in:     3.307 s.
Euler particle cleanup at step 1764: deleted=122, growth_guard=0, mag_max=0, sigma_capped=0
Updated geometry in:     0.005 s.

--> Step  1765 of  2001 simulation time:    7.0560
Elapsed wall time:  6633.729
Assembled linear system in:     1.455 s.
Solved linear system in:     0.152 s.
Updated wake in:     3.311 s.
Euler particle cleanup at step 1765: deleted=122, growth_guard=0, mag_max=0, sigma_capped=0
Updated geometry in:     0.006 s.

--> Step  1766 of  2001 simulation time:    7.0600
Elapsed wall time:  6639.189
Assembled linear system in:     1.471 s.
Solved linear system in:     0.156 s.
Updated wake in:     3.307 s.
Euler particle cleanup at step 1766: deleted=122, growth_guard=0, mag_max=0, sigma_capped=0
Updated geometry in:     0.006 s.

--> Step  1767 of  2001 simulation time:    7.0640
Elapsed wall time:  6644.666
Assembled linear system in:     1.471 s.
Solved linear system in:     0.155 s.
Updated wake in:     3.321 s.
Euler particle cleanup at step 1767: deleted=122, growth_guard=0, mag_max=0, sigma_capped=0
Updated geometry in:     0.006 s.

--> Step  1768 of  2001 simulation time:    7.0680
Elapsed wall time:  6650.153
Assembled linear system in:     1.472 s.
Solved linear system in:     0.157 s.
Updated wake in:     3.303 s.
Euler particle cleanup at step 1768: deleted=122, growth_guard=0, mag_max=0, sigma_capped=0
Updated geometry in:     0.006 s.

--> Step  1769 of  2001 simulation time:    7.0720
Elapsed wall time:  6655.631
Assembled linear system in:     1.472 s.
Solved linear system in:     0.158 s.
Updated wake in:     3.308 s.
Euler particle cleanup at step 1769: deleted=122, growth_guard=0, mag_max=0, sigma_capped=0
Updated geometry in:     0.006 s.

--> Step  1770 of  2001 simulation time:    7.0760
Elapsed wall time:  6661.109
Assembled linear system in:     1.459 s.
Solved linear system in:     0.152 s.
Updated wake in:     3.299 s.
Euler particle cleanup at step 1770: deleted=122, growth_guard=0, mag_max=0, sigma_capped=0
Updated geometry in:     0.005 s.

--> Step  1771 of  2001 simulation time:    7.0800
Elapsed wall time:  6666.557
Assembled linear system in:     1.461 s.
Solved linear system in:     0.152 s.
Updated wake in:     3.282 s.
Euler particle cleanup at step 1771: deleted=122, growth_guard=0, mag_max=0, sigma_capped=0
Updated geometry in:     0.006 s.

--> Step  1772 of  2001 simulation time:    7.0840
Elapsed wall time:  6671.999
Assembled linear system in:     1.447 s.
Solved linear system in:     0.154 s.
Updated wake in:     3.282 s.
Euler particle cleanup at step 1772: deleted=122, growth_guard=0, mag_max=0, sigma_capped=0
Updated geometry in:     0.006 s.

--> Step  1773 of  2001 simulation time:    7.0880
Elapsed wall time:  6677.419
Assembled linear system in:     1.456 s.
Solved linear system in:     0.152 s.
Updated wake in:     3.274 s.
Euler particle cleanup at step 1773: deleted=122, growth_guard=0, mag_max=0, sigma_capped=0
Updated geometry in:     0.005 s.

--> Step  1774 of  2001 simulation time:    7.0920
Elapsed wall time:  6682.839
Assembled linear system in:     1.454 s.
Solved linear system in:     0.151 s.
Updated wake in:     3.267 s.
Euler particle cleanup at step 1774: deleted=122, growth_guard=0, mag_max=0, sigma_capped=0
Updated geometry in:     0.006 s.

--> Step  1775 of  2001 simulation time:    7.0960
Elapsed wall time:  6688.252
Assembled linear system in:     1.453 s.
Solved linear system in:     0.155 s.
Updated wake in:     3.294 s.
Euler particle cleanup at step 1775: deleted=122, growth_guard=0, mag_max=0, sigma_capped=0
Updated geometry in:     0.006 s.

--> Step  1776 of  2001 simulation time:    7.1000
Elapsed wall time:  6693.695
Assembled linear system in:     1.471 s.
Solved linear system in:     0.157 s.
Updated wake in:     3.292 s.
Euler particle cleanup at step 1776: deleted=122, growth_guard=0, mag_max=0, sigma_capped=0
Updated geometry in:     0.006 s.

--> Step  1777 of  2001 simulation time:    7.1040
Elapsed wall time:  6699.155
Assembled linear system in:     1.468 s.
Solved linear system in:     0.158 s.
Updated wake in:     3.301 s.
Euler particle cleanup at step 1777: deleted=122, growth_guard=0, mag_max=0, sigma_capped=0
Updated geometry in:     0.006 s.

--> Step  1778 of  2001 simulation time:    7.1080
Elapsed wall time:  6704.628
Assembled linear system in:     1.473 s.
Solved linear system in:     0.154 s.
Updated wake in:     3.311 s.
Euler particle cleanup at step 1778: deleted=122, growth_guard=0, mag_max=0, sigma_capped=0
Updated geometry in:     0.006 s.

--> Step  1779 of  2001 simulation time:    7.1120
Elapsed wall time:  6710.106
Assembled linear system in:     1.471 s.
Solved linear system in:     0.153 s.
Updated wake in:     3.301 s.
Euler particle cleanup at step 1779: deleted=122, growth_guard=0, mag_max=0, sigma_capped=0
Updated geometry in:     0.006 s.

--> Step  1780 of  2001 simulation time:    7.1160
Elapsed wall time:  6715.569
Assembled linear system in:     1.472 s.
Solved linear system in:     0.155 s.
Updated wake in:     3.306 s.
Euler particle cleanup at step 1780: deleted=122, growth_guard=0, mag_max=0, sigma_capped=0
Updated geometry in:     0.006 s.

--> Step  1781 of  2001 simulation time:    7.1200
Elapsed wall time:  6721.050
Assembled linear system in:     1.449 s.
Solved linear system in:     0.150 s.
Updated wake in:     3.294 s.
Euler particle cleanup at step 1781: deleted=122, growth_guard=0, mag_max=0, sigma_capped=0
Updated geometry in:     0.005 s.

--> Step  1782 of  2001 simulation time:    7.1240
Elapsed wall time:  6726.499
Assembled linear system in:     1.456 s.
Solved linear system in:     0.151 s.
Updated wake in:     3.279 s.
Euler particle cleanup at step 1782: deleted=122, growth_guard=0, mag_max=0, sigma_capped=0
Updated geometry in:     0.005 s.

--> Step  1783 of  2001 simulation time:    7.1280
Elapsed wall time:  6731.920
Assembled linear system in:     1.452 s.
Solved linear system in:     0.152 s.
Updated wake in:     3.287 s.
Euler particle cleanup at step 1783: deleted=122, growth_guard=0, mag_max=0, sigma_capped=0
Updated geometry in:     0.005 s.

--> Step  1784 of  2001 simulation time:    7.1320
Elapsed wall time:  6737.347
Assembled linear system in:     1.470 s.
Solved linear system in:     0.157 s.
Updated wake in:     3.306 s.
Euler particle cleanup at step 1784: deleted=122, growth_guard=0, mag_max=0, sigma_capped=0
Updated geometry in:     0.006 s.

--> Step  1785 of  2001 simulation time:    7.1360
Elapsed wall time:  6742.818
Assembled linear system in:     1.475 s.
Solved linear system in:     0.158 s.
Updated wake in:     3.303 s.
Euler particle cleanup at step 1785: deleted=122, growth_guard=0, mag_max=0, sigma_capped=0
Updated geometry in:     0.006 s.

--> Step  1786 of  2001 simulation time:    7.1400
Elapsed wall time:  6748.299
Assembled linear system in:     1.468 s.
Solved linear system in:     0.163 s.
Updated wake in:     3.310 s.
Euler particle cleanup at step 1786: deleted=122, growth_guard=0, mag_max=0, sigma_capped=0
Updated geometry in:     0.006 s.

--> Step  1787 of  2001 simulation time:    7.1440
Elapsed wall time:  6753.785
Assembled linear system in:     1.464 s.
Solved linear system in:     0.154 s.
Updated wake in:     3.318 s.
Euler particle cleanup at step 1787: deleted=122, growth_guard=0, mag_max=0, sigma_capped=0
Updated geometry in:     0.005 s.

--> Step  1788 of  2001 simulation time:    7.1480
Elapsed wall time:  6759.267
Assembled linear system in:     1.475 s.
Solved linear system in:     0.156 s.
Updated wake in:     3.303 s.
Euler particle cleanup at step 1788: deleted=122, growth_guard=0, mag_max=0, sigma_capped=0
Updated geometry in:     0.006 s.

--> Step  1789 of  2001 simulation time:    7.1520
Elapsed wall time:  6764.746
Assembled linear system in:     1.453 s.
Solved linear system in:     0.155 s.
Updated wake in:     3.299 s.
Euler particle cleanup at step 1789: deleted=122, growth_guard=0, mag_max=0, sigma_capped=0
Updated geometry in:     0.006 s.

--> Step  1790 of  2001 simulation time:    7.1560
Elapsed wall time:  6770.194
Assembled linear system in:     1.453 s.
Solved linear system in:     0.152 s.
Updated wake in:     3.280 s.
Euler particle cleanup at step 1790: deleted=122, growth_guard=0, mag_max=0, sigma_capped=0
Updated geometry in:     0.006 s.

--> Step  1791 of  2001 simulation time:    7.1600
Elapsed wall time:  6775.616
Assembled linear system in:     1.467 s.
Solved linear system in:     0.156 s.
Updated wake in:     3.302 s.
Euler particle cleanup at step 1791: deleted=122, growth_guard=0, mag_max=0, sigma_capped=0
Updated geometry in:     0.005 s.

--> Step  1792 of  2001 simulation time:    7.1640
Elapsed wall time:  6781.103
Assembled linear system in:     1.475 s.
Solved linear system in:     0.160 s.
Updated wake in:     3.326 s.
Euler particle cleanup at step 1792: deleted=122, growth_guard=0, mag_max=0, sigma_capped=0
Updated geometry in:     0.006 s.

--> Step  1793 of  2001 simulation time:    7.1680
Elapsed wall time:  6786.608
Assembled linear system in:     1.478 s.
Solved linear system in:     0.157 s.
Updated wake in:     3.294 s.
Euler particle cleanup at step 1793: deleted=122, growth_guard=0, mag_max=0, sigma_capped=0
Updated geometry in:     0.005 s.

--> Step  1794 of  2001 simulation time:    7.1720
Elapsed wall time:  6792.086
Assembled linear system in:     1.456 s.
Solved linear system in:     0.156 s.
Updated wake in:     3.287 s.
Euler particle cleanup at step 1794: deleted=122, growth_guard=0, mag_max=0, sigma_capped=0
Updated geometry in:     0.006 s.

--> Step  1795 of  2001 simulation time:    7.1760
Elapsed wall time:  6797.523
Assembled linear system in:     1.455 s.
Solved linear system in:     0.152 s.
Updated wake in:     3.290 s.
Euler particle cleanup at step 1795: deleted=122, growth_guard=0, mag_max=0, sigma_capped=0
Updated geometry in:     0.006 s.

--> Step  1796 of  2001 simulation time:    7.1800
Elapsed wall time:  6802.952
Assembled linear system in:     1.451 s.
Solved linear system in:     0.153 s.
Updated wake in:     3.283 s.
Euler particle cleanup at step 1796: deleted=122, growth_guard=0, mag_max=0, sigma_capped=0
Updated geometry in:     0.006 s.

--> Step  1797 of  2001 simulation time:    7.1840
Elapsed wall time:  6808.379
Assembled linear system in:     1.471 s.
Solved linear system in:     0.160 s.
Updated wake in:     3.298 s.
Euler particle cleanup at step 1797: deleted=122, growth_guard=0, mag_max=0, sigma_capped=0
Updated geometry in:     0.006 s.

--> Step  1798 of  2001 simulation time:    7.1880
Elapsed wall time:  6813.859
Assembled linear system in:     1.463 s.
Solved linear system in:     0.155 s.
Updated wake in:     3.301 s.
Euler particle cleanup at step 1798: deleted=122, growth_guard=0, mag_max=0, sigma_capped=0
Updated geometry in:     0.006 s.

--> Step  1799 of  2001 simulation time:    7.1920
Elapsed wall time:  6819.325
Assembled linear system in:     1.451 s.
Solved linear system in:     0.150 s.
Updated wake in:     3.301 s.
Euler particle cleanup at step 1799: deleted=122, growth_guard=0, mag_max=0, sigma_capped=0
Updated geometry in:     0.006 s.

--> Step  1800 of  2001 simulation time:    7.1960
Elapsed wall time:  6824.768
Assembled linear system in:     1.474 s.
Solved linear system in:     0.157 s.
Updated wake in:     3.315 s.
Euler particle cleanup at step 1800: deleted=122, growth_guard=0, mag_max=0, sigma_capped=0
Updated geometry in:     0.006 s.

--> Step  1801 of  2001 simulation time:    7.2000
Elapsed wall time:  6830.255
Assembled linear system in:     1.479 s.
Solved linear system in:     0.157 s.
Updated wake in:     3.289 s.
Euler particle cleanup at step 1801: deleted=122, growth_guard=0, mag_max=0, sigma_capped=0
Updated geometry in:     0.006 s.

--> Step  1802 of  2001 simulation time:    7.2040
Elapsed wall time:  6835.748
Assembled linear system in:     1.472 s.
Solved linear system in:     0.156 s.
Updated wake in:     3.307 s.
Euler particle cleanup at step 1802: deleted=122, growth_guard=0, mag_max=0, sigma_capped=0
Updated geometry in:     0.006 s.

--> Step  1803 of  2001 simulation time:    7.2080
Elapsed wall time:  6841.230
Assembled linear system in:     1.468 s.
Solved linear system in:     0.158 s.
Updated wake in:     3.317 s.
Euler particle cleanup at step 1803: deleted=122, growth_guard=0, mag_max=0, sigma_capped=0
Updated geometry in:     0.006 s.

--> Step  1804 of  2001 simulation time:    7.2120
Elapsed wall time:  6846.716
Assembled linear system in:     1.466 s.
Solved linear system in:     0.159 s.
Updated wake in:     3.299 s.
Euler particle cleanup at step 1804: deleted=122, growth_guard=0, mag_max=0, sigma_capped=0
Updated geometry in:     0.006 s.

--> Step  1805 of  2001 simulation time:    7.2160
Elapsed wall time:  6852.188
Assembled linear system in:     1.470 s.
Solved linear system in:     0.156 s.
Updated wake in:     3.305 s.
Euler particle cleanup at step 1805: deleted=122, growth_guard=0, mag_max=0, sigma_capped=0
Updated geometry in:     0.006 s.

--> Step  1806 of  2001 simulation time:    7.2200
Elapsed wall time:  6857.663
Assembled linear system in:     1.474 s.
Solved linear system in:     0.157 s.
Updated wake in:     3.293 s.
Euler particle cleanup at step 1806: deleted=122, growth_guard=0, mag_max=0, sigma_capped=0
Updated geometry in:     0.005 s.

--> Step  1807 of  2001 simulation time:    7.2240
Elapsed wall time:  6863.134
Assembled linear system in:     1.475 s.
Solved linear system in:     0.156 s.
Updated wake in:     3.301 s.
Euler particle cleanup at step 1807: deleted=122, growth_guard=0, mag_max=0, sigma_capped=0
Updated geometry in:     0.006 s.

--> Step  1808 of  2001 simulation time:    7.2280
Elapsed wall time:  6868.609
Assembled linear system in:     1.475 s.
Solved linear system in:     0.161 s.
Updated wake in:     3.308 s.
Euler particle cleanup at step 1808: deleted=122, growth_guard=0, mag_max=0, sigma_capped=0
Updated geometry in:     0.005 s.

--> Step  1809 of  2001 simulation time:    7.2320
Elapsed wall time:  6874.097
Assembled linear system in:     1.467 s.
Solved linear system in:     0.151 s.
Updated wake in:     3.314 s.
Euler particle cleanup at step 1809: deleted=122, growth_guard=0, mag_max=0, sigma_capped=0
Updated geometry in:     0.006 s.

--> Step  1810 of  2001 simulation time:    7.2360
Elapsed wall time:  6879.571
Assembled linear system in:     1.471 s.
Solved linear system in:     0.158 s.
Updated wake in:     3.306 s.
Euler particle cleanup at step 1810: deleted=122, growth_guard=0, mag_max=0, sigma_capped=0
Updated geometry in:     0.006 s.

--> Step  1811 of  2001 simulation time:    7.2400
Elapsed wall time:  6885.045
Assembled linear system in:     1.474 s.
Solved linear system in:     0.156 s.
Updated wake in:     3.321 s.
Euler particle cleanup at step 1811: deleted=122, growth_guard=0, mag_max=0, sigma_capped=0
Updated geometry in:     0.006 s.

--> Step  1812 of  2001 simulation time:    7.2440
Elapsed wall time:  6890.559
Assembled linear system in:     1.471 s.
Solved linear system in:     0.155 s.
Updated wake in:     3.306 s.
Euler particle cleanup at step 1812: deleted=122, growth_guard=0, mag_max=0, sigma_capped=0
Updated geometry in:     0.006 s.

--> Step  1813 of  2001 simulation time:    7.2480
Elapsed wall time:  6896.034
Assembled linear system in:     1.465 s.
Solved linear system in:     0.156 s.
Updated wake in:     3.303 s.
Euler particle cleanup at step 1813: deleted=122, growth_guard=0, mag_max=0, sigma_capped=0
Updated geometry in:     0.006 s.

--> Step  1814 of  2001 simulation time:    7.2520
Elapsed wall time:  6901.503
Assembled linear system in:     1.458 s.
Solved linear system in:     0.155 s.
Updated wake in:     3.289 s.
Euler particle cleanup at step 1814: deleted=122, growth_guard=0, mag_max=0, sigma_capped=0
Updated geometry in:     0.006 s.

--> Step  1815 of  2001 simulation time:    7.2560
Elapsed wall time:  6906.943
Assembled linear system in:     1.461 s.
Solved linear system in:     0.152 s.
Updated wake in:     3.289 s.
Euler particle cleanup at step 1815: deleted=122, growth_guard=0, mag_max=0, sigma_capped=0
Updated geometry in:     0.006 s.

--> Step  1816 of  2001 simulation time:    7.2600
Elapsed wall time:  6912.382
Assembled linear system in:     1.456 s.
Solved linear system in:     0.153 s.
Updated wake in:     3.302 s.
Euler particle cleanup at step 1816: deleted=122, growth_guard=0, mag_max=0, sigma_capped=0
Updated geometry in:     0.006 s.

--> Step  1817 of  2001 simulation time:    7.2640
Elapsed wall time:  6917.828
Assembled linear system in:     1.450 s.
Solved linear system in:     0.152 s.
Updated wake in:     3.299 s.
Euler particle cleanup at step 1817: deleted=122, growth_guard=0, mag_max=0, sigma_capped=0
Updated geometry in:     0.007 s.

--> Step  1818 of  2001 simulation time:    7.2680
Elapsed wall time:  6923.275
Assembled linear system in:     1.465 s.
Solved linear system in:     0.156 s.
Updated wake in:     3.294 s.
Euler particle cleanup at step 1818: deleted=122, growth_guard=0, mag_max=0, sigma_capped=0
Updated geometry in:     0.006 s.

--> Step  1819 of  2001 simulation time:    7.2720
Elapsed wall time:  6928.732
Assembled linear system in:     1.458 s.
Solved linear system in:     0.152 s.
Updated wake in:     3.283 s.
Euler particle cleanup at step 1819: deleted=122, growth_guard=0, mag_max=0, sigma_capped=0
Updated geometry in:     0.005 s.

--> Step  1820 of  2001 simulation time:    7.2760
Elapsed wall time:  6934.164
Assembled linear system in:     1.450 s.
Solved linear system in:     0.152 s.
Updated wake in:     3.307 s.
Euler particle cleanup at step 1820: deleted=122, growth_guard=0, mag_max=0, sigma_capped=0
Updated geometry in:     0.006 s.

--> Step  1821 of  2001 simulation time:    7.2800
Elapsed wall time:  6939.614
Assembled linear system in:     1.475 s.
Solved linear system in:     0.157 s.
Updated wake in:     3.305 s.
Euler particle cleanup at step 1821: deleted=122, growth_guard=0, mag_max=0, sigma_capped=0
Updated geometry in:     0.006 s.

--> Step  1822 of  2001 simulation time:    7.2840
Elapsed wall time:  6945.117
Assembled linear system in:     1.470 s.
Solved linear system in:     0.157 s.
Updated wake in:     3.319 s.
Euler particle cleanup at step 1822: deleted=122, growth_guard=0, mag_max=0, sigma_capped=0
Updated geometry in:     0.006 s.

--> Step  1823 of  2001 simulation time:    7.2880
Elapsed wall time:  6950.605
Assembled linear system in:     1.456 s.
Solved linear system in:     0.152 s.
Updated wake in:     3.286 s.
Euler particle cleanup at step 1823: deleted=122, growth_guard=0, mag_max=0, sigma_capped=0
Updated geometry in:     0.006 s.

--> Step  1824 of  2001 simulation time:    7.2920
Elapsed wall time:  6956.038
Assembled linear system in:     1.456 s.
Solved linear system in:     0.152 s.
Updated wake in:     3.292 s.
Euler particle cleanup at step 1824: deleted=122, growth_guard=0, mag_max=0, sigma_capped=0
Updated geometry in:     0.006 s.

--> Step  1825 of  2001 simulation time:    7.2960
Elapsed wall time:  6961.480
Assembled linear system in:     1.458 s.
Solved linear system in:     0.154 s.
Updated wake in:     3.307 s.
Euler particle cleanup at step 1825: deleted=122, growth_guard=0, mag_max=0, sigma_capped=0
Updated geometry in:     0.006 s.

--> Step  1826 of  2001 simulation time:    7.3000
Elapsed wall time:  6966.972
Assembled linear system in:     1.475 s.
Solved linear system in:     0.157 s.
Updated wake in:     3.309 s.
Euler particle cleanup at step 1826: deleted=122, growth_guard=0, mag_max=0, sigma_capped=0
Updated geometry in:     0.006 s.

--> Step  1827 of  2001 simulation time:    7.3040
Elapsed wall time:  6972.504
Assembled linear system in:     1.470 s.
Solved linear system in:     0.156 s.
Updated wake in:     3.322 s.
Euler particle cleanup at step 1827: deleted=122, growth_guard=0, mag_max=0, sigma_capped=0
Updated geometry in:     0.006 s.

--> Step  1828 of  2001 simulation time:    7.3080
Elapsed wall time:  6978.026
Assembled linear system in:     1.466 s.
Solved linear system in:     0.156 s.
Updated wake in:     3.307 s.
Euler particle cleanup at step 1828: deleted=122, growth_guard=0, mag_max=0, sigma_capped=0
Updated geometry in:     0.006 s.

--> Step  1829 of  2001 simulation time:    7.3120
Elapsed wall time:  6983.524
Assembled linear system in:     1.470 s.
Solved linear system in:     0.158 s.
Updated wake in:     3.308 s.
Euler particle cleanup at step 1829: deleted=122, growth_guard=0, mag_max=0, sigma_capped=0
Updated geometry in:     0.006 s.

--> Step  1830 of  2001 simulation time:    7.3160
Elapsed wall time:  6989.033
Assembled linear system in:     1.467 s.
Solved linear system in:     0.158 s.
Updated wake in:     3.310 s.
Euler particle cleanup at step 1830: deleted=122, growth_guard=0, mag_max=0, sigma_capped=0
Updated geometry in:     0.005 s.

--> Step  1831 of  2001 simulation time:    7.3200
Elapsed wall time:  6994.542
Assembled linear system in:     1.449 s.
Solved linear system in:     0.154 s.
Updated wake in:     3.279 s.
Euler particle cleanup at step 1831: deleted=122, growth_guard=0, mag_max=0, sigma_capped=0
Updated geometry in:     0.006 s.

--> Step  1832 of  2001 simulation time:    7.3240
Elapsed wall time:  7000.011
Assembled linear system in:     1.457 s.
Solved linear system in:     0.152 s.
Updated wake in:     3.292 s.
Euler particle cleanup at step 1832: deleted=122, growth_guard=0, mag_max=0, sigma_capped=0
Updated geometry in:     0.005 s.

--> Step  1833 of  2001 simulation time:    7.3280
Elapsed wall time:  7005.449
Assembled linear system in:     1.452 s.
Solved linear system in:     0.152 s.
Updated wake in:     3.293 s.
Euler particle cleanup at step 1833: deleted=122, growth_guard=0, mag_max=0, sigma_capped=0
Updated geometry in:     0.006 s.

--> Step  1834 of  2001 simulation time:    7.3320
Elapsed wall time:  7010.884
Assembled linear system in:     1.457 s.
Solved linear system in:     0.155 s.
Updated wake in:     3.292 s.
Euler particle cleanup at step 1834: deleted=122, growth_guard=0, mag_max=0, sigma_capped=0
Updated geometry in:     0.006 s.

--> Step  1835 of  2001 simulation time:    7.3360
Elapsed wall time:  7016.331
Assembled linear system in:     1.458 s.
Solved linear system in:     0.152 s.
Updated wake in:     3.300 s.
Euler particle cleanup at step 1835: deleted=122, growth_guard=0, mag_max=0, sigma_capped=0
Updated geometry in:     0.006 s.

--> Step  1836 of  2001 simulation time:    7.3400
Elapsed wall time:  7021.779
Assembled linear system in:     1.450 s.
Solved linear system in:     0.152 s.
Updated wake in:     3.280 s.
Euler particle cleanup at step 1836: deleted=122, growth_guard=0, mag_max=0, sigma_capped=0
Updated geometry in:     0.005 s.

--> Step  1837 of  2001 simulation time:    7.3440
Elapsed wall time:  7027.199
Assembled linear system in:     1.457 s.
Solved linear system in:     0.151 s.
Updated wake in:     3.291 s.
Euler particle cleanup at step 1837: deleted=122, growth_guard=0, mag_max=0, sigma_capped=0
Updated geometry in:     0.006 s.

--> Step  1838 of  2001 simulation time:    7.3480
Elapsed wall time:  7032.638
Assembled linear system in:     1.450 s.
Solved linear system in:     0.151 s.
Updated wake in:     3.302 s.
Euler particle cleanup at step 1838: deleted=122, growth_guard=0, mag_max=0, sigma_capped=0
Updated geometry in:     0.006 s.

--> Step  1839 of  2001 simulation time:    7.3520
Elapsed wall time:  7038.080
Assembled linear system in:     1.454 s.
Solved linear system in:     0.154 s.
Updated wake in:     3.289 s.
Euler particle cleanup at step 1839: deleted=122, growth_guard=0, mag_max=0, sigma_capped=0
Updated geometry in:     0.006 s.

--> Step  1840 of  2001 simulation time:    7.3560
Elapsed wall time:  7043.518
Assembled linear system in:     1.459 s.
Solved linear system in:     0.153 s.
Updated wake in:     3.287 s.
Euler particle cleanup at step 1840: deleted=122, growth_guard=0, mag_max=0, sigma_capped=0
Updated geometry in:     0.006 s.

--> Step  1841 of  2001 simulation time:    7.3600
Elapsed wall time:  7048.954
Assembled linear system in:     1.452 s.
Solved linear system in:     0.152 s.
Updated wake in:     3.302 s.
Euler particle cleanup at step 1841: deleted=122, growth_guard=0, mag_max=0, sigma_capped=0
Updated geometry in:     0.006 s.

--> Step  1842 of  2001 simulation time:    7.3640
Elapsed wall time:  7054.424
Assembled linear system in:     1.454 s.
Solved linear system in:     0.153 s.
Updated wake in:     3.282 s.
Euler particle cleanup at step 1842: deleted=122, growth_guard=0, mag_max=0, sigma_capped=0
Updated geometry in:     0.005 s.

--> Step  1843 of  2001 simulation time:    7.3680
Elapsed wall time:  7059.857
Assembled linear system in:     1.453 s.
Solved linear system in:     0.152 s.
Updated wake in:     3.286 s.
Euler particle cleanup at step 1843: deleted=122, growth_guard=0, mag_max=0, sigma_capped=0
Updated geometry in:     0.005 s.

--> Step  1844 of  2001 simulation time:    7.3720
Elapsed wall time:  7065.290
Assembled linear system in:     1.449 s.
Solved linear system in:     0.153 s.
Updated wake in:     3.278 s.
Euler particle cleanup at step 1844: deleted=122, growth_guard=0, mag_max=0, sigma_capped=0
Updated geometry in:     0.006 s.

--> Step  1845 of  2001 simulation time:    7.3760
Elapsed wall time:  7070.744
Assembled linear system in:     1.449 s.
Solved linear system in:     0.151 s.
Updated wake in:     3.273 s.
Euler particle cleanup at step 1845: deleted=122, growth_guard=0, mag_max=0, sigma_capped=0
Updated geometry in:     0.006 s.

--> Step  1846 of  2001 simulation time:    7.3800
Elapsed wall time:  7076.187
Assembled linear system in:     1.456 s.
Solved linear system in:     0.155 s.
Updated wake in:     3.284 s.
Euler particle cleanup at step 1846: deleted=122, growth_guard=0, mag_max=0, sigma_capped=0
Updated geometry in:     0.005 s.

--> Step  1847 of  2001 simulation time:    7.3840
Elapsed wall time:  7081.653
Assembled linear system in:     1.447 s.
Solved linear system in:     0.154 s.
Updated wake in:     3.272 s.
Euler particle cleanup at step 1847: deleted=122, growth_guard=0, mag_max=0, sigma_capped=0
Updated geometry in:     0.006 s.

--> Step  1848 of  2001 simulation time:    7.3880
Elapsed wall time:  7087.097
Assembled linear system in:     1.463 s.
Solved linear system in:     0.151 s.
Updated wake in:     3.274 s.
Euler particle cleanup at step 1848: deleted=122, growth_guard=0, mag_max=0, sigma_capped=0
Updated geometry in:     0.006 s.

--> Step  1849 of  2001 simulation time:    7.3920
Elapsed wall time:  7092.557
Assembled linear system in:     1.459 s.
Solved linear system in:     0.154 s.
Updated wake in:     3.288 s.
Euler particle cleanup at step 1849: deleted=122, growth_guard=0, mag_max=0, sigma_capped=0
Updated geometry in:     0.006 s.

--> Step  1850 of  2001 simulation time:    7.3960
Elapsed wall time:  7098.035
Assembled linear system in:     1.460 s.
Solved linear system in:     0.155 s.
Updated wake in:     3.276 s.
Euler particle cleanup at step 1850: deleted=122, growth_guard=0, mag_max=0, sigma_capped=0
Updated geometry in:     0.006 s.

--> Step  1851 of  2001 simulation time:    7.4000
Elapsed wall time:  7103.498
Assembled linear system in:     1.453 s.
Solved linear system in:     0.152 s.
Updated wake in:     3.285 s.
Euler particle cleanup at step 1851: deleted=122, growth_guard=0, mag_max=0, sigma_capped=0
Updated geometry in:     0.006 s.

--> Step  1852 of  2001 simulation time:    7.4040
Elapsed wall time:  7108.980
Assembled linear system in:     1.451 s.
Solved linear system in:     0.151 s.
Updated wake in:     3.294 s.
Euler particle cleanup at step 1852: deleted=122, growth_guard=0, mag_max=0, sigma_capped=0
Updated geometry in:     0.006 s.

--> Step  1853 of  2001 simulation time:    7.4080
Elapsed wall time:  7114.450
Assembled linear system in:     1.457 s.
Solved linear system in:     0.153 s.
Updated wake in:     3.298 s.
Euler particle cleanup at step 1853: deleted=122, growth_guard=0, mag_max=0, sigma_capped=0
Updated geometry in:     0.006 s.

--> Step  1854 of  2001 simulation time:    7.4120
Elapsed wall time:  7119.935
Assembled linear system in:     1.456 s.
Solved linear system in:     0.154 s.
Updated wake in:     3.292 s.
Euler particle cleanup at step 1854: deleted=122, growth_guard=0, mag_max=0, sigma_capped=0
Updated geometry in:     0.006 s.

--> Step  1855 of  2001 simulation time:    7.4160
Elapsed wall time:  7125.409
Assembled linear system in:     1.450 s.
Solved linear system in:     0.152 s.
Updated wake in:     3.284 s.
Euler particle cleanup at step 1855: deleted=122, growth_guard=0, mag_max=0, sigma_capped=0
Updated geometry in:     0.006 s.

--> Step  1856 of  2001 simulation time:    7.4200
Elapsed wall time:  7130.864
Assembled linear system in:     1.452 s.
Solved linear system in:     0.152 s.
Updated wake in:     3.282 s.
Euler particle cleanup at step 1856: deleted=122, growth_guard=0, mag_max=0, sigma_capped=0
Updated geometry in:     0.006 s.

--> Step  1857 of  2001 simulation time:    7.4240
Elapsed wall time:  7136.323
Assembled linear system in:     1.451 s.
Solved linear system in:     0.152 s.
Updated wake in:     3.291 s.
Euler particle cleanup at step 1857: deleted=122, growth_guard=0, mag_max=0, sigma_capped=0
Updated geometry in:     0.005 s.

--> Step  1858 of  2001 simulation time:    7.4280
Elapsed wall time:  7141.785
Assembled linear system in:     1.448 s.
Solved linear system in:     0.152 s.
Updated wake in:     3.272 s.
Euler particle cleanup at step 1858: deleted=122, growth_guard=0, mag_max=0, sigma_capped=0
Updated geometry in:     0.006 s.

--> Step  1859 of  2001 simulation time:    7.4320
Elapsed wall time:  7147.234
Assembled linear system in:     1.455 s.
Solved linear system in:     0.151 s.
Updated wake in:     3.286 s.
Euler particle cleanup at step 1859: deleted=122, growth_guard=0, mag_max=0, sigma_capped=0
Updated geometry in:     0.006 s.

--> Step  1860 of  2001 simulation time:    7.4360
Elapsed wall time:  7152.694
Assembled linear system in:     1.454 s.
Solved linear system in:     0.153 s.
Updated wake in:     3.298 s.
Euler particle cleanup at step 1860: deleted=122, growth_guard=0, mag_max=0, sigma_capped=0
Updated geometry in:     0.006 s.

--> Step  1861 of  2001 simulation time:    7.4400
Elapsed wall time:  7158.171
Assembled linear system in:     1.455 s.
Solved linear system in:     0.153 s.
Updated wake in:     3.279 s.
Euler particle cleanup at step 1861: deleted=122, growth_guard=0, mag_max=0, sigma_capped=0
Updated geometry in:     0.006 s.

--> Step  1862 of  2001 simulation time:    7.4440
Elapsed wall time:  7163.649
Assembled linear system in:     1.459 s.
Solved linear system in:     0.151 s.
Updated wake in:     3.280 s.
Euler particle cleanup at step 1862: deleted=122, growth_guard=0, mag_max=0, sigma_capped=0
Updated geometry in:     0.006 s.

--> Step  1863 of  2001 simulation time:    7.4480
Elapsed wall time:  7169.111
Assembled linear system in:     1.459 s.
Solved linear system in:     0.153 s.
Updated wake in:     3.286 s.
Euler particle cleanup at step 1863: deleted=122, growth_guard=0, mag_max=0, sigma_capped=0
Updated geometry in:     0.006 s.

--> Step  1864 of  2001 simulation time:    7.4520
Elapsed wall time:  7174.584
Assembled linear system in:     1.462 s.
Solved linear system in:     0.156 s.
Updated wake in:     3.277 s.
Euler particle cleanup at step 1864: deleted=122, growth_guard=0, mag_max=0, sigma_capped=0
Updated geometry in:     0.006 s.

--> Step  1865 of  2001 simulation time:    7.4560
Elapsed wall time:  7180.057
Assembled linear system in:     1.459 s.
Solved linear system in:     0.152 s.
Updated wake in:     3.281 s.
Euler particle cleanup at step 1865: deleted=122, growth_guard=0, mag_max=0, sigma_capped=0
Updated geometry in:     0.006 s.

--> Step  1866 of  2001 simulation time:    7.4600
Elapsed wall time:  7185.524
Assembled linear system in:     1.454 s.
Solved linear system in:     0.153 s.
Updated wake in:     3.279 s.
Euler particle cleanup at step 1866: deleted=122, growth_guard=0, mag_max=0, sigma_capped=0
Updated geometry in:     0.006 s.

--> Step  1867 of  2001 simulation time:    7.4640
Elapsed wall time:  7190.982
Assembled linear system in:     1.449 s.
Solved linear system in:     0.151 s.
Updated wake in:     3.275 s.
Euler particle cleanup at step 1867: deleted=122, growth_guard=0, mag_max=0, sigma_capped=0
Updated geometry in:     0.006 s.

--> Step  1868 of  2001 simulation time:    7.4680
Elapsed wall time:  7196.436
Assembled linear system in:     1.455 s.
Solved linear system in:     0.152 s.
Updated wake in:     3.283 s.
Euler particle cleanup at step 1868: deleted=122, growth_guard=0, mag_max=0, sigma_capped=0
Updated geometry in:     0.006 s.

--> Step  1869 of  2001 simulation time:    7.4720
Elapsed wall time:  7201.903
Assembled linear system in:     1.453 s.
Solved linear system in:     0.152 s.
Updated wake in:     3.264 s.
Euler particle cleanup at step 1869: deleted=122, growth_guard=0, mag_max=0, sigma_capped=0
Updated geometry in:     0.006 s.

--> Step  1870 of  2001 simulation time:    7.4760
Elapsed wall time:  7207.352
Assembled linear system in:     1.452 s.
Solved linear system in:     0.152 s.
Updated wake in:     3.286 s.
Euler particle cleanup at step 1870: deleted=122, growth_guard=0, mag_max=0, sigma_capped=0
Updated geometry in:     0.006 s.

--> Step  1871 of  2001 simulation time:    7.4800
Elapsed wall time:  7212.782
Assembled linear system in:     1.452 s.
Solved linear system in:     0.152 s.
Updated wake in:     3.291 s.
Euler particle cleanup at step 1871: deleted=122, growth_guard=0, mag_max=0, sigma_capped=0
Updated geometry in:     0.006 s.

--> Step  1872 of  2001 simulation time:    7.4840
Elapsed wall time:  7218.239
Assembled linear system in:     1.466 s.
Solved linear system in:     0.161 s.
Updated wake in:     3.299 s.
Euler particle cleanup at step 1872: deleted=122, growth_guard=0, mag_max=0, sigma_capped=0
Updated geometry in:     0.006 s.

--> Step  1873 of  2001 simulation time:    7.4880
Elapsed wall time:  7223.712
Assembled linear system in:     1.478 s.
Solved linear system in:     0.157 s.
Updated wake in:     3.304 s.
Euler particle cleanup at step 1873: deleted=122, growth_guard=0, mag_max=0, sigma_capped=0
Updated geometry in:     0.006 s.

--> Step  1874 of  2001 simulation time:    7.4920
Elapsed wall time:  7229.195
Assembled linear system in:     1.467 s.
Solved linear system in:     0.155 s.
Updated wake in:     3.325 s.
Euler particle cleanup at step 1874: deleted=122, growth_guard=0, mag_max=0, sigma_capped=0
Updated geometry in:     0.007 s.

--> Step  1875 of  2001 simulation time:    7.4960
Elapsed wall time:  7234.693
Assembled linear system in:     1.469 s.
Solved linear system in:     0.160 s.
Updated wake in:     3.315 s.
Euler particle cleanup at step 1875: deleted=122, growth_guard=0, mag_max=0, sigma_capped=0
Updated geometry in:     0.006 s.

--> Step  1876 of  2001 simulation time:    7.5000
Elapsed wall time:  7240.188
Assembled linear system in:     1.466 s.
Solved linear system in:     0.159 s.
Updated wake in:     3.314 s.
Euler particle cleanup at step 1876: deleted=122, growth_guard=0, mag_max=0, sigma_capped=0
Updated geometry in:     0.006 s.

--> Step  1877 of  2001 simulation time:    7.5040
Elapsed wall time:  7245.677
Assembled linear system in:     1.473 s.
Solved linear system in:     0.157 s.
Updated wake in:     3.309 s.
Euler particle cleanup at step 1877: deleted=122, growth_guard=0, mag_max=0, sigma_capped=0
Updated geometry in:     0.006 s.

--> Step  1878 of  2001 simulation time:    7.5080
Elapsed wall time:  7251.167
Assembled linear system in:     1.466 s.
Solved linear system in:     0.158 s.
Updated wake in:     3.320 s.
Euler particle cleanup at step 1878: deleted=122, growth_guard=0, mag_max=0, sigma_capped=0
Updated geometry in:     0.006 s.

--> Step  1879 of  2001 simulation time:    7.5120
Elapsed wall time:  7256.664
Assembled linear system in:     1.470 s.
Solved linear system in:     0.161 s.
Updated wake in:     3.325 s.
Euler particle cleanup at step 1879: deleted=122, growth_guard=0, mag_max=0, sigma_capped=0
Updated geometry in:     0.006 s.

--> Step  1880 of  2001 simulation time:    7.5160
Elapsed wall time:  7262.174
Assembled linear system in:     1.472 s.
Solved linear system in:     0.160 s.
Updated wake in:     3.320 s.
Euler particle cleanup at step 1880: deleted=122, growth_guard=0, mag_max=0, sigma_capped=0
Updated geometry in:     0.006 s.

--> Step  1881 of  2001 simulation time:    7.5200
Elapsed wall time:  7267.673
Assembled linear system in:     1.466 s.
Solved linear system in:     0.158 s.
Updated wake in:     3.313 s.
Euler particle cleanup at step 1881: deleted=122, growth_guard=0, mag_max=0, sigma_capped=0
Updated geometry in:     0.006 s.

--> Step  1882 of  2001 simulation time:    7.5240
Elapsed wall time:  7273.182
Assembled linear system in:     1.467 s.
Solved linear system in:     0.160 s.
Updated wake in:     3.326 s.
Euler particle cleanup at step 1882: deleted=122, growth_guard=0, mag_max=0, sigma_capped=0
Updated geometry in:     0.006 s.

--> Step  1883 of  2001 simulation time:    7.5280
Elapsed wall time:  7278.694
Assembled linear system in:     1.455 s.
Solved linear system in:     0.152 s.
Updated wake in:     3.305 s.
Euler particle cleanup at step 1883: deleted=122, growth_guard=0, mag_max=0, sigma_capped=0
Updated geometry in:     0.006 s.

--> Step  1884 of  2001 simulation time:    7.5320
Elapsed wall time:  7284.150
Assembled linear system in:     1.474 s.
Solved linear system in:     0.162 s.
Updated wake in:     3.310 s.
Euler particle cleanup at step 1884: deleted=122, growth_guard=0, mag_max=0, sigma_capped=0
Updated geometry in:     0.006 s.

--> Step  1885 of  2001 simulation time:    7.5360
Elapsed wall time:  7289.653
Assembled linear system in:     1.465 s.
Solved linear system in:     0.163 s.
Updated wake in:     3.321 s.
Euler particle cleanup at step 1885: deleted=122, growth_guard=0, mag_max=0, sigma_capped=0
Updated geometry in:     0.006 s.

--> Step  1886 of  2001 simulation time:    7.5400
Elapsed wall time:  7295.160
Assembled linear system in:     1.470 s.
Solved linear system in:     0.156 s.
Updated wake in:     3.313 s.
Euler particle cleanup at step 1886: deleted=122, growth_guard=0, mag_max=0, sigma_capped=0
Updated geometry in:     0.005 s.

--> Step  1887 of  2001 simulation time:    7.5440
Elapsed wall time:  7300.651
Assembled linear system in:     1.465 s.
Solved linear system in:     0.158 s.
Updated wake in:     3.318 s.
Euler particle cleanup at step 1887: deleted=122, growth_guard=0, mag_max=0, sigma_capped=0
Updated geometry in:     0.006 s.

--> Step  1888 of  2001 simulation time:    7.5480
Elapsed wall time:  7306.144
Assembled linear system in:     1.471 s.
Solved linear system in:     0.159 s.
Updated wake in:     3.305 s.
Euler particle cleanup at step 1888: deleted=122, growth_guard=0, mag_max=0, sigma_capped=0
Updated geometry in:     0.006 s.

--> Step  1889 of  2001 simulation time:    7.5520
Elapsed wall time:  7311.630
Assembled linear system in:     1.476 s.
Solved linear system in:     0.161 s.
Updated wake in:     3.320 s.
Euler particle cleanup at step 1889: deleted=122, growth_guard=0, mag_max=0, sigma_capped=0
Updated geometry in:     0.006 s.

--> Step  1890 of  2001 simulation time:    7.5560
Elapsed wall time:  7317.135
Assembled linear system in:     1.467 s.
Solved linear system in:     0.157 s.
Updated wake in:     3.314 s.
Euler particle cleanup at step 1890: deleted=122, growth_guard=0, mag_max=0, sigma_capped=0
Updated geometry in:     0.006 s.

--> Step  1891 of  2001 simulation time:    7.5600
Elapsed wall time:  7322.624
Assembled linear system in:     1.455 s.
Solved linear system in:     0.150 s.
Updated wake in:     3.318 s.
Euler particle cleanup at step 1891: deleted=122, growth_guard=0, mag_max=0, sigma_capped=0
Updated geometry in:     0.006 s.

--> Step  1892 of  2001 simulation time:    7.5640
Elapsed wall time:  7328.117
Assembled linear system in:     1.472 s.
Solved linear system in:     0.157 s.
Updated wake in:     3.319 s.
Euler particle cleanup at step 1892: deleted=122, growth_guard=0, mag_max=0, sigma_capped=0
Updated geometry in:     0.006 s.

--> Step  1893 of  2001 simulation time:    7.5680
Elapsed wall time:  7333.619
Assembled linear system in:     1.468 s.
Solved linear system in:     0.156 s.
Updated wake in:     3.314 s.
Euler particle cleanup at step 1893: deleted=122, growth_guard=0, mag_max=0, sigma_capped=0
Updated geometry in:     0.006 s.

--> Step  1894 of  2001 simulation time:    7.5720
Elapsed wall time:  7339.110
Assembled linear system in:     1.475 s.
Solved linear system in:     0.155 s.
Updated wake in:     3.310 s.
Euler particle cleanup at step 1894: deleted=122, growth_guard=0, mag_max=0, sigma_capped=0
Updated geometry in:     0.006 s.

--> Step  1895 of  2001 simulation time:    7.5760
Elapsed wall time:  7344.596
Assembled linear system in:     1.461 s.
Solved linear system in:     0.152 s.
Updated wake in:     3.306 s.
Euler particle cleanup at step 1895: deleted=122, growth_guard=0, mag_max=0, sigma_capped=0
Updated geometry in:     0.006 s.

--> Step  1896 of  2001 simulation time:    7.5800
Elapsed wall time:  7350.061
Assembled linear system in:     1.456 s.
Solved linear system in:     0.152 s.
Updated wake in:     3.282 s.
Euler particle cleanup at step 1896: deleted=122, growth_guard=0, mag_max=0, sigma_capped=0
Updated geometry in:     0.006 s.

--> Step  1897 of  2001 simulation time:    7.5840
Elapsed wall time:  7355.497
Assembled linear system in:     1.457 s.
Solved linear system in:     0.156 s.
Updated wake in:     3.306 s.
Euler particle cleanup at step 1897: deleted=122, growth_guard=0, mag_max=0, sigma_capped=0
Updated geometry in:     0.006 s.

--> Step  1898 of  2001 simulation time:    7.5880
Elapsed wall time:  7360.964
Assembled linear system in:     1.477 s.
Solved linear system in:     0.157 s.
Updated wake in:     3.332 s.
Euler particle cleanup at step 1898: deleted=122, growth_guard=0, mag_max=0, sigma_capped=0
Updated geometry in:     0.006 s.

--> Step  1899 of  2001 simulation time:    7.5920
Elapsed wall time:  7366.488
Assembled linear system in:     1.473 s.
Solved linear system in:     0.157 s.
Updated wake in:     3.318 s.
Euler particle cleanup at step 1899: deleted=122, growth_guard=0, mag_max=0, sigma_capped=0
Updated geometry in:     0.006 s.

--> Step  1900 of  2001 simulation time:    7.5960
Elapsed wall time:  7371.988
Assembled linear system in:     1.468 s.
Solved linear system in:     0.157 s.
Updated wake in:     3.324 s.
Euler particle cleanup at step 1900: deleted=122, growth_guard=0, mag_max=0, sigma_capped=0
Updated geometry in:     0.006 s.

--> Step  1901 of  2001 simulation time:    7.6000
Elapsed wall time:  7377.494
Assembled linear system in:     1.475 s.
Solved linear system in:     0.158 s.
Updated wake in:     3.324 s.
Euler particle cleanup at step 1901: deleted=122, growth_guard=0, mag_max=0, sigma_capped=0
Updated geometry in:     0.006 s.

--> Step  1902 of  2001 simulation time:    7.6040
Elapsed wall time:  7383.026
Assembled linear system in:     1.475 s.
Solved linear system in:     0.156 s.
Updated wake in:     3.326 s.
Euler particle cleanup at step 1902: deleted=122, growth_guard=0, mag_max=0, sigma_capped=0
Updated geometry in:     0.006 s.

--> Step  1903 of  2001 simulation time:    7.6080
Elapsed wall time:  7388.534
Assembled linear system in:     1.474 s.
Solved linear system in:     0.158 s.
Updated wake in:     3.320 s.
Euler particle cleanup at step 1903: deleted=122, growth_guard=0, mag_max=0, sigma_capped=0
Updated geometry in:     0.006 s.

--> Step  1904 of  2001 simulation time:    7.6120
Elapsed wall time:  7394.039
Assembled linear system in:     1.475 s.
Solved linear system in:     0.158 s.
Updated wake in:     3.318 s.
Euler particle cleanup at step 1904: deleted=122, growth_guard=0, mag_max=0, sigma_capped=0
Updated geometry in:     0.006 s.

--> Step  1905 of  2001 simulation time:    7.6160
Elapsed wall time:  7399.537
Assembled linear system in:     1.478 s.
Solved linear system in:     0.159 s.
Updated wake in:     3.322 s.
Euler particle cleanup at step 1905: deleted=122, growth_guard=0, mag_max=0, sigma_capped=0
Updated geometry in:     0.006 s.

--> Step  1906 of  2001 simulation time:    7.6200
Elapsed wall time:  7405.051
Assembled linear system in:     1.472 s.
Solved linear system in:     0.158 s.
Updated wake in:     3.317 s.
Euler particle cleanup at step 1906: deleted=122, growth_guard=0, mag_max=0, sigma_capped=0
Updated geometry in:     0.006 s.

--> Step  1907 of  2001 simulation time:    7.6240
Elapsed wall time:  7410.538
Assembled linear system in:     1.469 s.
Solved linear system in:     0.156 s.
Updated wake in:     3.310 s.
Euler particle cleanup at step 1907: deleted=122, growth_guard=0, mag_max=0, sigma_capped=0
Updated geometry in:     0.006 s.

--> Step  1908 of  2001 simulation time:    7.6280
Elapsed wall time:  7416.024
Assembled linear system in:     1.466 s.
Solved linear system in:     0.156 s.
Updated wake in:     3.318 s.
Euler particle cleanup at step 1908: deleted=122, growth_guard=0, mag_max=0, sigma_capped=0
Updated geometry in:     0.006 s.

--> Step  1909 of  2001 simulation time:    7.6320
Elapsed wall time:  7421.517
Assembled linear system in:     1.470 s.
Solved linear system in:     0.155 s.
Updated wake in:     3.321 s.
Euler particle cleanup at step 1909: deleted=122, growth_guard=0, mag_max=0, sigma_capped=0
Updated geometry in:     0.006 s.

--> Step  1910 of  2001 simulation time:    7.6360
Elapsed wall time:  7427.020
Assembled linear system in:     1.468 s.
Solved linear system in:     0.159 s.
Updated wake in:     3.315 s.
Euler particle cleanup at step 1910: deleted=122, growth_guard=0, mag_max=0, sigma_capped=0
Updated geometry in:     0.006 s.

--> Step  1911 of  2001 simulation time:    7.6400
Elapsed wall time:  7432.515
Assembled linear system in:     1.464 s.
Solved linear system in:     0.155 s.
Updated wake in:     3.320 s.
Euler particle cleanup at step 1911: deleted=122, growth_guard=0, mag_max=0, sigma_capped=0
Updated geometry in:     0.006 s.

--> Step  1912 of  2001 simulation time:    7.6440
Elapsed wall time:  7438.025
Assembled linear system in:     1.477 s.
Solved linear system in:     0.153 s.
Updated wake in:     3.288 s.
Euler particle cleanup at step 1912: deleted=122, growth_guard=0, mag_max=0, sigma_capped=0
Updated geometry in:     0.005 s.

--> Step  1913 of  2001 simulation time:    7.6480
Elapsed wall time:  7443.489
Assembled linear system in:     1.452 s.
Solved linear system in:     0.153 s.
Updated wake in:     3.299 s.
Euler particle cleanup at step 1913: deleted=122, growth_guard=0, mag_max=0, sigma_capped=0
Updated geometry in:     0.006 s.

--> Step  1914 of  2001 simulation time:    7.6520
Elapsed wall time:  7448.944
Assembled linear system in:     1.468 s.
Solved linear system in:     0.151 s.
Updated wake in:     3.303 s.
Euler particle cleanup at step 1914: deleted=122, growth_guard=0, mag_max=0, sigma_capped=0
Updated geometry in:     0.006 s.

--> Step  1915 of  2001 simulation time:    7.6560
Elapsed wall time:  7454.406
Assembled linear system in:     1.458 s.
Solved linear system in:     0.151 s.
Updated wake in:     3.292 s.
Euler particle cleanup at step 1915: deleted=122, growth_guard=0, mag_max=0, sigma_capped=0
Updated geometry in:     0.006 s.

--> Step  1916 of  2001 simulation time:    7.6600
Elapsed wall time:  7459.855
Assembled linear system in:     1.475 s.
Solved linear system in:     0.156 s.
Updated wake in:     3.312 s.
Euler particle cleanup at step 1916: deleted=122, growth_guard=0, mag_max=0, sigma_capped=0
Updated geometry in:     0.006 s.

--> Step  1917 of  2001 simulation time:    7.6640
Elapsed wall time:  7465.350
Assembled linear system in:     1.476 s.
Solved linear system in:     0.158 s.
Updated wake in:     3.310 s.
Euler particle cleanup at step 1917: deleted=122, growth_guard=0, mag_max=0, sigma_capped=0
Updated geometry in:     0.006 s.

--> Step  1918 of  2001 simulation time:    7.6680
Elapsed wall time:  7470.846
Assembled linear system in:     1.475 s.
Solved linear system in:     0.156 s.
Updated wake in:     3.303 s.
Euler particle cleanup at step 1918: deleted=122, growth_guard=0, mag_max=0, sigma_capped=0
Updated geometry in:     0.006 s.

--> Step  1919 of  2001 simulation time:    7.6720
Elapsed wall time:  7476.334
Assembled linear system in:     1.467 s.
Solved linear system in:     0.157 s.
Updated wake in:     3.322 s.
Euler particle cleanup at step 1919: deleted=122, growth_guard=0, mag_max=0, sigma_capped=0
Updated geometry in:     0.006 s.

--> Step  1920 of  2001 simulation time:    7.6760
Elapsed wall time:  7481.825
Assembled linear system in:     1.468 s.
Solved linear system in:     0.158 s.
Updated wake in:     3.308 s.
Euler particle cleanup at step 1920: deleted=122, growth_guard=0, mag_max=0, sigma_capped=0
Updated geometry in:     0.006 s.

--> Step  1921 of  2001 simulation time:    7.6800
Elapsed wall time:  7487.312
Assembled linear system in:     1.472 s.
Solved linear system in:     0.152 s.
Updated wake in:     3.299 s.
Euler particle cleanup at step 1921: deleted=122, growth_guard=0, mag_max=0, sigma_capped=0
Updated geometry in:     0.006 s.

--> Step  1922 of  2001 simulation time:    7.6840
Elapsed wall time:  7492.800
Assembled linear system in:     1.451 s.
Solved linear system in:     0.151 s.
Updated wake in:     3.305 s.
Euler particle cleanup at step 1922: deleted=122, growth_guard=0, mag_max=0, sigma_capped=0
Updated geometry in:     0.006 s.

--> Step  1923 of  2001 simulation time:    7.6880
Elapsed wall time:  7498.250
Assembled linear system in:     1.466 s.
Solved linear system in:     0.156 s.
Updated wake in:     3.316 s.
Euler particle cleanup at step 1923: deleted=122, growth_guard=0, mag_max=0, sigma_capped=0
Updated geometry in:     0.006 s.

--> Step  1924 of  2001 simulation time:    7.6920
Elapsed wall time:  7503.780
Assembled linear system in:     1.469 s.
Solved linear system in:     0.157 s.
Updated wake in:     3.325 s.
Euler particle cleanup at step 1924: deleted=122, growth_guard=0, mag_max=0, sigma_capped=0
Updated geometry in:     0.006 s.

--> Step  1925 of  2001 simulation time:    7.6960
Elapsed wall time:  7509.281
Assembled linear system in:     1.469 s.
Solved linear system in:     0.157 s.
Updated wake in:     3.313 s.
Euler particle cleanup at step 1925: deleted=122, growth_guard=0, mag_max=0, sigma_capped=0
Updated geometry in:     0.006 s.

--> Step  1926 of  2001 simulation time:    7.7000
Elapsed wall time:  7514.837
Assembled linear system in:     1.472 s.
Solved linear system in:     0.158 s.
Updated wake in:     3.315 s.
Euler particle cleanup at step 1926: deleted=122, growth_guard=0, mag_max=0, sigma_capped=0
Updated geometry in:     0.006 s.

--> Step  1927 of  2001 simulation time:    7.7040
Elapsed wall time:  7520.334
Assembled linear system in:     1.465 s.
Solved linear system in:     0.157 s.
Updated wake in:     3.325 s.
Euler particle cleanup at step 1927: deleted=122, growth_guard=0, mag_max=0, sigma_capped=0
Updated geometry in:     0.006 s.

--> Step  1928 of  2001 simulation time:    7.7080
Elapsed wall time:  7525.847
Assembled linear system in:     1.470 s.
Solved linear system in:     0.158 s.
Updated wake in:     3.298 s.
Euler particle cleanup at step 1928: deleted=122, growth_guard=0, mag_max=0, sigma_capped=0
Updated geometry in:     0.005 s.

--> Step  1929 of  2001 simulation time:    7.7120
Elapsed wall time:  7531.324
Assembled linear system in:     1.497 s.
Solved linear system in:     0.150 s.
Updated wake in:     3.303 s.
Euler particle cleanup at step 1929: deleted=122, growth_guard=0, mag_max=0, sigma_capped=0
Updated geometry in:     0.006 s.

--> Step  1930 of  2001 simulation time:    7.7160
Elapsed wall time:  7536.824
Assembled linear system in:     1.457 s.
Solved linear system in:     0.152 s.
Updated wake in:     3.311 s.
Euler particle cleanup at step 1930: deleted=122, growth_guard=0, mag_max=0, sigma_capped=0
Updated geometry in:     0.006 s.

--> Step  1931 of  2001 simulation time:    7.7200
Elapsed wall time:  7542.292
Assembled linear system in:     1.487 s.
Solved linear system in:     0.157 s.
Updated wake in:     3.290 s.
Euler particle cleanup at step 1931: deleted=122, growth_guard=0, mag_max=0, sigma_capped=0
Updated geometry in:     0.006 s.

--> Step  1932 of  2001 simulation time:    7.7240
Elapsed wall time:  7547.791
Assembled linear system in:     1.453 s.
Solved linear system in:     0.152 s.
Updated wake in:     3.312 s.
Euler particle cleanup at step 1932: deleted=122, growth_guard=0, mag_max=0, sigma_capped=0
Updated geometry in:     0.006 s.

--> Step  1933 of  2001 simulation time:    7.7280
Elapsed wall time:  7553.259
Assembled linear system in:     1.470 s.
Solved linear system in:     0.162 s.
Updated wake in:     3.324 s.
Euler particle cleanup at step 1933: deleted=122, growth_guard=0, mag_max=0, sigma_capped=0
Updated geometry in:     0.006 s.

--> Step  1934 of  2001 simulation time:    7.7320
Elapsed wall time:  7558.762
Assembled linear system in:     1.468 s.
Solved linear system in:     0.155 s.
Updated wake in:     3.309 s.
Euler particle cleanup at step 1934: deleted=122, growth_guard=0, mag_max=0, sigma_capped=0
Updated geometry in:     0.006 s.

--> Step  1935 of  2001 simulation time:    7.7360
Elapsed wall time:  7564.277
Assembled linear system in:     1.472 s.
Solved linear system in:     0.165 s.
Updated wake in:     3.314 s.
Euler particle cleanup at step 1935: deleted=122, growth_guard=0, mag_max=0, sigma_capped=0
Updated geometry in:     0.006 s.

--> Step  1936 of  2001 simulation time:    7.7400
Elapsed wall time:  7569.810
Assembled linear system in:     1.475 s.
Solved linear system in:     0.179 s.
Updated wake in:     3.294 s.
Euler particle cleanup at step 1936: deleted=122, growth_guard=0, mag_max=0, sigma_capped=0
Updated geometry in:     0.006 s.

--> Step  1937 of  2001 simulation time:    7.7440
Elapsed wall time:  7575.337
Assembled linear system in:     1.460 s.
Solved linear system in:     0.153 s.
Updated wake in:     3.300 s.
Euler particle cleanup at step 1937: deleted=122, growth_guard=0, mag_max=0, sigma_capped=0
Updated geometry in:     0.006 s.

--> Step  1938 of  2001 simulation time:    7.7480
Elapsed wall time:  7580.830
Assembled linear system in:     1.470 s.
Solved linear system in:     0.155 s.
Updated wake in:     3.320 s.
Euler particle cleanup at step 1938: deleted=122, growth_guard=0, mag_max=0, sigma_capped=0
Updated geometry in:     0.006 s.

--> Step  1939 of  2001 simulation time:    7.7520
Elapsed wall time:  7586.328
Assembled linear system in:     1.457 s.
Solved linear system in:     0.160 s.
Updated wake in:     3.288 s.
Euler particle cleanup at step 1939: deleted=122, growth_guard=0, mag_max=0, sigma_capped=0
Updated geometry in:     0.006 s.

--> Step  1940 of  2001 simulation time:    7.7560
Elapsed wall time:  7591.778
Assembled linear system in:     1.457 s.
Solved linear system in:     0.151 s.
Updated wake in:     3.300 s.
Euler particle cleanup at step 1940: deleted=122, growth_guard=0, mag_max=0, sigma_capped=0
Updated geometry in:     0.006 s.

--> Step  1941 of  2001 simulation time:    7.7600
Elapsed wall time:  7597.231
Assembled linear system in:     1.454 s.
Solved linear system in:     0.153 s.
Updated wake in:     3.314 s.
Euler particle cleanup at step 1941: deleted=122, growth_guard=0, mag_max=0, sigma_capped=0
Updated geometry in:     0.006 s.

--> Step  1942 of  2001 simulation time:    7.7640
Elapsed wall time:  7602.718
Assembled linear system in:     1.469 s.
Solved linear system in:     0.155 s.
Updated wake in:     3.316 s.
Euler particle cleanup at step 1942: deleted=122, growth_guard=0, mag_max=0, sigma_capped=0
Updated geometry in:     0.006 s.

--> Step  1943 of  2001 simulation time:    7.7680
Elapsed wall time:  7608.215
Assembled linear system in:     1.465 s.
Solved linear system in:     0.158 s.
Updated wake in:     3.317 s.
Euler particle cleanup at step 1943: deleted=122, growth_guard=0, mag_max=0, sigma_capped=0
Updated geometry in:     0.006 s.

--> Step  1944 of  2001 simulation time:    7.7720
Elapsed wall time:  7613.707
Assembled linear system in:     1.472 s.
Solved linear system in:     0.157 s.
Updated wake in:     3.317 s.
Euler particle cleanup at step 1944: deleted=122, growth_guard=0, mag_max=0, sigma_capped=0
Updated geometry in:     0.006 s.

--> Step  1945 of  2001 simulation time:    7.7760
Elapsed wall time:  7619.207
Assembled linear system in:     1.471 s.
Solved linear system in:     0.156 s.
Updated wake in:     3.307 s.
Euler particle cleanup at step 1945: deleted=122, growth_guard=0, mag_max=0, sigma_capped=0
Updated geometry in:     0.006 s.

--> Step  1946 of  2001 simulation time:    7.7800
Elapsed wall time:  7624.691
Assembled linear system in:     1.460 s.
Solved linear system in:     0.151 s.
Updated wake in:     3.304 s.
Euler particle cleanup at step 1946: deleted=122, growth_guard=0, mag_max=0, sigma_capped=0
Updated geometry in:     0.006 s.

--> Step  1947 of  2001 simulation time:    7.7840
Elapsed wall time:  7630.156
Assembled linear system in:     1.455 s.
Solved linear system in:     0.160 s.
Updated wake in:     3.287 s.
Euler particle cleanup at step 1947: deleted=122, growth_guard=0, mag_max=0, sigma_capped=0
Updated geometry in:     0.006 s.

--> Step  1948 of  2001 simulation time:    7.7880
Elapsed wall time:  7635.639
Assembled linear system in:     1.451 s.
Solved linear system in:     0.152 s.
Updated wake in:     3.291 s.
Euler particle cleanup at step 1948: deleted=122, growth_guard=0, mag_max=0, sigma_capped=0
Updated geometry in:     0.006 s.

--> Step  1949 of  2001 simulation time:    7.7920
Elapsed wall time:  7641.112
Assembled linear system in:     1.460 s.
Solved linear system in:     0.153 s.
Updated wake in:     3.301 s.
Euler particle cleanup at step 1949: deleted=122, growth_guard=0, mag_max=0, sigma_capped=0
Updated geometry in:     0.006 s.

--> Step  1950 of  2001 simulation time:    7.7960
Elapsed wall time:  7646.606
Assembled linear system in:     1.459 s.
Solved linear system in:     0.151 s.
Updated wake in:     3.286 s.
Euler particle cleanup at step 1950: deleted=122, growth_guard=0, mag_max=0, sigma_capped=0
Updated geometry in:     0.006 s.

--> Step  1951 of  2001 simulation time:    7.8000
Elapsed wall time:  7652.082
Assembled linear system in:     1.454 s.
Solved linear system in:     0.152 s.
Updated wake in:     3.290 s.
Euler particle cleanup at step 1951: deleted=122, growth_guard=0, mag_max=0, sigma_capped=0
Updated geometry in:     0.006 s.

--> Step  1952 of  2001 simulation time:    7.8040
Elapsed wall time:  7657.573
Assembled linear system in:     1.455 s.
Solved linear system in:     0.152 s.
Updated wake in:     3.300 s.
Euler particle cleanup at step 1952: deleted=122, growth_guard=0, mag_max=0, sigma_capped=0
Updated geometry in:     0.006 s.

--> Step  1953 of  2001 simulation time:    7.8080
Elapsed wall time:  7663.057
Assembled linear system in:     1.452 s.
Solved linear system in:     0.152 s.
Updated wake in:     3.291 s.
Euler particle cleanup at step 1953: deleted=122, growth_guard=0, mag_max=0, sigma_capped=0
Updated geometry in:     0.007 s.

--> Step  1954 of  2001 simulation time:    7.8120
Elapsed wall time:  7668.530
Assembled linear system in:     1.452 s.
Solved linear system in:     0.151 s.
Updated wake in:     3.296 s.
Euler particle cleanup at step 1954: deleted=122, growth_guard=0, mag_max=0, sigma_capped=0
Updated geometry in:     0.006 s.

--> Step  1955 of  2001 simulation time:    7.8160
Elapsed wall time:  7674.009
Assembled linear system in:     1.455 s.
Solved linear system in:     0.153 s.
Updated wake in:     3.277 s.
Euler particle cleanup at step 1955: deleted=122, growth_guard=0, mag_max=0, sigma_capped=0
Updated geometry in:     0.006 s.

--> Step  1956 of  2001 simulation time:    7.8200
Elapsed wall time:  7679.477
Assembled linear system in:     1.451 s.
Solved linear system in:     0.154 s.
Updated wake in:     3.299 s.
Euler particle cleanup at step 1956: deleted=122, growth_guard=0, mag_max=0, sigma_capped=0
Updated geometry in:     0.006 s.

--> Step  1957 of  2001 simulation time:    7.8240
Elapsed wall time:  7684.959
Assembled linear system in:     1.449 s.
Solved linear system in:     0.151 s.
Updated wake in:     3.300 s.
Euler particle cleanup at step 1957: deleted=122, growth_guard=0, mag_max=0, sigma_capped=0
Updated geometry in:     0.005 s.

--> Step  1958 of  2001 simulation time:    7.8280
Elapsed wall time:  7690.438
Assembled linear system in:     1.458 s.
Solved linear system in:     0.152 s.
Updated wake in:     3.284 s.
Euler particle cleanup at step 1958: deleted=122, growth_guard=0, mag_max=0, sigma_capped=0
Updated geometry in:     0.006 s.

--> Step  1959 of  2001 simulation time:    7.8320
Elapsed wall time:  7695.910
Assembled linear system in:     1.459 s.
Solved linear system in:     0.153 s.
Updated wake in:     3.293 s.
Euler particle cleanup at step 1959: deleted=122, growth_guard=0, mag_max=0, sigma_capped=0
Updated geometry in:     0.006 s.

--> Step  1960 of  2001 simulation time:    7.8360
Elapsed wall time:  7701.394
Assembled linear system in:     1.456 s.
Solved linear system in:     0.153 s.
Updated wake in:     3.295 s.
Euler particle cleanup at step 1960: deleted=122, growth_guard=0, mag_max=0, sigma_capped=0
Updated geometry in:     0.006 s.

--> Step  1961 of  2001 simulation time:    7.8400
Elapsed wall time:  7706.872
Assembled linear system in:     1.468 s.
Solved linear system in:     0.156 s.
Updated wake in:     3.302 s.
Euler particle cleanup at step 1961: deleted=122, growth_guard=0, mag_max=0, sigma_capped=0
Updated geometry in:     0.006 s.

--> Step  1962 of  2001 simulation time:    7.8440
Elapsed wall time:  7712.405
Assembled linear system in:     1.448 s.
Solved linear system in:     0.152 s.
Updated wake in:     3.300 s.
Euler particle cleanup at step 1962: deleted=122, growth_guard=0, mag_max=0, sigma_capped=0
Updated geometry in:     0.006 s.

--> Step  1963 of  2001 simulation time:    7.8480
Elapsed wall time:  7717.885
Assembled linear system in:     1.453 s.
Solved linear system in:     0.152 s.
Updated wake in:     3.288 s.
Euler particle cleanup at step 1963: deleted=122, growth_guard=0, mag_max=0, sigma_capped=0
Updated geometry in:     0.006 s.

--> Step  1964 of  2001 simulation time:    7.8520
Elapsed wall time:  7723.356
Assembled linear system in:     1.454 s.
Solved linear system in:     0.153 s.
Updated wake in:     3.296 s.
Euler particle cleanup at step 1964: deleted=122, growth_guard=0, mag_max=0, sigma_capped=0
Updated geometry in:     0.006 s.

--> Step  1965 of  2001 simulation time:    7.8560
Elapsed wall time:  7728.834
Assembled linear system in:     1.456 s.
Solved linear system in:     0.152 s.
Updated wake in:     3.295 s.
Euler particle cleanup at step 1965: deleted=122, growth_guard=0, mag_max=0, sigma_capped=0
Updated geometry in:     0.006 s.

--> Step  1966 of  2001 simulation time:    7.8600
Elapsed wall time:  7734.318
Assembled linear system in:     1.456 s.
Solved linear system in:     0.152 s.
Updated wake in:     3.276 s.
Euler particle cleanup at step 1966: deleted=122, growth_guard=0, mag_max=0, sigma_capped=0
Updated geometry in:     0.006 s.

--> Step  1967 of  2001 simulation time:    7.8640
Elapsed wall time:  7739.777
Assembled linear system in:     1.453 s.
Solved linear system in:     0.153 s.
Updated wake in:     3.296 s.
Euler particle cleanup at step 1967: deleted=122, growth_guard=0, mag_max=0, sigma_capped=0
Updated geometry in:     0.006 s.

--> Step  1968 of  2001 simulation time:    7.8680
Elapsed wall time:  7745.263
Assembled linear system in:     1.463 s.
Solved linear system in:     0.161 s.
Updated wake in:     3.314 s.
Euler particle cleanup at step 1968: deleted=122, growth_guard=0, mag_max=0, sigma_capped=0
Updated geometry in:     0.005 s.

--> Step  1969 of  2001 simulation time:    7.8720
Elapsed wall time:  7750.784
Assembled linear system in:     1.453 s.
Solved linear system in:     0.154 s.
Updated wake in:     3.284 s.
Euler particle cleanup at step 1969: deleted=122, growth_guard=0, mag_max=0, sigma_capped=0
Updated geometry in:     0.006 s.

--> Step  1970 of  2001 simulation time:    7.8760
Elapsed wall time:  7756.256
Assembled linear system in:     1.471 s.
Solved linear system in:     0.160 s.
Updated wake in:     3.308 s.
Euler particle cleanup at step 1970: deleted=122, growth_guard=0, mag_max=0, sigma_capped=0
Updated geometry in:     0.006 s.

--> Step  1971 of  2001 simulation time:    7.8800
Elapsed wall time:  7761.767
Assembled linear system in:     1.474 s.
Solved linear system in:     0.156 s.
Updated wake in:     3.313 s.
Euler particle cleanup at step 1971: deleted=122, growth_guard=0, mag_max=0, sigma_capped=0
Updated geometry in:     0.006 s.

--> Step  1972 of  2001 simulation time:    7.8840
Elapsed wall time:  7767.306
Assembled linear system in:     1.463 s.
Solved linear system in:     0.158 s.
Updated wake in:     3.304 s.
Euler particle cleanup at step 1972: deleted=122, growth_guard=0, mag_max=0, sigma_capped=0
Updated geometry in:     0.006 s.

--> Step  1973 of  2001 simulation time:    7.8880
Elapsed wall time:  7772.822
Assembled linear system in:     1.469 s.
Solved linear system in:     0.158 s.
Updated wake in:     3.321 s.
Euler particle cleanup at step 1973: deleted=122, growth_guard=0, mag_max=0, sigma_capped=0
Updated geometry in:     0.006 s.

--> Step  1974 of  2001 simulation time:    7.8920
Elapsed wall time:  7778.321
Assembled linear system in:     1.468 s.
Solved linear system in:     0.160 s.
Updated wake in:     3.316 s.
Euler particle cleanup at step 1974: deleted=122, growth_guard=0, mag_max=0, sigma_capped=0
Updated geometry in:     0.006 s.

--> Step  1975 of  2001 simulation time:    7.8960
Elapsed wall time:  7783.813
Assembled linear system in:     1.453 s.
Solved linear system in:     0.153 s.
Updated wake in:     3.309 s.
Euler particle cleanup at step 1975: deleted=122, growth_guard=0, mag_max=0, sigma_capped=0
Updated geometry in:     0.006 s.

--> Step  1976 of  2001 simulation time:    7.9000
Elapsed wall time:  7789.280
Assembled linear system in:     1.473 s.
Solved linear system in:     0.160 s.
Updated wake in:     3.313 s.
Euler particle cleanup at step 1976: deleted=122, growth_guard=0, mag_max=0, sigma_capped=0
Updated geometry in:     0.006 s.

--> Step  1977 of  2001 simulation time:    7.9040
Elapsed wall time:  7794.779
Assembled linear system in:     1.469 s.
Solved linear system in:     0.158 s.
Updated wake in:     3.316 s.
Euler particle cleanup at step 1977: deleted=122, growth_guard=0, mag_max=0, sigma_capped=0
Updated geometry in:     0.006 s.

--> Step  1978 of  2001 simulation time:    7.9080
Elapsed wall time:  7800.273
Assembled linear system in:     1.472 s.
Solved linear system in:     0.156 s.
Updated wake in:     3.316 s.
Euler particle cleanup at step 1978: deleted=122, growth_guard=0, mag_max=0, sigma_capped=0
Updated geometry in:     0.006 s.

--> Step  1979 of  2001 simulation time:    7.9120
Elapsed wall time:  7805.767
Assembled linear system in:     1.467 s.
Solved linear system in:     0.159 s.
Updated wake in:     3.319 s.
Euler particle cleanup at step 1979: deleted=122, growth_guard=0, mag_max=0, sigma_capped=0
Updated geometry in:     0.007 s.

--> Step  1980 of  2001 simulation time:    7.9160
Elapsed wall time:  7811.267
Assembled linear system in:     1.469 s.
Solved linear system in:     0.159 s.
Updated wake in:     3.322 s.
Euler particle cleanup at step 1980: deleted=122, growth_guard=0, mag_max=0, sigma_capped=0
Updated geometry in:     0.006 s.

--> Step  1981 of  2001 simulation time:    7.9200
Elapsed wall time:  7816.765
Assembled linear system in:     1.467 s.
Solved linear system in:     0.160 s.
Updated wake in:     3.324 s.
Euler particle cleanup at step 1981: deleted=122, growth_guard=0, mag_max=0, sigma_capped=0
Updated geometry in:     0.006 s.

--> Step  1982 of  2001 simulation time:    7.9240
Elapsed wall time:  7822.288
Assembled linear system in:     1.469 s.
Solved linear system in:     0.156 s.
Updated wake in:     3.320 s.
Euler particle cleanup at step 1982: deleted=122, growth_guard=0, mag_max=0, sigma_capped=0
Updated geometry in:     0.006 s.

--> Step  1983 of  2001 simulation time:    7.9280
Elapsed wall time:  7827.786
Assembled linear system in:     1.471 s.
Solved linear system in:     0.174 s.
Updated wake in:     3.315 s.
Euler particle cleanup at step 1983: deleted=122, growth_guard=0, mag_max=0, sigma_capped=0
Updated geometry in:     0.006 s.

--> Step  1984 of  2001 simulation time:    7.9320
Elapsed wall time:  7833.301
Assembled linear system in:     1.468 s.
Solved linear system in:     0.156 s.
Updated wake in:     3.321 s.
Euler particle cleanup at step 1984: deleted=122, growth_guard=0, mag_max=0, sigma_capped=0
Updated geometry in:     0.007 s.

--> Step  1985 of  2001 simulation time:    7.9360
Elapsed wall time:  7838.798
Assembled linear system in:     1.465 s.
Solved linear system in:     0.160 s.
Updated wake in:     3.328 s.
Euler particle cleanup at step 1985: deleted=122, growth_guard=0, mag_max=0, sigma_capped=0
Updated geometry in:     0.006 s.

--> Step  1986 of  2001 simulation time:    7.9400
Elapsed wall time:  7844.303
Assembled linear system in:     1.465 s.
Solved linear system in:     0.156 s.
Updated wake in:     3.329 s.
Euler particle cleanup at step 1986: deleted=122, growth_guard=0, mag_max=0, sigma_capped=0
Updated geometry in:     0.006 s.

--> Step  1987 of  2001 simulation time:    7.9440
Elapsed wall time:  7849.806
Assembled linear system in:     1.474 s.
Solved linear system in:     0.156 s.
Updated wake in:     3.319 s.
Euler particle cleanup at step 1987: deleted=122, growth_guard=0, mag_max=0, sigma_capped=0
Updated geometry in:     0.006 s.

--> Step  1988 of  2001 simulation time:    7.9480
Elapsed wall time:  7855.307
Assembled linear system in:     1.465 s.
Solved linear system in:     0.158 s.
Updated wake in:     3.324 s.
Euler particle cleanup at step 1988: deleted=122, growth_guard=0, mag_max=0, sigma_capped=0
Updated geometry in:     0.006 s.

--> Step  1989 of  2001 simulation time:    7.9520
Elapsed wall time:  7860.808
Assembled linear system in:     1.476 s.
Solved linear system in:     0.158 s.
Updated wake in:     3.332 s.
Euler particle cleanup at step 1989: deleted=122, growth_guard=0, mag_max=0, sigma_capped=0
Updated geometry in:     0.006 s.

--> Step  1990 of  2001 simulation time:    7.9560
Elapsed wall time:  7866.326
Assembled linear system in:     1.469 s.
Solved linear system in:     0.161 s.
Updated wake in:     3.320 s.
Euler particle cleanup at step 1990: deleted=122, growth_guard=0, mag_max=0, sigma_capped=0
Updated geometry in:     0.007 s.

--> Step  1991 of  2001 simulation time:    7.9600
Elapsed wall time:  7871.831
Assembled linear system in:     1.468 s.
Solved linear system in:     0.159 s.
Updated wake in:     3.323 s.
Euler particle cleanup at step 1991: deleted=122, growth_guard=0, mag_max=0, sigma_capped=0
Updated geometry in:     0.006 s.

--> Step  1992 of  2001 simulation time:    7.9640
Elapsed wall time:  7877.354
Assembled linear system in:     1.473 s.
Solved linear system in:     0.157 s.
Updated wake in:     3.326 s.
Euler particle cleanup at step 1992: deleted=122, growth_guard=0, mag_max=0, sigma_capped=0
Updated geometry in:     0.006 s.

--> Step  1993 of  2001 simulation time:    7.9680
Elapsed wall time:  7882.864
Assembled linear system in:     1.467 s.
Solved linear system in:     0.157 s.
Updated wake in:     3.316 s.
Euler particle cleanup at step 1993: deleted=122, growth_guard=0, mag_max=0, sigma_capped=0
Updated geometry in:     0.005 s.

--> Step  1994 of  2001 simulation time:    7.9720
Elapsed wall time:  7888.358
Assembled linear system in:     1.472 s.
Solved linear system in:     0.158 s.
Updated wake in:     3.321 s.
Euler particle cleanup at step 1994: deleted=122, growth_guard=0, mag_max=0, sigma_capped=0
Updated geometry in:     0.006 s.

--> Step  1995 of  2001 simulation time:    7.9760
Elapsed wall time:  7893.862
Assembled linear system in:     1.470 s.
Solved linear system in:     0.157 s.
Updated wake in:     3.316 s.
Euler particle cleanup at step 1995: deleted=122, growth_guard=0, mag_max=0, sigma_capped=0
Updated geometry in:     0.006 s.

--> Step  1996 of  2001 simulation time:    7.9800
Elapsed wall time:  7899.361
Assembled linear system in:     1.466 s.
Solved linear system in:     0.157 s.
Updated wake in:     3.321 s.
Euler particle cleanup at step 1996: deleted=122, growth_guard=0, mag_max=0, sigma_capped=0
Updated geometry in:     0.006 s.

--> Step  1997 of  2001 simulation time:    7.9840
Elapsed wall time:  7904.856
Assembled linear system in:     1.465 s.
Solved linear system in:     0.164 s.
Updated wake in:     3.331 s.
Euler particle cleanup at step 1997: deleted=122, growth_guard=0, mag_max=0, sigma_capped=0
Updated geometry in:     0.006 s.

--> Step  1998 of  2001 simulation time:    7.9880
Elapsed wall time:  7910.376
Assembled linear system in:     1.474 s.
Solved linear system in:     0.159 s.
Updated wake in:     3.317 s.
Euler particle cleanup at step 1998: deleted=122, growth_guard=0, mag_max=0, sigma_capped=0
Updated geometry in:     0.006 s.

--> Step  1999 of  2001 simulation time:    7.9920
Elapsed wall time:  7915.879
Assembled linear system in:     1.469 s.
Solved linear system in:     0.159 s.
Updated wake in:     3.309 s.
Euler particle cleanup at step 1999: deleted=122, growth_guard=0, mag_max=0, sigma_capped=0
Updated geometry in:     0.006 s.

--> Step  2000 of  2001 simulation time:    7.9960
Elapsed wall time:  7921.403
Assembled linear system in:     1.466 s.
Solved linear system in:     0.156 s.

\\\\\\\\\\  Computations Finished \\\\\\\\\\
Completed all computations in  7923.871 s

<<<<<< DUST end <<<<<<

